dataset,method,fold,seed,hypervolume,n_points,n_distinct,n_candidates,n_evaluations,reference_nodes,fit_seconds,best_accuracy,smallest_nodes
dresses_sales,GA (NSGA-II),1,1632415338,79.84,3,11,18,2502,126.0,4.04101300239563,0.64,1.0
dresses_sales,Random Search,1,848566830,77.42,2,4,4,2502,126.0,7.462445497512817,0.62,1.0
dresses_sales,"GA (NSGA-II, archived)",1,1401059100,74.8,2,7,7,2550,126.0,4.977206230163574,0.6,1.0
dresses_sales,CART (ccp path),1,54906401,78.32000000000001,3,12,12,0,126.0,0.03514599800109863,0.64,1.0
dresses_sales,GA (NSGA-II),2,1858386127,74.96000000000001,2,4,4,2570,126.0,3.7657275199890137,0.6,1.0
dresses_sales,Random Search,2,526288010,79.2,3,5,5,2570,126.0,5.843041181564331,0.64,1.0
dresses_sales,"GA (NSGA-II, archived)",2,1204955482,77.42,2,4,4,2532,126.0,3.8871395587921143,0.62,1.0
dresses_sales,CART (ccp path),2,1801588445,79.78,2,12,12,0,126.0,0.04204297065734863,0.66,1.0
dresses_sales,GA (NSGA-II),3,196393802,87.14,3,9,14,2592,126.0,4.327350854873657,0.7,1.0
dresses_sales,Random Search,3,1442873324,87.14,3,5,5,2592,126.0,6.213371515274048,0.7,1.0
dresses_sales,"GA (NSGA-II, archived)",3,841628905,82.30000000000001,3,7,7,2518,126.0,7.076553106307983,0.66,1.0
dresses_sales,CART (ccp path),3,892428145,72.5,1,12,12,0,126.0,0.030325889587402344,0.58,1.0
dresses_sales,GA (NSGA-II),4,2018093676,77.30000000000001,3,13,16,2549,126.0,4.119184732437134,0.62,1.0
dresses_sales,Random Search,4,1494630233,79.16000000000001,2,6,6,2549,126.0,5.937435865402222,0.64,1.0
dresses_sales,"GA (NSGA-II, archived)",4,149286560,72.5,1,5,5,2584,126.0,4.368640422821045,0.58,1.0
dresses_sales,CART (ccp path),4,1203193634,73.0,2,12,12,0,126.0,0.02888774871826172,0.6,1.0
dresses_sales,GA (NSGA-II),5,1632917811,77.34,3,7,11,2513,126.0,3.7450504302978516,0.62,1.0
dresses_sales,Random Search,5,1842231466,72.5,1,4,4,2513,126.0,6.153981447219849,0.58,1.0
dresses_sales,"GA (NSGA-II, archived)",5,2016286623,72.5,1,4,4,2562,126.0,6.805522680282593,0.58,1.0
dresses_sales,CART (ccp path),5,498938466,74.84,2,12,12,0,126.0,0.03757500648498535,0.6,1.0
dresses_sales,GA (NSGA-II),6,1512934856,79.80000000000001,3,4,7,2480,126.0,3.532585382461548,0.64,1.0
dresses_sales,Random Search,6,932318825,76.7,2,5,5,2480,126.0,5.847937107086182,0.62,1.0
dresses_sales,"GA (NSGA-II, archived)",6,1161135882,74.96000000000001,2,4,4,2513,126.0,3.885901689529419,0.6,1.0
dresses_sales,CART (ccp path),6,418201618,72.5,1,12,12,0,126.0,0.03351235389709473,0.58,1.0
dresses_sales,GA (NSGA-II),7,761126404,74.96000000000001,2,5,5,2575,126.0,4.26277756690979,0.6,1.0
dresses_sales,Random Search,7,415607707,74.96000000000001,2,4,4,2575,126.0,6.2905354499816895,0.6,1.0
dresses_sales,"GA (NSGA-II, archived)",7,840002417,77.42,2,5,5,2576,126.0,4.1029767990112305,0.62,1.0
dresses_sales,CART (ccp path),7,233931187,72.64,2,12,12,0,126.0,0.039613962173461914,0.6,1.0
dresses_sales,GA (NSGA-II),8,1854735639,82.34,2,4,4,2568,126.0,6.05955958366394,0.66,1.0
dresses_sales,Random Search,8,712543306,74.92,2,5,5,2568,126.0,5.891618728637695,0.6,1.0
dresses_sales,"GA (NSGA-II, archived)",8,1335788176,77.34,2,7,7,2582,126.0,4.282443284988403,0.62,1.0
dresses_sales,CART (ccp path),8,1410746319,76.22,2,12,12,0,126.0,0.0398709774017334,0.62,1.0
dresses_sales,GA (NSGA-II),9,1652962255,77.34,3,7,16,2516,126.0,4.112671613693237,0.62,1.0
dresses_sales,Random Search,9,1592400639,78.76,3,7,7,2516,126.0,5.723897933959961,0.64,1.0
dresses_sales,"GA (NSGA-II, archived)",9,1760606154,82.10000000000001,3,6,6,2453,126.0,6.0799360275268555,0.66,1.0
dresses_sales,CART (ccp path),9,1660282244,73.7,3,12,12,0,126.0,0.04245114326477051,0.62,1.0
dresses_sales,GA (NSGA-II),10,1123152317,86.94,3,7,14,2574,126.0,6.070573329925537,0.7,1.0
dresses_sales,Random Search,10,2134461555,89.62,3,7,7,2574,126.0,6.328490972518921,0.74,1.0
dresses_sales,"GA (NSGA-II, archived)",10,2094849922,84.48,3,4,4,2490,126.0,4.173224925994873,0.68,1.0
dresses_sales,CART (ccp path),10,1123205732,81.38000000000001,2,12,12,0,126.0,0.034246206283569336,0.66,1.0
dresses_sales,GA (NSGA-II),11,790303148,82.18,4,7,11,2589,126.0,4.263648509979248,0.66,1.0
dresses_sales,Random Search,11,459260562,74.88,2,6,6,2589,126.0,6.071534156799316,0.6,1.0
dresses_sales,"GA (NSGA-II, archived)",11,1767766767,91.78,3,3,3,2502,126.0,4.149014234542847,0.74,1.0
dresses_sales,CART (ccp path),11,748155859,72.5,1,12,12,0,126.0,0.04079151153564453,0.58,1.0
dresses_sales,GA (NSGA-II),12,949135703,72.5,1,3,4,2503,126.0,3.618811845779419,0.58,1.0
dresses_sales,Random Search,12,1479913484,72.5,1,3,3,2503,126.0,5.9587016105651855,0.58,1.0
dresses_sales,"GA (NSGA-II, archived)",12,1302293118,87.10000000000001,4,6,6,2526,126.0,4.9820263385772705,0.7,1.0
dresses_sales,CART (ccp path),12,2117059376,88.17999999999999,3,12,12,0,126.0,0.03391098976135254,0.74,1.0
dresses_sales,GA (NSGA-II),13,736924247,74.96000000000001,2,8,17,2565,126.0,4.371670484542847,0.6,1.0
dresses_sales,Random Search,13,744698983,84.2,3,5,5,2565,126.0,8.856997966766357,0.68,1.0
dresses_sales,"GA (NSGA-II, archived)",13,1857510419,72.5,1,7,7,2521,126.0,5.1314215660095215,0.58,1.0
dresses_sales,CART (ccp path),13,1542188949,72.5,1,12,12,0,126.0,0.031420230865478516,0.58,1.0
dresses_sales,GA (NSGA-II),14,887180621,82.22000000000001,3,6,6,2555,126.0,4.160508871078491,0.66,1.0
dresses_sales,Random Search,14,1425651774,76.78,2,4,4,2555,126.0,6.120889663696289,0.62,1.0
dresses_sales,"GA (NSGA-II, archived)",14,794695862,72.5,1,5,5,2536,126.0,4.091147422790527,0.58,1.0
dresses_sales,CART (ccp path),14,1309067133,72.5,1,12,12,0,126.0,0.04504084587097168,0.58,1.0
dresses_sales,GA (NSGA-II),15,1816449866,82.14,3,8,9,2590,126.0,4.2888453006744385,0.66,1.0
dresses_sales,Random Search,15,1172504453,79.60000000000001,3,3,3,2590,126.0,7.772704362869263,0.64,1.0
dresses_sales,"GA (NSGA-II, archived)",15,315258074,77.3,3,4,4,2500,126.0,4.040929317474365,0.62,1.0
dresses_sales,CART (ccp path),15,1477640060,79.28,2,12,12,0,126.0,0.03971576690673828,0.64,1.0
dresses_sales,GA (NSGA-II),16,1720378604,77.34,2,6,7,2512,126.0,4.0486040115356445,0.62,1.0
dresses_sales,Random Search,16,1682939457,81.14000000000001,3,5,5,2512,126.0,5.872488498687744,0.66,1.0
dresses_sales,"GA (NSGA-II, archived)",16,217315220,82.18,2,5,5,2541,126.0,4.613048315048218,0.66,1.0
dresses_sales,CART (ccp path),16,119734240,72.5,1,12,12,0,126.0,0.03749728202819824,0.58,1.0
dresses_sales,GA (NSGA-II),17,981213788,82.22000000000001,3,5,6,2521,126.0,3.850580930709839,0.66,1.0
dresses_sales,Random Search,17,1909527177,74.96000000000001,2,5,5,2521,126.0,5.912036657333374,0.6,1.0
dresses_sales,"GA (NSGA-II, archived)",17,1092979391,77.30000000000001,3,4,4,2512,126.0,6.1036036014556885,0.62,1.0
dresses_sales,CART (ccp path),17,697758030,76.74,3,12,12,0,126.0,0.03189873695373535,0.62,1.0
dresses_sales,GA (NSGA-II),18,1844379552,74.92,2,8,8,2522,126.0,4.489763498306274,0.6,1.0
dresses_sales,Random Search,18,1428404772,72.5,1,5,5,2522,126.0,5.912856578826904,0.58,1.0
dresses_sales,"GA (NSGA-II, archived)",18,2078375046,72.5,1,4,4,2625,126.0,4.68798828125,0.58,1.0
dresses_sales,CART (ccp path),18,1394069322,72.5,1,12,12,0,126.0,0.04660224914550781,0.58,1.0
dresses_sales,GA (NSGA-II),19,1533379351,74.92,2,7,7,2547,126.0,3.986158609390259,0.6,1.0
dresses_sales,Random Search,19,2000000076,74.96000000000001,2,3,3,2547,126.0,6.12691330909729,0.6,1.0
dresses_sales,"GA (NSGA-II, archived)",19,1621590123,74.96000000000001,2,5,5,2563,126.0,3.990601062774658,0.6,1.0
dresses_sales,CART (ccp path),19,389158342,81.32000000000001,4,12,12,0,126.0,0.03328347206115723,0.68,1.0
dresses_sales,GA (NSGA-II),20,427984432,79.84,3,7,20,2540,126.0,5.7320873737335205,0.64,1.0
dresses_sales,Random Search,20,1673782058,74.96000000000001,2,6,6,2540,126.0,6.0788938999176025,0.6,1.0
dresses_sales,"GA (NSGA-II, archived)",20,359731318,74.8,2,6,6,2515,126.0,4.103195667266846,0.6,1.0
dresses_sales,CART (ccp path),20,751941253,72.5,1,12,12,0,126.0,0.034559011459350586,0.58,1.0
dresses_sales,GA (NSGA-II),21,475508324,72.5,1,5,6,2466,126.0,4.686444520950317,0.58,1.0
dresses_sales,Random Search,21,355555498,84.60000000000001,2,4,4,2466,126.0,5.7620790004730225,0.68,1.0
dresses_sales,"GA (NSGA-II, archived)",21,1545643351,74.96000000000001,2,5,5,2504,126.0,5.6099631786346436,0.6,1.0
dresses_sales,CART (ccp path),21,1974421507,72.5,1,12,12,0,126.0,0.03244423866271973,0.58,1.0
dresses_sales,GA (NSGA-II),22,1549292395,82.30000000000001,3,8,19,2532,126.0,6.5551981925964355,0.66,1.0
dresses_sales,Random Search,22,534852112,74.96000000000001,2,4,4,2532,126.0,5.988865852355957,0.6,1.0
dresses_sales,"GA (NSGA-II, archived)",22,1264833353,79.88000000000001,2,4,4,2504,126.0,5.541382789611816,0.64,1.0
dresses_sales,CART (ccp path),22,757072543,81.54,2,12,12,0,126.0,0.033638954162597656,0.66,1.0
dresses_sales,GA (NSGA-II),23,1488680885,74.92,2,4,6,2526,126.0,3.7982282638549805,0.6,1.0
dresses_sales,Random Search,23,692146173,77.34,2,4,4,2526,126.0,6.0142858028411865,0.62,1.0
dresses_sales,"GA (NSGA-II, archived)",23,32660029,87.14,4,4,4,2557,126.0,4.190689325332642,0.7,1.0
dresses_sales,CART (ccp path),23,1490778108,72.5,1,12,12,0,126.0,0.0404963493347168,0.58,1.0
dresses_sales,GA (NSGA-II),24,1993921093,79.88000000000001,2,9,17,2492,126.0,4.419182300567627,0.64,1.0
dresses_sales,Random Search,24,77656162,74.84,2,4,4,2492,126.0,7.687867879867554,0.6,1.0
dresses_sales,"GA (NSGA-II, archived)",24,722584656,72.5,1,5,5,2578,126.0,4.336097717285156,0.58,1.0
dresses_sales,CART (ccp path),24,370048669,84.62,2,12,12,0,126.0,0.042865753173828125,0.7,1.0
dresses_sales,GA (NSGA-II),25,1478609137,77.42,2,5,6,2540,126.0,4.460306644439697,0.62,1.0
dresses_sales,Random Search,25,941585273,79.88000000000001,2,7,7,2540,126.0,6.165865898132324,0.64,1.0
dresses_sales,"GA (NSGA-II, archived)",25,500664842,72.5,1,5,5,2557,126.0,4.237256288528442,0.58,1.0
dresses_sales,CART (ccp path),25,439002276,72.5,1,12,12,0,126.0,0.0409395694732666,0.58,1.0
dresses_sales,GA (NSGA-II),26,770633391,74.96000000000001,2,7,10,2575,126.0,4.872531175613403,0.6,1.0
dresses_sales,Random Search,26,1640332538,72.5,1,5,5,2575,126.0,8.735806941986084,0.58,1.0
dresses_sales,"GA (NSGA-II, archived)",26,863945972,72.5,1,3,3,2593,126.0,5.06754732131958,0.58,1.0
dresses_sales,CART (ccp path),26,2072295848,76.38,3,12,12,0,126.0,0.04245305061340332,0.62,1.0
dresses_sales,GA (NSGA-II),27,387736331,72.5,1,7,10,2534,126.0,5.007342100143433,0.58,1.0
dresses_sales,Random Search,27,939489809,74.96000000000001,2,4,4,2534,126.0,6.049427032470703,0.6,1.0
dresses_sales,"GA (NSGA-II, archived)",27,518411566,72.5,1,4,4,2593,126.0,4.286953449249268,0.58,1.0
dresses_sales,CART (ccp path),27,1792816246,73.5,2,12,12,0,126.0,0.0404052734375,0.62,1.0
dresses_sales,GA (NSGA-II),28,1504828580,72.5,1,6,6,2571,126.0,3.9762187004089355,0.58,1.0
dresses_sales,Random Search,28,2090005310,74.68,2,6,6,2571,126.0,8.076712608337402,0.6,1.0
dresses_sales,"GA (NSGA-II, archived)",28,1729637058,72.5,1,5,5,2569,126.0,3.9962711334228516,0.58,1.0
dresses_sales,CART (ccp path),28,1059698949,73.44,2,12,12,0,126.0,0.039610862731933594,0.6,1.0
dresses_sales,GA (NSGA-II),29,297384654,74.88,2,4,7,2523,126.0,4.563913106918335,0.6,1.0
dresses_sales,Random Search,29,1741036817,72.5,1,3,3,2523,126.0,6.306305885314941,0.58,1.0
dresses_sales,"GA (NSGA-II, archived)",29,1668840533,74.92,2,3,3,2529,126.0,4.0468833446502686,0.6,1.0
dresses_sales,CART (ccp path),29,8355930,74.98,3,12,12,0,126.0,0.04160737991333008,0.62,1.0
dresses_sales,GA (NSGA-II),30,827509453,79.76,2,5,5,2525,126.0,4.070891857147217,0.64,1.0
dresses_sales,Random Search,30,1547746400,81.54,2,5,5,2525,126.0,8.183455228805542,0.66,1.0
dresses_sales,"GA (NSGA-II, archived)",30,1735295196,72.5,1,4,4,2526,126.0,4.022684335708618,0.58,1.0
dresses_sales,CART (ccp path),30,335866432,77.60000000000001,4,12,12,0,126.0,0.04108428955078125,0.64,1.0
kc2,GA (NSGA-II),1,1380043507,42.264150943396224,2,3,17,2545,52.0,4.011767625808716,0.8301886792452831,1.0
kc2,Random Search,1,674507354,42.264150943396224,2,4,4,2545,52.0,7.3416078090667725,0.8301886792452831,1.0
kc2,"GA (NSGA-II, archived)",1,207204968,44.11320754716981,2,3,3,2535,52.0,3.7123870849609375,0.8679245283018868,1.0
kc2,CART (ccp path),1,1471583127,43.679245283018865,4,12,12,0,52.0,0.0588686466217041,0.8867924528301887,1.0
kc2,GA (NSGA-II),2,1094365025,45.0377358490566,2,5,6,2495,52.0,3.763392210006714,0.8867924528301887,1.0
kc2,Random Search,2,1489416994,45.0377358490566,2,5,5,2495,52.0,5.370721101760864,0.8867924528301887,1.0
kc2,"GA (NSGA-II, archived)",2,482796801,43.886792452830186,3,6,6,2512,52.0,4.6709206104278564,0.8679245283018868,1.0
kc2,CART (ccp path),2,1547664581,42.11320754716981,2,12,12,0,52.0,0.04656529426574707,0.8301886792452831,1.0
kc2,GA (NSGA-II),3,387300501,46.73076923076923,3,11,28,2573,52.0,3.6990504264831543,0.9230769230769231,1.0
kc2,Random Search,3,2147255499,44.019230769230774,2,5,5,2573,52.0,5.673216342926025,0.8653846153846154,1.0
kc2,"GA (NSGA-II, archived)",3,1759816553,45.90384615384615,2,2,2,2562,52.0,6.0958945751190186,0.9038461538461539,1.0
kc2,CART (ccp path),3,299226574,44.94230769230769,3,12,12,0,52.0,0.08314061164855957,0.9038461538461539,1.0
kc2,GA (NSGA-II),4,624885478,43.0,2,5,25,2536,52.0,3.8180501461029053,0.8461538461538461,1.0
kc2,Random Search,4,354534991,42.09615384615385,2,3,3,2536,52.0,5.473731994628906,0.8269230769230769,1.0
kc2,"GA (NSGA-II, archived)",4,2143540305,43.07692307692308,2,4,4,2527,52.0,4.39817214012146,0.8461538461538461,1.0
kc2,CART (ccp path),4,230917062,42.92307692307692,2,12,12,0,52.0,0.049488067626953125,0.8461538461538461,1.0
kc2,GA (NSGA-II),5,408026417,43.07692307692308,2,8,33,2581,52.0,4.022606134414673,0.8461538461538461,1.0
kc2,Random Search,5,957377743,43.07692307692308,2,4,4,2581,52.0,5.7043516635894775,0.8461538461538461,1.0
kc2,"GA (NSGA-II, archived)",5,530150371,41.19230769230769,1,3,3,2545,52.0,4.533768653869629,0.8076923076923077,1.0
kc2,CART (ccp path),5,1886273193,42.05769230769231,2,12,12,0,52.0,0.07662439346313477,0.8269230769230769,1.0
kc2,GA (NSGA-II),6,1504777378,43.03846153846154,2,4,4,2525,52.0,6.378260135650635,0.8461538461538461,1.0
kc2,Random Search,6,1886695805,41.15384615384615,2,2,2,2525,52.0,5.3512115478515625,0.8076923076923077,1.0
kc2,"GA (NSGA-II, archived)",6,139562265,43.03846153846154,2,4,4,2538,52.0,4.266732215881348,0.8461538461538461,1.0
kc2,CART (ccp path),6,809978360,42.730769230769226,3,12,12,0,52.0,0.06172943115234375,0.8461538461538461,1.0
kc2,GA (NSGA-II),7,1520658997,43.98076923076923,2,9,11,2557,52.0,4.054952383041382,0.8653846153846154,1.0
kc2,Random Search,7,569353695,43.98076923076923,2,3,3,2557,52.0,5.584904670715332,0.8653846153846154,1.0
kc2,"GA (NSGA-II, archived)",7,1377831352,41.15384615384615,2,2,2,2615,52.0,3.9133212566375732,0.8076923076923077,1.0
kc2,CART (ccp path),7,195373658,44.53846153846153,2,12,12,0,52.0,0.06684184074401855,0.8846153846153846,1.0
kc2,GA (NSGA-II),8,490732298,43.98076923076923,2,4,4,2587,52.0,4.02401876449585,0.8653846153846154,1.0
kc2,Random Search,8,1084445818,41.63461538461538,2,4,4,2587,52.0,7.5685601234436035,0.8269230769230769,1.0
kc2,"GA (NSGA-II, archived)",8,1957064299,42.05769230769231,3,3,3,2574,52.0,3.8522846698760986,0.8269230769230769,1.0
kc2,CART (ccp path),8,229309859,42.730769230769226,3,12,12,0,52.0,0.0511021614074707,0.8461538461538461,1.0
kc2,GA (NSGA-II),9,1090179010,42.09615384615384,2,4,9,2547,52.0,3.8460006713867188,0.8269230769230769,1.0
kc2,Random Search,9,1762543070,44.192307692307686,4,4,4,2547,52.0,5.546287536621094,0.8846153846153846,1.0
kc2,"GA (NSGA-II, archived)",9,259320899,44.8076923076923,3,3,3,2564,52.0,3.9024784564971924,0.8846153846153846,1.0
kc2,CART (ccp path),9,1573974506,42.80769230769231,2,12,12,0,52.0,0.05175423622131348,0.8461538461538461,1.0
kc2,GA (NSGA-II),10,765756878,41.15384615384615,2,3,3,2547,52.0,3.744577407836914,0.8076923076923077,1.0
kc2,Random Search,10,2054399266,42.09615384615384,2,3,3,2547,52.0,5.9332051277160645,0.8269230769230769,1.0
kc2,"GA (NSGA-II, archived)",10,337625683,42.01923076923077,2,4,4,2565,52.0,7.502309083938599,0.8269230769230769,1.0
kc2,CART (ccp path),10,1464928102,43.28846153846153,3,12,12,0,52.0,0.05287885665893555,0.8653846153846154,1.0
kc2,GA (NSGA-II),11,1918758917,42.264150943396224,2,5,11,2522,52.0,3.6450138092041016,0.8301886792452831,1.0
kc2,Random Search,11,673162383,41.339622641509436,2,2,2,2522,52.0,5.760856628417969,0.8113207547169812,1.0
kc2,"GA (NSGA-II, archived)",11,1655338237,43.0,3,4,4,2529,52.0,4.651770114898682,0.8490566037735849,1.0
kc2,CART (ccp path),11,732490294,41.22641509433962,2,12,12,0,52.0,0.05335640907287598,0.8113207547169812,1.0
kc2,GA (NSGA-II),12,1077183257,43.15094339622641,3,7,19,2595,52.0,4.130035877227783,0.8490566037735849,1.0
kc2,Random Search,12,1686213705,44.77358490566037,3,3,3,2595,52.0,5.843072175979614,0.8867924528301887,1.0
kc2,"GA (NSGA-II, archived)",12,1907807873,44.0377358490566,3,3,3,2473,52.0,3.9242465496063232,0.8679245283018868,1.0
kc2,CART (ccp path),12,554928664,44.84905660377358,2,12,12,0,52.0,0.058916330337524414,0.8867924528301887,1.0
kc2,GA (NSGA-II),13,1969552021,43.07692307692308,2,4,5,2556,52.0,3.918299913406372,0.8461538461538461,1.0
kc2,Random Search,13,389127568,44.019230769230774,2,2,2,2556,52.0,6.018690347671509,0.8653846153846154,1.0
kc2,"GA (NSGA-II, archived)",13,1655987425,43.07692307692308,2,3,3,2541,52.0,3.9381606578826904,0.8461538461538461,1.0
kc2,CART (ccp path),13,68848562,43.59615384615385,3,12,12,0,52.0,0.05303239822387695,0.8653846153846154,1.0
kc2,GA (NSGA-II),14,1921972381,42.05769230769231,2,4,5,2479,52.0,6.468825340270996,0.8269230769230769,1.0
kc2,Random Search,14,1210907201,44.96153846153846,2,4,4,2479,52.0,5.436648368835449,0.8846153846153846,1.0
kc2,"GA (NSGA-II, archived)",14,1901835269,43.07692307692308,2,3,3,2545,52.0,3.7400119304656982,0.8461538461538461,1.0
kc2,CART (ccp path),14,1336567353,43.78846153846154,2,12,12,0,52.0,0.05939149856567383,0.8653846153846154,1.0
kc2,GA (NSGA-II),15,2017321568,43.07692307692308,2,2,2,2535,52.0,3.8903870582580566,0.8461538461538461,1.0
kc2,Random Search,15,2102591689,41.19230769230769,1,3,3,2535,52.0,5.76177453994751,0.8076923076923077,1.0
kc2,"GA (NSGA-II, archived)",15,1266544887,41.19230769230769,1,3,3,2542,52.0,3.950662612915039,0.8076923076923077,1.0
kc2,CART (ccp path),15,960439455,42.05769230769231,2,12,12,0,52.0,0.05057859420776367,0.8269230769230769,1.0
kc2,GA (NSGA-II),16,1638261045,44.92307692307692,2,4,4,2535,52.0,3.7322981357574463,0.8846153846153846,1.0
kc2,Random Search,16,1526560807,43.98076923076923,2,4,4,2535,52.0,7.429689884185791,0.8653846153846154,1.0
kc2,"GA (NSGA-II, archived)",16,586274662,45.86538461538461,2,2,2,2485,52.0,3.8587584495544434,0.9038461538461539,1.0
kc2,CART (ccp path),16,1093356531,44.53846153846153,2,12,12,0,52.0,0.05865645408630371,0.8846153846153846,1.0
kc2,GA (NSGA-II),17,1935809872,43.03846153846154,2,2,3,2541,52.0,3.933391809463501,0.8461538461538461,1.0
kc2,Random Search,17,2028794491,42.09615384615384,2,5,5,2541,52.0,5.4528844356536865,0.8269230769230769,1.0
kc2,"GA (NSGA-II, archived)",17,1642779869,41.15384615384615,2,3,3,2493,52.0,3.84700870513916,0.8076923076923077,1.0
kc2,CART (ccp path),17,608922885,41.942307692307686,2,12,12,0,52.0,0.047124385833740234,0.8269230769230769,1.0
kc2,GA (NSGA-II),18,48188381,40.21153846153846,1,4,5,2613,52.0,3.9571409225463867,0.7884615384615384,1.0
kc2,Random Search,18,1938691452,41.15384615384615,2,3,3,2613,52.0,5.7605791091918945,0.8076923076923077,1.0
kc2,"GA (NSGA-II, archived)",18,1227049503,40.21153846153846,1,3,3,2550,52.0,6.111170530319214,0.7884615384615384,1.0
kc2,CART (ccp path),18,944663151,41.07692307692308,2,12,12,0,52.0,0.06942057609558105,0.8076923076923077,1.0
kc2,GA (NSGA-II),19,1999339270,43.03846153846154,2,8,21,2556,52.0,3.874717950820923,0.8461538461538461,1.0
kc2,Random Search,19,1528567688,41.480769230769226,2,3,3,2556,52.0,5.838717460632324,0.8269230769230769,1.0
kc2,"GA (NSGA-II, archived)",19,196399735,40.21153846153846,1,4,4,2509,52.0,3.8755743503570557,0.7884615384615384,1.0
kc2,CART (ccp path),19,1277649379,41.942307692307686,2,12,12,0,52.0,0.07044053077697754,0.8269230769230769,1.0
kc2,GA (NSGA-II),20,669539365,40.21153846153846,1,3,14,2497,52.0,3.8842475414276123,0.7884615384615384,1.0
kc2,Random Search,20,1747920974,42.44230769230769,2,3,3,2497,52.0,5.337125301361084,0.8653846153846154,1.0
kc2,"GA (NSGA-II, archived)",20,1786660291,43.90384615384615,3,3,3,2550,52.0,4.138254880905151,0.8653846153846154,1.0
kc2,CART (ccp path),20,1398524001,42.80769230769231,2,12,12,0,52.0,0.06493949890136719,0.8461538461538461,1.0
kc2,GA (NSGA-II),21,588852552,43.18867924528302,2,2,3,2554,52.0,5.8489909172058105,0.8490566037735849,1.0
kc2,Random Search,21,1795332294,42.81132075471698,3,3,3,2554,52.0,5.517297267913818,0.8490566037735849,1.0
kc2,"GA (NSGA-II, archived)",21,428206550,44.11320754716981,2,4,4,2526,52.0,4.1872498989105225,0.8679245283018868,1.0
kc2,CART (ccp path),21,773195339,42.94339622641509,4,12,12,0,52.0,0.059012651443481445,0.8679245283018868,1.0
kc2,GA (NSGA-II),22,949099106,43.18867924528302,2,4,5,2580,52.0,3.691458225250244,0.8490566037735849,1.0
kc2,Random Search,22,803954794,43.18867924528302,2,2,2,2580,52.0,5.856547117233276,0.8490566037735849,1.0
kc2,"GA (NSGA-II, archived)",22,479762513,43.18867924528302,2,3,3,2545,52.0,3.964715003967285,0.8490566037735849,1.0
kc2,CART (ccp path),22,1612834837,42.9622641509434,2,12,12,0,52.0,0.06501483917236328,0.8490566037735849,1.0
kc2,GA (NSGA-II),23,902683338,43.86538461538461,3,7,10,2533,52.0,4.353376150131226,0.8653846153846154,1.0
kc2,Random Search,23,86271080,43.90384615384615,2,4,4,2533,52.0,7.558228492736816,0.8653846153846154,1.0
kc2,"GA (NSGA-II, archived)",23,253188974,44.019230769230774,2,3,3,2462,52.0,3.38322377204895,0.8653846153846154,1.0
kc2,CART (ccp path),23,1500335702,42.76923076923077,3,12,12,0,52.0,0.06106758117675781,0.8461538461538461,1.0
kc2,GA (NSGA-II),24,878655953,41.19230769230769,1,3,3,2493,52.0,4.134858846664429,0.8076923076923077,1.0
kc2,Random Search,24,424548997,43.07692307692308,2,4,4,2493,52.0,5.659783840179443,0.8461538461538461,1.0
kc2,"GA (NSGA-II, archived)",24,1060570058,44.019230769230774,2,2,2,2544,52.0,3.8778398036956787,0.8653846153846154,1.0
kc2,CART (ccp path),24,968875270,44.192307692307686,4,12,12,0,52.0,0.05309605598449707,0.8846153846153846,1.0
kc2,GA (NSGA-II),25,57641534,47.78846153846154,2,2,2,2541,52.0,3.798649549484253,0.9423076923076923,1.0
kc2,Random Search,25,1943031139,47.78846153846154,2,4,4,2541,52.0,6.218810558319092,0.9423076923076923,1.0
kc2,"GA (NSGA-II, archived)",25,248960473,46.769230769230774,3,3,3,2545,52.0,6.2596094608306885,0.9230769230769231,1.0
kc2,CART (ccp path),25,564708984,43.78846153846154,2,12,12,0,52.0,0.0794992446899414,0.8653846153846154,1.0
kc2,GA (NSGA-II),26,1019796985,43.98076923076923,2,2,7,2582,52.0,3.743116855621338,0.8653846153846154,1.0
kc2,Random Search,26,1622579804,43.03846153846154,2,2,2,2582,52.0,6.24350905418396,0.8461538461538461,1.0
kc2,"GA (NSGA-II, archived)",26,2116988403,47.75,2,2,2,2547,52.0,3.6553685665130615,0.9423076923076923,1.0
kc2,CART (ccp path),26,222721521,43.67307692307693,2,12,12,0,52.0,0.059128761291503906,0.8653846153846154,1.0
kc2,GA (NSGA-II),27,682429009,41.15384615384615,2,4,8,2596,52.0,4.060206174850464,0.8076923076923077,1.0
kc2,Random Search,27,1117841397,42.653846153846146,3,4,4,2596,52.0,6.0159592628479,0.8461538461538461,1.0
kc2,"GA (NSGA-II, archived)",27,716828357,41.15384615384615,2,4,4,2569,52.0,4.338713884353638,0.8076923076923077,1.0
kc2,CART (ccp path),27,401200921,41.07692307692308,2,12,12,0,52.0,0.0792543888092041,0.8076923076923077,1.0
kc2,GA (NSGA-II),28,1456477083,43.82692307692307,3,3,3,2514,52.0,5.973814487457275,0.8653846153846154,1.0
kc2,Random Search,28,1474904658,43.03846153846154,2,3,3,2514,52.0,6.882631540298462,0.8461538461538461,1.0
kc2,"GA (NSGA-II, archived)",28,1481508705,42.05769230769231,3,3,3,2544,52.0,4.6341869831085205,0.8269230769230769,1.0
kc2,CART (ccp path),28,920264724,41.942307692307686,2,12,12,0,52.0,0.06349802017211914,0.8269230769230769,1.0
kc2,GA (NSGA-II),29,280511098,40.21153846153846,1,10,18,2528,52.0,4.184268236160278,0.7884615384615384,1.0
kc2,Random Search,29,730982412,40.21153846153846,1,4,4,2528,52.0,5.624719619750977,0.7884615384615384,1.0
kc2,"GA (NSGA-II, archived)",29,68101254,41.15384615384615,2,2,2,2532,52.0,3.839993715286255,0.8076923076923077,1.0
kc2,CART (ccp path),29,1377779109,41.86538461538461,2,12,12,0,52.0,0.0573880672454834,0.8269230769230769,1.0
kc2,GA (NSGA-II),30,875057556,42.05769230769231,3,5,32,2519,52.0,3.9479715824127197,0.8269230769230769,1.0
kc2,Random Search,30,1681100686,42.01923076923077,3,3,3,2519,52.0,7.52293062210083,0.8269230769230769,1.0
kc2,"GA (NSGA-II, archived)",30,847193175,41.11538461538461,2,7,7,2533,52.0,4.348858118057251,0.8076923076923077,1.0
kc2,CART (ccp path),30,38112063,41.96153846153847,3,12,12,0,52.0,0.057335853576660156,0.8461538461538461,1.0
climate_crashes,GA (NSGA-II),1,931583296,32.407407407407405,1,1,1,2571,36.0,3.573746919631958,0.9259259259259259,1.0
climate_crashes,Random Search,1,1618371432,32.79629629629629,2,4,4,2571,36.0,8.016968488693237,0.9444444444444444,1.0
climate_crashes,"GA (NSGA-II, archived)",1,2040135079,32.407407407407405,1,1,1,2514,36.0,3.2729809284210205,0.9259259259259259,1.0
climate_crashes,CART (ccp path),1,2098041406,33.18518518518518,2,12,12,0,36.0,0.07319808006286621,0.9629629629629629,1.0
climate_crashes,GA (NSGA-II),2,1029141160,32.407407407407405,1,2,58,2643,36.0,3.7083821296691895,0.9259259259259259,1.0
climate_crashes,Random Search,2,1877341520,32.72222222222222,2,4,4,2643,36.0,6.2876365184783936,0.9444444444444444,1.0
climate_crashes,"GA (NSGA-II, archived)",2,1652594185,32.407407407407405,1,1,1,2535,36.0,3.4908533096313477,0.9259259259259259,1.0
climate_crashes,CART (ccp path),2,2054473832,33.481481481481474,2,12,12,0,36.0,0.06519699096679688,0.9629629629629629,1.0
climate_crashes,GA (NSGA-II),3,1917158198,32.407407407407405,1,1,1,2573,36.0,3.4474523067474365,0.9259259259259259,1.0
climate_crashes,Random Search,3,906426668,32.407407407407405,1,3,3,2573,36.0,6.188167572021484,0.9259259259259259,1.0
climate_crashes,"GA (NSGA-II, archived)",3,2060465832,33.55555555555555,2,3,3,2591,36.0,5.547282934188843,0.9629629629629629,1.0
climate_crashes,CART (ccp path),3,388915666,32.407407407407405,1,11,11,0,36.0,0.06582999229431152,0.9259259259259259,1.0
climate_crashes,GA (NSGA-II),4,198860522,32.98148148148148,2,4,5,2516,36.0,3.5275580883026123,0.9444444444444444,1.0
climate_crashes,Random Search,4,853928292,32.94444444444444,2,4,4,2516,36.0,5.954157114028931,0.9444444444444444,1.0
climate_crashes,"GA (NSGA-II, archived)",4,1827879419,32.407407407407405,1,1,1,2519,36.0,3.1303882598876953,0.9259259259259259,1.0
climate_crashes,CART (ccp path),4,1330181722,32.407407407407405,1,12,12,0,36.0,0.07034850120544434,0.9259259259259259,1.0
climate_crashes,GA (NSGA-II),5,8562658,31.75925925925926,1,1,1,2532,36.0,3.4079840183258057,0.9074074074074074,1.0
climate_crashes,Random Search,5,774354706,32.61111111111111,2,4,4,2532,36.0,5.781402111053467,0.9444444444444444,1.0
climate_crashes,"GA (NSGA-II, archived)",5,2147189801,32.907407407407405,2,3,3,2534,36.0,3.481759548187256,0.9444444444444444,1.0
climate_crashes,CART (ccp path),5,1390280926,33.11111111111111,3,12,12,0,36.0,0.06574749946594238,0.9629629629629629,1.0
climate_crashes,GA (NSGA-II),6,1270868118,32.2962962962963,2,3,33,2625,36.0,4.001638650894165,0.9259259259259259,1.0
climate_crashes,Random Search,6,668977668,31.75925925925926,1,3,3,2625,36.0,8.326257228851318,0.9074074074074074,1.0
climate_crashes,"GA (NSGA-II, archived)",6,1830691016,31.75925925925926,1,2,2,2593,36.0,3.361513376235962,0.9074074074074074,1.0
climate_crashes,CART (ccp path),6,635531549,33.7962962962963,3,12,12,0,36.0,0.0824117660522461,0.9814814814814815,1.0
climate_crashes,GA (NSGA-II),7,1457780706,31.75925925925926,1,2,3,2579,36.0,3.774545907974243,0.9074074074074074,1.0
climate_crashes,Random Search,7,1288791125,31.75925925925926,1,4,4,2579,36.0,6.1300365924835205,0.9074074074074074,1.0
climate_crashes,"GA (NSGA-II, archived)",7,525369359,31.75925925925926,1,1,1,2540,36.0,3.226245164871216,0.9074074074074074,1.0
climate_crashes,CART (ccp path),7,2033443903,32.18518518518518,2,12,12,0,36.0,0.07719755172729492,0.9259259259259259,1.0
climate_crashes,GA (NSGA-II),8,378771140,31.75925925925926,1,1,1,2589,36.0,3.514512300491333,0.9074074074074074,1.0
climate_crashes,Random Search,8,13779558,32.53703703703704,2,4,4,2589,36.0,6.351420640945435,0.9444444444444444,1.0
climate_crashes,"GA (NSGA-II, archived)",8,1578947220,31.75925925925926,1,1,1,2500,36.0,5.004578113555908,0.9074074074074074,1.0
climate_crashes,CART (ccp path),8,346698535,32.0,2,11,11,0,36.0,0.07020020484924316,0.9259259259259259,1.0
climate_crashes,GA (NSGA-II),9,1613278569,31.75925925925926,1,1,1,2576,36.0,3.249497175216675,0.9074074074074074,1.0
climate_crashes,Random Search,9,799083967,31.75925925925926,1,4,4,2576,36.0,6.024769306182861,0.9074074074074074,1.0
climate_crashes,"GA (NSGA-II, archived)",9,965884508,31.75925925925926,1,1,1,2538,36.0,3.2175722122192383,0.9074074074074074,1.0
climate_crashes,CART (ccp path),9,923966553,32.25925925925926,2,12,12,0,36.0,0.08769464492797852,0.9259259259259259,1.0
climate_crashes,GA (NSGA-II),10,919261472,32.907407407407405,2,3,3,2528,36.0,3.5534162521362305,0.9444444444444444,1.0
climate_crashes,Random Search,10,890418143,31.75925925925926,1,3,3,2528,36.0,6.20730996131897,0.9074074074074074,1.0
climate_crashes,"GA (NSGA-II, archived)",10,2125638306,31.75925925925926,1,1,1,2569,36.0,3.5352046489715576,0.9074074074074074,1.0
climate_crashes,CART (ccp path),10,1393853245,32.870370370370374,3,12,12,0,36.0,0.08805441856384277,0.9444444444444444,1.0
climate_crashes,GA (NSGA-II),11,888514873,32.407407407407405,1,3,17,2541,36.0,4.192258358001709,0.9259259259259259,1.0
climate_crashes,Random Search,11,1421106626,32.87037037037037,2,4,4,2541,36.0,8.11654782295227,0.9444444444444444,1.0
climate_crashes,"GA (NSGA-II, archived)",11,1472497283,32.407407407407405,1,2,2,2512,36.0,3.748455762863159,0.9259259259259259,1.0
climate_crashes,CART (ccp path),11,199793730,32.83333333333333,2,11,11,0,36.0,0.0670175552368164,0.9444444444444444,1.0
climate_crashes,GA (NSGA-II),12,95260206,32.407407407407405,1,4,10,2560,36.0,3.3865256309509277,0.9259259259259259,1.0
climate_crashes,Random Search,12,818995729,32.425925925925924,2,4,4,2560,36.0,6.203843593597412,0.9444444444444444,1.0
climate_crashes,"GA (NSGA-II, archived)",12,831123580,32.407407407407405,1,1,1,2531,36.0,3.4409849643707275,0.9259259259259259,1.0
climate_crashes,CART (ccp path),12,957303737,32.83333333333333,2,12,12,0,36.0,0.06415319442749023,0.9444444444444444,1.0
climate_crashes,GA (NSGA-II),13,588440958,32.407407407407405,1,2,2,2521,36.0,3.5012593269348145,0.9259259259259259,1.0
climate_crashes,Random Search,13,493452692,33.57407407407407,2,3,3,2521,36.0,6.345721244812012,0.9814814814814815,1.0
climate_crashes,"GA (NSGA-II, archived)",13,1819179424,32.407407407407405,1,2,2,2587,36.0,3.6197290420532227,0.9259259259259259,1.0
climate_crashes,CART (ccp path),13,895332412,32.87037037037037,2,11,11,0,36.0,0.0700235366821289,0.9444444444444444,1.0
climate_crashes,GA (NSGA-II),14,535846001,32.407407407407405,1,4,9,2539,36.0,4.028354644775391,0.9259259259259259,1.0
climate_crashes,Random Search,14,1867149432,32.407407407407405,1,3,3,2539,36.0,6.354828357696533,0.9259259259259259,1.0
climate_crashes,"GA (NSGA-II, archived)",14,698804012,32.407407407407405,1,1,1,2539,36.0,5.986756324768066,0.9259259259259259,1.0
climate_crashes,CART (ccp path),14,55278936,32.407407407407405,1,12,12,0,36.0,0.0879678726196289,0.9259259259259259,1.0
climate_crashes,GA (NSGA-II),15,2000065257,32.2962962962963,2,4,10,2564,36.0,3.587076425552368,0.9259259259259259,1.0
climate_crashes,Random Search,15,922406068,31.75925925925926,1,3,3,2564,36.0,6.249010324478149,0.9074074074074074,1.0
climate_crashes,"GA (NSGA-II, archived)",15,155302541,31.75925925925926,1,2,2,2593,36.0,3.6339666843414307,0.9074074074074074,1.0
climate_crashes,CART (ccp path),15,1281038651,32.03703703703704,2,11,11,0,36.0,0.08351802825927734,0.9259259259259259,1.0
climate_crashes,GA (NSGA-II),16,1400147738,31.75925925925926,1,2,5,2528,36.0,3.4275171756744385,0.9074074074074074,1.0
climate_crashes,Random Search,16,144466870,31.75925925925926,1,3,3,2528,36.0,6.28887152671814,0.9074074074074074,1.0
climate_crashes,"GA (NSGA-II, archived)",16,1244514952,31.75925925925926,1,1,1,2474,36.0,3.313483476638794,0.9074074074074074,1.0
climate_crashes,CART (ccp path),16,663779950,32.2962962962963,2,11,11,0,36.0,0.06268739700317383,0.9259259259259259,1.0
climate_crashes,GA (NSGA-II),17,651572669,31.75925925925926,1,1,1,2570,36.0,5.254363536834717,0.9074074074074074,1.0
climate_crashes,Random Search,17,544802246,31.75925925925926,1,4,4,2570,36.0,6.162707090377808,0.9074074074074074,1.0
climate_crashes,"GA (NSGA-II, archived)",17,523032280,32.333333333333336,2,2,2,2514,36.0,3.3523340225219727,0.9259259259259259,1.0
climate_crashes,CART (ccp path),17,278064969,32.2962962962963,2,12,12,0,36.0,0.06467485427856445,0.9259259259259259,1.0
climate_crashes,GA (NSGA-II),18,373075453,31.75925925925926,1,2,4,2506,36.0,3.1810147762298584,0.9074074074074074,1.0
climate_crashes,Random Search,18,610964110,32.074074074074076,2,3,3,2506,36.0,6.0625159740448,0.9259259259259259,1.0
climate_crashes,"GA (NSGA-II, archived)",18,1647000419,32.2962962962963,2,2,2,2542,36.0,3.878453016281128,0.9259259259259259,1.0
climate_crashes,CART (ccp path),18,843880510,32.75925925925926,2,12,12,0,36.0,0.079193115234375,0.9444444444444444,1.0
climate_crashes,GA (NSGA-II),19,484279826,31.75925925925926,1,1,1,2483,36.0,3.243540048599243,0.9074074074074074,1.0
climate_crashes,Random Search,19,1317590900,32.2962962962963,2,2,2,2483,36.0,7.9469380378723145,0.9259259259259259,1.0
climate_crashes,"GA (NSGA-II, archived)",19,1233795638,31.75925925925926,1,2,2,2547,36.0,3.2562050819396973,0.9074074074074074,1.0
climate_crashes,CART (ccp path),19,321657449,34.148148148148145,3,12,12,0,36.0,0.06393074989318848,1.0,1.0
climate_crashes,GA (NSGA-II),20,928132999,31.75925925925926,1,3,4,2572,36.0,3.883863925933838,0.9074074074074074,1.0
climate_crashes,Random Search,20,980621468,31.75925925925926,1,2,2,2572,36.0,6.202316761016846,0.9074074074074074,1.0
climate_crashes,"GA (NSGA-II, archived)",20,1318864153,31.75925925925926,1,2,2,2488,36.0,3.7162961959838867,0.9074074074074074,1.0
climate_crashes,CART (ccp path),20,1816116774,31.75925925925926,1,9,9,0,36.0,0.05293464660644531,0.9074074074074074,1.0
climate_crashes,GA (NSGA-II),21,1742497187,32.407407407407405,1,1,1,2557,36.0,3.2353343963623047,0.9259259259259259,1.0
climate_crashes,Random Search,21,339909674,32.407407407407405,1,4,4,2557,36.0,6.416593551635742,0.9259259259259259,1.0
climate_crashes,"GA (NSGA-II, archived)",21,583090074,32.94444444444444,2,2,2,2589,36.0,3.620774984359741,0.9444444444444444,1.0
climate_crashes,CART (ccp path),21,1321571714,32.83333333333333,2,12,12,0,36.0,0.06891274452209473,0.9444444444444444,1.0
climate_crashes,GA (NSGA-II),22,1735124682,32.407407407407405,1,1,1,2519,36.0,4.91523551940918,0.9259259259259259,1.0
climate_crashes,Random Search,22,1847532060,32.907407407407405,2,5,5,2519,36.0,6.261483907699585,0.9444444444444444,1.0
climate_crashes,"GA (NSGA-II, archived)",22,642663791,32.83333333333333,2,3,3,2533,36.0,3.626349687576294,0.9444444444444444,1.0
climate_crashes,CART (ccp path),22,304931377,33.481481481481474,2,12,12,0,36.0,0.08088946342468262,0.9629629629629629,1.0
climate_crashes,GA (NSGA-II),23,1757444421,32.407407407407405,1,1,1,2498,36.0,3.273268461227417,0.9259259259259259,1.0
climate_crashes,Random Search,23,2124602873,32.79629629629629,2,5,5,2498,36.0,5.800559759140015,0.9814814814814815,1.0
climate_crashes,"GA (NSGA-II, archived)",23,696695694,32.407407407407405,1,3,3,2557,36.0,3.727480173110962,0.9259259259259259,1.0
climate_crashes,CART (ccp path),23,682735397,33.37037037037037,3,12,12,0,36.0,0.06853938102722168,0.9629629629629629,1.0
climate_crashes,GA (NSGA-II),24,522564888,32.407407407407405,1,2,4,2606,36.0,3.6159322261810303,0.9259259259259259,1.0
climate_crashes,Random Search,24,462380691,32.407407407407405,1,3,3,2606,36.0,8.297335863113403,0.9259259259259259,1.0
climate_crashes,"GA (NSGA-II, archived)",24,1283727724,32.407407407407405,1,2,2,2620,36.0,3.8057572841644287,0.9259259259259259,1.0
climate_crashes,CART (ccp path),24,458166102,32.407407407407405,1,12,12,0,36.0,0.08512067794799805,0.9259259259259259,1.0
climate_crashes,GA (NSGA-II),25,1399437573,31.75925925925926,1,2,2,2529,36.0,3.7532382011413574,0.9074074074074074,1.0
climate_crashes,Random Search,25,1142815754,31.75925925925926,1,3,3,2529,36.0,6.1571574211120605,0.9074074074074074,1.0
climate_crashes,"GA (NSGA-II, archived)",25,1623654056,31.75925925925926,1,1,1,2596,36.0,3.3050591945648193,0.9074074074074074,1.0
climate_crashes,CART (ccp path),25,154826108,33.48148148148148,2,11,11,0,36.0,0.06376433372497559,0.9629629629629629,1.0
climate_crashes,GA (NSGA-II),26,1948501057,32.2962962962963,2,3,9,2577,36.0,3.788630962371826,0.9259259259259259,1.0
climate_crashes,Random Search,26,1249699711,32.0,2,4,4,2577,36.0,6.94113302230835,0.9259259259259259,1.0
climate_crashes,"GA (NSGA-II, archived)",26,343565097,31.75925925925926,1,1,1,2523,36.0,5.29599928855896,0.9074074074074074,1.0
climate_crashes,CART (ccp path),26,179976931,32.61111111111111,2,12,12,0,36.0,0.0777597427368164,0.9444444444444444,1.0
climate_crashes,GA (NSGA-II),27,1729312555,31.75925925925926,1,2,2,2571,36.0,3.7506561279296875,0.9074074074074074,1.0
climate_crashes,Random Search,27,1172459704,31.75925925925926,1,3,3,2571,36.0,6.2609217166900635,0.9074074074074074,1.0
climate_crashes,"GA (NSGA-II, archived)",27,1931547086,31.75925925925926,1,2,2,2581,36.0,3.7969982624053955,0.9074074074074074,1.0
climate_crashes,CART (ccp path),27,28404386,31.962962962962962,2,12,12,0,36.0,0.0786745548248291,0.9259259259259259,1.0
climate_crashes,GA (NSGA-II),28,1800727755,31.75925925925926,1,2,2,2638,36.0,3.495574712753296,0.9074074074074074,1.0
climate_crashes,Random Search,28,55186703,31.75925925925926,1,3,3,2638,36.0,6.883868455886841,0.9074074074074074,1.0
climate_crashes,"GA (NSGA-II, archived)",28,420247277,31.75925925925926,1,1,1,2491,36.0,3.9363911151885986,0.9074074074074074,1.0
climate_crashes,CART (ccp path),28,72452637,33.31481481481482,2,12,12,0,36.0,0.0882258415222168,0.9814814814814815,1.0
climate_crashes,GA (NSGA-II),29,1367337803,31.75925925925926,1,2,2,2550,36.0,5.561220645904541,0.9074074074074074,1.0
climate_crashes,Random Search,29,827060804,32.46296296296296,2,3,3,2550,36.0,7.542766332626343,0.9444444444444444,1.0
climate_crashes,"GA (NSGA-II, archived)",29,1196245922,31.75925925925926,1,2,2,2467,36.0,3.801196575164795,0.9074074074074074,1.0
climate_crashes,CART (ccp path),29,1508495801,32.2962962962963,2,10,10,0,36.0,0.059238433837890625,0.9259259259259259,1.0
climate_crashes,GA (NSGA-II),30,1261644862,31.75925925925926,1,3,8,2564,36.0,3.676710844039917,0.9074074074074074,1.0
climate_crashes,Random Search,30,1950920984,31.85185185185185,2,4,4,2564,36.0,6.227744102478027,0.9259259259259259,1.0
climate_crashes,"GA (NSGA-II, archived)",30,1560015373,31.75925925925926,1,2,2,2586,36.0,3.488248348236084,0.9074074074074074,1.0
climate_crashes,CART (ccp path),30,1401800581,32.907407407407405,2,11,11,0,36.0,0.0638270378112793,0.9444444444444444,1.0
wdbc,GA (NSGA-II),1,2057351807,37.19298245614035,2,2,5,2553,44.0,4.3252153396606445,0.8771929824561403,1.0
wdbc,Random Search,1,2052878773,40.07017543859649,2,4,4,2553,44.0,7.6128990650177,0.9473684210526315,1.0
wdbc,"GA (NSGA-II, archived)",1,646204701,39.14035087719298,3,5,5,2568,44.0,4.4448323249816895,0.9298245614035088,1.0
wdbc,CART (ccp path),1,578885710,39.45614035087719,5,12,12,0,44.0,0.14461827278137207,0.9649122807017544,1.0
wdbc,GA (NSGA-II),2,1617038199,38.63157894736842,2,4,10,2559,44.0,4.2163567543029785,0.9122807017543859,1.0
wdbc,Random Search,2,1498195198,38.89473684210527,4,6,6,2559,44.0,6.178686857223511,0.9298245614035088,1.0
wdbc,"GA (NSGA-II, archived)",2,17859962,35.75438596491228,2,2,2,2565,44.0,4.134385824203491,0.8421052631578947,1.0
wdbc,CART (ccp path),2,597767736,40.228070175438596,4,11,11,0,44.0,0.11227107048034668,0.9649122807017544,1.0
wdbc,GA (NSGA-II),3,1578296752,39.3859649122807,2,3,5,2539,44.0,4.436285495758057,0.9298245614035088,1.0
wdbc,Random Search,3,509892487,40.19298245614035,3,5,5,2539,44.0,7.945621490478516,0.9649122807017544,1.0
wdbc,"GA (NSGA-II, archived)",3,1983221737,39.35087719298246,3,3,3,2524,44.0,4.3303868770599365,0.9298245614035088,1.0
wdbc,CART (ccp path),3,1147142329,41.122807017543856,5,11,11,0,44.0,0.11838555335998535,0.9824561403508771,1.0
wdbc,GA (NSGA-II),4,779056718,40.10526315789473,2,4,4,2568,44.0,4.205329895019531,0.9473684210526315,1.0
wdbc,Random Search,4,472412412,39.35087719298246,3,4,4,2568,44.0,5.92609167098999,0.9298245614035088,1.0
wdbc,"GA (NSGA-II, archived)",4,717437727,39.315789473684205,3,3,3,2539,44.0,4.233301639556885,0.9298245614035088,1.0
wdbc,CART (ccp path),4,1742815858,40.12280701754386,3,12,12,0,44.0,0.1299278736114502,0.9649122807017544,1.0
wdbc,GA (NSGA-II),5,1199762901,41.368421052631575,3,4,12,2523,44.0,4.081137180328369,0.9824561403508771,1.0
wdbc,Random Search,5,1475693456,39.105263157894726,4,5,5,2523,44.0,6.21519660949707,0.9298245614035088,1.0
wdbc,"GA (NSGA-II, archived)",5,1590174246,38.666666666666664,2,2,2,2547,44.0,6.352428436279297,0.9122807017543859,1.0
wdbc,CART (ccp path),5,1971393511,39.473684210526315,2,12,12,0,44.0,0.1184079647064209,0.9473684210526315,1.0
wdbc,GA (NSGA-II),6,1345546089,41.26315789473684,3,6,8,2524,44.0,3.9665701389312744,0.9824561403508771,1.0
wdbc,Random Search,6,74207719,39.56140350877193,3,6,6,2524,44.0,5.950981855392456,0.9649122807017544,1.0
wdbc,"GA (NSGA-II, archived)",6,1506283590,40.82456140350877,2,5,5,2561,44.0,4.725235939025879,0.9649122807017544,1.0
wdbc,CART (ccp path),6,1497396658,39.315789473684205,3,12,12,0,44.0,0.1369037628173828,0.9298245614035088,1.0
wdbc,GA (NSGA-II),7,956334166,40.03508771929825,3,3,27,2571,44.0,4.0979979038238525,0.9473684210526315,1.0
wdbc,Random Search,7,153307106,39.31578947368421,3,5,5,2571,44.0,6.249067544937134,0.9298245614035088,1.0
wdbc,"GA (NSGA-II, archived)",7,62926656,38.666666666666664,2,3,3,2582,44.0,4.338555574417114,0.9122807017543859,1.0
wdbc,CART (ccp path),7,1457943340,39.94736842105263,3,12,12,0,44.0,0.13591957092285156,0.9649122807017544,1.0
wdbc,GA (NSGA-II),8,140119754,40.03508771929824,3,4,7,2567,44.0,6.722454071044922,0.9473684210526315,1.0
wdbc,Random Search,8,137127419,37.94736842105263,2,3,3,2567,44.0,5.865570545196533,0.8947368421052632,1.0
wdbc,"GA (NSGA-II, archived)",8,861621662,37.84210526315789,3,3,3,2563,44.0,5.528760671615601,0.8947368421052632,1.0
wdbc,CART (ccp path),8,1920995636,40.719298245614034,3,11,11,0,44.0,0.11171698570251465,0.9649122807017544,1.0
wdbc,GA (NSGA-II),9,1816124083,37.877192982456144,3,4,4,2559,44.0,4.5459229946136475,0.8947368421052632,1.0
wdbc,Random Search,9,570301914,36.89473684210526,3,3,3,2559,44.0,6.350123167037964,0.8947368421052632,1.0
wdbc,"GA (NSGA-II, archived)",9,1872469142,37.228070175438596,2,3,3,2506,44.0,4.252714157104492,0.8771929824561403,1.0
wdbc,CART (ccp path),9,856455005,37.87719298245614,3,10,10,0,44.0,0.11693263053894043,0.8947368421052632,1.0
wdbc,GA (NSGA-II),10,530867968,37.82142857142858,3,6,22,2522,44.0,6.46716046333313,0.8928571428571429,1.0
wdbc,Random Search,10,1618595588,36.39285714285714,2,3,3,2522,44.0,6.004966974258423,0.8571428571428571,1.0
wdbc,"GA (NSGA-II, archived)",10,1780192933,36.39285714285714,2,4,4,2529,44.0,4.390470504760742,0.8571428571428571,1.0
wdbc,CART (ccp path),10,1529740617,37.089285714285715,3,11,11,0,44.0,0.13005757331848145,0.875,1.0
wdbc,GA (NSGA-II),11,461047002,39.89473684210526,4,9,22,2554,44.0,4.821299076080322,0.9473684210526315,1.0
wdbc,Random Search,11,102037857,39.35087719298245,2,3,3,2554,44.0,6.135640382766724,0.9298245614035088,1.0
wdbc,"GA (NSGA-II, archived)",11,686289672,39.859649122807014,3,4,4,2507,44.0,4.2915449142456055,0.9473684210526315,1.0
wdbc,CART (ccp path),11,1142771093,39.070175438596486,3,12,12,0,44.0,0.14249372482299805,0.9298245614035088,1.0
wdbc,GA (NSGA-II),12,2090707205,38.63157894736842,2,9,14,2506,44.0,4.629695415496826,0.9122807017543859,1.0
wdbc,Random Search,12,1969127128,38.63157894736842,2,4,4,2506,44.0,6.20746636390686,0.9122807017543859,1.0
wdbc,"GA (NSGA-II, archived)",12,1855371128,38.63157894736842,2,4,4,2572,44.0,4.571396589279175,0.9122807017543859,1.0
wdbc,CART (ccp path),12,1258174613,39.89473684210525,4,11,11,0,44.0,0.11237668991088867,0.9473684210526315,1.0
wdbc,GA (NSGA-II),13,1277183895,40.82456140350877,2,5,8,2575,44.0,7.142993211746216,0.9649122807017544,1.0
wdbc,Random Search,13,2029139679,39.3859649122807,2,4,4,2575,44.0,5.918148994445801,0.9298245614035088,1.0
wdbc,"GA (NSGA-II, archived)",13,1876764759,40.10526315789473,2,2,2,2534,44.0,4.126017332077026,0.9473684210526315,1.0
wdbc,CART (ccp path),13,1436598301,40.438596491228076,5,12,12,0,44.0,0.14080214500427246,0.9649122807017544,1.0
wdbc,GA (NSGA-II),14,727485226,38.59649122807018,3,8,9,2574,44.0,4.445717096328735,0.9122807017543859,1.0
wdbc,Random Search,14,543591795,37.280701754385966,4,5,5,2574,44.0,6.138239622116089,0.8947368421052632,1.0
wdbc,"GA (NSGA-II, archived)",14,176458996,37.91228070175439,3,5,5,2562,44.0,4.385077238082886,0.8947368421052632,1.0
wdbc,CART (ccp path),14,2070277073,39.8421052631579,7,12,12,0,44.0,0.1438758373260498,0.9649122807017544,1.0
wdbc,GA (NSGA-II),15,445711686,40.82456140350877,2,6,6,2551,44.0,7.113268852233887,0.9649122807017544,1.0
wdbc,Random Search,15,1545078724,39.3859649122807,2,4,4,2551,44.0,5.944714784622192,0.9298245614035088,1.0
wdbc,"GA (NSGA-II, archived)",15,1300137695,38.59649122807018,3,4,4,2585,44.0,4.811272382736206,0.9122807017543859,1.0
wdbc,CART (ccp path),15,970277762,39.98245614035088,3,12,12,0,44.0,0.1373906135559082,0.9649122807017544,1.0
wdbc,GA (NSGA-II),16,2095694157,40.82456140350877,2,6,8,2567,44.0,4.2508111000061035,0.9649122807017544,1.0
wdbc,Random Search,16,180811711,40.98245614035088,3,4,4,2567,44.0,6.030067682266235,0.9824561403508771,1.0
wdbc,"GA (NSGA-II, archived)",16,782423204,40.78947368421053,3,4,4,2555,44.0,4.508099794387817,0.9649122807017544,1.0
wdbc,CART (ccp path),16,189318607,40.1578947368421,2,12,12,0,44.0,0.13381409645080566,0.9649122807017544,1.0
wdbc,GA (NSGA-II),17,1657566553,38.666666666666664,2,4,11,2562,44.0,4.331648349761963,0.9122807017543859,1.0
wdbc,Random Search,17,548886829,39.3859649122807,2,5,5,2562,44.0,7.684529542922974,0.9298245614035088,1.0
wdbc,"GA (NSGA-II, archived)",17,1730265922,38.56140350877193,3,3,3,2481,44.0,4.767524242401123,0.9122807017543859,1.0
wdbc,CART (ccp path),17,443412427,38.78947368421053,2,12,12,0,44.0,0.12024116516113281,0.9298245614035088,1.0
wdbc,GA (NSGA-II),18,568486916,40.10526315789473,2,5,11,2576,44.0,4.550023078918457,0.9473684210526315,1.0
wdbc,Random Search,18,435834117,38.3859649122807,3,4,4,2576,44.0,6.161574602127075,0.9122807017543859,1.0
wdbc,"GA (NSGA-II, archived)",18,49894332,40.6140350877193,4,4,4,2590,44.0,4.870845317840576,0.9649122807017544,1.0
wdbc,CART (ccp path),18,369826225,39.21052631578947,3,12,12,0,44.0,0.1279768943786621,0.9298245614035088,1.0
wdbc,GA (NSGA-II),19,1757347021,37.70175438596491,5,6,15,2535,44.0,4.601838827133179,0.8947368421052632,1.0
wdbc,Random Search,19,2139843423,35.07017543859649,2,5,5,2535,44.0,7.789777994155884,0.8245614035087719,1.0
wdbc,"GA (NSGA-II, archived)",19,711446009,36.473684210526315,3,3,3,2557,44.0,4.3156938552856445,0.8596491228070176,1.0
wdbc,CART (ccp path),19,713830987,35.98245614035088,5,12,12,0,44.0,0.16901874542236328,0.8596491228070176,1.0
wdbc,GA (NSGA-II),20,530846114,42.07142857142857,3,3,3,2566,44.0,4.730093717575073,1.0,1.0
wdbc,Random Search,20,131249924,39.92857142857144,5,6,6,2566,44.0,6.369381666183472,0.9642857142857143,1.0
wdbc,"GA (NSGA-II, archived)",20,1464251185,41.375,3,3,3,2533,44.0,4.5542943477630615,0.9821428571428571,1.0
wdbc,CART (ccp path),20,1389973178,41.30357142857143,3,12,12,0,44.0,0.14734888076782227,0.9821428571428571,1.0
wdbc,GA (NSGA-II),21,422519815,37.08771929824562,3,7,11,2500,44.0,4.42667555809021,0.8771929824561403,1.0
wdbc,Random Search,21,1747171669,36.333333333333336,3,6,6,2500,44.0,7.839121103286743,0.8596491228070176,1.0
wdbc,"GA (NSGA-II, archived)",21,788229497,37.561403508771924,3,3,3,2578,44.0,4.336559295654297,0.8947368421052632,1.0
wdbc,CART (ccp path),21,1287540122,37.66666666666667,4,11,11,0,44.0,0.10195136070251465,0.8947368421052632,1.0
wdbc,GA (NSGA-II),22,273469202,39.9298245614035,4,7,19,2535,44.0,4.699004411697388,0.9473684210526315,1.0
wdbc,Random Search,22,1289675535,39.35087719298245,2,5,5,2535,44.0,6.053209543228149,0.9298245614035088,1.0
wdbc,"GA (NSGA-II, archived)",22,78740503,38.59649122807017,3,3,3,2530,44.0,4.5203588008880615,0.9122807017543859,1.0
wdbc,CART (ccp path),22,2047139178,38.929824561403514,5,12,12,0,44.0,0.1469745635986328,0.9298245614035088,1.0
wdbc,GA (NSGA-II),23,1300583851,41.33333333333333,3,6,11,2525,44.0,4.775862693786621,0.9824561403508771,1.0
wdbc,Random Search,23,312520485,40.64912280701755,3,3,3,2525,44.0,8.565948486328125,0.9649122807017544,1.0
wdbc,"GA (NSGA-II, archived)",23,192967979,41.368421052631575,3,3,3,2576,44.0,4.4723100662231445,0.9824561403508771,1.0
wdbc,CART (ccp path),23,1534751348,40.68421052631579,3,12,12,0,44.0,0.14000654220581055,0.9649122807017544,1.0
wdbc,GA (NSGA-II),24,626078517,37.91228070175439,3,5,7,2529,44.0,4.380851745605469,0.8947368421052632,1.0
wdbc,Random Search,24,851045606,37.45614035087719,3,3,3,2529,44.0,6.27983021736145,0.8947368421052632,1.0
wdbc,"GA (NSGA-II, archived)",24,92610191,38.82456140350877,3,7,7,2540,44.0,6.644333124160767,0.9298245614035088,1.0
wdbc,CART (ccp path),24,228499447,38.99999999999999,5,9,9,0,44.0,0.1143496036529541,0.9298245614035088,1.0
wdbc,GA (NSGA-II),25,1534582202,40.10526315789473,2,5,6,2539,44.0,4.895012617111206,0.9473684210526315,1.0
wdbc,Random Search,25,1390625400,41.5438596491228,2,4,4,2539,44.0,8.568328857421875,0.9824561403508771,1.0
wdbc,"GA (NSGA-II, archived)",25,1169207938,40.070175438596486,3,3,3,2494,44.0,6.078378915786743,0.9473684210526315,1.0
wdbc,CART (ccp path),25,1123376663,40.614035087719294,3,12,12,0,44.0,0.1452805995941162,0.9649122807017544,1.0
wdbc,GA (NSGA-II),26,1192669238,40.10526315789473,2,9,14,2543,44.0,5.143260478973389,0.9473684210526315,1.0
wdbc,Random Search,26,1670816707,40.10526315789473,2,4,4,2543,44.0,6.091490745544434,0.9473684210526315,1.0
wdbc,"GA (NSGA-II, archived)",26,771722535,40.070175438596486,3,5,5,2558,44.0,4.864699125289917,0.9473684210526315,1.0
wdbc,CART (ccp path),26,1260507468,40.64912280701754,3,12,12,0,44.0,0.1258234977722168,0.9649122807017544,1.0
wdbc,GA (NSGA-II),27,569435187,39.3859649122807,2,5,7,2564,44.0,4.380287170410156,0.9298245614035088,1.0
wdbc,Random Search,27,1144058301,39.96491228070175,3,4,4,2564,44.0,7.848597288131714,0.9473684210526315,1.0
wdbc,"GA (NSGA-II, archived)",27,1744001126,37.666666666666664,4,4,4,2514,44.0,4.361610412597656,0.8947368421052632,1.0
wdbc,CART (ccp path),27,355635833,38.78947368421053,2,12,12,0,44.0,0.128920316696167,0.9298245614035088,1.0
wdbc,GA (NSGA-II),28,787817000,38.666666666666664,2,3,9,2490,44.0,4.27382493019104,0.9122807017543859,1.0
wdbc,Random Search,28,905333830,40.10526315789473,2,4,4,2490,44.0,6.116838693618774,0.9473684210526315,1.0
wdbc,"GA (NSGA-II, archived)",28,924013366,39.315789473684205,3,3,3,2512,44.0,4.159353971481323,0.9298245614035088,1.0
wdbc,CART (ccp path),28,1199887104,38.280701754385966,4,12,12,0,44.0,0.1605527400970459,0.9122807017543859,1.0
wdbc,GA (NSGA-II),29,1328120877,39.3859649122807,2,4,5,2576,44.0,4.677792310714722,0.9298245614035088,1.0
wdbc,Random Search,29,729506124,39.473684210526315,3,3,3,2576,44.0,8.043154954910278,0.9473684210526315,1.0
wdbc,"GA (NSGA-II, archived)",29,1596849203,38.666666666666664,2,2,2,2544,44.0,4.437345504760742,0.9122807017543859,1.0
wdbc,CART (ccp path),29,213108359,39.43859649122807,3,12,12,0,44.0,0.13709568977355957,0.9473684210526315,1.0
wdbc,GA (NSGA-II),30,1617625466,40.785714285714285,2,4,6,2538,44.0,4.515752077102661,0.9642857142857143,1.0
wdbc,Random Search,30,1494446728,39.32142857142857,2,3,3,2538,44.0,6.271480321884155,0.9285714285714286,1.0
wdbc,"GA (NSGA-II, archived)",30,942673271,39.982142857142854,3,4,4,2552,44.0,4.6784467697143555,0.9464285714285714,1.0
wdbc,CART (ccp path),30,280089541,40.732142857142854,3,12,12,0,44.0,0.1573486328125,0.9821428571428571,1.0
ilpd,GA (NSGA-II),1,732065653,71.89830508474576,1,2,3,2503,102.0,3.96858549118042,0.711864406779661,1.0
ilpd,Random Search,1,1263958083,71.89830508474576,1,4,4,2503,102.0,7.3313117027282715,0.711864406779661,1.0
ilpd,"GA (NSGA-II, archived)",1,1474321134,73.57627118644066,2,5,5,2578,102.0,3.803220748901367,0.7288135593220338,1.0
ilpd,CART (ccp path),1,1606591629,73.83050847457626,2,12,12,0,102.0,0.054491281509399414,0.7457627118644068,1.0
ilpd,GA (NSGA-II),2,1542471563,76.83050847457626,2,3,3,2568,102.0,3.5167438983917236,0.7627118644067796,1.0
ilpd,Random Search,2,884188873,73.47457627118644,2,5,5,2568,102.0,5.737381219863892,0.7288135593220338,1.0
ilpd,"GA (NSGA-II, archived)",2,1440854876,71.89830508474576,1,4,4,2559,102.0,4.05877161026001,0.711864406779661,1.0
ilpd,CART (ccp path),2,1151697410,71.89830508474576,1,12,12,0,102.0,0.04619574546813965,0.711864406779661,1.0
ilpd,GA (NSGA-II),3,657598745,73.54237288135592,2,7,9,2524,102.0,3.5514461994171143,0.7288135593220338,1.0
ilpd,Random Search,3,26439112,73.57627118644066,2,6,6,2524,102.0,5.929409980773926,0.7288135593220338,1.0
ilpd,"GA (NSGA-II, archived)",3,1940095372,73.57627118644066,2,4,4,2549,102.0,5.87130880355835,0.7288135593220338,1.0
ilpd,CART (ccp path),3,222443329,71.89830508474576,1,12,12,0,102.0,0.05982327461242676,0.711864406779661,1.0
ilpd,GA (NSGA-II),4,1791332187,73.13793103448276,1,6,8,2559,102.0,3.95028018951416,0.7241379310344828,1.0
ilpd,Random Search,4,1010045737,73.13793103448276,1,5,5,2559,102.0,5.741215229034424,0.7241379310344828,1.0
ilpd,"GA (NSGA-II, archived)",4,1706362384,73.13793103448276,1,2,2,2492,102.0,3.353205680847168,0.7241379310344828,1.0
ilpd,CART (ccp path),4,884246894,73.13793103448276,1,12,12,0,102.0,0.05168485641479492,0.7241379310344828,1.0
ilpd,GA (NSGA-II),5,4060635,76.41379310344827,3,6,15,2597,102.0,4.068710565567017,0.7586206896551724,1.0
ilpd,Random Search,5,840744028,73.13793103448276,1,4,4,2597,102.0,5.93363881111145,0.7241379310344828,1.0
ilpd,"GA (NSGA-II, archived)",5,505745624,76.55172413793103,2,2,2,2549,102.0,3.637378454208374,0.7586206896551724,1.0
ilpd,CART (ccp path),5,1538892602,73.13793103448276,1,12,12,0,102.0,0.060098886489868164,0.7241379310344828,1.0
ilpd,GA (NSGA-II),6,1055604301,74.8448275862069,2,9,12,2552,102.0,6.320051193237305,0.7413793103448276,1.0
ilpd,Random Search,6,359719759,76.37931034482759,3,5,5,2552,102.0,5.808644771575928,0.7586206896551724,1.0
ilpd,"GA (NSGA-II, archived)",6,103458395,81.32758620689656,2,3,3,2602,102.0,3.6993353366851807,0.8103448275862069,1.0
ilpd,CART (ccp path),6,1848127488,73.5,2,12,12,0,102.0,0.048279762268066406,0.7413793103448276,1.0
ilpd,GA (NSGA-II),7,1507035991,73.06896551724137,2,3,7,2557,102.0,3.50338077545166,0.7241379310344828,1.0
ilpd,Random Search,7,83959525,71.39655172413792,1,4,4,2557,102.0,5.704159259796143,0.7068965517241379,1.0
ilpd,"GA (NSGA-II, archived)",7,1301428639,73.06896551724137,2,5,5,2543,102.0,3.7217447757720947,0.7241379310344828,1.0
ilpd,CART (ccp path),7,92614978,71.39655172413792,1,12,12,0,102.0,0.05379796028137207,0.7068965517241379,1.0
ilpd,GA (NSGA-II),8,621593382,76.24137931034483,3,7,9,2536,102.0,4.292773246765137,0.7586206896551724,1.0
ilpd,Random Search,8,1171637740,74.74137931034483,2,3,3,2536,102.0,7.585862159729004,0.7413793103448276,1.0
ilpd,"GA (NSGA-II, archived)",8,1350451026,73.03448275862068,2,3,3,2609,102.0,3.531719207763672,0.7241379310344828,1.0
ilpd,CART (ccp path),8,124219885,71.39655172413792,1,12,12,0,102.0,0.05354118347167969,0.7068965517241379,1.0
ilpd,GA (NSGA-II),9,1250169484,71.39655172413792,1,6,7,2569,102.0,3.802870512008667,0.7068965517241379,1.0
ilpd,Random Search,9,1884787933,74.18965517241378,3,4,4,2569,102.0,5.89873743057251,0.7413793103448276,1.0
ilpd,"GA (NSGA-II, archived)",9,1534863221,71.39655172413792,1,4,4,2564,102.0,4.25212836265564,0.7068965517241379,1.0
ilpd,CART (ccp path),9,2017848041,71.39655172413792,1,12,12,0,102.0,0.05420255661010742,0.7068965517241379,1.0
ilpd,GA (NSGA-II),10,1046685048,74.8103448275862,2,2,2,2580,102.0,3.478184938430786,0.7413793103448276,1.0
ilpd,Random Search,10,652843555,71.39655172413792,1,3,3,2580,102.0,6.2164788246154785,0.7068965517241379,1.0
ilpd,"GA (NSGA-II, archived)",10,1323863275,71.39655172413792,1,4,4,2571,102.0,6.36036491394043,0.7068965517241379,1.0
ilpd,CART (ccp path),10,1884101096,72.75862068965516,2,12,12,0,102.0,0.059656620025634766,0.7241379310344828,1.0
ilpd,GA (NSGA-II),11,1516377730,71.89830508474576,1,4,4,2515,102.0,4.025053024291992,0.711864406779661,1.0
ilpd,Random Search,11,1897284463,79.27118644067797,2,5,5,2515,102.0,5.923058748245239,0.7966101694915254,1.0
ilpd,"GA (NSGA-II, archived)",11,497893745,74.98305084745762,2,3,3,2515,102.0,3.590991973876953,0.7457627118644068,1.0
ilpd,CART (ccp path),11,1892777722,71.89830508474576,1,12,12,0,102.0,0.05621600151062012,0.711864406779661,1.0
ilpd,GA (NSGA-II),12,1973164364,73.44067796610169,2,9,44,2509,102.0,4.171910524368286,0.7288135593220338,1.0
ilpd,Random Search,12,1735365203,71.89830508474576,1,5,5,2509,102.0,5.7447669506073,0.711864406779661,1.0
ilpd,"GA (NSGA-II, archived)",12,836560465,71.89830508474576,1,5,5,2556,102.0,3.851142168045044,0.711864406779661,1.0
ilpd,CART (ccp path),12,1500726010,71.89830508474576,1,12,12,0,102.0,0.04373788833618164,0.711864406779661,1.0
ilpd,GA (NSGA-II),13,304276012,75.11864406779661,3,6,11,2560,102.0,3.9903059005737305,0.7457627118644068,1.0
ilpd,Random Search,13,1012208203,74.98305084745762,3,5,5,2560,102.0,6.033236980438232,0.7457627118644068,1.0
ilpd,"GA (NSGA-II, archived)",13,1192321012,73.57627118644066,2,4,4,2515,102.0,3.9717583656311035,0.7288135593220338,1.0
ilpd,CART (ccp path),13,1002378167,71.89830508474576,1,12,12,0,102.0,0.051641225814819336,0.711864406779661,1.0
ilpd,GA (NSGA-II),14,1827108583,76.55172413793103,2,6,10,2545,102.0,3.6275458335876465,0.7586206896551724,1.0
ilpd,Random Search,14,345294840,74.74137931034484,2,4,4,2545,102.0,8.409690141677856,0.7413793103448276,1.0
ilpd,"GA (NSGA-II, archived)",14,701510581,76.55172413793103,2,6,6,2519,102.0,3.988203763961792,0.7586206896551724,1.0
ilpd,CART (ccp path),14,1599608351,73.13793103448276,1,12,12,0,102.0,0.05769157409667969,0.7241379310344828,1.0
ilpd,GA (NSGA-II),15,1011694527,73.13793103448276,1,6,12,2551,102.0,4.570833921432495,0.7241379310344828,1.0
ilpd,Random Search,15,1082988026,73.13793103448276,1,6,6,2551,102.0,5.903790473937988,0.7241379310344828,1.0
ilpd,"GA (NSGA-II, archived)",15,1495841553,73.13793103448276,1,4,4,2560,102.0,3.6994900703430176,0.7241379310344828,1.0
ilpd,CART (ccp path),15,2047556775,73.13793103448276,1,12,12,0,102.0,0.052572011947631836,0.7241379310344828,1.0
ilpd,GA (NSGA-II),16,116279748,73.13793103448276,1,5,6,2514,102.0,3.7447125911712646,0.7241379310344828,1.0
ilpd,Random Search,16,1665478380,73.13793103448276,1,6,6,2514,102.0,5.791950941085815,0.7241379310344828,1.0
ilpd,"GA (NSGA-II, archived)",16,1435656191,73.13793103448276,1,5,5,2552,102.0,5.551281690597534,0.7241379310344828,1.0
ilpd,CART (ccp path),16,280599418,73.13793103448276,1,12,12,0,102.0,0.04980921745300293,0.7241379310344828,1.0
ilpd,GA (NSGA-II),17,139742536,73.10344827586206,2,3,3,2500,102.0,3.3290419578552246,0.7241379310344828,1.0
ilpd,Random Search,17,968267336,71.39655172413792,1,3,3,2500,102.0,5.775233507156372,0.7068965517241379,1.0
ilpd,"GA (NSGA-II, archived)",17,1438482311,73.10344827586206,2,2,2,2502,102.0,3.4586355686187744,0.7241379310344828,1.0
ilpd,CART (ccp path),17,387146614,72.72413793103448,2,12,12,0,102.0,0.05896449089050293,0.7241379310344828,1.0
ilpd,GA (NSGA-II),18,380326927,71.39655172413792,1,3,4,2525,102.0,3.689899206161499,0.7068965517241379,1.0
ilpd,Random Search,18,185049932,74.60344827586206,2,6,6,2525,102.0,5.870041131973267,0.7413793103448276,1.0
ilpd,"GA (NSGA-II, archived)",18,430547796,74.77586206896551,3,3,3,2498,102.0,3.444993495941162,0.7413793103448276,1.0
ilpd,CART (ccp path),18,543687990,72.9655172413793,2,12,12,0,102.0,0.056005239486694336,0.7241379310344828,1.0
ilpd,GA (NSGA-II),19,687665270,71.39655172413792,1,4,4,2507,102.0,5.460346937179565,0.7068965517241379,1.0
ilpd,Random Search,19,1903327403,74.70689655172413,3,5,5,2507,102.0,5.901434659957886,0.7413793103448276,1.0
ilpd,"GA (NSGA-II, archived)",19,804426511,71.39655172413792,1,5,5,2546,102.0,3.692938804626465,0.7068965517241379,1.0
ilpd,CART (ccp path),19,264845774,71.39655172413792,1,12,12,0,102.0,0.0485692024230957,0.7068965517241379,1.0
ilpd,GA (NSGA-II),20,1694481354,73.10344827586206,2,6,6,2540,102.0,3.536165237426758,0.7241379310344828,1.0
ilpd,Random Search,20,1317863421,71.39655172413792,1,4,4,2540,102.0,5.904829502105713,0.7068965517241379,1.0
ilpd,"GA (NSGA-II, archived)",20,1613538314,73.10344827586206,2,3,3,2504,102.0,3.6564314365386963,0.7241379310344828,1.0
ilpd,CART (ccp path),20,2035722085,72.9310344827586,3,12,12,0,102.0,0.05319380760192871,0.7586206896551724,1.0
ilpd,GA (NSGA-II),21,1306840771,71.89830508474576,1,5,10,2633,102.0,4.220945358276367,0.711864406779661,1.0
ilpd,Random Search,21,1067983673,74.47457627118644,3,6,6,2633,102.0,7.986286878585815,0.7457627118644068,1.0
ilpd,"GA (NSGA-II, archived)",21,811053894,76.83050847457626,2,3,3,2560,102.0,3.4694483280181885,0.7627118644067796,1.0
ilpd,CART (ccp path),21,917008779,71.89830508474576,1,12,12,0,102.0,0.053206682205200195,0.711864406779661,1.0
ilpd,GA (NSGA-II),22,500101317,78.3728813559322,4,7,10,2542,102.0,4.016944646835327,0.7796610169491526,1.0
ilpd,Random Search,22,764004274,73.57627118644066,2,4,4,2542,102.0,5.99144434928894,0.7288135593220338,1.0
ilpd,"GA (NSGA-II, archived)",22,1740101566,73.57627118644066,2,4,4,2568,102.0,4.405470132827759,0.7288135593220338,1.0
ilpd,CART (ccp path),22,408182856,73.33898305084745,2,12,12,0,102.0,0.06043434143066406,0.7288135593220338,1.0
ilpd,GA (NSGA-II),23,694301900,71.89830508474576,1,2,2,2573,102.0,3.5779755115509033,0.711864406779661,1.0
ilpd,Random Search,23,608104266,71.89830508474576,1,4,4,2573,102.0,6.200398921966553,0.711864406779661,1.0
ilpd,"GA (NSGA-II, archived)",23,982828690,71.89830508474576,1,2,2,2619,102.0,5.821342468261719,0.711864406779661,1.0
ilpd,CART (ccp path),23,1123719724,71.89830508474576,1,12,12,0,102.0,0.050554752349853516,0.711864406779661,1.0
ilpd,GA (NSGA-II),24,1787761676,74.8448275862069,2,6,10,2514,102.0,3.547682762145996,0.7413793103448276,1.0
ilpd,Random Search,24,1293880340,73.13793103448276,1,4,4,2514,102.0,6.186427116394043,0.7241379310344828,1.0
ilpd,"GA (NSGA-II, archived)",24,479964156,73.13793103448276,1,3,3,2529,102.0,3.7742602825164795,0.7241379310344828,1.0
ilpd,CART (ccp path),24,1985476229,73.13793103448276,1,12,12,0,102.0,0.05683588981628418,0.7241379310344828,1.0
ilpd,GA (NSGA-II),25,838677543,73.13793103448276,1,4,5,2528,102.0,3.778428077697754,0.7241379310344828,1.0
ilpd,Random Search,25,727007768,73.13793103448276,1,5,5,2528,102.0,6.006109237670898,0.7241379310344828,1.0
ilpd,"GA (NSGA-II, archived)",25,950113811,73.13793103448276,1,3,3,2604,102.0,3.8732426166534424,0.7241379310344828,1.0
ilpd,CART (ccp path),25,1165705790,73.13793103448276,1,12,12,0,102.0,0.06405234336853027,0.7241379310344828,1.0
ilpd,GA (NSGA-II),26,1874261637,76.41379310344827,2,7,34,2563,102.0,6.041295766830444,0.7586206896551724,1.0
ilpd,Random Search,26,1992802072,73.13793103448276,1,5,5,2563,102.0,6.265761852264404,0.7241379310344828,1.0
ilpd,"GA (NSGA-II, archived)",26,1390859525,73.13793103448276,1,5,5,2556,102.0,4.775067329406738,0.7241379310344828,1.0
ilpd,CART (ccp path),26,871050329,73.13793103448276,1,12,12,0,102.0,0.06437015533447266,0.7241379310344828,1.0
ilpd,GA (NSGA-II),27,1649360301,76.31034482758619,2,12,22,2540,102.0,4.785569667816162,0.7586206896551724,1.0
ilpd,Random Search,27,1579316324,71.39655172413792,1,5,5,2540,102.0,6.104974269866943,0.7068965517241379,1.0
ilpd,"GA (NSGA-II, archived)",27,588184851,71.39655172413792,1,2,2,2517,102.0,3.806013822555542,0.7068965517241379,1.0
ilpd,CART (ccp path),27,361159430,71.39655172413792,1,12,12,0,102.0,0.05936717987060547,0.7068965517241379,1.0
ilpd,GA (NSGA-II),28,1309563874,71.39655172413792,1,3,3,2554,102.0,4.565216064453125,0.7068965517241379,1.0
ilpd,Random Search,28,1255075051,78.08620689655172,2,3,3,2554,102.0,8.414732694625854,0.7758620689655172,1.0
ilpd,"GA (NSGA-II, archived)",28,1676461348,73.03448275862068,2,4,4,2502,102.0,4.432463645935059,0.7241379310344828,1.0
ilpd,CART (ccp path),28,528555814,73.32758620689656,4,12,12,0,102.0,0.0550379753112793,0.7758620689655172,1.0
ilpd,GA (NSGA-II),29,345443958,73.10344827586206,2,2,2,2482,102.0,4.2105982303619385,0.7241379310344828,1.0
ilpd,Random Search,29,1028644843,73.06896551724137,2,5,5,2482,102.0,5.750714302062988,0.7241379310344828,1.0
ilpd,"GA (NSGA-II, archived)",29,4064906,73.03448275862068,2,4,4,2565,102.0,3.959822177886963,0.7241379310344828,1.0
ilpd,CART (ccp path),29,272517119,71.39655172413792,1,12,12,0,102.0,0.05309557914733887,0.7068965517241379,1.0
ilpd,GA (NSGA-II),30,417888223,71.39655172413792,1,4,4,2544,102.0,3.612412929534912,0.7068965517241379,1.0
ilpd,Random Search,30,778559241,71.39655172413792,1,4,4,2544,102.0,7.750686883926392,0.7068965517241379,1.0
ilpd,"GA (NSGA-II, archived)",30,8567854,71.39655172413792,1,6,6,2543,102.0,4.183458566665649,0.7068965517241379,1.0
ilpd,CART (ccp path),30,717087329,71.39655172413792,1,12,12,0,102.0,0.06818246841430664,0.7068965517241379,1.0
balance_scale,GA (NSGA-II),1,1287754469,62.46031746031747,5,10,12,2510,86.0,7.464359760284424,0.746031746031746,1.0
balance_scale,Random Search,1,822311904,64.84126984126983,5,8,8,2510,86.0,5.855487585067749,0.7777777777777778,1.0
balance_scale,"GA (NSGA-II, archived)",1,1724119229,60.01587301587302,4,5,5,2552,86.0,5.262975692749023,0.7142857142857143,1.0
balance_scale,CART (ccp path),1,1230257325,64.2063492063492,4,12,12,0,86.0,0.022135257720947266,0.8095238095238095,1.0
balance_scale,GA (NSGA-II),2,2094125884,56.80952380952381,5,7,7,2553,86.0,5.050169944763184,0.6825396825396826,1.0
balance_scale,Random Search,2,1453640192,61.698412698412696,5,7,7,2553,86.0,6.2178709506988525,0.746031746031746,1.0
balance_scale,"GA (NSGA-II, archived)",2,724995783,67.09523809523809,4,9,9,2580,86.0,5.608376502990723,0.8095238095238095,1.0
balance_scale,CART (ccp path),2,1643792853,57.87301587301587,4,12,12,0,86.0,0.026868581771850586,0.7301587301587301,1.0
balance_scale,GA (NSGA-II),3,1739718616,72.42857142857143,4,8,8,2566,86.0,7.176464319229126,0.873015873015873,1.0
balance_scale,Random Search,3,977554630,65.4920634920635,5,8,8,2566,86.0,6.5076117515563965,0.7936507936507936,1.0
balance_scale,"GA (NSGA-II, archived)",3,1156338069,61.66666666666667,6,8,8,2589,86.0,5.68615460395813,0.746031746031746,1.0
balance_scale,CART (ccp path),3,637611576,64.11111111111111,4,12,12,0,86.0,0.0257108211517334,0.8095238095238095,1.0
balance_scale,GA (NSGA-II),4,106611666,67.63492063492065,5,9,11,2539,86.0,5.834509611129761,0.8095238095238095,1.0
balance_scale,Random Search,4,795967139,65.61904761904762,4,8,8,2539,86.0,6.885692834854126,0.7936507936507936,1.0
balance_scale,"GA (NSGA-II, archived)",4,1462483763,63.61904761904761,4,8,8,2533,86.0,7.379184722900391,0.7619047619047619,1.0
balance_scale,CART (ccp path),4,1025127046,63.952380952380956,4,12,12,0,86.0,0.022630929946899414,0.8095238095238095,1.0
balance_scale,GA (NSGA-II),5,194995696,63.650793650793645,5,7,10,2561,86.0,5.68767523765564,0.7619047619047619,1.0
balance_scale,Random Search,5,25098358,65.36507936507937,4,8,8,2561,86.0,6.727748870849609,0.7936507936507936,1.0
balance_scale,"GA (NSGA-II, archived)",5,1912368407,65.77777777777777,6,9,9,2533,86.0,5.561025857925415,0.7936507936507936,1.0
balance_scale,CART (ccp path),5,1549586557,64.88888888888889,5,12,12,0,86.0,0.026624441146850586,0.8253968253968254,1.0
balance_scale,GA (NSGA-II),6,121726444,62.25806451612904,4,9,11,2538,86.0,5.20546293258667,0.7419354838709677,1.0
balance_scale,Random Search,6,418938207,65.37096774193549,5,9,9,2538,86.0,6.028162479400635,0.7903225806451613,1.0
balance_scale,"GA (NSGA-II, archived)",6,1872467100,68.04838709677419,6,8,8,2532,86.0,8.085904836654663,0.8225806451612904,1.0
balance_scale,CART (ccp path),6,1379293679,63.09677419354839,4,12,12,0,86.0,0.027205944061279297,0.8064516129032258,1.0
balance_scale,GA (NSGA-II),7,760940562,61.354838709677416,6,8,10,2538,86.0,6.429763078689575,0.7419354838709677,1.0
balance_scale,Random Search,7,267480539,66.09677419354838,3,5,5,2538,86.0,6.082400321960449,0.8064516129032258,1.0
balance_scale,"GA (NSGA-II, archived)",7,323796722,62.69354838709677,5,6,6,2598,86.0,5.143338680267334,0.7580645161290323,1.0
balance_scale,CART (ccp path),7,2055032904,64.09677419354838,6,12,12,0,86.0,0.030918121337890625,0.8387096774193549,1.0
balance_scale,GA (NSGA-II),8,107590344,69.25806451612904,5,12,13,2498,86.0,5.604632139205933,0.8387096774193549,1.0
balance_scale,Random Search,8,951223604,65.59677419354838,4,10,10,2498,86.0,8.503939628601074,0.7903225806451613,1.0
balance_scale,"GA (NSGA-II, archived)",8,303684056,67.38709677419354,4,7,7,2571,86.0,5.595246315002441,0.8064516129032258,1.0
balance_scale,CART (ccp path),8,1894401955,66.9032258064516,6,12,12,0,86.0,0.022660493850708008,0.8709677419354839,1.0
balance_scale,GA (NSGA-II),9,1147072141,60.69354838709677,5,10,10,2521,86.0,4.9310667514801025,0.7258064516129032,1.0
balance_scale,Random Search,9,460814629,59.33870967741935,5,7,7,2521,86.0,6.115367889404297,0.7258064516129032,1.0
balance_scale,"GA (NSGA-II, archived)",9,323804452,62.74193548387097,5,7,7,2539,86.0,5.934370040893555,0.7741935483870968,1.0
balance_scale,CART (ccp path),9,1371932309,60.77419354838709,5,12,12,0,86.0,0.022027254104614258,0.7741935483870968,1.0
balance_scale,GA (NSGA-II),10,152343952,65.87096774193547,7,10,11,2544,86.0,5.597771644592285,0.8064516129032258,1.0
balance_scale,Random Search,10,338255666,65.93548387096773,4,5,5,2544,86.0,9.036507368087769,0.8064516129032258,1.0
balance_scale,"GA (NSGA-II, archived)",10,1126081394,62.983870967741936,5,7,7,2491,86.0,5.216529369354248,0.7580645161290323,1.0
balance_scale,CART (ccp path),10,1061326606,60.58064516129032,5,12,12,0,86.0,0.025684118270874023,0.7741935483870968,1.0
balance_scale,GA (NSGA-II),11,1864026961,69.7936507936508,5,10,15,2593,86.0,5.160154342651367,0.8412698412698413,1.0
balance_scale,Random Search,11,478928964,65.5079365079365,7,8,8,2593,86.0,6.722949266433716,0.8095238095238095,1.0
balance_scale,"GA (NSGA-II, archived)",11,907737775,64.84126984126985,5,6,6,2536,86.0,5.315219402313232,0.7777777777777778,1.0
balance_scale,CART (ccp path),11,862435138,59.999999999999986,6,12,12,0,86.0,0.02567267417907715,0.7619047619047619,1.0
balance_scale,GA (NSGA-II),12,1083875468,69.25396825396825,6,9,9,2545,86.0,7.292082071304321,0.8412698412698413,1.0
balance_scale,Random Search,12,2084868449,60.666666666666664,4,6,6,2545,86.0,6.7737767696380615,0.7301587301587301,1.0
balance_scale,"GA (NSGA-II, archived)",12,423325393,54.87301587301587,3,5,5,2502,86.0,5.230193614959717,0.6507936507936508,1.0
balance_scale,CART (ccp path),12,1160280507,60.317460317460316,5,12,12,0,86.0,0.02816176414489746,0.7619047619047619,1.0
balance_scale,GA (NSGA-II),13,536177421,62.14285714285714,4,9,11,2599,86.0,6.19350790977478,0.746031746031746,1.0
balance_scale,Random Search,13,180907187,61.968253968253975,6,9,9,2599,86.0,6.746876001358032,0.7619047619047619,1.0
balance_scale,"GA (NSGA-II, archived)",13,800773750,54.682539682539684,3,7,7,2589,86.0,5.771548271179199,0.6507936507936508,1.0
balance_scale,CART (ccp path),13,610789734,58.90476190476191,4,12,12,0,86.0,0.0248262882232666,0.746031746031746,1.0
balance_scale,GA (NSGA-II),14,1919117609,69.06349206349206,6,7,7,2524,86.0,7.452106475830078,0.8412698412698413,1.0
balance_scale,Random Search,14,1802389946,62.58730158730159,4,7,7,2524,86.0,6.186636686325073,0.746031746031746,1.0
balance_scale,"GA (NSGA-II, archived)",14,602551791,69.85714285714286,6,9,9,2545,86.0,6.262321949005127,0.8412698412698413,1.0
balance_scale,CART (ccp path),14,379638485,66.74603174603175,3,12,12,0,86.0,0.030477285385131836,0.8412698412698413,1.0
balance_scale,GA (NSGA-II),15,2026557748,66.09523809523809,5,11,11,2555,86.0,5.674137830734253,0.7936507936507936,1.0
balance_scale,Random Search,15,22422903,63.7936507936508,5,7,7,2555,86.0,6.271440029144287,0.7777777777777778,1.0
balance_scale,"GA (NSGA-II, archived)",15,323348375,68.53968253968253,5,7,7,2535,86.0,7.755263328552246,0.8253968253968254,1.0
balance_scale,CART (ccp path),15,1258568099,63.841269841269835,4,12,12,0,86.0,0.022149324417114258,0.7936507936507936,1.0
balance_scale,GA (NSGA-II),16,470017409,63.435483870967744,5,7,7,2565,86.0,6.090521335601807,0.7580645161290323,1.0
balance_scale,Random Search,16,410923116,64.91935483870968,4,10,10,2565,86.0,6.500515699386597,0.7903225806451613,1.0
balance_scale,"GA (NSGA-II, archived)",16,1224256709,70.59677419354838,7,7,7,2551,86.0,5.355922222137451,0.8548387096774194,1.0
balance_scale,CART (ccp path),16,1033261670,67.45161290322581,5,12,12,0,86.0,0.027589797973632812,0.8709677419354839,1.0
balance_scale,GA (NSGA-II),17,605364581,59.19354838709678,6,8,8,2606,86.0,5.361096143722534,0.7096774193548387,1.0
balance_scale,Random Search,17,1323364370,61.12903225806451,4,7,7,2606,86.0,8.826327562332153,0.7419354838709677,1.0
balance_scale,"GA (NSGA-II, archived)",17,647659127,64.4516129032258,5,6,6,2521,86.0,5.608366966247559,0.7741935483870968,1.0
balance_scale,CART (ccp path),17,1490951375,60.27419354838709,5,12,12,0,86.0,0.026018619537353516,0.7903225806451613,1.0
balance_scale,GA (NSGA-II),18,296261038,65.62903225806451,5,8,8,2536,86.0,5.512183427810669,0.7903225806451613,1.0
balance_scale,Random Search,18,802503751,70.20967741935483,5,8,8,2536,86.0,6.629437446594238,0.8548387096774194,1.0
balance_scale,"GA (NSGA-II, archived)",18,921965355,62.12903225806452,4,8,8,2547,86.0,7.045397043228149,0.7419354838709677,1.0
balance_scale,CART (ccp path),18,144227879,60.14516129032258,4,12,12,0,86.0,0.024166584014892578,0.7580645161290323,1.0
balance_scale,GA (NSGA-II),19,1012500636,63.04838709677419,3,8,9,2581,86.0,5.71871280670166,0.7580645161290323,1.0
balance_scale,Random Search,19,229427414,56.99999999999999,3,6,6,2581,86.0,8.077936172485352,0.6774193548387096,1.0
balance_scale,"GA (NSGA-II, archived)",19,160188387,64.35483870967742,5,10,10,2555,86.0,7.0507965087890625,0.7741935483870968,1.0
balance_scale,CART (ccp path),19,431295092,61.41935483870967,4,12,12,0,86.0,0.027332067489624023,0.7741935483870968,1.0
balance_scale,GA (NSGA-II),20,425923747,59.38709677419355,4,6,8,2532,86.0,5.271664381027222,0.7096774193548387,1.0
balance_scale,Random Search,20,238815430,60.24193548387096,3,6,6,2532,86.0,6.600661277770996,0.7258064516129032,1.0
balance_scale,"GA (NSGA-II, archived)",20,935635762,60.693548387096776,4,7,7,2531,86.0,5.436471939086914,0.7258064516129032,1.0
balance_scale,CART (ccp path),20,1423179161,65.53225806451613,4,12,12,0,86.0,0.02192974090576172,0.8225806451612904,1.0
balance_scale,GA (NSGA-II),21,1355729896,65.15873015873015,4,11,12,2536,86.0,7.142385959625244,0.7777777777777778,1.0
balance_scale,Random Search,21,1710893365,66.34920634920636,4,9,9,2536,86.0,6.0661866664886475,0.7936507936507936,1.0
balance_scale,"GA (NSGA-II, archived)",21,345888853,69.22222222222223,7,9,9,2564,86.0,5.920212745666504,0.8412698412698413,1.0
balance_scale,CART (ccp path),21,618111295,61.539682539682545,4,12,12,0,86.0,0.017762184143066406,0.7777777777777778,1.0
balance_scale,GA (NSGA-II),22,30426364,62.33333333333333,4,9,12,2588,86.0,5.85806131362915,0.746031746031746,1.0
balance_scale,Random Search,22,1096200728,62.17460317460318,3,7,7,2588,86.0,6.390759229660034,0.746031746031746,1.0
balance_scale,"GA (NSGA-II, archived)",22,2036975136,63.238095238095234,4,7,7,2559,86.0,6.667174339294434,0.7619047619047619,1.0
balance_scale,CART (ccp path),22,1002891915,63.04761904761905,4,12,12,0,86.0,0.021588802337646484,0.7936507936507936,1.0
balance_scale,GA (NSGA-II),23,1097206655,61.2063492063492,4,6,7,2548,86.0,5.780440330505371,0.7301587301587301,1.0
balance_scale,Random Search,23,331046249,63.14285714285714,4,9,9,2548,86.0,6.752146244049072,0.7619047619047619,1.0
balance_scale,"GA (NSGA-II, archived)",23,23466895,60.82539682539682,5,6,6,2546,86.0,5.64544153213501,0.7301587301587301,1.0
balance_scale,CART (ccp path),23,263466075,58.95238095238095,3,12,12,0,86.0,0.022667407989501953,0.7301587301587301,1.0
balance_scale,GA (NSGA-II),24,1342060472,66.0952380952381,4,9,10,2533,86.0,5.064997434616089,0.7936507936507936,1.0
balance_scale,Random Search,24,1467271798,62.98412698412698,5,9,9,2533,86.0,5.980576515197754,0.7619047619047619,1.0
balance_scale,"GA (NSGA-II, archived)",24,625036246,61.53968253968254,4,6,6,2535,86.0,6.845091819763184,0.746031746031746,1.0
balance_scale,CART (ccp path),24,1940330561,62.42857142857143,3,12,12,0,86.0,0.027677059173583984,0.7777777777777778,1.0
balance_scale,GA (NSGA-II),25,1311615013,60.698412698412696,6,10,13,2554,86.0,5.069950103759766,0.7301587301587301,1.0
balance_scale,Random Search,25,978247389,59.06349206349206,4,8,8,2554,86.0,6.462756633758545,0.7142857142857143,1.0
balance_scale,"GA (NSGA-II, archived)",25,1504580367,67.28571428571429,4,8,8,2541,86.0,5.660313844680786,0.8095238095238095,1.0
balance_scale,CART (ccp path),25,1592338107,64.42857142857143,3,12,12,0,86.0,0.026838064193725586,0.8095238095238095,1.0
balance_scale,GA (NSGA-II),26,1405763232,68.20967741935485,5,9,11,2515,86.0,5.682782411575317,0.8225806451612904,1.0
balance_scale,Random Search,26,343478223,67.58064516129032,3,10,10,2515,86.0,7.686843156814575,0.8064516129032258,1.0
balance_scale,"GA (NSGA-II, archived)",26,846891156,66.58064516129032,4,7,7,2571,86.0,5.6216208934783936,0.8064516129032258,1.0
balance_scale,CART (ccp path),26,1288955483,68.58064516129032,4,12,12,0,86.0,0.028594970703125,0.8709677419354839,1.0
balance_scale,GA (NSGA-II),27,1251490189,56.483870967741936,6,9,10,2551,86.0,5.191685438156128,0.6774193548387096,1.0
balance_scale,Random Search,27,1477799604,63.19354838709677,4,8,8,2551,86.0,6.27536678314209,0.7741935483870968,1.0
balance_scale,"GA (NSGA-II, archived)",27,1921233559,56.387096774193544,4,6,6,2549,86.0,5.915421485900879,0.6774193548387096,1.0
balance_scale,CART (ccp path),27,1537902999,56.87096774193548,4,12,12,0,86.0,0.032019615173339844,0.7096774193548387,1.0
balance_scale,GA (NSGA-II),28,96860332,66.96774193548386,5,11,15,2536,86.0,5.875363349914551,0.8064516129032258,1.0
balance_scale,Random Search,28,345003742,60.20967741935483,6,6,6,2536,86.0,7.824422121047974,0.7258064516129032,1.0
balance_scale,"GA (NSGA-II, archived)",28,1892309828,65.06451612903226,4,8,8,2517,86.0,5.542163848876953,0.7741935483870968,1.0
balance_scale,CART (ccp path),28,1844739852,67.27419354838709,4,12,12,0,86.0,0.020416259765625,0.8548387096774194,1.0
balance_scale,GA (NSGA-II),29,1938634090,66.61290322580643,7,10,11,2588,86.0,6.893646240234375,0.8064516129032258,1.0
balance_scale,Random Search,29,2072176943,61.903225806451616,6,8,8,2588,86.0,6.9699811935424805,0.7741935483870968,1.0
balance_scale,"GA (NSGA-II, archived)",29,165164195,67.41935483870968,6,7,7,2542,86.0,5.8982460498809814,0.8387096774193549,1.0
balance_scale,CART (ccp path),29,909801646,64.2258064516129,4,12,12,0,86.0,0.023410797119140625,0.8064516129032258,1.0
balance_scale,GA (NSGA-II),30,1425795404,68.2741935483871,6,9,11,2555,86.0,8.11908507347107,0.8225806451612904,1.0
balance_scale,Random Search,30,1394620403,64.09677419354838,5,6,6,2555,86.0,6.840912342071533,0.7741935483870968,1.0
balance_scale,"GA (NSGA-II, archived)",30,1987093949,62.887096774193544,4,10,10,2542,86.0,6.301556348800659,0.7580645161290323,1.0
balance_scale,CART (ccp path),30,517862167,66.19354838709677,6,12,12,0,86.0,0.023601055145263672,0.8709677419354839,1.0
credit_approval,GA (NSGA-II),1,1406777325,55.1304347826087,2,3,3,2575,72.0,4.565422534942627,0.782608695652174,1.0
credit_approval,Random Search,1,827954507,55.1304347826087,2,4,4,2575,72.0,6.368541955947876,0.782608695652174,1.0
credit_approval,"GA (NSGA-II, archived)",1,1375644242,56.10144927536232,3,3,3,2605,72.0,4.516915321350098,0.7971014492753623,1.0
credit_approval,CART (ccp path),1,1574005906,55.797101449275374,3,12,12,0,72.0,0.04639697074890137,0.8115942028985508,1.0
credit_approval,GA (NSGA-II),2,1045360127,61.130434782608695,2,6,13,2551,72.0,4.571814298629761,0.8695652173913043,1.0
credit_approval,Random Search,2,849132318,61.130434782608695,2,4,4,2551,72.0,8.265319347381592,0.8695652173913043,1.0
credit_approval,"GA (NSGA-II, archived)",2,1401433364,61.130434782608695,2,3,3,2556,72.0,3.9333293437957764,0.8695652173913043,1.0
credit_approval,CART (ccp path),2,36869732,59.826086956521735,3,12,12,0,72.0,0.052811384201049805,0.8695652173913043,1.0
credit_approval,GA (NSGA-II),3,1326913328,65.86956521739131,5,8,13,2519,72.0,4.879727602005005,0.9420289855072463,1.0
credit_approval,Random Search,3,24980468,63.1304347826087,2,4,4,2519,72.0,6.096933603286743,0.8985507246376812,1.0
credit_approval,"GA (NSGA-II, archived)",3,1468789175,63.1304347826087,2,3,3,2491,72.0,4.203643798828125,0.8985507246376812,1.0
credit_approval,CART (ccp path),3,806653011,62.73913043478261,2,12,12,0,72.0,0.04791069030761719,0.9130434782608695,1.0
credit_approval,GA (NSGA-II),4,1510536379,57.927536231884055,3,7,9,2530,72.0,5.570176601409912,0.8260869565217391,1.0
credit_approval,Random Search,4,1766039680,61.10144927536231,2,3,3,2530,72.0,6.349416971206665,0.8695652173913043,1.0
credit_approval,"GA (NSGA-II, archived)",4,194689983,62.07246376811594,3,6,6,2509,72.0,6.507453441619873,0.8840579710144928,1.0
credit_approval,CART (ccp path),4,1252176200,57.68115942028985,3,12,12,0,72.0,0.05627918243408203,0.8405797101449275,1.0
credit_approval,GA (NSGA-II),5,1186988752,65.10144927536231,2,4,4,2550,72.0,5.370473623275757,0.927536231884058,1.0
credit_approval,Random Search,5,883244580,65.10144927536231,2,6,6,2550,72.0,5.889796257019043,0.927536231884058,1.0
credit_approval,"GA (NSGA-II, archived)",5,1376958562,65.10144927536231,2,3,3,2556,72.0,4.358731746673584,0.927536231884058,1.0
credit_approval,CART (ccp path),5,1069827840,63.594202898550726,2,12,12,0,72.0,0.050047874450683594,0.927536231884058,1.0
credit_approval,GA (NSGA-II),6,575890089,60.04347826086956,3,4,6,2633,72.0,4.918456077575684,0.855072463768116,1.0
credit_approval,Random Search,6,552321571,60.75362318840579,3,3,3,2633,72.0,6.25629186630249,0.8695652173913043,1.0
credit_approval,"GA (NSGA-II, archived)",6,1533844970,60.04347826086956,3,4,4,2546,72.0,6.4883294105529785,0.855072463768116,1.0
credit_approval,CART (ccp path),6,1287910680,60.014492753623195,3,12,12,0,72.0,0.05557084083557129,0.8840579710144928,1.0
credit_approval,GA (NSGA-II),7,1332483434,61.10144927536231,2,4,4,2522,72.0,4.896122455596924,0.8695652173913043,1.0
credit_approval,Random Search,7,1441251970,61.10144927536231,2,4,4,2522,72.0,6.116825342178345,0.8695652173913043,1.0
credit_approval,"GA (NSGA-II, archived)",7,917935330,61.10144927536231,2,5,5,2573,72.0,4.582403898239136,0.8695652173913043,1.0
credit_approval,CART (ccp path),7,1230068536,59.826086956521735,2,12,12,0,72.0,0.0467982292175293,0.8695652173913043,1.0
credit_approval,GA (NSGA-II),8,622800711,60.10144927536232,2,4,4,2550,72.0,4.406466007232666,0.855072463768116,1.0
credit_approval,Random Search,8,330800286,60.84057971014493,3,4,4,2550,72.0,5.929183006286621,0.8695652173913043,1.0
credit_approval,"GA (NSGA-II, archived)",8,231527303,60.10144927536232,2,3,3,2527,72.0,6.448862552642822,0.855072463768116,1.0
credit_approval,CART (ccp path),8,1760842429,61.08695652173913,3,12,12,0,72.0,0.06331038475036621,0.9130434782608695,1.0
credit_approval,GA (NSGA-II),9,573828596,58.10144927536232,2,5,13,2544,72.0,5.058205842971802,0.8260869565217391,1.0
credit_approval,Random Search,9,933348199,58.10144927536232,2,4,4,2544,72.0,6.183144807815552,0.8260869565217391,1.0
credit_approval,"GA (NSGA-II, archived)",9,1448912220,59.07246376811594,3,5,5,2537,72.0,4.381655216217041,0.8405797101449275,1.0
credit_approval,CART (ccp path),9,1311947355,58.42028985507246,4,12,12,0,72.0,0.052152156829833984,0.855072463768116,1.0
credit_approval,GA (NSGA-II),10,2124718571,58.92753623188406,3,8,10,2493,72.0,4.5307276248931885,0.8405797101449275,1.0
credit_approval,Random Search,10,946844027,57.10144927536233,2,4,4,2493,72.0,6.107202529907227,0.8115942028985508,1.0
credit_approval,"GA (NSGA-II, archived)",10,1307709380,58.072463768115945,3,5,5,2546,72.0,7.019628047943115,0.8260869565217391,1.0
credit_approval,CART (ccp path),10,1541721662,57.811594202898554,3,12,12,0,72.0,0.06065773963928223,0.855072463768116,1.0
credit_approval,GA (NSGA-II),11,1705625500,60.1304347826087,2,3,3,2548,72.0,5.067830324172974,0.855072463768116,1.0
credit_approval,Random Search,11,1118182581,60.1304347826087,2,3,3,2548,72.0,6.229609727859497,0.855072463768116,1.0
credit_approval,"GA (NSGA-II, archived)",11,231683963,60.1304347826087,2,2,2,2562,72.0,4.100576162338257,0.855072463768116,1.0
credit_approval,CART (ccp path),11,324021755,60.6231884057971,3,12,12,0,72.0,0.04919028282165527,0.8840579710144928,1.0
credit_approval,GA (NSGA-II),12,1662140376,56.1304347826087,2,3,3,2520,72.0,4.817176818847656,0.7971014492753623,1.0
credit_approval,Random Search,12,698479704,57.10144927536233,3,6,6,2520,72.0,6.111814737319946,0.8115942028985508,1.0
credit_approval,"GA (NSGA-II, archived)",12,459969609,58.014492753623195,3,3,3,2541,72.0,4.3742170333862305,0.8260869565217391,1.0
credit_approval,CART (ccp path),12,149181677,55.913043478260875,3,12,12,0,72.0,0.04932713508605957,0.8115942028985508,1.0
credit_approval,GA (NSGA-II),13,1510903947,61.130434782608695,2,3,3,2587,72.0,6.7532196044921875,0.8695652173913043,1.0
credit_approval,Random Search,13,1129983625,62.10144927536232,3,3,3,2587,72.0,6.1822919845581055,0.8840579710144928,1.0
credit_approval,"GA (NSGA-II, archived)",13,1438595379,62.10144927536232,3,4,4,2534,72.0,4.118436336517334,0.8840579710144928,1.0
credit_approval,CART (ccp path),13,968291829,59.913043478260875,2,12,12,0,72.0,0.05086231231689453,0.8695652173913043,1.0
credit_approval,GA (NSGA-II),14,1283965335,58.10144927536232,2,3,7,2547,72.0,4.099067449569702,0.8260869565217391,1.0
credit_approval,Random Search,14,541369545,58.10144927536232,2,3,3,2547,72.0,6.217785120010376,0.8260869565217391,1.0
credit_approval,"GA (NSGA-II, archived)",14,1734309487,58.10144927536232,2,4,4,2548,72.0,4.799314737319946,0.8260869565217391,1.0
credit_approval,CART (ccp path),14,1836013808,57.0,5,12,12,0,72.0,0.05138444900512695,0.855072463768116,1.0
credit_approval,GA (NSGA-II),15,1696703142,61.07246376811594,3,3,4,2522,72.0,6.266268014907837,0.8695652173913043,1.0
credit_approval,Random Search,15,243690940,60.95652173913043,3,5,5,2522,72.0,6.301420211791992,0.8695652173913043,1.0
credit_approval,"GA (NSGA-II, archived)",15,1936799022,61.07246376811594,3,6,6,2573,72.0,5.084093332290649,0.8695652173913043,1.0
credit_approval,CART (ccp path),15,95744654,56.53623188405797,4,12,12,0,72.0,0.05001330375671387,0.8260869565217391,1.0
credit_approval,GA (NSGA-II),16,1568751665,63.95652173913044,4,10,18,2534,72.0,4.876678943634033,0.9130434782608695,1.0
credit_approval,Random Search,16,178985459,62.10144927536233,2,3,3,2534,72.0,5.748297691345215,0.8840579710144928,1.0
credit_approval,"GA (NSGA-II, archived)",16,880942363,62.10144927536233,2,5,5,2549,72.0,4.765851736068726,0.8840579710144928,1.0
credit_approval,CART (ccp path),16,282731184,59.72463768115942,4,12,12,0,72.0,0.048970699310302734,0.8840579710144928,1.0
credit_approval,GA (NSGA-II),17,508689819,59.04347826086956,3,3,5,2556,72.0,6.449667692184448,0.8405797101449275,1.0
credit_approval,Random Search,17,2029676038,58.10144927536232,2,3,3,2556,72.0,6.274882078170776,0.8260869565217391,1.0
credit_approval,"GA (NSGA-II, archived)",17,76603,58.10144927536232,2,5,5,2583,72.0,4.5765674114227295,0.8260869565217391,1.0
credit_approval,CART (ccp path),17,1367814154,61.60869565217391,3,12,12,0,72.0,0.06255769729614258,0.9130434782608695,1.0
credit_approval,GA (NSGA-II),18,879907745,58.98550724637681,3,3,3,2577,72.0,4.376016616821289,0.8405797101449275,1.0
credit_approval,Random Search,18,2108999099,57.10144927536233,2,4,4,2577,72.0,6.420596122741699,0.8115942028985508,1.0
credit_approval,"GA (NSGA-II, archived)",18,1465345474,57.10144927536233,2,5,5,2505,72.0,4.898528814315796,0.8115942028985508,1.0
credit_approval,CART (ccp path),18,932891549,57.71014492753623,3,12,12,0,72.0,0.049529314041137695,0.8405797101449275,1.0
credit_approval,GA (NSGA-II),19,1063946527,64.10144927536231,2,3,4,2535,72.0,6.3979573249816895,0.9130434782608695,1.0
credit_approval,Random Search,19,1172828084,64.10144927536231,2,4,4,2535,72.0,6.320195198059082,0.9130434782608695,1.0
credit_approval,"GA (NSGA-II, archived)",19,1158326363,64.10144927536231,2,3,3,2528,72.0,4.535117149353027,0.9130434782608695,1.0
credit_approval,CART (ccp path),19,687186995,62.65217391304348,2,12,12,0,72.0,0.04619646072387695,0.9130434782608695,1.0
credit_approval,GA (NSGA-II),20,583967984,64.10144927536231,2,4,6,2525,72.0,4.804439306259155,0.9130434782608695,1.0
credit_approval,Random Search,20,42053926,64.10144927536231,2,3,3,2525,72.0,7.070111036300659,0.9130434782608695,1.0
credit_approval,"GA (NSGA-II, archived)",20,829380034,64.10144927536231,2,4,4,2519,72.0,5.258386611938477,0.9130434782608695,1.0
credit_approval,CART (ccp path),20,569441856,62.65217391304348,2,12,12,0,72.0,0.0631561279296875,0.9130434782608695,1.0
credit_approval,GA (NSGA-II),21,1585961579,60.10144927536232,3,3,3,2520,72.0,6.138651371002197,0.855072463768116,1.0
credit_approval,Random Search,21,91596211,60.10144927536232,3,4,4,2520,72.0,6.418612003326416,0.855072463768116,1.0
credit_approval,"GA (NSGA-II, archived)",21,1486275912,61.01449275362319,3,5,5,2566,72.0,5.719793796539307,0.8695652173913043,1.0
credit_approval,CART (ccp path),21,1029124982,58.85507246376812,3,12,12,0,72.0,0.06342315673828125,0.855072463768116,1.0
credit_approval,GA (NSGA-II),22,49368358,63.1304347826087,2,3,4,2556,72.0,4.300539255142212,0.8985507246376812,1.0
credit_approval,Random Search,22,148038380,64.10144927536233,3,5,5,2556,72.0,6.351337194442749,0.9130434782608695,1.0
credit_approval,"GA (NSGA-II, archived)",22,278571717,64.10144927536233,3,5,5,2533,72.0,4.47407341003418,0.9130434782608695,1.0
credit_approval,CART (ccp path),22,334244036,58.88405797101449,3,12,12,0,72.0,0.05295896530151367,0.855072463768116,1.0
credit_approval,GA (NSGA-II),23,1212992044,58.1304347826087,2,8,15,2591,72.0,6.155949592590332,0.8260869565217391,1.0
credit_approval,Random Search,23,306094958,58.1304347826087,2,4,4,2591,72.0,6.1495020389556885,0.8260869565217391,1.0
credit_approval,"GA (NSGA-II, archived)",23,1971111678,58.1304347826087,2,5,5,2481,72.0,4.3618879318237305,0.8260869565217391,1.0
credit_approval,CART (ccp path),23,819851880,55.42028985507247,4,12,12,0,72.0,0.042784690856933594,0.8115942028985508,1.0
credit_approval,GA (NSGA-II),24,100067023,64.10144927536231,2,3,3,2534,72.0,4.356083393096924,0.9130434782608695,1.0
credit_approval,Random Search,24,1517937140,64.10144927536231,2,5,5,2534,72.0,6.105291366577148,0.9130434782608695,1.0
credit_approval,"GA (NSGA-II, archived)",24,2064075475,65.04347826086956,3,5,5,2555,72.0,4.75006890296936,0.927536231884058,1.0
credit_approval,CART (ccp path),24,375931634,64.13043478260869,4,12,12,0,72.0,0.05054426193237305,0.9420289855072463,1.0
credit_approval,GA (NSGA-II),25,1983081612,57.10144927536233,2,4,4,2541,72.0,4.529282808303833,0.8115942028985508,1.0
credit_approval,Random Search,25,1467616568,58.811594202898554,3,3,3,2541,72.0,7.3976850509643555,0.8405797101449275,1.0
credit_approval,"GA (NSGA-II, archived)",25,1049340882,57.10144927536233,2,3,3,2471,72.0,4.47775411605835,0.8115942028985508,1.0
credit_approval,CART (ccp path),25,629241816,58.27536231884058,3,12,12,0,72.0,0.05370950698852539,0.855072463768116,1.0
credit_approval,GA (NSGA-II),26,1266052850,59.10144927536231,2,5,5,2601,72.0,5.114908218383789,0.8405797101449275,1.0
credit_approval,Random Search,26,1508879297,59.10144927536231,2,4,4,2601,72.0,5.992006540298462,0.8405797101449275,1.0
credit_approval,"GA (NSGA-II, archived)",26,1467714464,59.10144927536231,2,4,4,2504,72.0,4.298975467681885,0.8405797101449275,1.0
credit_approval,CART (ccp path),26,862731293,57.94202898550725,2,12,12,0,72.0,0.04833626747131348,0.8405797101449275,1.0
credit_approval,GA (NSGA-II),27,827837322,62.10144927536233,2,3,3,2527,72.0,4.258188009262085,0.8840579710144928,1.0
credit_approval,Random Search,27,1102734771,62.10144927536233,2,5,5,2527,72.0,7.641585111618042,0.8840579710144928,1.0
credit_approval,"GA (NSGA-II, archived)",27,1705408032,63.04347826086957,3,3,3,2545,72.0,4.187971830368042,0.8985507246376812,1.0
credit_approval,CART (ccp path),27,531216618,61.59420289855072,3,12,12,0,72.0,0.0467991828918457,0.8985507246376812,1.0
credit_approval,GA (NSGA-II),28,220282210,61.04347826086956,3,3,3,2538,72.0,4.216712951660156,0.8695652173913043,1.0
credit_approval,Random Search,28,1591890835,60.985507246376805,3,4,4,2538,72.0,6.007204294204712,0.8695652173913043,1.0
credit_approval,"GA (NSGA-II, archived)",28,71808844,59.10144927536231,2,4,4,2492,72.0,4.81926155090332,0.8405797101449275,1.0
credit_approval,CART (ccp path),28,629993394,62.05797101449276,5,12,12,0,72.0,0.04777407646179199,0.927536231884058,1.0
credit_approval,GA (NSGA-II),29,1606195680,58.10144927536232,2,4,6,2512,72.0,4.41244912147522,0.8260869565217391,1.0
credit_approval,Random Search,29,1411189647,58.10144927536232,2,4,4,2512,72.0,7.504523277282715,0.8260869565217391,1.0
credit_approval,"GA (NSGA-II, archived)",29,1642699125,58.10144927536232,2,3,3,2512,72.0,4.505075216293335,0.8260869565217391,1.0
credit_approval,CART (ccp path),29,1054385988,60.014492753623195,4,12,12,0,72.0,0.05018925666809082,0.8840579710144928,1.0
credit_approval,GA (NSGA-II),30,976235733,61.10144927536231,2,3,5,2590,72.0,4.263295650482178,0.8695652173913043,1.0
credit_approval,Random Search,30,1564745381,62.04347826086956,3,5,5,2590,72.0,6.4086925983428955,0.8840579710144928,1.0
credit_approval,"GA (NSGA-II, archived)",30,1220296331,61.10144927536231,2,3,3,2555,72.0,4.1881842613220215,0.8695652173913043,1.0
credit_approval,CART (ccp path),30,1100623109,60.637681159420296,7,12,12,0,72.0,0.05225801467895508,0.927536231884058,1.0
breast_w,GA (NSGA-II),1,558929904,30.78571428571429,3,8,18,2551,34.0,4.840934753417969,0.9571428571428572,1.0
breast_w,Random Search,1,1058280416,30.385714285714286,5,5,5,2551,34.0,5.974580526351929,0.9571428571428572,1.0
breast_w,"GA (NSGA-II, archived)",1,86539,30.514285714285712,2,4,4,2572,34.0,4.708902835845947,0.9428571428571428,1.0
breast_w,CART (ccp path),1,539720542,29.328571428571426,4,12,12,0,34.0,0.025689125061035156,0.9285714285714286,1.0
breast_w,GA (NSGA-II),2,103957276,32.2,3,10,17,2547,34.0,5.38797402381897,1.0,1.0
breast_w,Random Search,2,867127696,31.514285714285716,4,5,5,2547,34.0,7.431542634963989,1.0,1.0
breast_w,"GA (NSGA-II, archived)",2,667225021,32.22857142857143,3,5,5,2594,34.0,4.86413836479187,1.0,1.0
breast_w,CART (ccp path),2,1401923305,31.285714285714285,3,12,12,0,34.0,0.02409076690673828,1.0,1.0
breast_w,GA (NSGA-II),3,1809455591,30.1,2,4,4,2512,34.0,4.459120512008667,0.9285714285714286,1.0
breast_w,Random Search,3,262821611,30.8,4,6,6,2512,34.0,5.8516175746917725,0.9714285714285714,1.0
breast_w,"GA (NSGA-II, archived)",3,211561096,29.65714285714286,2,4,4,2558,34.0,5.424068450927734,0.9142857142857143,1.0
breast_w,CART (ccp path),3,2086384439,30.385714285714286,2,12,12,0,34.0,0.025626420974731445,0.9571428571428572,1.0
breast_w,GA (NSGA-II),4,1250821965,29.15714285714286,3,7,14,2522,34.0,4.860248327255249,0.9,1.0
breast_w,Random Search,4,1054049009,29.6,3,5,5,2522,34.0,7.805816650390625,0.9142857142857143,1.0
breast_w,"GA (NSGA-II, archived)",4,272261869,29.985714285714288,3,5,5,2549,34.0,5.031592607498169,0.9285714285714286,1.0
breast_w,CART (ccp path),4,2052273363,29.5,5,12,12,0,34.0,0.02454066276550293,0.9285714285714286,1.0
breast_w,GA (NSGA-II),5,1388487373,31.25714285714286,4,8,16,2523,34.0,5.082690000534058,0.9714285714285714,1.0
breast_w,Random Search,5,2093742351,29.65714285714286,2,6,6,2523,34.0,5.419182538986206,0.9142857142857143,1.0
breast_w,"GA (NSGA-II, archived)",5,738557456,30.4,4,4,4,2579,34.0,4.717392206192017,0.9428571428571428,1.0
breast_w,CART (ccp path),5,921333321,29.271428571428576,3,12,12,0,34.0,0.029028654098510742,0.9285714285714286,1.0
breast_w,GA (NSGA-II),6,1426119442,30.42857142857143,3,5,8,2548,34.0,4.560267210006714,0.9428571428571428,1.0
breast_w,Random Search,6,129778215,30.700000000000003,4,4,4,2548,34.0,7.47081184387207,0.9571428571428572,1.0
breast_w,"GA (NSGA-II, archived)",6,829942517,30.985714285714288,2,4,4,2586,34.0,5.229825496673584,0.9571428571428572,1.0
breast_w,CART (ccp path),6,339548777,30.028571428571432,4,12,12,0,34.0,0.025041580200195312,0.9714285714285714,1.0
breast_w,GA (NSGA-II),7,2040227994,30.1,2,8,12,2476,34.0,5.156948804855347,0.9285714285714286,1.0
breast_w,Random Search,7,1194293780,30.142857142857142,3,5,5,2476,34.0,5.431819677352905,0.9428571428571428,1.0
breast_w,"GA (NSGA-II, archived)",7,368596209,30.228571428571428,4,5,5,2552,34.0,4.880885601043701,0.9428571428571428,1.0
breast_w,CART (ccp path),7,2045661634,29.914285714285715,3,12,12,0,34.0,0.022937297821044922,0.9428571428571428,1.0
breast_w,GA (NSGA-II),8,773177215,31.75714285714286,3,6,12,2574,34.0,4.879206418991089,0.9857142857142858,1.0
breast_w,Random Search,8,403840778,30.985714285714288,2,6,6,2574,34.0,7.932024240493774,0.9571428571428572,1.0
breast_w,"GA (NSGA-II, archived)",8,1373337052,31.25714285714286,3,5,5,2533,34.0,4.91855788230896,0.9714285714285714,1.0
breast_w,CART (ccp path),8,1159840110,30.514285714285716,3,12,12,0,34.0,0.028283119201660156,0.9714285714285714,1.0
breast_w,GA (NSGA-II),9,998492700,30.871428571428574,4,10,20,2591,34.0,4.818856239318848,0.9571428571428572,1.0
breast_w,Random Search,9,1762891126,31.200000000000003,4,5,5,2591,34.0,5.813102722167969,0.9714285714285714,1.0
breast_w,"GA (NSGA-II, archived)",9,1403805950,31.08571428571429,3,4,4,2518,34.0,4.6734819412231445,0.9714285714285714,1.0
breast_w,CART (ccp path),9,274597385,30.95714285714286,4,12,12,0,34.0,0.026016950607299805,0.9857142857142858,1.0
breast_w,GA (NSGA-II),10,1358222127,30.028985507246375,3,7,8,2500,34.0,4.299185276031494,0.927536231884058,1.0
breast_w,Random Search,10,1004608939,29.60869565217391,2,5,5,2500,34.0,5.633251667022705,0.9130434782608695,1.0
breast_w,"GA (NSGA-II, archived)",10,1092069028,30.811594202898547,3,5,5,2490,34.0,7.571132659912109,0.9565217391304348,1.0
breast_w,CART (ccp path),10,393207524,29.89855072463768,3,12,12,0,34.0,0.029618024826049805,0.9420289855072463,1.0
breast_w,GA (NSGA-II),11,1979117895,30.428571428571427,3,5,9,2612,34.0,5.174120664596558,0.9428571428571428,1.0
breast_w,Random Search,11,1796605270,30.514285714285712,4,5,5,2612,34.0,5.93087363243103,0.9714285714285714,1.0
breast_w,"GA (NSGA-II, archived)",11,196834494,30.04285714285714,3,4,4,2503,34.0,4.308355808258057,0.9285714285714286,1.0
breast_w,CART (ccp path),11,55608697,29.885714285714286,3,12,12,0,34.0,0.029203414916992188,0.9428571428571428,1.0
breast_w,GA (NSGA-II),12,805935072,30.985714285714288,2,4,4,2591,34.0,5.324975967407227,0.9571428571428572,1.0
breast_w,Random Search,12,564881795,31.871428571428574,2,5,5,2591,34.0,5.883385419845581,0.9857142857142858,1.0
breast_w,"GA (NSGA-II, archived)",12,1107881092,31.371428571428574,3,4,4,2513,34.0,6.543939590454102,0.9714285714285714,1.0
breast_w,CART (ccp path),12,1805055970,31.071428571428573,3,12,12,0,34.0,0.02649211883544922,0.9857142857142858,1.0
breast_w,GA (NSGA-II),13,1273481269,30.4,3,5,8,2525,34.0,5.237047433853149,0.9428571428571428,1.0
breast_w,Random Search,13,2103829663,30.314285714285717,3,6,6,2525,34.0,5.39090371131897,0.9428571428571428,1.0
breast_w,"GA (NSGA-II, archived)",13,2105698946,30.485714285714288,3,4,4,2536,34.0,4.754925489425659,0.9428571428571428,1.0
breast_w,CART (ccp path),13,1418162070,29.914285714285718,3,12,12,0,34.0,0.0222775936126709,0.9428571428571428,1.0
breast_w,GA (NSGA-II),14,982592860,30.985714285714288,2,11,28,2548,34.0,4.585665702819824,0.9571428571428572,1.0
breast_w,Random Search,14,890120713,29.15714285714286,3,5,5,2548,34.0,6.002612590789795,0.9,1.0
breast_w,"GA (NSGA-II, archived)",14,1233993608,30.42857142857143,4,4,4,2529,34.0,6.63103985786438,0.9428571428571428,1.0
breast_w,CART (ccp path),14,679443496,29.799999999999997,4,12,12,0,34.0,0.024351119995117188,0.9428571428571428,1.0
breast_w,GA (NSGA-II),15,283971499,30.014285714285716,3,5,10,2564,34.0,4.765637159347534,0.9285714285714286,1.0
breast_w,Random Search,15,566141508,30.17142857142857,4,4,4,2564,34.0,5.770679235458374,0.9428571428571428,1.0
breast_w,"GA (NSGA-II, archived)",15,1862366958,31.871428571428574,2,5,5,2562,34.0,4.784405946731567,0.9857142857142858,1.0
breast_w,CART (ccp path),15,895943357,30.3,3,12,12,0,34.0,0.025559663772583008,0.9571428571428572,1.0
breast_w,GA (NSGA-II),16,1945309981,30.042857142857144,3,6,9,2518,34.0,4.4032816886901855,0.9285714285714286,1.0
breast_w,Random Search,16,489150019,30.971428571428575,4,6,6,2518,34.0,5.541659593582153,0.9714285714285714,1.0
breast_w,"GA (NSGA-II, archived)",16,348720898,30.900000000000002,3,4,4,2572,34.0,4.656894683837891,0.9571428571428572,1.0
breast_w,CART (ccp path),16,638603344,30.714285714285715,4,12,12,0,34.0,0.028894424438476562,0.9714285714285714,1.0
breast_w,GA (NSGA-II),17,1056136288,31.200000000000003,3,5,6,2521,34.0,6.812211275100708,0.9714285714285714,1.0
breast_w,Random Search,17,2142415122,30.1,2,3,3,2521,34.0,5.625053882598877,0.9285714285714286,1.0
breast_w,"GA (NSGA-II, archived)",17,1503298358,30.071428571428573,3,4,4,2500,34.0,4.918205261230469,0.9285714285714286,1.0
breast_w,CART (ccp path),17,1257466397,29.842857142857145,4,12,12,0,34.0,0.024533987045288086,0.9571428571428572,1.0
breast_w,GA (NSGA-II),18,1054591894,31.25714285714286,4,13,21,2556,34.0,5.336419105529785,0.9714285714285714,1.0
breast_w,Random Search,18,2133673281,31.35714285714286,4,7,7,2556,34.0,6.0197837352752686,0.9857142857142858,1.0
breast_w,"GA (NSGA-II, archived)",18,1450465986,31.17142857142857,4,5,5,2534,34.0,5.257925271987915,0.9714285714285714,1.0
breast_w,CART (ccp path),18,1558649980,29.52857142857143,3,12,12,0,34.0,0.023007869720458984,0.9285714285714286,1.0
breast_w,GA (NSGA-II),19,1087894395,31.314285714285717,4,13,19,2514,34.0,6.513917446136475,0.9714285714285714,1.0
breast_w,Random Search,19,1028839740,30.542857142857144,2,7,7,2514,34.0,5.848231315612793,0.9428571428571428,1.0
breast_w,"GA (NSGA-II, archived)",19,1160121186,30.542857142857144,2,4,4,2533,34.0,5.263986349105835,0.9428571428571428,1.0
breast_w,CART (ccp path),19,585152016,29.885714285714286,4,12,12,0,34.0,0.02742624282836914,0.9428571428571428,1.0
breast_w,GA (NSGA-II),20,1622232946,30.42028985507246,3,4,4,2555,34.0,5.389031171798706,0.9420289855072463,1.0
breast_w,Random Search,20,110849675,31.08695652173913,4,5,5,2555,34.0,7.051066637039185,0.9710144927536232,1.0
breast_w,"GA (NSGA-II, archived)",20,50390468,31.681159420289855,4,4,4,2548,34.0,6.852729082107544,0.9855072463768116,1.0
breast_w,CART (ccp path),20,584884592,30.014492753623184,4,12,12,0,34.0,0.022076129913330078,0.9710144927536232,1.0
breast_w,GA (NSGA-II),21,567995490,32.05714285714286,4,12,28,2568,34.0,4.738448858261108,1.0,1.0
breast_w,Random Search,21,1096735973,30.757142857142856,4,6,6,2568,34.0,6.9555535316467285,0.9857142857142858,1.0
breast_w,"GA (NSGA-II, archived)",21,1175824767,30.9,3,4,4,2570,34.0,5.062597990036011,0.9571428571428572,1.0
breast_w,CART (ccp path),21,1479208591,29.32857142857143,3,12,12,0,34.0,0.02788400650024414,0.9285714285714286,1.0
breast_w,GA (NSGA-II),22,1469205547,31.728571428571428,4,7,13,2533,34.0,5.283463478088379,0.9857142857142858,1.0
breast_w,Random Search,22,137541636,31.17142857142857,4,6,6,2533,34.0,5.8820483684539795,0.9714285714285714,1.0
breast_w,"GA (NSGA-II, archived)",22,724188065,30.542857142857144,2,4,4,2550,34.0,6.3351218700408936,0.9428571428571428,1.0
breast_w,CART (ccp path),22,1525970754,31.185714285714287,3,12,12,0,34.0,0.02801799774169922,0.9857142857142858,1.0
breast_w,GA (NSGA-II),23,1774239921,30.542857142857144,2,5,6,2530,34.0,4.536969184875488,0.9428571428571428,1.0
breast_w,Random Search,23,189051428,29.92857142857143,4,5,5,2530,34.0,5.485572099685669,0.9285714285714286,1.0
breast_w,"GA (NSGA-II, archived)",23,1854053707,30.071428571428573,3,6,6,2585,34.0,5.055824041366577,0.9285714285714286,1.0
breast_w,CART (ccp path),23,378080203,29.385714285714286,4,12,12,0,34.0,0.02558279037475586,0.9285714285714286,1.0
breast_w,GA (NSGA-II),24,1387873214,31.700000000000003,3,11,26,2584,34.0,4.685908794403076,0.9857142857142858,1.0
breast_w,Random Search,24,1131885828,30.542857142857144,2,6,6,2584,34.0,5.760289430618286,0.9428571428571428,1.0
breast_w,"GA (NSGA-II, archived)",24,1222740073,31.314285714285717,3,4,4,2527,34.0,4.403504371643066,0.9714285714285714,1.0
breast_w,CART (ccp path),24,609903423,29.742857142857144,3,12,12,0,34.0,0.025814533233642578,0.9428571428571428,1.0
breast_w,GA (NSGA-II),25,1741466751,30.485714285714288,3,6,7,2506,34.0,6.194533586502075,0.9428571428571428,1.0
breast_w,Random Search,25,2147155999,31.142857142857146,4,6,6,2506,34.0,5.667662143707275,0.9714285714285714,1.0
breast_w,"GA (NSGA-II, archived)",25,1631187616,29.65714285714286,2,3,3,2613,34.0,4.864722013473511,0.9142857142857143,1.0
breast_w,CART (ccp path),25,1446870276,29.97142857142857,2,12,12,0,34.0,0.022794485092163086,0.9428571428571428,1.0
breast_w,GA (NSGA-II),26,73020337,31.285714285714285,3,6,10,2495,34.0,4.5482237339019775,0.9714285714285714,1.0
breast_w,Random Search,26,1853185067,31.871428571428574,2,5,5,2495,34.0,5.471691846847534,0.9857142857142858,1.0
breast_w,"GA (NSGA-II, archived)",26,265216754,31.614285714285717,4,4,4,2556,34.0,4.5996413230896,0.9857142857142858,1.0
breast_w,CART (ccp path),26,960217150,30.328571428571433,3,12,12,0,34.0,0.03134894371032715,0.9571428571428572,1.0
breast_w,GA (NSGA-II),27,2083857027,31.42857142857143,2,8,9,2510,34.0,6.331873893737793,0.9714285714285714,1.0
breast_w,Random Search,27,743658270,31.228571428571428,3,6,6,2510,34.0,5.419854640960693,0.9714285714285714,1.0
breast_w,"GA (NSGA-II, archived)",27,524072996,30.371428571428574,4,4,4,2547,34.0,4.742051601409912,0.9428571428571428,1.0
breast_w,CART (ccp path),27,316566846,30.385714285714286,2,12,12,0,34.0,0.030936479568481445,0.9571428571428572,1.0
breast_w,GA (NSGA-II),28,1694267513,30.842857142857145,3,9,17,2607,34.0,4.769013166427612,0.9571428571428572,1.0
breast_w,Random Search,28,515174039,30.17142857142857,4,5,5,2607,34.0,6.348670959472656,0.9714285714285714,1.0
breast_w,"GA (NSGA-II, archived)",28,1553433669,29.542857142857144,3,4,4,2544,34.0,4.945461988449097,0.9142857142857143,1.0
breast_w,CART (ccp path),28,199818295,30.442857142857147,4,12,12,0,34.0,0.026569604873657227,0.9571428571428572,1.0
breast_w,GA (NSGA-II),29,1145221169,29.65714285714286,2,5,8,2502,34.0,6.471519947052002,0.9142857142857143,1.0
breast_w,Random Search,29,1869669136,31.34285714285714,3,6,6,2502,34.0,5.699745416641235,0.9714285714285714,1.0
breast_w,"GA (NSGA-II, archived)",29,1312040985,30.25714285714286,4,4,4,2507,34.0,4.675370693206787,0.9428571428571428,1.0
breast_w,CART (ccp path),29,107000967,29.942857142857143,3,12,12,0,34.0,0.02729177474975586,0.9428571428571428,1.0
breast_w,GA (NSGA-II),30,548097320,30.47826086956521,3,7,11,2580,34.0,4.842044353485107,0.9420289855072463,1.0
breast_w,Random Search,30,1587182010,29.884057971014492,3,4,4,2580,34.0,5.563817501068115,0.927536231884058,1.0
breast_w,"GA (NSGA-II, archived)",30,2010949834,29.492753623188403,3,5,5,2565,34.0,5.343219518661499,0.9130434782608695,1.0
breast_w,CART (ccp path),30,1171224111,29.304347826086953,4,12,12,0,34.0,0.03131890296936035,0.927536231884058,1.0
eucalyptus,GA (NSGA-II),1,1244005022,74.4864864864865,3,15,18,2576,140.0,6.7875587940216064,0.5405405405405406,1.0
eucalyptus,Random Search,1,404772815,72.02702702702703,4,7,7,2576,140.0,6.909865856170654,0.5405405405405406,1.0
eucalyptus,"GA (NSGA-II, archived)",1,574444449,76.17567567567568,5,6,6,2562,140.0,6.62302565574646,0.5540540540540541,1.0
eucalyptus,CART (ccp path),1,1000108575,82.85135135135135,3,12,12,0,140.0,0.09488534927368164,0.6621621621621622,1.0
eucalyptus,GA (NSGA-II),2,316176049,72.52702702702702,3,9,16,2595,140.0,5.414582252502441,0.527027027027027,1.0
eucalyptus,Random Search,2,432927576,66.48648648648648,4,6,6,2595,140.0,8.677926778793335,0.4864864864864865,1.0
eucalyptus,"GA (NSGA-II, archived)",2,277184423,77.64864864864865,5,6,6,2502,140.0,6.25771427154541,0.5675675675675675,1.0
eucalyptus,CART (ccp path),2,2063973322,76.4189189189189,5,12,12,0,140.0,0.07443475723266602,0.6081081081081081,1.0
eucalyptus,GA (NSGA-II),3,1744245823,70.13513513513514,3,13,16,2510,140.0,5.89950156211853,0.5135135135135135,1.0
eucalyptus,Random Search,3,1449352418,72.89189189189189,5,7,7,2510,140.0,6.659106254577637,0.5405405405405406,1.0
eucalyptus,"GA (NSGA-II, archived)",3,1959862923,79.82432432432432,3,8,8,2530,140.0,5.478804111480713,0.581081081081081,1.0
eucalyptus,CART (ccp path),3,1658969797,96.14864864864866,6,12,12,0,140.0,0.08488655090332031,0.7702702702702703,1.0
eucalyptus,GA (NSGA-II),4,828838858,82.87837837837839,6,9,14,2540,140.0,9.044682025909424,0.6081081081081081,1.0
eucalyptus,Random Search,4,1245157378,70.45945945945947,3,5,5,2540,140.0,7.33712363243103,0.5135135135135135,1.0
eucalyptus,"GA (NSGA-II, archived)",4,899267952,73.16216216216218,7,9,9,2543,140.0,5.5215983390808105,0.5405405405405406,1.0
eucalyptus,CART (ccp path),4,582432359,83.5945945945946,3,12,12,0,140.0,0.0775303840637207,0.6486486486486487,1.0
eucalyptus,GA (NSGA-II),5,1055139773,68.87837837837837,4,10,16,2587,140.0,5.509352445602417,0.5,1.0
eucalyptus,Random Search,5,854653299,69.59459459459458,5,5,5,2587,140.0,6.930146217346191,0.5135135135135135,1.0
eucalyptus,"GA (NSGA-II, archived)",5,1140177951,68.9054054054054,4,5,5,2554,140.0,7.809315204620361,0.5,1.0
eucalyptus,CART (ccp path),5,1671308237,82.87837837837839,2,12,12,0,140.0,0.0873262882232666,0.6351351351351351,1.0
eucalyptus,GA (NSGA-II),6,478959558,83.81081081081082,7,9,12,2535,140.0,5.8428428173065186,0.6216216216216216,1.0
eucalyptus,Random Search,6,866237734,75.60810810810811,4,5,5,2535,140.0,6.852722406387329,0.5540540540540541,1.0
eucalyptus,"GA (NSGA-II, archived)",6,1128263107,72.0945945945946,5,10,10,2520,140.0,5.113235235214233,0.527027027027027,1.0
eucalyptus,CART (ccp path),6,838980081,88.0135135135135,4,12,12,0,140.0,0.07561588287353516,0.6891891891891891,1.0
eucalyptus,GA (NSGA-II),7,1388690410,71.58904109589041,5,6,11,2564,140.0,6.161909341812134,0.5205479452054794,1.0
eucalyptus,Random Search,7,1163447272,69.93150684931507,3,7,7,2564,140.0,9.444452285766602,0.5342465753424658,1.0
eucalyptus,"GA (NSGA-II, archived)",7,788769230,67.78082191780823,4,9,9,2568,140.0,5.697108745574951,0.4931506849315068,1.0
eucalyptus,CART (ccp path),7,1920798096,73.2054794520548,4,12,12,0,140.0,0.10302543640136719,0.5753424657534246,1.0
eucalyptus,GA (NSGA-II),8,616434069,69.87671232876713,3,11,12,2525,140.0,6.843003749847412,0.5068493150684932,1.0
eucalyptus,Random Search,8,1287221276,69.58904109589041,5,7,7,2525,140.0,7.37851881980896,0.5205479452054794,1.0
eucalyptus,"GA (NSGA-II, archived)",8,86753474,56.71232876712329,4,8,8,2531,140.0,5.741344451904297,0.410958904109589,1.0
eucalyptus,CART (ccp path),8,517180763,88.76712328767124,5,12,12,0,140.0,0.0803370475769043,0.7123287671232876,1.0
eucalyptus,GA (NSGA-II),9,649208495,71.53424657534246,4,11,18,2524,140.0,8.155587911605835,0.5205479452054794,1.0
eucalyptus,Random Search,9,156273424,66.93150684931507,6,9,9,2524,140.0,6.819681644439697,0.4931506849315068,1.0
eucalyptus,"GA (NSGA-II, archived)",9,1910061251,78.41095890410959,7,9,9,2548,140.0,5.400789976119995,0.5753424657534246,1.0
eucalyptus,CART (ccp path),9,1937710902,97.79452054794521,4,12,12,0,140.0,0.0744173526763916,0.7808219178082192,1.0
eucalyptus,GA (NSGA-II),10,1042235892,69.57534246575344,4,8,9,2574,140.0,5.041959524154663,0.5068493150684932,1.0
eucalyptus,Random Search,10,394121257,63.28767123287672,3,8,8,2574,140.0,7.127380847930908,0.4657534246575342,1.0
eucalyptus,"GA (NSGA-II, archived)",10,1812147791,69.76712328767124,4,6,6,2517,140.0,7.286380767822266,0.5068493150684932,1.0
eucalyptus,CART (ccp path),10,1210995492,81.98630136986301,4,12,12,0,140.0,0.09465289115905762,0.6438356164383562,1.0
eucalyptus,GA (NSGA-II),11,1947772038,68.6891891891892,3,10,12,2562,140.0,5.2593793869018555,0.5,1.0
eucalyptus,Random Search,11,180804153,62.486486486486484,4,8,8,2562,140.0,6.766658544540405,0.4594594594594595,1.0
eucalyptus,"GA (NSGA-II, archived)",11,492048843,67.08108108108108,3,11,11,2568,140.0,6.706635236740112,0.4864864864864865,1.0
eucalyptus,CART (ccp path),11,244550735,83.45945945945945,5,12,12,0,140.0,0.07332372665405273,0.6486486486486487,1.0
eucalyptus,GA (NSGA-II),12,573199711,77.5945945945946,4,7,10,2519,140.0,5.360101938247681,0.5675675675675675,1.0
eucalyptus,Random Search,12,1734278957,70.74324324324323,5,6,6,2519,140.0,7.14853572845459,0.527027027027027,1.0
eucalyptus,"GA (NSGA-II, archived)",12,1331801281,84.8918918918919,6,6,6,2547,140.0,6.925232410430908,0.6216216216216216,1.0
eucalyptus,CART (ccp path),12,924327451,89.29729729729729,2,12,12,0,140.0,0.07966923713684082,0.7027027027027027,1.0
eucalyptus,GA (NSGA-II),13,881872840,81.10810810810813,6,11,15,2517,140.0,5.398019552230835,0.5945945945945946,1.0
eucalyptus,Random Search,13,27675725,66.62162162162163,4,7,7,2517,140.0,6.890265703201294,0.4864864864864865,1.0
eucalyptus,"GA (NSGA-II, archived)",13,1652041720,62.94594594594595,4,6,6,2569,140.0,5.765474319458008,0.4594594594594595,1.0
eucalyptus,CART (ccp path),13,1318677555,83.20270270270271,5,12,12,0,140.0,0.09249019622802734,0.6621621621621622,1.0
eucalyptus,GA (NSGA-II),14,1744282902,66.45945945945947,4,10,18,2562,140.0,6.166362762451172,0.4864864864864865,1.0
eucalyptus,Random Search,14,715139521,73.0945945945946,3,6,6,2562,140.0,9.112183809280396,0.5540540540540541,1.0
eucalyptus,"GA (NSGA-II, archived)",14,219667913,79.58108108108107,5,11,11,2509,140.0,6.169435501098633,0.581081081081081,1.0
eucalyptus,CART (ccp path),14,469332803,85.20270270270272,4,12,12,0,140.0,0.07480239868164062,0.6621621621621622,1.0
eucalyptus,GA (NSGA-II),15,738669886,70.51351351351352,4,7,8,2502,140.0,5.436913013458252,0.5135135135135135,1.0
eucalyptus,Random Search,15,355389152,69.45945945945947,3,8,8,2502,140.0,7.791582107543945,0.5135135135135135,1.0
eucalyptus,"GA (NSGA-II, archived)",15,970411115,74.24324324324326,5,7,7,2541,140.0,6.920029401779175,0.5405405405405406,1.0
eucalyptus,CART (ccp path),15,1672764121,89.22972972972973,3,12,12,0,140.0,0.08851408958435059,0.6891891891891891,1.0
eucalyptus,GA (NSGA-II),16,1397213929,72.47297297297297,5,9,16,2521,140.0,6.9028849601745605,0.527027027027027,1.0
eucalyptus,Random Search,16,1891223390,63.51351351351352,3,7,7,2521,140.0,7.604492425918579,0.4594594594594595,1.0
eucalyptus,"GA (NSGA-II, archived)",16,1574783212,75.85135135135135,7,8,8,2549,140.0,6.42133903503418,0.5540540540540541,1.0
eucalyptus,CART (ccp path),16,241910984,74.89189189189189,3,12,12,0,140.0,0.09026074409484863,0.5675675675675675,1.0
eucalyptus,GA (NSGA-II),17,1819031945,73.46575342465754,4,9,10,2571,140.0,6.02533745765686,0.5342465753424658,1.0
eucalyptus,Random Search,17,703683449,74.98630136986301,3,4,4,2571,140.0,7.010931015014648,0.547945205479452,1.0
eucalyptus,"GA (NSGA-II, archived)",17,864730640,83.16438356164385,7,9,9,2526,140.0,6.803150653839111,0.6164383561643836,1.0
eucalyptus,CART (ccp path),17,727764538,90.3972602739726,3,12,12,0,140.0,0.10898613929748535,0.726027397260274,1.0
eucalyptus,GA (NSGA-II),18,1610542730,84.20547945205479,6,10,12,2536,140.0,5.326047658920288,0.6164383561643836,1.0
eucalyptus,Random Search,18,817397888,82.46575342465754,6,7,7,2536,140.0,6.8295674324035645,0.6301369863013698,1.0
eucalyptus,"GA (NSGA-II, archived)",18,1061547272,73.38356164383562,4,8,8,2519,140.0,5.367692232131958,0.5342465753424658,1.0
eucalyptus,CART (ccp path),18,48654059,84.31506849315069,3,12,12,0,140.0,0.08585357666015625,0.6712328767123288,1.0
eucalyptus,GA (NSGA-II),19,1793233697,74.84931506849315,5,11,13,2520,140.0,5.542425870895386,0.547945205479452,1.0
eucalyptus,Random Search,19,866565299,71.89041095890411,2,7,7,2520,140.0,8.106524229049683,0.5205479452054794,1.0
eucalyptus,"GA (NSGA-II, archived)",19,134371743,78.4931506849315,6,9,9,2557,140.0,5.647579669952393,0.5753424657534246,1.0
eucalyptus,CART (ccp path),19,1313472491,83.63013698630137,3,12,12,0,140.0,0.08600687980651855,0.6438356164383562,1.0
eucalyptus,GA (NSGA-II),20,1557998275,74.9041095890411,5,11,11,2576,140.0,6.064579010009766,0.547945205479452,1.0
eucalyptus,Random Search,20,2104880776,77.20547945205479,3,7,7,2576,140.0,6.553272008895874,0.5753424657534246,1.0
eucalyptus,"GA (NSGA-II, archived)",20,14621472,67.91780821917808,5,5,5,2559,140.0,4.713134765625,0.4931506849315068,1.0
eucalyptus,CART (ccp path),20,174203695,83.73972602739727,6,12,12,0,140.0,0.07739996910095215,0.6986301369863014,1.0
eucalyptus,GA (NSGA-II),21,845066478,79.14864864864865,5,11,11,2557,140.0,5.507261753082275,0.581081081081081,1.0
eucalyptus,Random Search,21,1741258340,64.98648648648648,3,4,4,2557,140.0,8.596186876296997,0.47297297297297297,1.0
eucalyptus,"GA (NSGA-II, archived)",21,1824851330,74.02702702702703,4,6,6,2505,140.0,5.32011079788208,0.5405405405405406,1.0
eucalyptus,CART (ccp path),21,379387618,83.13513513513514,3,12,12,0,140.0,0.0921168327331543,0.6486486486486487,1.0
eucalyptus,GA (NSGA-II),22,656690869,77.75675675675676,5,9,15,2526,140.0,5.468839168548584,0.5675675675675675,1.0
eucalyptus,Random Search,22,1945014259,70.24324324324324,4,7,7,2526,140.0,7.207727670669556,0.5135135135135135,1.0
eucalyptus,"GA (NSGA-II, archived)",22,1857582856,73.9189189189189,5,6,6,2554,140.0,5.2863664627075195,0.5405405405405406,1.0
eucalyptus,CART (ccp path),22,1235337038,85.06756756756758,3,12,12,0,140.0,0.08473014831542969,0.6621621621621622,1.0
eucalyptus,GA (NSGA-II),23,2033520704,75.85135135135135,6,12,18,2534,140.0,7.296719551086426,0.5540540540540541,1.0
eucalyptus,Random Search,23,262257029,61.28378378378379,3,5,5,2534,140.0,6.73233962059021,0.44594594594594594,1.0
eucalyptus,"GA (NSGA-II, archived)",23,1879465954,72.36486486486487,5,8,8,2498,140.0,5.449836730957031,0.527027027027027,1.0
eucalyptus,CART (ccp path),23,587160578,73.83783783783784,5,12,12,0,140.0,0.08963561058044434,0.5945945945945946,1.0
eucalyptus,GA (NSGA-II),24,453411240,69.93243243243242,4,10,16,2566,140.0,7.155452013015747,0.527027027027027,1.0
eucalyptus,Random Search,24,1391257875,67.95945945945945,4,4,4,2566,140.0,7.450350761413574,0.5,1.0
eucalyptus,"GA (NSGA-II, archived)",24,1010952304,65.20270270270271,3,8,8,2498,140.0,7.532339096069336,0.47297297297297297,1.0
eucalyptus,CART (ccp path),24,294310315,78.94594594594595,4,12,12,0,140.0,0.08208322525024414,0.6216216216216216,1.0
eucalyptus,GA (NSGA-II),25,1204671301,72.44594594594594,5,9,11,2503,140.0,5.5496580600738525,0.527027027027027,1.0
eucalyptus,Random Search,25,1909815803,75.41891891891892,4,8,8,2503,140.0,6.629746913909912,0.5540540540540541,1.0
eucalyptus,"GA (NSGA-II, archived)",25,1363973177,72.3918918918919,4,6,6,2534,140.0,4.809301376342773,0.527027027027027,1.0
eucalyptus,CART (ccp path),25,1844282841,89.17567567567568,3,12,12,0,140.0,0.09076619148254395,0.6891891891891891,1.0
eucalyptus,GA (NSGA-II),26,1945289553,67.0810810810811,3,5,9,2537,140.0,6.310014963150024,0.4864864864864865,1.0
eucalyptus,Random Search,26,112806529,76.51351351351352,4,5,5,2537,140.0,8.272372722625732,0.5675675675675675,1.0
eucalyptus,"GA (NSGA-II, archived)",26,449427895,77.29729729729729,4,8,8,2513,140.0,5.644324064254761,0.5675675675675675,1.0
eucalyptus,CART (ccp path),26,803550360,88.5,4,12,12,0,140.0,0.08936357498168945,0.6891891891891891,1.0
eucalyptus,GA (NSGA-II),27,498959567,68.13698630136986,2,7,8,2556,140.0,6.146609544754028,0.4931506849315068,1.0
eucalyptus,Random Search,27,1237242182,77.86301369863013,4,7,7,2556,140.0,6.701147556304932,0.5753424657534246,1.0
eucalyptus,"GA (NSGA-II, archived)",27,1436864635,75.17808219178082,5,7,7,2527,140.0,5.490704774856567,0.547945205479452,1.0
eucalyptus,CART (ccp path),27,1187065913,83.27397260273973,4,12,12,0,140.0,0.08138036727905273,0.6438356164383562,1.0
eucalyptus,GA (NSGA-II),28,871796860,75.06849315068493,5,9,13,2518,140.0,5.777984380722046,0.547945205479452,1.0
eucalyptus,Random Search,28,2000052990,72.84931506849314,6,10,10,2518,140.0,8.008360862731934,0.547945205479452,1.0
eucalyptus,"GA (NSGA-II, archived)",28,1993927360,82.54794520547945,5,12,12,2536,140.0,6.2006871700286865,0.6027397260273972,1.0
eucalyptus,CART (ccp path),28,968762129,84.50684931506851,2,12,12,0,140.0,0.07343673706054688,0.6438356164383562,1.0
eucalyptus,GA (NSGA-II),29,463460103,58.6986301369863,3,10,10,2592,140.0,5.949034690856934,0.4246575342465753,1.0
eucalyptus,Random Search,29,199517144,64.10958904109589,3,6,6,2592,140.0,7.162895917892456,0.4657534246575342,1.0
eucalyptus,"GA (NSGA-II, archived)",29,8970117,73.27397260273973,4,7,7,2582,140.0,6.035542964935303,0.5342465753424658,1.0
eucalyptus,CART (ccp path),29,1720460924,86.76712328767123,4,12,12,0,140.0,0.09837651252746582,0.684931506849315,1.0
eucalyptus,GA (NSGA-II),30,1189872488,66.01369863013699,3,9,17,2457,140.0,7.017651796340942,0.4794520547945205,1.0
eucalyptus,Random Search,30,2022304440,60.630136986301366,2,5,5,2457,140.0,7.044852018356323,0.4383561643835616,1.0
eucalyptus,"GA (NSGA-II, archived)",30,643057991,69.76712328767124,4,10,10,2534,140.0,5.760159254074097,0.5068493150684932,1.0
eucalyptus,CART (ccp path),30,563330665,92.16438356164383,5,12,12,0,140.0,0.08228540420532227,0.7397260273972602,1.0
blood_transfusion,GA (NSGA-II),1,1542297310,116.74666666666667,2,8,14,2502,152.0,4.736120223999023,0.7733333333333333,1.0
blood_transfusion,Random Search,1,1651623197,116.74666666666667,2,6,6,2502,152.0,8.359924554824829,0.7733333333333333,1.0
blood_transfusion,"GA (NSGA-II, archived)",1,1522615105,118.65333333333334,3,4,4,2555,152.0,4.380856037139893,0.7866666666666666,1.0
blood_transfusion,CART (ccp path),1,84788561,120.21333333333334,3,12,12,0,152.0,0.032978057861328125,0.8,1.0
blood_transfusion,GA (NSGA-II),2,2086714041,124.45333333333333,3,8,16,2492,152.0,4.829358816146851,0.8266666666666667,1.0
blood_transfusion,Random Search,2,877840174,122.09333333333333,3,7,7,2492,152.0,6.051301717758179,0.8133333333333334,1.0
blood_transfusion,"GA (NSGA-II, archived)",2,400606366,114.76,1,3,3,2536,152.0,3.9965057373046875,0.76,1.0
blood_transfusion,CART (ccp path),2,734303777,125.85333333333332,3,12,12,0,152.0,0.025621414184570312,0.84,1.0
blood_transfusion,GA (NSGA-II),3,427529115,118.73333333333333,2,8,13,2558,152.0,4.542050123214722,0.7866666666666666,1.0
blood_transfusion,Random Search,3,1594593887,120.61333333333334,3,7,7,2558,152.0,6.782325267791748,0.8,1.0
blood_transfusion,"GA (NSGA-II, archived)",3,954455704,118.67999999999999,2,5,5,2531,152.0,6.793344497680664,0.7866666666666666,1.0
blood_transfusion,CART (ccp path),3,1889985348,117.05333333333333,3,12,12,0,152.0,0.03286457061767578,0.7866666666666666,1.0
blood_transfusion,GA (NSGA-II),4,1062607459,118.52,2,4,4,2519,152.0,4.900863409042358,0.7866666666666666,1.0
blood_transfusion,Random Search,4,1692265662,114.76,1,5,5,2519,152.0,6.432047605514526,0.76,1.0
blood_transfusion,"GA (NSGA-II, archived)",4,734405389,114.76,1,3,3,2555,152.0,3.7712290287017822,0.76,1.0
blood_transfusion,CART (ccp path),4,1182690067,119.62666666666668,3,12,12,0,152.0,0.031334638595581055,0.8,1.0
blood_transfusion,GA (NSGA-II),5,781182835,122.49333333333334,2,5,9,2566,152.0,4.574235677719116,0.8133333333333334,1.0
blood_transfusion,Random Search,5,1368076885,122.82666666666667,2,6,6,2566,152.0,6.724714756011963,0.8266666666666667,1.0
blood_transfusion,"GA (NSGA-II, archived)",5,45381263,120.61333333333334,3,4,4,2535,152.0,6.32399845123291,0.8,1.0
blood_transfusion,CART (ccp path),5,27385118,123.17333333333333,3,12,12,0,152.0,0.033756256103515625,0.8266666666666667,1.0
blood_transfusion,GA (NSGA-II),6,968283765,120.58666666666667,4,6,17,2488,152.0,4.994002342224121,0.8,1.0
blood_transfusion,Random Search,6,795703323,116.72,2,5,5,2488,152.0,6.155137062072754,0.7733333333333333,1.0
blood_transfusion,"GA (NSGA-II, archived)",6,819102799,116.74666666666667,2,7,7,2587,152.0,5.278826951980591,0.7733333333333333,1.0
blood_transfusion,CART (ccp path),6,1298278526,120.24000000000001,2,12,12,0,152.0,0.030089855194091797,0.8,1.0
blood_transfusion,GA (NSGA-II),7,804054984,114.76,1,3,9,2533,152.0,4.0025246143341064,0.76,1.0
blood_transfusion,Random Search,7,1042404456,122.12,3,8,8,2533,152.0,6.573060035705566,0.8133333333333334,1.0
blood_transfusion,"GA (NSGA-II, archived)",7,1229056022,116.72,2,4,4,2508,152.0,7.246737241744995,0.7733333333333333,1.0
blood_transfusion,CART (ccp path),7,909618422,116.61333333333333,2,12,12,0,152.0,0.03274798393249512,0.7733333333333333,1.0
blood_transfusion,GA (NSGA-II),8,1857400983,120.58666666666667,4,7,20,2531,152.0,4.902236223220825,0.8,1.0
blood_transfusion,Random Search,8,1419976363,122.22666666666667,4,6,6,2531,152.0,6.360961198806763,0.8133333333333334,1.0
blood_transfusion,"GA (NSGA-II, archived)",8,366507926,118.70666666666666,3,4,4,2507,152.0,4.3293890953063965,0.7866666666666666,1.0
blood_transfusion,CART (ccp path),8,1444641110,120.24000000000001,2,12,12,0,152.0,0.03195929527282715,0.8,1.0
blood_transfusion,GA (NSGA-II),9,1011214742,118.32432432432432,2,7,10,2529,152.0,5.28397274017334,0.7837837837837838,1.0
blood_transfusion,Random Search,9,713560334,116.3108108108108,1,5,5,2529,152.0,6.18189001083374,0.7702702702702703,1.0
blood_transfusion,"GA (NSGA-II, archived)",9,1407726023,120.25675675675674,3,4,4,2532,152.0,6.283151865005493,0.7972972972972973,1.0
blood_transfusion,CART (ccp path),9,469316114,116.3108108108108,1,12,12,0,152.0,0.03195524215698242,0.7702702702702703,1.0
blood_transfusion,GA (NSGA-II),10,1059909817,118.32432432432432,2,6,6,2601,152.0,4.925912380218506,0.7837837837837838,1.0
blood_transfusion,Random Search,10,557482074,116.3108108108108,1,7,7,2601,152.0,6.314302206039429,0.7702702702702703,1.0
blood_transfusion,"GA (NSGA-II, archived)",10,1652272856,118.21621621621621,2,5,5,2531,152.0,4.409470796585083,0.7837837837837838,1.0
blood_transfusion,CART (ccp path),10,1898600750,119.63513513513513,2,12,12,0,152.0,0.028138160705566406,0.7972972972972973,1.0
blood_transfusion,GA (NSGA-II),11,492821132,126.36,3,10,22,2596,152.0,4.5482447147369385,0.84,1.0
blood_transfusion,Random Search,11,83296197,118.70666666666666,3,4,4,2596,152.0,6.923259735107422,0.7866666666666666,1.0
blood_transfusion,"GA (NSGA-II, archived)",11,333892799,124.37333333333333,3,7,7,2537,152.0,6.4731855392456055,0.8266666666666667,1.0
blood_transfusion,CART (ccp path),11,2146543897,129.16,2,12,12,0,152.0,0.03797030448913574,0.8666666666666667,1.0
blood_transfusion,GA (NSGA-II),12,1715131576,116.58666666666667,2,11,24,2528,152.0,5.183840751647949,0.7733333333333333,1.0
blood_transfusion,Random Search,12,2038399146,118.49333333333333,3,6,6,2528,152.0,6.321167230606079,0.7866666666666666,1.0
blood_transfusion,"GA (NSGA-II, archived)",12,1577597139,116.58666666666667,2,4,4,2534,152.0,4.49432897567749,0.7733333333333333,1.0
blood_transfusion,CART (ccp path),12,1454055144,114.76,1,12,12,0,152.0,0.03313946723937988,0.76,1.0
blood_transfusion,GA (NSGA-II),13,322348039,116.74666666666667,2,3,13,2538,152.0,3.9820120334625244,0.7733333333333333,1.0
blood_transfusion,Random Search,13,2061655,125.88000000000001,3,5,5,2538,152.0,6.485827922821045,0.84,1.0
blood_transfusion,"GA (NSGA-II, archived)",13,1584124868,116.72,2,3,3,2556,152.0,5.968141317367554,0.7733333333333333,1.0
blood_transfusion,CART (ccp path),13,355464382,121.8,3,12,12,0,152.0,0.034372806549072266,0.8133333333333334,1.0
blood_transfusion,GA (NSGA-II),14,608565426,114.76,1,4,5,2510,152.0,4.06369686126709,0.76,1.0
blood_transfusion,Random Search,14,1032538376,114.76,1,5,5,2510,152.0,6.3311402797698975,0.76,1.0
blood_transfusion,"GA (NSGA-II, archived)",14,950535452,116.61333333333333,2,4,4,2502,152.0,4.402942419052124,0.7733333333333333,1.0
blood_transfusion,CART (ccp path),14,705873274,116.64,3,12,12,0,152.0,0.02717447280883789,0.8,1.0
blood_transfusion,GA (NSGA-II),15,1847989486,118.67999999999999,2,4,21,2549,152.0,4.151768684387207,0.7866666666666666,1.0
blood_transfusion,Random Search,15,1732664827,116.50666666666667,2,6,6,2549,152.0,6.877345561981201,0.7733333333333333,1.0
blood_transfusion,"GA (NSGA-II, archived)",15,1835008736,118.67999999999999,2,4,4,2565,152.0,4.769365072250366,0.7866666666666666,1.0
blood_transfusion,CART (ccp path),15,1786946270,118.30666666666666,3,12,12,0,152.0,0.03623056411743164,0.7866666666666666,1.0
blood_transfusion,GA (NSGA-II),16,220223534,118.73333333333333,2,6,12,2533,152.0,5.9664201736450195,0.7866666666666666,1.0
blood_transfusion,Random Search,16,572551326,118.73333333333333,2,6,6,2533,152.0,6.491955518722534,0.7866666666666666,1.0
blood_transfusion,"GA (NSGA-II, archived)",16,1423690166,120.61333333333334,3,4,4,2511,152.0,4.739625692367554,0.8,1.0
blood_transfusion,CART (ccp path),16,993665203,121.74666666666667,3,12,12,0,152.0,0.03064870834350586,0.8133333333333334,1.0
blood_transfusion,GA (NSGA-II),17,1799677120,114.76,1,5,13,2606,152.0,5.3178627490997314,0.76,1.0
blood_transfusion,Random Search,17,1210919683,114.76,1,5,5,2606,152.0,8.07896637916565,0.76,1.0
blood_transfusion,"GA (NSGA-II, archived)",17,1602502082,116.69333333333333,2,6,6,2536,152.0,6.313270807266235,0.7733333333333333,1.0
blood_transfusion,CART (ccp path),17,81952550,114.76,1,12,12,0,152.0,0.03819155693054199,0.76,1.0
blood_transfusion,GA (NSGA-II),18,490621792,116.72,2,8,22,2560,152.0,4.409204721450806,0.7733333333333333,1.0
blood_transfusion,Random Search,18,1358919198,118.38666666666667,3,6,6,2560,152.0,7.798678636550903,0.7866666666666666,1.0
blood_transfusion,"GA (NSGA-II, archived)",18,1884138059,114.76,1,2,2,2539,152.0,4.025568723678589,0.76,1.0
blood_transfusion,CART (ccp path),18,361476750,120.54666666666667,3,12,12,0,152.0,0.03662610054016113,0.8133333333333334,1.0
blood_transfusion,GA (NSGA-II),19,1790033809,120.33783783783782,2,4,12,2568,152.0,4.029144525527954,0.7972972972972973,1.0
blood_transfusion,Random Search,19,142075325,118.32432432432432,2,6,6,2568,152.0,7.031022071838379,0.7837837837837838,1.0
blood_transfusion,"GA (NSGA-II, archived)",19,2105637936,118.32432432432432,2,5,5,2530,152.0,5.971633672714233,0.7837837837837838,1.0
blood_transfusion,CART (ccp path),19,857597872,119.58108108108107,2,12,12,0,152.0,0.022693395614624023,0.7972972972972973,1.0
blood_transfusion,GA (NSGA-II),20,525593559,116.3108108108108,1,7,15,2570,152.0,4.569862127304077,0.7702702702702703,1.0
blood_transfusion,Random Search,20,804263280,116.3108108108108,1,4,4,2570,152.0,6.318073272705078,0.7702702702702703,1.0
blood_transfusion,"GA (NSGA-II, archived)",20,566405325,116.3108108108108,1,6,6,2565,152.0,4.598448991775513,0.7702702702702703,1.0
blood_transfusion,CART (ccp path),20,553282237,116.3108108108108,1,12,12,0,152.0,0.0360102653503418,0.7702702702702703,1.0
blood_transfusion,GA (NSGA-II),21,3569280,116.74666666666667,2,5,7,2559,152.0,4.489386081695557,0.7733333333333333,1.0
blood_transfusion,Random Search,21,1100100961,116.72,2,8,8,2559,152.0,6.689550161361694,0.7733333333333333,1.0
blood_transfusion,"GA (NSGA-II, archived)",21,455825,118.62666666666667,2,6,6,2560,152.0,4.6324286460876465,0.7866666666666666,1.0
blood_transfusion,CART (ccp path),21,256396950,114.76,1,12,12,0,152.0,1.501767873764038,0.76,1.0
blood_transfusion,GA (NSGA-II),22,1602014462,122.52000000000001,4,13,29,2579,152.0,4.462974309921265,0.8133333333333334,1.0
blood_transfusion,Random Search,22,1427507247,118.57333333333332,3,6,6,2579,152.0,7.187498569488525,0.7866666666666666,1.0
blood_transfusion,"GA (NSGA-II, archived)",22,95566506,120.58666666666667,4,5,5,2533,152.0,4.1622889041900635,0.8,1.0
blood_transfusion,CART (ccp path),22,1589277518,114.98666666666666,2,12,12,0,152.0,0.031169652938842773,0.7733333333333333,1.0
blood_transfusion,GA (NSGA-II),23,1211114138,118.57333333333334,2,6,9,2539,152.0,4.361137390136719,0.7866666666666666,1.0
blood_transfusion,Random Search,23,267702727,116.74666666666667,2,4,4,2539,152.0,6.236494779586792,0.7733333333333333,1.0
blood_transfusion,"GA (NSGA-II, archived)",23,930478423,116.74666666666667,2,4,4,2594,152.0,3.9500925540924072,0.7733333333333333,1.0
blood_transfusion,CART (ccp path),23,1068448006,114.76,1,12,12,0,152.0,0.02491450309753418,0.76,1.0
blood_transfusion,GA (NSGA-II),24,1335804582,114.76,1,7,10,2508,152.0,5.789257049560547,0.76,1.0
blood_transfusion,Random Search,24,1073891444,127.86666666666669,4,7,7,2508,152.0,6.194754362106323,0.8533333333333334,1.0
blood_transfusion,"GA (NSGA-II, archived)",24,1786145050,116.74666666666667,2,3,3,2554,152.0,4.212018251419067,0.7733333333333333,1.0
blood_transfusion,CART (ccp path),24,212081369,120.08000000000001,2,12,12,0,152.0,0.03151965141296387,0.8,1.0
blood_transfusion,GA (NSGA-II),25,1180904395,128.29333333333335,2,2,2,2489,152.0,3.583932876586914,0.8533333333333334,1.0
blood_transfusion,Random Search,25,931346523,118.33333333333333,3,5,5,2489,152.0,6.863211393356323,0.7866666666666666,1.0
blood_transfusion,"GA (NSGA-II, archived)",25,207842940,130.2266666666667,4,5,5,2572,152.0,4.461869716644287,0.8666666666666667,1.0
blood_transfusion,CART (ccp path),25,968913051,128.46666666666667,3,12,12,0,152.0,0.0245058536529541,0.8666666666666667,1.0
blood_transfusion,GA (NSGA-II),26,1032758288,114.76,1,4,16,2511,152.0,3.9255287647247314,0.76,1.0
blood_transfusion,Random Search,26,1098442609,114.76,1,6,6,2511,152.0,8.050742864608765,0.76,1.0
blood_transfusion,"GA (NSGA-II, archived)",26,125017603,114.76,1,4,4,2578,152.0,4.129125118255615,0.76,1.0
blood_transfusion,CART (ccp path),26,2056719211,114.76,1,12,12,0,152.0,0.030269384384155273,0.76,1.0
blood_transfusion,GA (NSGA-II),27,1127893582,114.76,1,5,7,2543,152.0,4.14107346534729,0.76,1.0
blood_transfusion,Random Search,27,1641696106,123.89333333333333,4,8,8,2543,152.0,6.544453382492065,0.8266666666666667,1.0
blood_transfusion,"GA (NSGA-II, archived)",27,1573461731,122.22666666666667,3,5,5,2570,152.0,4.996383190155029,0.8133333333333334,1.0
blood_transfusion,CART (ccp path),27,446089291,118.41333333333333,2,12,12,0,152.0,0.03601646423339844,0.7866666666666666,1.0
blood_transfusion,GA (NSGA-II),28,90197023,122.38666666666667,5,7,24,2594,152.0,5.539512872695923,0.8133333333333334,1.0
blood_transfusion,Random Search,28,726511203,118.41333333333333,3,5,5,2594,152.0,8.117416143417358,0.7866666666666666,1.0
blood_transfusion,"GA (NSGA-II, archived)",28,1593011426,120.45333333333335,3,6,6,2567,152.0,4.44248628616333,0.8,1.0
blood_transfusion,CART (ccp path),28,2129763928,122.17333333333335,2,12,12,0,152.0,0.030424833297729492,0.8133333333333334,1.0
blood_transfusion,GA (NSGA-II),29,1970056532,118.24324324324324,2,7,38,2556,152.0,4.100332021713257,0.7837837837837838,1.0
blood_transfusion,Random Search,29,172147357,118.16216216216216,2,4,4,2556,152.0,6.599337577819824,0.7837837837837838,1.0
blood_transfusion,"GA (NSGA-II, archived)",29,1416023242,116.3108108108108,1,5,5,2587,152.0,5.233403444290161,0.7702702702702703,1.0
blood_transfusion,CART (ccp path),29,1425606214,116.3108108108108,1,12,12,0,152.0,0.02637171745300293,0.7702702702702703,1.0
blood_transfusion,GA (NSGA-II),30,1375958837,120.28378378378378,2,4,9,2552,152.0,4.2337257862091064,0.7972972972972973,1.0
blood_transfusion,Random Search,30,1836258688,118.18918918918918,2,5,5,2552,152.0,7.968344211578369,0.7837837837837838,1.0
blood_transfusion,"GA (NSGA-II, archived)",30,79786215,116.3108108108108,1,3,3,2563,152.0,4.685363054275513,0.7702702702702703,1.0
blood_transfusion,CART (ccp path),30,2066972757,120.0135135135135,2,12,12,0,152.0,0.036014556884765625,0.7972972972972973,1.0
diabetes_pima,GA (NSGA-II),1,1303558389,53.84415584415584,3,4,7,2501,78.0,4.93725323677063,0.7012987012987013,1.0
diabetes_pima,Random Search,1,2016275149,53.935064935064936,3,4,4,2501,78.0,8.909169912338257,0.7142857142857143,1.0
diabetes_pima,"GA (NSGA-II, archived)",1,2067558719,55.66233766233766,4,4,4,2558,78.0,4.799717903137207,0.7272727272727273,1.0
diabetes_pima,CART (ccp path),1,887626525,55.46753246753247,3,12,12,0,78.0,0.06498312950134277,0.7402597402597403,1.0
diabetes_pima,GA (NSGA-II),2,64371559,55.81818181818182,3,6,6,2525,78.0,4.781958341598511,0.7272727272727273,1.0
diabetes_pima,Random Search,2,742624565,56.63636363636364,3,5,5,2525,78.0,6.955725193023682,0.7402597402597403,1.0
diabetes_pima,"GA (NSGA-II, archived)",2,1259379720,53.896103896103895,2,4,4,2590,78.0,5.154004812240601,0.7012987012987013,1.0
diabetes_pima,CART (ccp path),2,92710357,52.61038961038961,2,12,12,0,78.0,0.06124567985534668,0.6883116883116883,1.0
diabetes_pima,GA (NSGA-II),3,748696794,60.714285714285715,2,7,14,2529,78.0,5.371716022491455,0.7922077922077922,1.0
diabetes_pima,Random Search,3,321553345,61.58441558441559,3,6,6,2529,78.0,8.419925689697266,0.8051948051948052,1.0
diabetes_pima,"GA (NSGA-II, archived)",3,832742745,63.55844155844156,3,5,5,2579,78.0,4.95404577255249,0.8311688311688312,1.0
diabetes_pima,CART (ccp path),3,2097591045,56.09090909090909,2,12,12,0,78.0,0.05935096740722656,0.7402597402597403,1.0
diabetes_pima,GA (NSGA-II),4,1751954110,56.81818181818182,2,4,4,2572,78.0,5.330399036407471,0.7402597402597403,1.0
diabetes_pima,Random Search,4,1585205513,57.740259740259745,3,4,4,2572,78.0,6.995432138442993,0.7532467532467533,1.0
diabetes_pima,"GA (NSGA-II, archived)",4,738357667,57.83116883116883,3,4,4,2541,78.0,5.80076003074646,0.7662337662337663,1.0
diabetes_pima,CART (ccp path),4,487114555,59.8961038961039,4,12,12,0,78.0,0.06484603881835938,0.8311688311688312,1.0
diabetes_pima,GA (NSGA-II),5,664626691,57.42857142857142,4,10,17,2601,78.0,5.748081684112549,0.7532467532467533,1.0
diabetes_pima,Random Search,5,864551210,55.63636363636364,3,5,5,2601,78.0,8.47756576538086,0.7272727272727273,1.0
diabetes_pima,"GA (NSGA-II, archived)",5,972167526,54.87012987012987,2,5,5,2553,78.0,5.842986583709717,0.7142857142857143,1.0
diabetes_pima,CART (ccp path),5,67054483,54.961038961038966,4,12,12,0,78.0,0.06417322158813477,0.7532467532467533,1.0
diabetes_pima,GA (NSGA-II),6,793726524,58.71428571428572,3,4,5,2530,78.0,4.978604078292847,0.7662337662337663,1.0
diabetes_pima,Random Search,6,1948794187,59.22077922077923,3,5,5,2530,78.0,7.318294048309326,0.7792207792207793,1.0
diabetes_pima,"GA (NSGA-II, archived)",6,242046251,58.61038961038962,3,5,5,2519,78.0,4.903002977371216,0.7662337662337663,1.0
diabetes_pima,CART (ccp path),6,1514069207,54.01298701298702,3,12,12,0,78.0,0.05881452560424805,0.7662337662337663,1.0
diabetes_pima,GA (NSGA-II),7,1236165699,61.532467532467535,3,3,3,2530,78.0,6.80389142036438,0.8051948051948052,1.0
diabetes_pima,Random Search,7,722416552,58.76623376623377,2,4,4,2530,78.0,7.500036954879761,0.7662337662337663,1.0
diabetes_pima,"GA (NSGA-II, archived)",7,1005207037,58.58441558441559,4,4,4,2509,78.0,4.583762884140015,0.7662337662337663,1.0
diabetes_pima,CART (ccp path),7,1847554033,56.84415584415585,4,12,12,0,78.0,0.0522005558013916,0.7662337662337663,1.0
diabetes_pima,GA (NSGA-II),8,1273406147,58.68831168831169,3,4,6,2552,78.0,4.573226690292358,0.7662337662337663,1.0
diabetes_pima,Random Search,8,1030672028,58.76623376623377,2,3,3,2552,78.0,7.019707441329956,0.7662337662337663,1.0
diabetes_pima,"GA (NSGA-II, archived)",8,940983508,58.76623376623377,2,5,5,2556,78.0,5.0050437450408936,0.7662337662337663,1.0
diabetes_pima,CART (ccp path),8,518062354,57.18181818181818,4,12,12,0,78.0,0.06319856643676758,0.7662337662337663,1.0
diabetes_pima,GA (NSGA-II),9,1230044295,63.46052631578948,3,8,10,2503,78.0,5.608684539794922,0.8289473684210527,1.0
diabetes_pima,Random Search,9,50251549,62.5,2,5,5,2503,78.0,6.7795562744140625,0.8157894736842105,1.0
diabetes_pima,"GA (NSGA-II, archived)",9,432809453,62.5,2,3,3,2542,78.0,4.47698450088501,0.8157894736842105,1.0
diabetes_pima,CART (ccp path),9,1146156880,63.0,2,12,12,0,78.0,0.0471498966217041,0.8421052631578947,1.0
diabetes_pima,GA (NSGA-II),10,279896787,52.578947368421055,3,4,6,2500,78.0,4.608592987060547,0.6842105263157895,1.0
diabetes_pima,Random Search,10,759157524,54.60526315789474,2,5,5,2500,78.0,6.753767728805542,0.7105263157894737,1.0
diabetes_pima,"GA (NSGA-II, archived)",10,1505905228,54.473684210526315,3,5,5,2540,78.0,4.866880416870117,0.7105263157894737,1.0
diabetes_pima,CART (ccp path),10,688318119,52.776315789473685,3,12,12,0,78.0,0.06248617172241211,0.6973684210526315,1.0
diabetes_pima,GA (NSGA-II),11,272434190,62.66233766233766,2,5,6,2531,78.0,6.724442481994629,0.8181818181818182,1.0
diabetes_pima,Random Search,11,2019651981,62.61038961038962,3,4,4,2531,78.0,6.528106451034546,0.8181818181818182,1.0
diabetes_pima,"GA (NSGA-II, archived)",11,1657437393,58.71428571428572,3,7,7,2527,78.0,4.322661876678467,0.7662337662337663,1.0
diabetes_pima,CART (ccp path),11,25368915,56.896103896103895,4,12,12,0,78.0,0.05735182762145996,0.7662337662337663,1.0
diabetes_pima,GA (NSGA-II),12,2106159584,52.922077922077925,2,5,5,2536,78.0,4.2315661907196045,0.6883116883116883,1.0
diabetes_pima,Random Search,12,924525781,53.896103896103895,2,4,4,2536,78.0,6.531976699829102,0.7012987012987013,1.0
diabetes_pima,"GA (NSGA-II, archived)",12,40370861,52.922077922077925,2,3,3,2505,78.0,4.2549028396606445,0.6883116883116883,1.0
diabetes_pima,CART (ccp path),12,1970471091,54.766233766233775,4,12,12,0,78.0,0.06314373016357422,0.7402597402597403,1.0
diabetes_pima,GA (NSGA-II),13,386536748,59.740259740259745,2,8,8,2524,78.0,6.033499479293823,0.7792207792207793,1.0
diabetes_pima,Random Search,13,1839854404,55.84415584415585,2,5,5,2524,78.0,6.61391544342041,0.7272727272727273,1.0
diabetes_pima,"GA (NSGA-II, archived)",13,1253088258,59.740259740259745,2,3,3,2562,78.0,4.163962364196777,0.7792207792207793,1.0
diabetes_pima,CART (ccp path),13,391598874,59.87012987012987,4,12,12,0,78.0,0.06740617752075195,0.8051948051948052,1.0
diabetes_pima,GA (NSGA-II),14,422989303,58.740259740259745,3,7,10,2581,78.0,4.246990442276001,0.7662337662337663,1.0
diabetes_pima,Random Search,14,1386287470,57.32467532467533,3,4,4,2581,78.0,6.924141883850098,0.7532467532467533,1.0
diabetes_pima,"GA (NSGA-II, archived)",14,216653336,57.7922077922078,2,6,6,2593,78.0,5.651726245880127,0.7532467532467533,1.0
diabetes_pima,CART (ccp path),14,1949768553,59.50649350649351,3,12,12,0,78.0,0.050215959548950195,0.8051948051948052,1.0
diabetes_pima,GA (NSGA-II),15,1257634627,55.84415584415585,2,4,4,2520,78.0,5.979177951812744,0.7272727272727273,1.0
diabetes_pima,Random Search,15,1803212195,59.740259740259745,2,4,4,2520,78.0,6.607184410095215,0.7792207792207793,1.0
diabetes_pima,"GA (NSGA-II, archived)",15,1423869278,59.740259740259745,2,5,5,2556,78.0,4.783433198928833,0.7792207792207793,1.0
diabetes_pima,CART (ccp path),15,880883854,54.85714285714286,4,12,12,0,78.0,0.04930758476257324,0.7532467532467533,1.0
diabetes_pima,GA (NSGA-II),16,1299643159,59.61038961038962,3,5,5,2570,78.0,4.898412704467773,0.7792207792207793,1.0
diabetes_pima,Random Search,16,943138913,58.63636363636364,3,5,5,2570,78.0,6.834062576293945,0.7662337662337663,1.0
diabetes_pima,"GA (NSGA-II, archived)",16,184272610,59.68831168831169,3,4,4,2556,78.0,4.484905481338501,0.7792207792207793,1.0
diabetes_pima,CART (ccp path),16,1464329760,60.61038961038961,3,12,12,0,78.0,0.0500636100769043,0.8181818181818182,1.0
diabetes_pima,GA (NSGA-II),17,470220048,58.33766233766234,4,7,10,2596,78.0,7.645474195480347,0.7792207792207793,1.0
diabetes_pima,Random Search,17,1178508187,55.84415584415585,2,5,5,2596,78.0,6.724540710449219,0.7272727272727273,1.0
diabetes_pima,"GA (NSGA-II, archived)",17,10730858,58.61038961038962,3,6,6,2567,78.0,4.8786187171936035,0.7662337662337663,1.0
diabetes_pima,CART (ccp path),17,1912985185,53.37662337662338,2,12,12,0,78.0,0.054750680923461914,0.7012987012987013,1.0
diabetes_pima,GA (NSGA-II),18,578539962,56.81818181818182,2,4,6,2540,78.0,4.575780868530273,0.7402597402597403,1.0
diabetes_pima,Random Search,18,1810591283,59.53246753246754,3,5,5,2540,78.0,6.412261009216309,0.7792207792207793,1.0
diabetes_pima,"GA (NSGA-II, archived)",18,931050145,55.84415584415585,2,3,3,2583,78.0,4.286890506744385,0.7272727272727273,1.0
diabetes_pima,CART (ccp path),18,1127584228,57.83116883116883,2,12,12,0,78.0,0.05328845977783203,0.7662337662337663,1.0
diabetes_pima,GA (NSGA-II),19,1701553027,54.60526315789474,2,6,17,2579,78.0,6.646213531494141,0.7105263157894737,1.0
diabetes_pima,Random Search,19,1781897925,51.64473684210526,2,5,5,2579,78.0,6.8983917236328125,0.6710526315789473,1.0
diabetes_pima,"GA (NSGA-II, archived)",19,1002637285,54.5,2,4,4,2539,78.0,4.261117219924927,0.7105263157894737,1.0
diabetes_pima,CART (ccp path),19,106977114,57.71052631578948,2,12,12,0,78.0,0.045929670333862305,0.7631578947368421,1.0
diabetes_pima,GA (NSGA-II),20,1548174750,59.328947368421055,3,5,10,2571,78.0,4.1122965812683105,0.7763157894736842,1.0
diabetes_pima,Random Search,20,1467982566,58.026315789473685,3,4,4,2571,78.0,7.2407121658325195,0.7631578947368421,1.0
diabetes_pima,"GA (NSGA-II, archived)",20,1097626335,58.47368421052632,3,7,7,2588,78.0,4.747224569320679,0.7631578947368421,1.0
diabetes_pima,CART (ccp path),20,492628700,58.828947368421055,2,12,12,0,78.0,0.0521700382232666,0.7763157894736842,1.0
diabetes_pima,GA (NSGA-II),21,1162351384,55.84415584415585,2,9,10,2557,78.0,7.269478797912598,0.7272727272727273,1.0
diabetes_pima,Random Search,21,375395233,56.324675324675326,4,7,7,2557,78.0,7.124074459075928,0.7402597402597403,1.0
diabetes_pima,"GA (NSGA-II, archived)",21,1224867387,56.63636363636363,4,5,5,2560,78.0,4.549769401550293,0.7402597402597403,1.0
diabetes_pima,CART (ccp path),21,1972834393,54.1948051948052,3,12,12,0,78.0,0.06179666519165039,0.7142857142857143,1.0
diabetes_pima,GA (NSGA-II),22,184245173,59.740259740259745,2,3,3,2526,78.0,4.410259008407593,0.7792207792207793,1.0
diabetes_pima,Random Search,22,1106139392,59.07792207792208,3,4,4,2526,78.0,6.51431131362915,0.7922077922077922,1.0
diabetes_pima,"GA (NSGA-II, archived)",22,1508444044,57.7922077922078,2,3,3,2607,78.0,4.85435152053833,0.7532467532467533,1.0
diabetes_pima,CART (ccp path),22,404417104,55.909090909090914,2,12,12,0,78.0,0.05701947212219238,0.7402597402597403,1.0
diabetes_pima,GA (NSGA-II),23,46173834,60.714285714285715,2,5,5,2488,78.0,6.486077785491943,0.7922077922077922,1.0
diabetes_pima,Random Search,23,2013625009,50.97402597402598,2,5,5,2488,78.0,6.530064582824707,0.6623376623376623,1.0
diabetes_pima,"GA (NSGA-II, archived)",23,1785555366,60.714285714285715,2,5,5,2509,78.0,4.847237825393677,0.7922077922077922,1.0
diabetes_pima,CART (ccp path),23,1968078287,59.57142857142858,2,12,12,0,78.0,0.0597381591796875,0.7922077922077922,1.0
diabetes_pima,GA (NSGA-II),24,1052569954,59.58441558441559,3,11,12,2540,78.0,6.060794353485107,0.7792207792207793,1.0
diabetes_pima,Random Search,24,823004339,56.32467532467533,3,5,5,2540,78.0,6.81995701789856,0.7402597402597403,1.0
diabetes_pima,"GA (NSGA-II, archived)",24,1555160217,57.7922077922078,2,4,4,2525,78.0,4.541581392288208,0.7532467532467533,1.0
diabetes_pima,CART (ccp path),24,1792396495,61.57142857142857,3,12,12,0,78.0,0.053313493728637695,0.8441558441558441,1.0
diabetes_pima,GA (NSGA-II),25,1285870496,58.71428571428572,3,6,8,2538,78.0,6.949996471405029,0.7662337662337663,1.0
diabetes_pima,Random Search,25,843571622,59.24675324675325,4,6,6,2538,78.0,7.005727291107178,0.7792207792207793,1.0
diabetes_pima,"GA (NSGA-II, archived)",25,1964060429,56.76623376623377,3,3,3,2505,78.0,3.9827675819396973,0.7402597402597403,1.0
diabetes_pima,CART (ccp path),25,655590610,57.57142857142858,3,12,12,0,78.0,0.05055642127990723,0.7662337662337663,1.0
diabetes_pima,GA (NSGA-II),26,203266802,53.896103896103895,2,6,11,2585,78.0,4.805675506591797,0.7012987012987013,1.0
diabetes_pima,Random Search,26,374542617,52.922077922077925,2,3,3,2585,78.0,6.76943039894104,0.6883116883116883,1.0
diabetes_pima,"GA (NSGA-II, archived)",26,90788889,52.922077922077925,2,5,5,2545,78.0,4.386438369750977,0.6883116883116883,1.0
diabetes_pima,CART (ccp path),26,1164727041,55.77922077922078,3,12,12,0,78.0,0.059589385986328125,0.7402597402597403,1.0
diabetes_pima,GA (NSGA-II),27,1086890404,58.68831168831169,4,4,6,2571,78.0,6.232798099517822,0.7662337662337663,1.0
diabetes_pima,Random Search,27,606267365,56.766233766233775,3,5,5,2571,78.0,7.131158113479614,0.7402597402597403,1.0
diabetes_pima,"GA (NSGA-II, archived)",27,1486507879,57.68831168831169,3,5,5,2539,78.0,4.353041648864746,0.7532467532467533,1.0
diabetes_pima,CART (ccp path),27,1173325717,57.1948051948052,4,12,12,0,78.0,0.0564727783203125,0.7792207792207793,1.0
diabetes_pima,GA (NSGA-II),28,1732208440,60.714285714285715,2,12,19,2548,78.0,4.277159690856934,0.7922077922077922,1.0
diabetes_pima,Random Search,28,1634763028,60.714285714285715,2,5,5,2548,78.0,6.680568218231201,0.7922077922077922,1.0
diabetes_pima,"GA (NSGA-II, archived)",28,1949057209,60.63636363636364,3,5,5,2506,78.0,4.698316335678101,0.7922077922077922,1.0
diabetes_pima,CART (ccp path),28,32334084,56.09090909090909,2,12,12,0,78.0,0.05261635780334473,0.7402597402597403,1.0
diabetes_pima,GA (NSGA-II),29,1743054330,58.52631578947369,3,3,3,2523,78.0,6.121898174285889,0.7631578947368421,1.0
diabetes_pima,Random Search,29,965813125,55.5921052631579,2,5,5,2523,78.0,6.674476146697998,0.7236842105263158,1.0
diabetes_pima,"GA (NSGA-II, archived)",29,1059629171,55.539473684210535,3,5,5,2498,78.0,3.998246431350708,0.7236842105263158,1.0
diabetes_pima,CART (ccp path),29,1633198590,59.473684210526315,2,12,12,0,78.0,0.05456733703613281,0.7894736842105263,1.0
diabetes_pima,GA (NSGA-II),30,634982163,55.5921052631579,2,4,4,2547,78.0,4.332074880599976,0.7236842105263158,1.0
diabetes_pima,Random Search,30,734894020,58.19736842105263,3,4,4,2547,78.0,6.524961233139038,0.7763157894736842,1.0
diabetes_pima,"GA (NSGA-II, archived)",30,59145639,56.57894736842105,2,4,4,2506,78.0,4.590918779373169,0.7368421052631579,1.0
diabetes_pima,CART (ccp path),30,1973404013,59.21052631578948,3,12,12,0,78.0,0.04766488075256348,0.7894736842105263,1.0
analcatdata_dmft,GA (NSGA-II),1,215425272,51.0,1,9,11,2517,256.0,5.167722940444946,0.2,1.0
analcatdata_dmft,Random Search,1,964812435,66.6625,3,8,8,2517,256.0,7.2242112159729,0.2625,1.0
analcatdata_dmft,"GA (NSGA-II, archived)",1,1419900276,60.262499999999996,2,7,7,2596,256.0,5.544968605041504,0.2375,1.0
analcatdata_dmft,CART (ccp path),1,1496289830,56.225,2,12,12,0,256.0,0.03156709671020508,0.225,1.0
analcatdata_dmft,GA (NSGA-II),2,834174823,72.78749999999998,4,11,12,2548,256.0,5.160645008087158,0.2875,1.0
analcatdata_dmft,Random Search,2,1429252514,54.162499999999994,2,5,5,2548,256.0,6.42227029800415,0.2125,1.0
analcatdata_dmft,"GA (NSGA-II, archived)",2,2045514424,62.949999999999996,2,11,11,2534,256.0,6.230601072311401,0.25,1.0
analcatdata_dmft,CART (ccp path),2,1158616205,55.075,4,12,12,0,256.0,0.02836441993713379,0.25,1.0
analcatdata_dmft,GA (NSGA-II),3,726940447,51.0,1,4,6,2571,256.0,6.276369571685791,0.2,1.0
analcatdata_dmft,Random Search,3,1880815288,69.25,3,7,7,2571,256.0,6.044849157333374,0.275,1.0
analcatdata_dmft,"GA (NSGA-II, archived)",3,1766011929,63.55,2,10,10,2535,256.0,6.208311319351196,0.25,1.0
analcatdata_dmft,CART (ccp path),3,839500903,51.0,1,12,12,0,256.0,0.030710935592651367,0.2,1.0
analcatdata_dmft,GA (NSGA-II),4,842123150,60.21249999999999,3,9,11,2512,256.0,5.107175350189209,0.2375,1.0
analcatdata_dmft,Random Search,4,978007394,66.5375,3,5,5,2512,256.0,5.795035362243652,0.2625,1.0
analcatdata_dmft,"GA (NSGA-II, archived)",4,1577560249,66.7125,3,7,7,2560,256.0,4.856176376342773,0.2625,1.0
analcatdata_dmft,CART (ccp path),4,1914062939,58.68749999999999,3,12,12,0,256.0,0.028506755828857422,0.2375,1.0
analcatdata_dmft,GA (NSGA-II),5,678960115,69.65,4,14,15,2603,256.0,6.6053078174591064,0.275,1.0
analcatdata_dmft,Random Search,5,524528944,54.037499999999994,2,5,5,2603,256.0,5.910555601119995,0.2125,1.0
analcatdata_dmft,"GA (NSGA-II, archived)",5,1520673050,59.96249999999999,4,11,11,2499,256.0,5.79194974899292,0.2375,1.0
analcatdata_dmft,CART (ccp path),5,1955272850,71.19999999999999,3,12,12,0,256.0,0.03150677680969238,0.3,1.0
analcatdata_dmft,GA (NSGA-II),6,1318570341,57.25,3,9,10,2564,256.0,4.6056318283081055,0.225,1.0
analcatdata_dmft,Random Search,6,1553962813,75.39999999999999,3,5,5,2564,256.0,5.8518853187561035,0.3,1.0
analcatdata_dmft,"GA (NSGA-II, archived)",6,1540049480,60.43749999999999,3,8,8,2536,256.0,5.5740180015563965,0.2375,1.0
analcatdata_dmft,CART (ccp path),6,155355815,63.75,4,12,12,0,256.0,0.03588414192199707,0.275,1.0
analcatdata_dmft,GA (NSGA-II),7,2053909922,66.6375,2,8,12,2573,256.0,7.095856428146362,0.2625,1.0
analcatdata_dmft,Random Search,7,775335105,56.725,3,8,8,2573,256.0,6.486591339111328,0.225,1.0
analcatdata_dmft,"GA (NSGA-II, archived)",7,1104882334,47.8125,1,7,7,2547,256.0,4.693515062332153,0.1875,1.0
analcatdata_dmft,CART (ccp path),7,742424644,50.5,2,12,12,0,256.0,0.024885892868041992,0.2,1.0
analcatdata_dmft,GA (NSGA-II),8,1910837648,61.0253164556962,4,11,13,2568,256.0,4.937251091003418,0.24050632911392406,1.0
analcatdata_dmft,Random Search,8,394150880,54.82278481012658,2,6,6,2568,256.0,5.702710390090942,0.21518987341772153,1.0
analcatdata_dmft,"GA (NSGA-II, archived)",8,1299708547,60.9746835443038,3,6,6,2514,256.0,4.661271095275879,0.24050632911392406,1.0
analcatdata_dmft,CART (ccp path),8,1676786677,48.962025316455694,2,12,12,0,256.0,0.020455360412597656,0.20253164556962025,1.0
analcatdata_dmft,GA (NSGA-II),9,1706656186,67.48101265822783,4,9,9,2534,256.0,6.288753032684326,0.26582278481012656,1.0
analcatdata_dmft,Random Search,9,1823242804,60.82278481012658,2,5,5,2534,256.0,5.670930862426758,0.24050632911392406,1.0
analcatdata_dmft,"GA (NSGA-II, archived)",9,738593949,67.50632911392404,4,9,9,2559,256.0,5.449635744094849,0.26582278481012656,1.0
analcatdata_dmft,CART (ccp path),9,533026938,56.53164556962025,3,12,12,0,256.0,0.03246903419494629,0.22784810126582278,1.0
analcatdata_dmft,GA (NSGA-II),10,1601997485,54.77215189873418,2,8,9,2503,256.0,5.1222147941589355,0.21518987341772153,1.0
analcatdata_dmft,Random Search,10,1716323328,54.77215189873418,2,6,6,2503,256.0,5.6512908935546875,0.21518987341772153,1.0
analcatdata_dmft,"GA (NSGA-II, archived)",10,1978279304,54.77215189873418,2,6,6,2536,256.0,4.836705446243286,0.21518987341772153,1.0
analcatdata_dmft,CART (ccp path),10,1217263184,50.88607594936708,2,12,12,0,256.0,0.02590489387512207,0.20253164556962025,1.0
analcatdata_dmft,GA (NSGA-II),11,1562222829,54.0875,2,10,10,2545,256.0,7.146375417709351,0.2125,1.0
analcatdata_dmft,Random Search,11,1351686870,78.51249999999999,4,6,6,2545,256.0,5.587867975234985,0.3125,1.0
analcatdata_dmft,"GA (NSGA-II, archived)",11,378696345,63.65,2,6,6,2514,256.0,4.455977439880371,0.25,1.0
analcatdata_dmft,CART (ccp path),11,1346675420,58.68749999999999,2,12,12,0,256.0,0.02206254005432129,0.2375,1.0
analcatdata_dmft,GA (NSGA-II),12,752356577,54.162499999999994,2,8,10,2535,256.0,5.40872597694397,0.2125,1.0
analcatdata_dmft,Random Search,12,108316014,54.0875,2,5,5,2535,256.0,5.2944395542144775,0.2125,1.0
analcatdata_dmft,"GA (NSGA-II, archived)",12,1918379867,51.0,1,6,6,2574,256.0,4.660259485244751,0.2,1.0
analcatdata_dmft,CART (ccp path),12,402067247,59.3375,3,12,12,0,256.0,0.03282499313354492,0.2625,1.0
analcatdata_dmft,GA (NSGA-II),13,319566633,51.0,1,7,8,2542,256.0,6.518218517303467,0.2,1.0
analcatdata_dmft,Random Search,13,304726658,51.0,1,5,5,2542,256.0,5.55425500869751,0.2,1.0
analcatdata_dmft,"GA (NSGA-II, archived)",13,1470325943,51.0,1,8,8,2551,256.0,4.97484278678894,0.2,1.0
analcatdata_dmft,CART (ccp path),13,10828817,59.224999999999994,3,12,12,0,256.0,0.027256250381469727,0.25,1.0
analcatdata_dmft,GA (NSGA-II),14,1140611223,63.55,2,19,21,2548,256.0,5.482346057891846,0.25,1.0
analcatdata_dmft,Random Search,14,140142256,66.7375,3,5,5,2548,256.0,5.635495185852051,0.2625,1.0
analcatdata_dmft,"GA (NSGA-II, archived)",14,1831876590,63.15,4,11,11,2540,256.0,5.313211917877197,0.25,1.0
analcatdata_dmft,CART (ccp path),14,1229164527,63.6125,3,12,12,0,256.0,0.023180246353149414,0.2625,1.0
analcatdata_dmft,GA (NSGA-II),15,2039406517,72.96249999999999,2,8,8,2558,256.0,4.4122474193573,0.2875,1.0
analcatdata_dmft,Random Search,15,544615552,79.21249999999999,3,8,8,2558,256.0,7.0406670570373535,0.3125,1.0
analcatdata_dmft,"GA (NSGA-II, archived)",15,1792362560,82.175,3,5,5,2478,256.0,4.898484230041504,0.325,1.0
analcatdata_dmft,CART (ccp path),15,1938825528,64.575,2,12,12,0,256.0,0.02790093421936035,0.275,1.0
analcatdata_dmft,GA (NSGA-II),16,1093781151,69.375,5,9,9,2518,256.0,5.195623874664307,0.275,1.0
analcatdata_dmft,Random Search,16,803863721,66.0875,3,6,6,2518,256.0,5.4797210693359375,0.2625,1.0
analcatdata_dmft,"GA (NSGA-II, archived)",16,787734377,72.96249999999999,3,6,6,2532,256.0,4.946584939956665,0.2875,1.0
analcatdata_dmft,CART (ccp path),16,1524038683,51.3375,3,12,12,0,256.0,0.025685787200927734,0.2125,1.0
analcatdata_dmft,GA (NSGA-II),17,1139194025,66.5625,4,14,16,2568,256.0,5.037959098815918,0.2625,1.0
analcatdata_dmft,Random Search,17,1965659569,63.55,3,5,5,2568,256.0,7.471243381500244,0.25,1.0
analcatdata_dmft,"GA (NSGA-II, archived)",17,1872402132,66.7375,3,5,5,2520,256.0,4.3914899826049805,0.2625,1.0
analcatdata_dmft,CART (ccp path),17,1537694259,53.2375,2,12,12,0,256.0,0.024181365966796875,0.2125,1.0
analcatdata_dmft,GA (NSGA-II),18,725237850,60.77215189873417,3,9,13,2594,256.0,5.094235897064209,0.24050632911392406,1.0
analcatdata_dmft,Random Search,18,209699720,57.87341772151898,3,7,7,2594,256.0,5.592772960662842,0.22784810126582278,1.0
analcatdata_dmft,"GA (NSGA-II, archived)",18,1584505597,64.22784810126582,3,6,6,2605,256.0,4.512417554855347,0.25316455696202533,1.0
analcatdata_dmft,CART (ccp path),18,676599843,60.848101265822784,4,12,12,0,256.0,0.029519319534301758,0.26582278481012656,1.0
analcatdata_dmft,GA (NSGA-II),19,2013508948,58.0253164556962,2,8,9,2530,256.0,4.70349645614624,0.22784810126582278,1.0
analcatdata_dmft,Random Search,19,529461851,54.67088607594937,2,5,5,2530,256.0,7.663797616958618,0.21518987341772153,1.0
analcatdata_dmft,"GA (NSGA-II, archived)",19,436788487,51.59493670886076,2,6,6,2550,256.0,4.617642641067505,0.20253164556962025,1.0
analcatdata_dmft,CART (ccp path),19,1436049596,48.43037974683544,2,12,12,0,256.0,0.023622989654541016,0.20253164556962025,1.0
analcatdata_dmft,GA (NSGA-II),20,605784296,64.35443037974684,4,12,17,2566,256.0,4.503413677215576,0.25316455696202533,1.0
analcatdata_dmft,Random Search,20,1181248014,70.0759493670886,4,6,6,2566,256.0,5.417161464691162,0.27848101265822783,1.0
analcatdata_dmft,"GA (NSGA-II, archived)",20,744710970,54.79746835443038,3,11,11,2539,256.0,6.087830305099487,0.21518987341772153,1.0
analcatdata_dmft,CART (ccp path),20,636677540,64.16455696202532,3,12,12,0,256.0,0.02718639373779297,0.26582278481012656,1.0
analcatdata_dmft,GA (NSGA-II),21,226397121,63.55,2,9,11,2498,256.0,4.873738527297974,0.25,1.0
analcatdata_dmft,Random Search,21,2031466468,51.0,1,5,5,2498,256.0,7.384119272232056,0.2,1.0
analcatdata_dmft,"GA (NSGA-II, archived)",21,376709553,57.324999999999996,2,5,5,2582,256.0,5.052247047424316,0.225,1.0
analcatdata_dmft,CART (ccp path),21,452119994,56.275,2,12,12,0,256.0,0.025713443756103516,0.225,1.0
analcatdata_dmft,GA (NSGA-II),22,664268800,66.6875,2,9,11,2550,256.0,4.908005475997925,0.2625,1.0
analcatdata_dmft,Random Search,22,1194864433,69.85,3,6,6,2550,256.0,5.612292766571045,0.275,1.0
analcatdata_dmft,"GA (NSGA-II, archived)",22,358888455,69.525,2,8,8,2580,256.0,4.6962056159973145,0.275,1.0
analcatdata_dmft,CART (ccp path),22,618233157,51.0,1,12,12,0,256.0,0.028492212295532227,0.2,1.0
analcatdata_dmft,GA (NSGA-II),23,623447782,51.0,1,8,8,2571,256.0,4.81493067741394,0.2,1.0
analcatdata_dmft,Random Search,23,1685279508,60.46249999999999,3,5,5,2571,256.0,5.585679769515991,0.2375,1.0
analcatdata_dmft,"GA (NSGA-II, archived)",23,1818504218,63.375,3,8,8,2518,256.0,6.5952372550964355,0.25,1.0
analcatdata_dmft,CART (ccp path),23,1270058196,61.849999999999994,2,12,12,0,256.0,0.024043798446655273,0.25,1.0
analcatdata_dmft,GA (NSGA-II),24,1089470149,72.98749999999998,3,7,8,2542,256.0,5.151390075683594,0.2875,1.0
analcatdata_dmft,Random Search,24,621985317,75.425,3,7,7,2542,256.0,5.56782078742981,0.3,1.0
analcatdata_dmft,"GA (NSGA-II, archived)",24,515133076,60.4875,2,7,7,2551,256.0,4.719154119491577,0.2375,1.0
analcatdata_dmft,CART (ccp path),24,2125160075,63.3375,3,12,12,0,256.0,0.03055095672607422,0.2625,1.0
analcatdata_dmft,GA (NSGA-II),25,902607987,57.324999999999996,2,8,11,2516,256.0,4.869659900665283,0.225,1.0
analcatdata_dmft,Random Search,25,1523189138,63.55,3,6,6,2516,256.0,5.467070579528809,0.25,1.0
analcatdata_dmft,"GA (NSGA-II, archived)",25,1552653459,69.67500000000001,2,6,6,2530,256.0,6.475505113601685,0.275,1.0
analcatdata_dmft,CART (ccp path),25,1750353820,64.225,4,12,12,0,256.0,0.035021305084228516,0.275,1.0
analcatdata_dmft,GA (NSGA-II),26,293908811,57.275,3,7,8,2515,256.0,5.032298803329468,0.225,1.0
analcatdata_dmft,Random Search,26,108136830,60.4625,2,5,5,2515,256.0,5.372454881668091,0.2375,1.0
analcatdata_dmft,"GA (NSGA-II, archived)",26,1953323271,63.125,4,7,7,2563,256.0,4.474754095077515,0.25,1.0
analcatdata_dmft,CART (ccp path),26,2049040808,50.7375,2,12,12,0,256.0,0.021961688995361328,0.2125,1.0
analcatdata_dmft,GA (NSGA-II),27,772332207,54.137499999999996,2,6,6,2566,256.0,4.563209295272827,0.2125,1.0
analcatdata_dmft,Random Search,27,324544627,63.425,3,6,6,2566,256.0,5.438613653182983,0.25,1.0
analcatdata_dmft,"GA (NSGA-II, archived)",27,926206612,53.9375,2,7,7,2572,256.0,4.566216707229614,0.2125,1.0
analcatdata_dmft,CART (ccp path),27,1740535364,49.575,2,12,12,0,256.0,0.02415752410888672,0.2,1.0
analcatdata_dmft,GA (NSGA-II),28,2111471787,48.41772151898734,1,6,6,2533,256.0,6.852378845214844,0.189873417721519,1.0
analcatdata_dmft,Random Search,28,773713467,54.72151898734177,3,5,5,2533,256.0,5.91597318649292,0.21518987341772153,1.0
analcatdata_dmft,"GA (NSGA-II, archived)",28,1704035153,67.50632911392404,3,7,7,2585,256.0,4.615968942642212,0.26582278481012656,1.0
analcatdata_dmft,CART (ccp path),28,1024947977,66.41772151898734,2,12,12,0,256.0,0.023304224014282227,0.26582278481012656,1.0
analcatdata_dmft,GA (NSGA-II),29,1105333859,48.41772151898734,1,9,9,2562,256.0,4.965386867523193,0.189873417721519,1.0
analcatdata_dmft,Random Search,29,1364985222,51.56962025316455,2,6,6,2562,256.0,5.469546556472778,0.20253164556962025,1.0
analcatdata_dmft,"GA (NSGA-II, archived)",29,1662725890,57.87341772151898,2,6,6,2551,256.0,4.85330867767334,0.22784810126582278,1.0
analcatdata_dmft,CART (ccp path),29,988214079,48.41772151898734,1,12,12,0,256.0,0.025155305862426758,0.189873417721519,1.0
analcatdata_dmft,GA (NSGA-II),30,1597860815,76.83544303797467,5,7,8,2620,256.0,6.546718120574951,0.3037974683544304,1.0
analcatdata_dmft,Random Search,30,614606101,78.84810126582279,4,6,6,2620,256.0,5.659851789474487,0.31645569620253167,1.0
analcatdata_dmft,"GA (NSGA-II, archived)",30,938726751,64.43037974683544,2,7,7,2536,256.0,4.6489787101745605,0.25316455696202533,1.0
analcatdata_dmft,CART (ccp path),30,216071596,53.48101265822785,3,12,12,0,256.0,0.023612499237060547,0.21518987341772153,1.0
vehicle,GA (NSGA-II),1,265592756,90.34117647058824,5,9,9,2550,154.0,6.408448934555054,0.6,1.0
vehicle,Random Search,1,1581535203,89.25882352941176,5,7,7,2550,154.0,7.041660308837891,0.6,1.0
vehicle,"GA (NSGA-II, archived)",1,288230271,93.72941176470589,6,7,7,2526,154.0,6.828935861587524,0.6235294117647059,1.0
vehicle,CART (ccp path),1,2072168029,98.57647058823528,3,12,12,0,154.0,0.09230494499206543,0.6941176470588235,1.0
vehicle,GA (NSGA-II),2,1808516015,103.94117647058823,8,10,15,2539,154.0,7.413602352142334,0.6941176470588235,1.0
vehicle,Random Search,2,932010638,88.56470588235294,6,8,8,2539,154.0,6.923434019088745,0.611764705882353,1.0
vehicle,"GA (NSGA-II, archived)",2,1980989016,86.6470588235294,7,8,8,2598,154.0,6.2498462200164795,0.5764705882352941,1.0
vehicle,CART (ccp path),2,1760068464,102.65882352941176,4,12,12,0,154.0,0.10249137878417969,0.7294117647058823,1.0
vehicle,GA (NSGA-II),3,1674877650,97.18823529411766,5,8,11,2559,154.0,6.534252882003784,0.6470588235294118,1.0
vehicle,Random Search,3,485867394,82.91764705882352,7,10,10,2559,154.0,7.001708745956421,0.5647058823529412,1.0
vehicle,"GA (NSGA-II, archived)",3,2070225922,83.3294117647059,6,6,6,2495,154.0,7.900847673416138,0.5529411764705883,1.0
vehicle,CART (ccp path),3,1553214215,106.15294117647059,7,12,12,0,154.0,0.10400819778442383,0.7647058823529411,1.0
vehicle,GA (NSGA-II),4,1489073259,95.94117647058825,8,11,13,2515,154.0,6.2780444622039795,0.6470588235294118,1.0
vehicle,Random Search,4,425417463,90.69411764705882,6,8,8,2515,154.0,6.869873046875,0.6235294117647059,1.0
vehicle,"GA (NSGA-II, archived)",4,2016030190,86.62352941176468,6,9,9,2550,154.0,7.051954984664917,0.5764705882352941,1.0
vehicle,CART (ccp path),4,123131294,101.36470588235295,5,12,12,0,154.0,0.10659551620483398,0.7294117647058823,1.0
vehicle,GA (NSGA-II),5,1237648531,72.78823529411765,5,6,6,2577,154.0,6.1039063930511475,0.4823529411764706,1.0
vehicle,Random Search,5,505875756,84.68235294117648,7,11,11,2577,154.0,8.550198316574097,0.5882352941176471,1.0
vehicle,"GA (NSGA-II, archived)",5,1985608959,92.11764705882352,5,7,7,2550,154.0,6.048078298568726,0.611764705882353,1.0
vehicle,CART (ccp path),5,465515958,97.21176470588235,4,12,12,0,154.0,0.10654258728027344,0.6941176470588235,1.0
vehicle,GA (NSGA-II),6,1009963262,97.07058823529412,4,10,11,2546,154.0,5.279038190841675,0.6470588235294118,1.0
vehicle,Random Search,6,1593123708,94.17647058823529,6,11,11,2546,154.0,6.99943470954895,0.6470588235294118,1.0
vehicle,"GA (NSGA-II, archived)",6,1261904322,86.78823529411764,6,8,8,2623,154.0,5.914961099624634,0.5764705882352941,1.0
vehicle,CART (ccp path),6,559249562,110.95294117647059,6,12,12,0,154.0,0.10536956787109375,0.8117647058823529,1.0
vehicle,GA (NSGA-II),7,1755754089,86.0,6,8,16,2538,154.0,7.9450600147247314,0.5714285714285714,1.0
vehicle,Random Search,7,1948293414,100.64285714285714,6,11,11,2538,154.0,6.627438545227051,0.6904761904761905,1.0
vehicle,"GA (NSGA-II, archived)",7,487894693,95.1309523809524,5,7,7,2510,154.0,5.378788948059082,0.6309523809523809,1.0
vehicle,CART (ccp path),7,1930083672,107.98809523809524,7,12,12,0,154.0,0.0923454761505127,0.7976190476190477,1.0
vehicle,GA (NSGA-II),8,847868566,91.20238095238095,6,10,14,2550,154.0,5.129848957061768,0.6071428571428571,1.0
vehicle,Random Search,8,349045669,89.75,4,8,8,2550,154.0,6.833457708358765,0.6071428571428571,1.0
vehicle,"GA (NSGA-II, archived)",8,134248046,92.80952380952382,6,8,8,2555,154.0,8.531717538833618,0.6190476190476191,1.0
vehicle,CART (ccp path),8,1181636740,101.04761904761904,5,12,12,0,154.0,0.09252071380615234,0.7619047619047619,1.0
vehicle,GA (NSGA-II),9,147742091,93.19047619047619,5,6,6,2558,154.0,5.626592397689819,0.6190476190476191,1.0
vehicle,Random Search,9,123430553,81.52380952380952,5,10,10,2558,154.0,6.725164890289307,0.5476190476190477,1.0
vehicle,"GA (NSGA-II, archived)",9,1742568,101.67857142857144,6,7,7,2597,154.0,5.921841621398926,0.6785714285714286,1.0
vehicle,CART (ccp path),9,1118241085,102.44047619047619,4,12,12,0,154.0,0.11243772506713867,0.7261904761904762,1.0
vehicle,GA (NSGA-II),10,1301338839,108.29761904761905,5,9,10,2553,154.0,5.669119596481323,0.7261904761904762,1.0
vehicle,Random Search,10,688973299,86.29761904761907,6,7,7,2553,154.0,7.926687240600586,0.5833333333333334,1.0
vehicle,"GA (NSGA-II, archived)",10,991174414,93.1904761904762,4,6,6,2605,154.0,5.041684627532959,0.6190476190476191,1.0
vehicle,CART (ccp path),10,333853785,102.7857142857143,4,12,12,0,154.0,0.1106560230255127,0.7380952380952381,1.0
vehicle,GA (NSGA-II),11,1815476248,86.15294117647056,5,10,10,2491,154.0,5.657357931137085,0.5764705882352941,1.0
vehicle,Random Search,11,1874745464,93.94117647058823,6,8,8,2491,154.0,6.323537111282349,0.6470588235294118,1.0
vehicle,"GA (NSGA-II, archived)",11,1327655996,89.98823529411764,6,7,7,2571,154.0,5.462337255477905,0.6,1.0
vehicle,CART (ccp path),11,589176885,106.65882352941176,4,12,12,0,154.0,0.09911680221557617,0.7529411764705882,1.0
vehicle,GA (NSGA-II),12,845732726,83.44705882352942,6,9,13,2528,154.0,5.4137701988220215,0.5529411764705883,1.0
vehicle,Random Search,12,2106048756,85.70588235294117,6,7,7,2528,154.0,8.571232557296753,0.5764705882352941,1.0
vehicle,"GA (NSGA-II, archived)",12,1888550105,90.2235294117647,5,10,10,2516,154.0,5.783818006515503,0.6,1.0
vehicle,CART (ccp path),12,1188076137,103.51764705882351,6,12,12,0,154.0,0.09764289855957031,0.788235294117647,1.0
vehicle,GA (NSGA-II),13,1577492715,98.72941176470589,6,11,11,2561,154.0,6.191648721694946,0.6588235294117647,1.0
vehicle,Random Search,13,486082321,90.70588235294117,5,9,9,2561,154.0,6.7406206130981445,0.611764705882353,1.0
vehicle,"GA (NSGA-II, archived)",13,1413909880,92.23529411764706,5,7,7,2576,154.0,5.87443995475769,0.611764705882353,1.0
vehicle,CART (ccp path),13,95649093,111.38823529411765,3,12,12,0,154.0,0.08727264404296875,0.8,1.0
vehicle,GA (NSGA-II),14,1038588957,88.70588235294117,6,10,12,2547,154.0,8.559036254882812,0.5882352941176471,1.0
vehicle,Random Search,14,1513892117,83.27058823529411,5,10,10,2547,154.0,6.635088682174683,0.5647058823529412,1.0
vehicle,"GA (NSGA-II, archived)",14,1040170364,93.31764705882351,8,12,12,2567,154.0,7.330277919769287,0.6352941176470588,1.0
vehicle,CART (ccp path),14,1752932353,94.64705882352942,4,12,12,0,154.0,0.08852005004882812,0.6705882352941176,1.0
vehicle,GA (NSGA-II),15,652033346,86.36470588235294,6,7,15,2522,154.0,5.91728138923645,0.5764705882352941,1.0
vehicle,Random Search,15,1358352046,78.17647058823529,5,8,8,2522,154.0,6.617405891418457,0.5294117647058824,1.0
vehicle,"GA (NSGA-II, archived)",15,1791896663,92.74117647058824,7,9,9,2580,154.0,9.311859369277954,0.6235294117647059,1.0
vehicle,CART (ccp path),15,617689908,96.67058823529412,6,12,12,0,154.0,0.1007547378540039,0.6941176470588235,1.0
vehicle,GA (NSGA-II),16,1888137123,94.79999999999998,6,9,9,2564,154.0,6.85062313079834,0.6352941176470588,1.0
vehicle,Random Search,16,1558931471,90.8705882352941,6,10,10,2564,154.0,6.93651819229126,0.6352941176470588,1.0
vehicle,"GA (NSGA-II, archived)",16,1210219848,96.92941176470589,4,6,6,2493,154.0,6.331787824630737,0.6470588235294118,1.0
vehicle,CART (ccp path),16,64613539,96.09411764705881,4,12,12,0,154.0,0.1116952896118164,0.6823529411764706,1.0
vehicle,GA (NSGA-II),17,972492375,88.01190476190476,4,10,12,2513,154.0,5.705065965652466,0.5833333333333334,1.0
vehicle,Random Search,17,1554946702,84.42857142857143,6,9,9,2513,154.0,8.370580434799194,0.5714285714285714,1.0
vehicle,"GA (NSGA-II, archived)",17,1555802141,92.09523809523812,9,11,11,2551,154.0,6.5630669593811035,0.6190476190476191,1.0
vehicle,CART (ccp path),17,1579171191,97.8452380952381,5,12,12,0,154.0,0.08797836303710938,0.7023809523809523,1.0
vehicle,GA (NSGA-II),18,1688416608,82.50000000000001,6,9,9,2538,154.0,5.392949104309082,0.5476190476190477,1.0
vehicle,Random Search,18,307685845,82.44047619047619,5,11,11,2538,154.0,6.4794652462005615,0.5595238095238095,1.0
vehicle,"GA (NSGA-II, archived)",18,318886990,91.27380952380952,5,5,5,2558,154.0,5.835779190063477,0.6071428571428571,1.0
vehicle,CART (ccp path),18,1149449281,104.23809523809524,4,12,12,0,154.0,0.10027384757995605,0.7380952380952381,1.0
vehicle,GA (NSGA-II),19,716667454,86.42857142857142,3,8,10,2545,154.0,7.29712176322937,0.5714285714285714,1.0
vehicle,Random Search,19,1605530340,88.40476190476191,6,8,8,2545,154.0,7.184899806976318,0.5952380952380952,1.0
vehicle,"GA (NSGA-II, archived)",19,749671018,93.09523809523812,7,7,7,2528,154.0,5.359442949295044,0.6190476190476191,1.0
vehicle,CART (ccp path),19,594167810,102.90476190476191,4,12,12,0,154.0,0.08268070220947266,0.7380952380952381,1.0
vehicle,GA (NSGA-II),20,765205362,100.07142857142857,5,8,8,2570,154.0,5.650900602340698,0.6666666666666666,1.0
vehicle,Random Search,20,1546275519,91.5,6,11,11,2570,154.0,6.828965187072754,0.6190476190476191,1.0
vehicle,"GA (NSGA-II, archived)",20,1883437716,82.38095238095238,6,9,9,2534,154.0,7.503179311752319,0.5476190476190477,1.0
vehicle,CART (ccp path),20,1699619357,99.53571428571428,2,12,12,0,154.0,0.10658049583435059,0.7023809523809523,1.0
vehicle,GA (NSGA-II),21,1161387196,92.0,6,10,12,2497,154.0,5.749955654144287,0.611764705882353,1.0
vehicle,Random Search,21,444368325,83.84705882352941,6,8,8,2497,154.0,6.766710042953491,0.5764705882352941,1.0
vehicle,"GA (NSGA-II, archived)",21,1238940392,95.31764705882352,6,9,9,2557,154.0,6.771099328994751,0.6352941176470588,1.0
vehicle,CART (ccp path),21,1079841713,97.83529411764705,5,12,12,0,154.0,0.10308289527893066,0.7058823529411765,1.0
vehicle,GA (NSGA-II),22,981083137,76.6705882352941,3,11,12,2576,154.0,6.056643486022949,0.5058823529411764,1.0
vehicle,Random Search,22,1562065973,84.51764705882353,6,13,13,2576,154.0,8.617869138717651,0.5882352941176471,1.0
vehicle,"GA (NSGA-II, archived)",22,1407283479,95.52941176470588,6,9,9,2530,154.0,4.871450185775757,0.6352941176470588,1.0
vehicle,CART (ccp path),22,2046301128,96.48235294117647,5,12,12,0,154.0,0.08597660064697266,0.6941176470588235,1.0
vehicle,GA (NSGA-II),23,1849198021,90.63529411764706,6,9,9,2542,154.0,6.391964912414551,0.611764705882353,1.0
vehicle,Random Search,23,647214312,89.21176470588235,5,9,9,2542,154.0,6.389737129211426,0.6,1.0
vehicle,"GA (NSGA-II, archived)",23,1040645923,93.87058823529412,4,8,8,2513,154.0,5.194910526275635,0.6235294117647059,1.0
vehicle,CART (ccp path),23,534611567,109.91764705882352,7,12,12,0,154.0,0.10849690437316895,0.8117647058823529,1.0
vehicle,GA (NSGA-II),24,113706045,79.25882352941176,6,10,10,2553,154.0,6.414393663406372,0.5294117647058824,1.0
vehicle,Random Search,24,1271102192,79.12941176470588,6,7,7,2553,154.0,8.794753074645996,0.5411764705882353,1.0
vehicle,"GA (NSGA-II, archived)",24,1188152103,74.72941176470587,4,4,4,2530,154.0,6.188977956771851,0.49411764705882355,1.0
vehicle,CART (ccp path),24,738005279,101.89411764705883,5,12,12,0,154.0,0.09966182708740234,0.7411764705882353,1.0
vehicle,GA (NSGA-II),25,924982605,95.45882352941176,4,9,10,2547,154.0,5.093156576156616,0.6352941176470588,1.0
vehicle,Random Search,25,1064716960,92.95294117647059,5,5,5,2547,154.0,6.58928656578064,0.6235294117647059,1.0
vehicle,"GA (NSGA-II, archived)",25,658012369,79.82352941176472,5,11,11,2555,154.0,6.310545206069946,0.5294117647058824,1.0
vehicle,CART (ccp path),25,371323053,108.70588235294119,7,12,12,0,154.0,0.09890365600585938,0.8235294117647058,1.0
vehicle,GA (NSGA-II),26,394162324,106.78823529411764,7,8,10,2509,154.0,8.102653980255127,0.7176470588235294,1.0
vehicle,Random Search,26,434271099,91.70588235294119,6,11,11,2509,154.0,6.721452951431274,0.6235294117647059,1.0
vehicle,"GA (NSGA-II, archived)",26,42500893,93.91764705882353,4,9,9,2523,154.0,6.412954092025757,0.6235294117647059,1.0
vehicle,CART (ccp path),26,203384922,109.35294117647058,3,12,12,0,154.0,0.08488821983337402,0.7647058823529411,1.0
vehicle,GA (NSGA-II),27,1445601999,94.79761904761905,6,10,13,2548,154.0,5.806882381439209,0.6309523809523809,1.0
vehicle,Random Search,27,790306253,98.48809523809524,6,6,6,2548,154.0,6.562161207199097,0.6785714285714286,1.0
vehicle,"GA (NSGA-II, archived)",27,2074378349,89.33333333333333,5,7,7,2533,154.0,8.110644578933716,0.5952380952380952,1.0
vehicle,CART (ccp path),27,1871770627,115.39285714285714,4,12,12,0,154.0,0.09428167343139648,0.8452380952380952,1.0
vehicle,GA (NSGA-II),28,502575798,91.44047619047619,5,8,9,2501,154.0,5.630093812942505,0.6071428571428571,1.0
vehicle,Random Search,28,1722390416,79.84523809523809,5,7,7,2501,154.0,6.356736898422241,0.5357142857142857,1.0
vehicle,"GA (NSGA-II, archived)",28,1346596324,89.16666666666666,7,11,11,2578,154.0,6.528838634490967,0.5952380952380952,1.0
vehicle,CART (ccp path),28,94125768,101.85714285714285,6,12,12,0,154.0,0.08498334884643555,0.7380952380952381,1.0
vehicle,GA (NSGA-II),29,1368769918,86.0952380952381,5,8,9,2556,154.0,5.1742870807647705,0.5714285714285714,1.0
vehicle,Random Search,29,344471301,84.36904761904762,6,10,10,2556,154.0,9.04826283454895,0.5833333333333334,1.0
vehicle,"GA (NSGA-II, archived)",29,380442253,87.79761904761907,5,8,8,2560,154.0,6.487040281295776,0.5833333333333334,1.0
vehicle,CART (ccp path),29,43856872,100.83333333333336,4,12,12,0,154.0,0.0910489559173584,0.7142857142857143,1.0
vehicle,GA (NSGA-II),30,137405744,98.92857142857142,8,11,11,2505,154.0,6.609964847564697,0.6666666666666666,1.0
vehicle,Random Search,30,1136880170,93.45238095238096,7,10,10,2505,154.0,6.3305344581604,0.6428571428571429,1.0
vehicle,"GA (NSGA-II, archived)",30,58611774,82.73809523809524,5,7,7,2568,154.0,5.184762716293335,0.5476190476190477,1.0
vehicle,CART (ccp path),30,516280328,104.54761904761907,4,12,12,0,154.0,0.09374046325683594,0.7380952380952381,1.0
tic_tac_toe,GA (NSGA-II),1,1048783679,135.79166666666669,5,8,8,2550,174.0,5.384221315383911,0.7916666666666666,1.0
tic_tac_toe,Random Search,1,1837201213,125.08333333333333,3,6,6,2550,174.0,7.277713060379028,0.7291666666666666,1.0
tic_tac_toe,"GA (NSGA-II, archived)",1,151877555,123.90625,4,6,6,2547,174.0,6.543030261993408,0.71875,1.0
tic_tac_toe,CART (ccp path),1,744829891,142.71875,5,12,12,0,174.0,0.030216455459594727,0.90625,1.0
tic_tac_toe,GA (NSGA-II),2,1064469325,130.67708333333334,4,5,7,2487,174.0,5.006328105926514,0.7604166666666666,1.0
tic_tac_toe,Random Search,2,746709753,117.01041666666667,2,7,7,2487,174.0,6.849278926849365,0.6770833333333334,1.0
tic_tac_toe,"GA (NSGA-II, archived)",2,1329596632,124.05208333333333,3,4,4,2519,174.0,4.947455167770386,0.71875,1.0
tic_tac_toe,CART (ccp path),2,1318549366,142.41666666666666,5,12,12,0,174.0,0.03083515167236328,0.875,1.0
tic_tac_toe,GA (NSGA-II),3,1259231663,127.55208333333334,3,5,7,2518,174.0,4.881148099899292,0.7395833333333334,1.0
tic_tac_toe,Random Search,3,582194661,132.66666666666669,2,9,9,2518,174.0,7.003333568572998,0.7708333333333334,1.0
tic_tac_toe,"GA (NSGA-II, archived)",3,1386121283,127.53125,3,4,4,2520,174.0,7.213364362716675,0.7395833333333334,1.0
tic_tac_toe,CART (ccp path),3,388520058,146.33333333333331,6,12,12,0,174.0,0.03563499450683594,0.9166666666666666,1.0
tic_tac_toe,GA (NSGA-II),4,1859738918,125.75,3,6,6,2476,174.0,5.497554540634155,0.7291666666666666,1.0
tic_tac_toe,Random Search,4,11938628,139.39583333333334,3,6,6,2476,174.0,6.982172727584839,0.8125,1.0
tic_tac_toe,"GA (NSGA-II, archived)",4,1381215230,132.6875,3,5,5,2535,174.0,6.5427069664001465,0.7708333333333334,1.0
tic_tac_toe,CART (ccp path),4,1644064087,140.51041666666669,5,12,12,0,174.0,0.03366374969482422,0.8645833333333334,1.0
tic_tac_toe,GA (NSGA-II),5,204658649,132.375,3,4,4,2517,174.0,5.25088357925415,0.7708333333333334,1.0
tic_tac_toe,Random Search,5,1327281124,127.61458333333334,2,6,6,2517,174.0,8.242716073989868,0.7395833333333334,1.0
tic_tac_toe,"GA (NSGA-II, archived)",5,453886945,132.39583333333334,5,7,7,2594,174.0,6.0306785106658936,0.7708333333333334,1.0
tic_tac_toe,CART (ccp path),5,1591603743,138.67708333333331,6,12,12,0,174.0,0.028005361557006836,0.8645833333333334,1.0
tic_tac_toe,GA (NSGA-II),6,36012067,127.57291666666667,3,6,7,2577,174.0,5.167450189590454,0.7395833333333334,1.0
tic_tac_toe,Random Search,6,1234833309,137.05208333333334,3,6,6,2577,174.0,7.009831190109253,0.8020833333333334,1.0
tic_tac_toe,"GA (NSGA-II, archived)",6,473300290,145.93749999999997,7,8,8,2623,174.0,5.369756460189819,0.8541666666666666,1.0
tic_tac_toe,CART (ccp path),6,1191921181,144.35416666666669,4,12,12,0,174.0,0.03409719467163086,0.875,1.0
tic_tac_toe,GA (NSGA-II),7,920023218,127.23958333333333,5,7,7,2551,174.0,5.07456111907959,0.7395833333333334,1.0
tic_tac_toe,Random Search,7,1998782380,121.95833333333333,3,5,5,2551,174.0,8.92800760269165,0.7083333333333334,1.0
tic_tac_toe,"GA (NSGA-II, archived)",7,122229691,116.96875,3,4,4,2516,174.0,5.051986455917358,0.6770833333333334,1.0
tic_tac_toe,CART (ccp path),7,210241044,138.36458333333334,8,12,12,0,174.0,0.026677370071411133,0.8854166666666666,1.0
tic_tac_toe,GA (NSGA-II),8,1325045345,129.08333333333334,3,4,5,2561,174.0,4.723273754119873,0.75,1.0
tic_tac_toe,Random Search,8,1453514451,130.44791666666663,4,6,6,2561,174.0,6.610512733459473,0.7604166666666666,1.0
tic_tac_toe,"GA (NSGA-II, archived)",8,658204555,118.77083333333333,2,3,3,2532,174.0,4.547893047332764,0.6875,1.0
tic_tac_toe,CART (ccp path),8,1585440093,143.78125,8,12,12,0,174.0,0.03149104118347168,0.90625,1.0
tic_tac_toe,GA (NSGA-II),9,790432779,126.92631578947368,4,5,5,2565,174.0,6.6354820728302,0.7368421052631579,1.0
tic_tac_toe,Random Search,9,2030981531,135.3578947368421,4,6,6,2565,174.0,6.834935426712036,0.7894736842105263,1.0
tic_tac_toe,"GA (NSGA-II, archived)",9,175396520,119.83157894736843,4,4,4,2591,174.0,5.535127639770508,0.6947368421052632,1.0
tic_tac_toe,CART (ccp path),9,576327464,141.2421052631579,5,12,12,0,174.0,0.03651881217956543,0.8631578947368421,1.0
tic_tac_toe,GA (NSGA-II),10,871895739,131.42105263157896,6,10,11,2510,174.0,5.3460023403167725,0.7684210526315789,1.0
tic_tac_toe,Random Search,10,1912947105,129.9578947368421,3,5,5,2510,174.0,7.135367393493652,0.7578947368421053,1.0
tic_tac_toe,"GA (NSGA-II, archived)",10,979051423,137.34736842105264,5,8,8,2586,174.0,4.964786529541016,0.8,1.0
tic_tac_toe,CART (ccp path),10,61504903,148.90526315789475,7,12,12,0,174.0,0.03272056579589844,0.9263157894736842,1.0
tic_tac_toe,GA (NSGA-II),11,1200683217,127.48958333333334,3,3,4,2533,174.0,6.05575156211853,0.7395833333333334,1.0
tic_tac_toe,Random Search,11,1126596185,125.33333333333333,3,4,4,2533,174.0,6.563146352767944,0.7291666666666666,1.0
tic_tac_toe,"GA (NSGA-II, archived)",11,1428531598,125.79166666666666,3,5,5,2465,174.0,6.111648082733154,0.7291666666666666,1.0
tic_tac_toe,CART (ccp path),11,1966304378,145.64583333333331,5,12,12,0,174.0,0.023252010345458984,0.8958333333333334,1.0
tic_tac_toe,GA (NSGA-II),12,474170018,128.8125,4,4,4,2522,174.0,5.005621910095215,0.75,1.0
tic_tac_toe,Random Search,12,282996936,125.6875,3,5,5,2522,174.0,6.90291166305542,0.7291666666666666,1.0
tic_tac_toe,"GA (NSGA-II, archived)",12,272612425,130.80208333333331,5,5,5,2492,174.0,4.733901500701904,0.7604166666666666,1.0
tic_tac_toe,CART (ccp path),12,1211981957,145.45833333333334,4,12,12,0,174.0,0.0346064567565918,0.8958333333333334,1.0
tic_tac_toe,GA (NSGA-II),13,495220213,113.53125,1,6,8,2579,174.0,6.580942153930664,0.65625,1.0
tic_tac_toe,Random Search,13,1555220327,129.05208333333334,3,6,6,2579,174.0,6.672119617462158,0.7604166666666666,1.0
tic_tac_toe,"GA (NSGA-II, archived)",13,215466443,125.375,3,9,9,2609,174.0,5.320528984069824,0.7291666666666666,1.0
tic_tac_toe,CART (ccp path),13,1639352383,139.4375,5,12,12,0,174.0,0.0321354866027832,0.8541666666666666,1.0
tic_tac_toe,GA (NSGA-II),14,2115818913,139.39583333333334,4,10,10,2574,174.0,5.056105613708496,0.8125,1.0
tic_tac_toe,Random Search,14,737431156,141.625,5,7,7,2574,174.0,6.873010158538818,0.8333333333333334,1.0
tic_tac_toe,"GA (NSGA-II, archived)",14,1219591224,141.26041666666666,4,7,7,2549,174.0,7.248376131057739,0.8229166666666666,1.0
tic_tac_toe,CART (ccp path),14,236373505,139.625,5,12,12,0,174.0,0.03478550910949707,0.8541666666666666,1.0
tic_tac_toe,GA (NSGA-II),15,497642288,139.9375,2,5,7,2508,174.0,5.341434717178345,0.8125,1.0
tic_tac_toe,Random Search,15,523423883,145.86458333333331,5,7,7,2508,174.0,6.625025749206543,0.8645833333333334,1.0
tic_tac_toe,"GA (NSGA-II, archived)",15,842805732,139.9375,2,5,5,2574,174.0,4.591660976409912,0.8125,1.0
tic_tac_toe,CART (ccp path),15,1038683762,152.72916666666666,7,12,12,0,174.0,0.034868717193603516,0.9375,1.0
tic_tac_toe,GA (NSGA-II),16,881463072,126.92708333333334,4,9,9,2522,174.0,5.276672601699829,0.7395833333333334,1.0
tic_tac_toe,Random Search,16,1916088830,121.91666666666667,2,5,5,2522,174.0,6.693884372711182,0.7083333333333334,1.0
tic_tac_toe,"GA (NSGA-II, archived)",16,1904444605,125.70833333333333,2,5,5,2536,174.0,7.921597719192505,0.7291666666666666,1.0
tic_tac_toe,CART (ccp path),16,142476093,143.76041666666669,4,12,12,0,174.0,0.04222249984741211,0.8854166666666666,1.0
tic_tac_toe,GA (NSGA-II),17,1752120974,127.44791666666667,3,6,7,2542,174.0,5.821866989135742,0.7395833333333334,1.0
tic_tac_toe,Random Search,17,2127754282,123.86458333333333,3,5,5,2542,174.0,6.957354784011841,0.71875,1.0
tic_tac_toe,"GA (NSGA-II, archived)",17,12438438,118.77083333333333,2,6,6,2545,174.0,4.623759984970093,0.6875,1.0
tic_tac_toe,CART (ccp path),17,977927374,146.10416666666669,4,12,12,0,174.0,0.03207230567932129,0.8958333333333334,1.0
tic_tac_toe,GA (NSGA-II),18,1615323042,132.72916666666669,4,4,4,2546,174.0,5.124639987945557,0.7708333333333334,1.0
tic_tac_toe,Random Search,18,668133170,120.15625,4,6,6,2546,174.0,8.419263124465942,0.6979166666666666,1.0
tic_tac_toe,"GA (NSGA-II, archived)",18,354619245,132.1875,4,5,5,2581,174.0,4.790456533432007,0.7708333333333334,1.0
tic_tac_toe,CART (ccp path),18,2039016617,138.57291666666666,5,12,12,0,174.0,0.02784895896911621,0.84375,1.0
tic_tac_toe,GA (NSGA-II),19,2109856171,132.1157894736842,5,12,17,2505,174.0,5.79876708984375,0.7684210526315789,1.0
tic_tac_toe,Random Search,19,173033787,130.63157894736844,3,7,7,2505,174.0,6.613176584243774,0.7578947368421053,1.0
tic_tac_toe,"GA (NSGA-II, archived)",19,1991489819,135.31578947368422,3,6,6,2533,174.0,4.976351499557495,0.7894736842105263,1.0
tic_tac_toe,CART (ccp path),19,548884920,143.58947368421053,6,12,12,0,174.0,0.03183889389038086,0.8736842105263158,1.0
tic_tac_toe,GA (NSGA-II),20,250568089,121.73684210526315,3,5,8,2540,174.0,4.974818468093872,0.7052631578947368,1.0
tic_tac_toe,Random Search,20,479340696,116.46315789473684,2,6,6,2540,174.0,8.575342178344727,0.6736842105263158,1.0
tic_tac_toe,"GA (NSGA-II, archived)",20,201105455,132.26315789473682,3,8,8,2547,174.0,5.727379560470581,0.7684210526315789,1.0
tic_tac_toe,CART (ccp path),20,1869401427,141.06315789473686,5,12,12,0,174.0,0.024255752563476562,0.8736842105263158,1.0
tic_tac_toe,GA (NSGA-II),21,957056937,132.5625,3,6,7,2546,174.0,4.781278133392334,0.7708333333333334,1.0
tic_tac_toe,Random Search,21,233667174,132.5625,5,7,7,2546,174.0,6.187285661697388,0.7708333333333334,1.0
tic_tac_toe,"GA (NSGA-II, archived)",21,1170914022,123.98958333333334,3,6,6,2512,174.0,4.959024429321289,0.71875,1.0
tic_tac_toe,CART (ccp path),21,233552988,147.0625,9,12,12,0,174.0,0.026680946350097656,0.9375,1.0
tic_tac_toe,GA (NSGA-II),22,160023133,131.13541666666666,2,8,8,2509,174.0,5.413281679153442,0.7604166666666666,1.0
tic_tac_toe,Random Search,22,1579547625,126.57291666666667,3,6,6,2509,174.0,8.595656633377075,0.7395833333333334,1.0
tic_tac_toe,"GA (NSGA-II, archived)",22,1236172829,137.59375,4,8,8,2538,174.0,5.87013578414917,0.8020833333333334,1.0
tic_tac_toe,CART (ccp path),22,1037662159,141.29166666666666,8,12,12,0,174.0,0.029342174530029297,0.875,1.0
tic_tac_toe,GA (NSGA-II),23,982990364,136.04166666666666,3,5,5,2577,174.0,4.988234996795654,0.7916666666666666,1.0
tic_tac_toe,Random Search,23,1389639035,132.89583333333334,2,5,5,2577,174.0,6.852719068527222,0.7708333333333334,1.0
tic_tac_toe,"GA (NSGA-II, archived)",23,573593257,139.64583333333334,4,8,8,2558,174.0,5.3705785274505615,0.8125,1.0
tic_tac_toe,CART (ccp path),23,1433014171,153.61458333333331,7,12,12,0,174.0,0.03162860870361328,0.9479166666666666,1.0
tic_tac_toe,GA (NSGA-II),24,1463313050,116.96875,2,3,4,2554,174.0,4.885215520858765,0.6770833333333334,1.0
tic_tac_toe,Random Search,24,1024336541,120.07291666666666,3,7,7,2554,174.0,8.462335586547852,0.6979166666666666,1.0
tic_tac_toe,"GA (NSGA-II, archived)",24,315771852,118.6875,3,5,5,2509,174.0,5.3133323192596436,0.6875,1.0
tic_tac_toe,CART (ccp path),24,1277710414,138.0625,2,12,12,0,174.0,0.030783414840698242,0.8125,1.0
tic_tac_toe,GA (NSGA-II),25,463823783,130.94791666666666,4,7,7,2505,174.0,5.51221227645874,0.7604166666666666,1.0
tic_tac_toe,Random Search,25,416876609,130.96875,4,4,4,2505,174.0,6.4880805015563965,0.7604166666666666,1.0
tic_tac_toe,"GA (NSGA-II, archived)",25,60514691,130.84375,3,6,6,2541,174.0,4.583291530609131,0.7604166666666666,1.0
tic_tac_toe,CART (ccp path),25,1168045717,143.34375,2,12,12,0,174.0,0.035721778869628906,0.84375,1.0
tic_tac_toe,GA (NSGA-II),26,1793888790,123.96875,2,5,6,2534,174.0,7.2088303565979,0.71875,1.0
tic_tac_toe,Random Search,26,1892632131,126.63541666666667,5,7,7,2534,174.0,6.742547988891602,0.7395833333333334,1.0
tic_tac_toe,"GA (NSGA-II, archived)",26,1357877008,133.63541666666666,5,9,9,2531,174.0,5.230881214141846,0.78125,1.0
tic_tac_toe,CART (ccp path),26,1464445225,145.07291666666666,6,12,12,0,174.0,0.025599956512451172,0.8854166666666666,1.0
tic_tac_toe,GA (NSGA-II),27,1374901952,132.6875,3,3,3,2519,174.0,4.202694416046143,0.7708333333333334,1.0
tic_tac_toe,Random Search,27,684907555,138.97916666666666,4,4,4,2519,174.0,6.625728368759155,0.8125,1.0
tic_tac_toe,"GA (NSGA-II, archived)",27,2408914,132.6875,3,4,4,2583,174.0,4.64717960357666,0.7708333333333334,1.0
tic_tac_toe,CART (ccp path),27,1676791448,149.27083333333334,7,12,12,0,174.0,0.027734041213989258,0.9583333333333334,1.0
tic_tac_toe,GA (NSGA-II),28,1480923367,130.78125,3,5,6,2547,174.0,7.044129133224487,0.7604166666666666,1.0
tic_tac_toe,Random Search,28,556409913,127.91666666666666,4,4,4,2547,174.0,6.631777048110962,0.75,1.0
tic_tac_toe,"GA (NSGA-II, archived)",28,999728957,127.30208333333334,3,5,5,2530,174.0,4.68698787689209,0.7395833333333334,1.0
tic_tac_toe,CART (ccp path),28,278598430,151.00000000000003,5,12,12,0,174.0,0.028471946716308594,0.9375,1.0
tic_tac_toe,GA (NSGA-II),29,762995966,137.62105263157895,4,4,4,2560,174.0,5.429606914520264,0.8,1.0
tic_tac_toe,Random Search,29,1966552464,131.9473684210526,3,5,5,2560,174.0,6.409986734390259,0.7684210526315789,1.0
tic_tac_toe,"GA (NSGA-II, archived)",29,1654357780,142.6842105263158,5,7,7,2548,174.0,5.4525978565216064,0.8315789473684211,1.0
tic_tac_toe,CART (ccp path),29,399505370,141.78947368421052,5,12,12,0,174.0,0.03137326240539551,0.8631578947368421,1.0
tic_tac_toe,GA (NSGA-II),30,4272166,125.25263157894737,3,6,6,2458,174.0,7.318451642990112,0.7263157894736842,1.0
tic_tac_toe,Random Search,30,1081206261,119.66315789473684,4,7,7,2458,174.0,6.77767014503479,0.6947368421052632,1.0
tic_tac_toe,"GA (NSGA-II, archived)",30,577360654,118.17894736842105,2,4,4,2646,174.0,5.00705099105835,0.6842105263157895,1.0
tic_tac_toe,CART (ccp path),30,48816528,132.6315789473684,4,12,12,0,174.0,0.031082868576049805,0.8,1.0
vowel,GA (NSGA-II),1,387222681,76.86868686868688,8,8,16,2522,188.0,6.067711353302002,0.42424242424242425,1.0
vowel,Random Search,1,1062321792,63.09090909090909,7,12,12,2522,188.0,7.6611857414245605,0.36363636363636365,1.0
vowel,"GA (NSGA-II, archived)",1,503193940,61.080808080808076,7,10,10,2577,188.0,7.293518781661987,0.3333333333333333,1.0
vowel,CART (ccp path),1,2104683402,126.26262626262626,7,12,12,0,188.0,0.153275728225708,0.8080808080808081,1.0
vowel,GA (NSGA-II),2,381817537,64.83838383838385,6,11,17,2591,188.0,7.626235246658325,0.35353535353535354,1.0
vowel,Random Search,2,793616585,67.25252525252525,8,13,13,2591,188.0,7.8561930656433105,0.3838383838383838,1.0
vowel,"GA (NSGA-II, archived)",2,1856908665,63.707070707070706,7,13,13,2504,188.0,8.477107286453247,0.35353535353535354,1.0
vowel,CART (ccp path),2,564583428,112.8080808080808,10,12,12,0,188.0,0.15428543090820312,0.7676767676767676,1.0
vowel,GA (NSGA-II),3,1644166822,69.87878787878788,7,12,30,2555,188.0,9.807257890701294,0.3838383838383838,1.0
vowel,Random Search,3,448455194,59.96969696969697,6,11,11,2555,188.0,7.716043472290039,0.3333333333333333,1.0
vowel,"GA (NSGA-II, archived)",3,2045937520,87.77777777777777,8,9,9,2555,188.0,6.071407794952393,0.48484848484848486,1.0
vowel,CART (ccp path),3,197791422,116.24242424242424,8,12,12,0,188.0,0.1456005573272705,0.7878787878787878,1.0
vowel,GA (NSGA-II),4,69512358,73.2929292929293,9,23,25,2623,188.0,7.243326425552368,0.40404040404040403,1.0
vowel,Random Search,4,1432326026,64.26262626262627,7,13,13,2623,188.0,9.848864316940308,0.36363636363636365,1.0
vowel,"GA (NSGA-II, archived)",4,245160821,64.73737373737373,7,11,11,2581,188.0,5.854954957962036,0.35353535353535354,1.0
vowel,CART (ccp path),4,2000342986,114.68686868686868,9,12,12,0,188.0,0.13400983810424805,0.7878787878787878,1.0
vowel,GA (NSGA-II),5,573654058,63.17171717171717,5,20,32,2587,188.0,6.951188802719116,0.3434343434343434,1.0
vowel,Random Search,5,2114242674,66.16161616161617,5,12,12,2587,188.0,7.9554219245910645,0.36363636363636365,1.0
vowel,"GA (NSGA-II, archived)",5,789283865,64.1111111111111,8,13,13,2571,188.0,7.378078460693359,0.35353535353535354,1.0
vowel,CART (ccp path),5,235574577,121.37373737373738,10,12,12,0,188.0,0.14821386337280273,0.8282828282828283,1.0
vowel,GA (NSGA-II),6,728519643,62.424242424242415,6,19,22,2556,188.0,9.05315613746643,0.3434343434343434,1.0
vowel,Random Search,6,993546868,61.75757575757576,6,10,10,2556,188.0,7.646105527877808,0.3434343434343434,1.0
vowel,"GA (NSGA-II, archived)",6,34594403,59.31313131313131,6,11,11,2565,188.0,6.462913751602173,0.32323232323232326,1.0
vowel,CART (ccp path),6,1845574730,111.84848484848484,10,12,12,0,188.0,0.1459810733795166,0.7777777777777778,1.0
vowel,GA (NSGA-II),7,180578991,68.43434343434343,6,19,34,2557,188.0,5.652906656265259,0.37373737373737376,1.0
vowel,Random Search,7,562180953,69.78787878787878,7,11,11,2557,188.0,9.37654161453247,0.41414141414141414,1.0
vowel,"GA (NSGA-II, archived)",7,1302572956,78.6060606060606,10,17,17,2566,188.0,8.738198518753052,0.4444444444444444,1.0
vowel,CART (ccp path),7,1397194294,116.18181818181817,10,12,12,0,188.0,0.15200042724609375,0.8080808080808081,1.0
vowel,GA (NSGA-II),8,2083786295,68.09090909090911,8,18,22,2526,188.0,8.273406028747559,0.3939393939393939,1.0
vowel,Random Search,8,1430592581,60.79797979797979,6,10,10,2526,188.0,7.74634313583374,0.35353535353535354,1.0
vowel,"GA (NSGA-II, archived)",8,2054334926,64.75757575757576,7,10,10,2529,188.0,5.296891689300537,0.35353535353535354,1.0
vowel,CART (ccp path),8,79359227,114.74747474747475,8,12,12,0,188.0,0.15003180503845215,0.7474747474747475,1.0
vowel,GA (NSGA-II),9,1820140591,60.35353535353535,7,10,13,2561,188.0,8.372440099716187,0.3333333333333333,1.0
vowel,Random Search,9,779514855,60.71717171717171,7,9,9,2561,188.0,7.614056587219238,0.35353535353535354,1.0
vowel,"GA (NSGA-II, archived)",9,990306563,71.5050505050505,7,9,9,2574,188.0,6.829166412353516,0.3939393939393939,1.0
vowel,CART (ccp path),9,1292914231,106.8888888888889,8,12,12,0,188.0,0.15004229545593262,0.6868686868686869,1.0
vowel,GA (NSGA-II),10,376246010,75.08080808080808,8,11,18,2565,188.0,6.4813666343688965,0.41414141414141414,1.0
vowel,Random Search,10,1460793162,65.43434343434343,10,13,13,2565,188.0,10.303239822387695,0.3838383838383838,1.0
vowel,"GA (NSGA-II, archived)",10,983622785,74.61616161616162,7,15,15,2535,188.0,6.986634731292725,0.41414141414141414,1.0
vowel,CART (ccp path),10,1042927348,122.56565656565655,9,12,12,0,188.0,0.13898944854736328,0.8484848484848485,1.0
vowel,GA (NSGA-II),11,379484647,63.030303030303024,6,17,33,2538,188.0,5.79893159866333,0.3434343434343434,1.0
vowel,Random Search,11,222108157,66.2929292929293,6,8,8,2538,188.0,7.640221118927002,0.37373737373737376,1.0
vowel,"GA (NSGA-II, archived)",11,744729495,77.41414141414143,6,13,13,2528,188.0,6.22161078453064,0.42424242424242425,1.0
vowel,CART (ccp path),11,1319006262,113.74747474747477,8,12,12,0,188.0,0.15367889404296875,0.7373737373737373,1.0
vowel,GA (NSGA-II),12,1958086676,63.03030303030303,6,15,15,2539,188.0,9.448478937149048,0.3434343434343434,1.0
vowel,Random Search,12,1705310764,56.77777777777778,8,13,13,2539,188.0,7.8348681926727295,0.31313131313131315,1.0
vowel,"GA (NSGA-II, archived)",12,371292282,75.64646464646465,5,8,8,2569,188.0,6.14551043510437,0.41414141414141414,1.0
vowel,CART (ccp path),12,743793628,116.46464646464645,6,12,12,0,188.0,0.1399211883544922,0.7676767676767676,1.0
vowel,GA (NSGA-II),13,509149392,82.55555555555553,7,10,22,2605,188.0,6.563410997390747,0.45454545454545453,1.0
vowel,Random Search,13,633275725,67.02020202020202,6,9,9,2605,188.0,9.665710210800171,0.37373737373737376,1.0
vowel,"GA (NSGA-II, archived)",13,641272225,74.85858585858585,7,11,11,2565,188.0,6.867279291152954,0.41414141414141414,1.0
vowel,CART (ccp path),13,2100404990,118.17171717171715,8,12,12,0,188.0,0.1372675895690918,0.797979797979798,1.0
vowel,GA (NSGA-II),14,1635243949,66.02020202020202,8,17,18,2560,188.0,6.053034067153931,0.36363636363636365,1.0
vowel,Random Search,14,1358565443,69.82828282828282,6,9,9,2560,188.0,7.500842809677124,0.41414141414141414,1.0
vowel,"GA (NSGA-II, archived)",14,1276716640,69.93939393939394,7,11,11,2562,188.0,6.278006553649902,0.3838383838383838,1.0
vowel,CART (ccp path),14,1792056953,112.26262626262626,9,12,12,0,188.0,0.15015292167663574,0.7474747474747475,1.0
vowel,GA (NSGA-II),15,1663700461,64.61616161616162,6,10,16,2531,188.0,9.270057916641235,0.35353535353535354,1.0
vowel,Random Search,15,1446773912,66.62626262626263,7,10,10,2531,188.0,8.267173528671265,0.3838383838383838,1.0
vowel,"GA (NSGA-II, archived)",15,103434398,81.94949494949495,10,11,11,2564,188.0,6.262244939804077,0.45454545454545453,1.0
vowel,CART (ccp path),15,237474611,119.68686868686868,5,12,12,0,188.0,0.14044499397277832,0.7575757575757576,1.0
vowel,GA (NSGA-II),16,2079570329,64.13131313131314,8,21,27,2531,188.0,7.314757823944092,0.35353535353535354,1.0
vowel,Random Search,16,423516644,62.22222222222223,6,7,7,2531,188.0,9.653215408325195,0.36363636363636365,1.0
vowel,"GA (NSGA-II, archived)",16,384393921,62.32323232323232,6,14,14,2596,188.0,8.567832946777344,0.3434343434343434,1.0
vowel,CART (ccp path),16,1298540891,130.75757575757578,8,12,12,0,188.0,0.13272643089294434,0.8585858585858586,1.0
vowel,GA (NSGA-II),17,1233964382,55.939393939393945,4,13,20,2549,188.0,6.410459518432617,0.30303030303030304,1.0
vowel,Random Search,17,1290839050,63.12121212121212,5,10,10,2549,188.0,7.742444753646851,0.35353535353535354,1.0
vowel,"GA (NSGA-II, archived)",17,1506080222,67.38383838383838,8,12,12,2498,188.0,7.094384431838989,0.37373737373737376,1.0
vowel,CART (ccp path),17,217154333,113.82828282828284,8,12,12,0,188.0,0.13788294792175293,0.7373737373737373,1.0
vowel,GA (NSGA-II),18,621009317,68.21212121212122,8,18,25,2548,188.0,7.951934099197388,0.37373737373737376,1.0
vowel,Random Search,18,568537936,61.69696969696969,7,10,10,2548,188.0,7.553986310958862,0.3434343434343434,1.0
vowel,"GA (NSGA-II, archived)",18,2032582567,62.34343434343433,10,11,11,2566,188.0,6.226211786270142,0.3434343434343434,1.0
vowel,CART (ccp path),18,1347268249,116.3232323232323,9,12,12,0,188.0,0.15991950035095215,0.7878787878787878,1.0
vowel,GA (NSGA-II),19,118193690,78.49494949494951,8,12,30,2591,188.0,6.183570623397827,0.43434343434343436,1.0
vowel,Random Search,19,1266863630,60.888888888888886,5,11,11,2591,188.0,10.269380569458008,0.3434343434343434,1.0
vowel,"GA (NSGA-II, archived)",19,1658584406,71.88888888888887,7,10,10,2535,188.0,7.208039283752441,0.3939393939393939,1.0
vowel,CART (ccp path),19,2055736293,116.52525252525254,9,12,12,0,188.0,0.13399767875671387,0.7676767676767676,1.0
vowel,GA (NSGA-II),20,475600686,67.28282828282829,7,15,24,2586,188.0,7.121290445327759,0.37373737373737376,1.0
vowel,Random Search,20,1515643817,64.07070707070707,6,10,10,2586,188.0,7.285395383834839,0.35353535353535354,1.0
vowel,"GA (NSGA-II, archived)",20,265763230,62.96969696969696,6,12,12,2594,188.0,7.588822841644287,0.3434343434343434,1.0
vowel,CART (ccp path),20,1461061961,112.62626262626264,10,12,12,0,188.0,0.13744139671325684,0.7474747474747475,1.0
vowel,GA (NSGA-II),21,1576684462,77.26262626262627,9,16,21,2549,188.0,9.670711040496826,0.43434343434343436,1.0
vowel,Random Search,21,1678228233,58.26262626262626,7,10,10,2549,188.0,7.654398202896118,0.32323232323232326,1.0
vowel,"GA (NSGA-II, archived)",21,1409995892,69.77777777777777,7,9,9,2513,188.0,5.711932182312012,0.3838383838383838,1.0
vowel,CART (ccp path),21,220151612,118.05050505050505,10,12,12,0,188.0,0.1419382095336914,0.7777777777777778,1.0
vowel,GA (NSGA-II),22,2037521975,66.22222222222223,7,20,26,2512,188.0,6.403043031692505,0.36363636363636365,1.0
vowel,Random Search,22,1262549694,55.898989898989896,6,11,11,2512,188.0,7.507898330688477,0.3434343434343434,1.0
vowel,"GA (NSGA-II, archived)",22,733613045,57.48484848484849,6,7,7,2577,188.0,7.832627773284912,0.31313131313131315,1.0
vowel,CART (ccp path),22,1716017476,115.48484848484846,9,12,12,0,188.0,0.13515210151672363,0.7777777777777778,1.0
vowel,GA (NSGA-II),23,477312952,61.91919191919192,9,12,17,2495,188.0,6.102409362792969,0.3434343434343434,1.0
vowel,Random Search,23,620885393,75.17171717171718,7,10,10,2495,188.0,7.300534725189209,0.4444444444444444,1.0
vowel,"GA (NSGA-II, archived)",23,1397829129,71.1010101010101,7,9,9,2520,188.0,5.715402841567993,0.3939393939393939,1.0
vowel,CART (ccp path),23,1299789823,116.24242424242425,7,12,12,0,188.0,0.13403701782226562,0.8080808080808081,1.0
vowel,GA (NSGA-II),24,1453848372,59.2929292929293,6,10,28,2601,188.0,5.749912261962891,0.32323232323232326,1.0
vowel,Random Search,24,1126604535,64.66666666666667,5,11,11,2601,188.0,10.535846948623657,0.36363636363636365,1.0
vowel,"GA (NSGA-II, archived)",24,800805308,58.929292929292934,6,13,13,2603,188.0,8.221009969711304,0.32323232323232326,1.0
vowel,CART (ccp path),24,876550493,107.53535353535354,8,12,12,0,188.0,0.1298387050628662,0.6868686868686869,1.0
vowel,GA (NSGA-II),25,362284613,73.19191919191918,6,15,43,2514,188.0,5.354099750518799,0.40404040404040403,1.0
vowel,Random Search,25,1781259836,65.68686868686868,6,12,12,2514,188.0,7.2826621532440186,0.37373737373737376,1.0
vowel,"GA (NSGA-II, archived)",25,590596658,81.36363636363637,9,12,12,2526,188.0,10.00229263305664,0.45454545454545453,1.0
vowel,CART (ccp path),25,1973145177,116.37373737373737,11,12,12,0,188.0,0.1490473747253418,0.797979797979798,1.0
vowel,GA (NSGA-II),26,1534121712,78.49494949494951,9,17,20,2584,188.0,8.04684066772461,0.43434343434343436,1.0
vowel,Random Search,26,33315612,81.32323232323233,8,10,10,2584,188.0,7.756084680557251,0.494949494949495,1.0
vowel,"GA (NSGA-II, archived)",26,750470140,71.1010101010101,9,11,11,2561,188.0,6.279918432235718,0.3939393939393939,1.0
vowel,CART (ccp path),26,682048380,116.31313131313132,9,12,12,0,188.0,0.14408230781555176,0.7575757575757576,1.0
vowel,GA (NSGA-II),27,382158536,59.555555555555564,5,11,17,2514,188.0,9.538037776947021,0.32323232323232326,1.0
vowel,Random Search,27,1003176577,60.15151515151515,7,11,11,2514,188.0,7.9291582107543945,0.3333333333333333,1.0
vowel,"GA (NSGA-II, archived)",27,549143364,81.30303030303031,10,13,13,2502,188.0,7.3716840744018555,0.45454545454545453,1.0
vowel,CART (ccp path),27,52997142,115.28282828282829,10,12,12,0,188.0,0.14940166473388672,0.797979797979798,1.0
vowel,GA (NSGA-II),28,1258234870,74.15151515151516,7,17,22,2577,188.0,6.7752110958099365,0.41414141414141414,1.0
vowel,Random Search,28,613403203,62.61616161616162,8,10,10,2577,188.0,7.6643242835998535,0.35353535353535354,1.0
vowel,"GA (NSGA-II, archived)",28,31136930,69.23232323232324,8,11,11,2569,188.0,8.806612730026245,0.3838383838383838,1.0
vowel,CART (ccp path),28,1130090694,117.03030303030302,10,12,12,0,188.0,0.1424403190612793,0.8080808080808081,1.0
vowel,GA (NSGA-II),29,2122795108,61.06060606060606,7,14,19,2500,188.0,6.141112327575684,0.3333333333333333,1.0
vowel,Random Search,29,127629450,67.67676767676767,6,10,10,2500,188.0,8.173712730407715,0.3838383838383838,1.0
vowel,"GA (NSGA-II, archived)",29,283111294,83.81818181818183,8,12,12,2568,188.0,6.413763523101807,0.46464646464646464,1.0
vowel,CART (ccp path),29,1559332658,119.56565656565657,6,12,12,0,188.0,0.16436076164245605,0.7575757575757576,1.0
vowel,GA (NSGA-II),30,215232252,60.91919191919192,6,13,14,2556,188.0,9.270156621932983,0.3333333333333333,1.0
vowel,Random Search,30,2131351736,65.38383838383838,7,13,13,2556,188.0,7.975957155227661,0.37373737373737376,1.0
vowel,"GA (NSGA-II, archived)",30,1913076403,53.62626262626262,6,15,15,2566,188.0,7.899702548980713,0.29292929292929293,1.0
vowel,CART (ccp path),30,799968338,124.23232323232324,9,12,12,0,188.0,0.1400132179260254,0.8181818181818182,1.0
credit_g,GA (NSGA-II),1,1583807982,134.62,4,5,6,2565,174.0,4.110395431518555,0.78,1.0
credit_g,Random Search,1,333657792,131.0,2,6,6,2565,174.0,6.56097936630249,0.76,1.0
credit_g,"GA (NSGA-II, archived)",1,1686649473,124.48,2,5,5,2525,174.0,4.154886245727539,0.72,1.0
credit_g,CART (ccp path),1,747449883,127.45,3,12,12,0,174.0,0.07231640815734863,0.79,1.0
credit_g,GA (NSGA-II),2,1773768404,124.44,2,6,6,2508,174.0,6.683547496795654,0.72,1.0
credit_g,Random Search,2,624442612,122.64999999999999,2,7,7,2508,174.0,6.552562236785889,0.71,1.0
credit_g,"GA (NSGA-II, archived)",2,1815587856,121.1,1,6,6,2524,174.0,4.469005823135376,0.7,1.0
credit_g,CART (ccp path),2,802451085,121.1,1,12,12,0,174.0,0.06598758697509766,0.7,1.0
credit_g,GA (NSGA-II),3,1756825963,127.94,2,10,16,2545,174.0,4.158661127090454,0.74,1.0
credit_g,Random Search,3,682261486,129.33,3,4,4,2545,174.0,6.430551290512085,0.75,1.0
credit_g,"GA (NSGA-II, archived)",3,840804737,126.05,2,4,4,2528,174.0,3.963440179824829,0.73,1.0
credit_g,CART (ccp path),3,1088284275,131.43,3,12,12,0,174.0,0.06555533409118652,0.77,1.0
credit_g,GA (NSGA-II),4,240375303,121.1,1,4,4,2581,174.0,4.764582633972168,0.7,1.0
credit_g,Random Search,4,936385911,121.1,1,5,5,2581,174.0,9.250641345977783,0.7,1.0
credit_g,"GA (NSGA-II, archived)",4,1987895279,121.1,1,2,2,2530,174.0,3.909636974334717,0.7,1.0
credit_g,CART (ccp path),4,710970197,136.76,3,12,12,0,174.0,0.0629129409790039,0.8,1.0
credit_g,GA (NSGA-II),5,49357998,122.81,2,4,6,2528,174.0,3.797389030456543,0.71,1.0
credit_g,Random Search,5,10706407,127.6,3,6,6,2528,174.0,6.164819717407227,0.74,1.0
credit_g,"GA (NSGA-II, archived)",5,898823125,129.49,3,5,5,2524,174.0,4.154125690460205,0.75,1.0
credit_g,CART (ccp path),5,275397999,127.64,5,12,12,0,174.0,0.0694575309753418,0.76,1.0
credit_g,GA (NSGA-II),6,521550310,121.1,1,5,5,2557,174.0,4.255678653717041,0.7,1.0
credit_g,Random Search,6,461100867,129.15,2,4,4,2557,174.0,9.054743528366089,0.75,1.0
credit_g,"GA (NSGA-II, archived)",6,1525544966,129.59,3,4,4,2570,174.0,4.596993446350098,0.75,1.0
credit_g,CART (ccp path),6,314797192,132.09,2,12,12,0,174.0,0.07773017883300781,0.77,1.0
credit_g,GA (NSGA-II),7,268789190,121.1,1,4,4,2594,174.0,4.599099397659302,0.7,1.0
credit_g,Random Search,7,1872359554,124.0,2,6,6,2594,174.0,6.443601608276367,0.72,1.0
credit_g,"GA (NSGA-II, archived)",7,733416027,124.48,2,3,3,2590,174.0,3.839364528656006,0.72,1.0
credit_g,CART (ccp path),7,1557510090,130.76,2,12,12,0,174.0,0.07176709175109863,0.76,1.0
credit_g,GA (NSGA-II),8,1465345660,122.78999999999999,2,4,4,2572,174.0,4.582629442214966,0.71,1.0
credit_g,Random Search,8,1537571119,123.8,2,5,5,2572,174.0,8.92831563949585,0.72,1.0
credit_g,"GA (NSGA-II, archived)",8,2116335004,124.44,2,3,3,2532,174.0,4.197622299194336,0.72,1.0
credit_g,CART (ccp path),8,121346279,127.3,2,12,12,0,174.0,0.07253575325012207,0.74,1.0
credit_g,GA (NSGA-II),9,535760093,122.77,2,4,4,2478,174.0,4.636221647262573,0.71,1.0
credit_g,Random Search,9,556211576,127.78,2,6,6,2478,174.0,6.245304346084595,0.74,1.0
credit_g,"GA (NSGA-II, archived)",9,809474413,121.1,1,4,4,2538,174.0,4.714161396026611,0.7,1.0
credit_g,CART (ccp path),9,808131723,127.18,3,12,12,0,174.0,0.0846548080444336,0.74,1.0
credit_g,GA (NSGA-II),10,1739510666,124.52,2,6,10,2531,174.0,4.370894432067871,0.72,1.0
credit_g,Random Search,10,1395593215,122.75,2,4,4,2531,174.0,6.538034200668335,0.71,1.0
credit_g,"GA (NSGA-II, archived)",10,1361029625,127.78,2,6,6,2539,174.0,7.396328687667847,0.74,1.0
credit_g,CART (ccp path),10,494191998,130.42000000000002,3,12,12,0,174.0,0.0800783634185791,0.76,1.0
credit_g,GA (NSGA-II),11,1360360979,126.07,3,9,13,2522,174.0,4.283186912536621,0.73,1.0
credit_g,Random Search,11,1809151728,127.82000000000001,3,5,5,2522,174.0,6.072812080383301,0.74,1.0
credit_g,"GA (NSGA-II, archived)",11,1411634119,131.24,2,5,5,2516,174.0,4.06898832321167,0.76,1.0
credit_g,CART (ccp path),11,764497389,125.49,3,12,12,0,174.0,0.06996393203735352,0.73,1.0
credit_g,GA (NSGA-II),12,1002308289,127.94,2,5,5,2531,174.0,4.079036474227905,0.74,1.0
credit_g,Random Search,12,27561258,121.1,1,3,3,2531,174.0,6.444819927215576,0.7,1.0
credit_g,"GA (NSGA-II, archived)",12,982854236,126.17,3,5,5,2523,174.0,6.6851654052734375,0.73,1.0
credit_g,CART (ccp path),12,836783368,121.1,1,12,12,0,174.0,0.07663512229919434,0.7,1.0
credit_g,GA (NSGA-II),13,1826635742,124.44,2,5,10,2525,174.0,4.020020484924316,0.72,1.0
credit_g,Random Search,13,1565649817,125.95,3,5,5,2525,174.0,6.132608652114868,0.73,1.0
credit_g,"GA (NSGA-II, archived)",13,435179384,124.52,2,5,5,2568,174.0,4.128228187561035,0.72,1.0
credit_g,CART (ccp path),13,1512888051,130.16,3,12,12,0,174.0,0.08282327651977539,0.76,1.0
credit_g,GA (NSGA-II),14,471205670,124.48,2,6,6,2513,174.0,4.250845432281494,0.72,1.0
credit_g,Random Search,14,2025977481,126.00999999999999,3,6,6,2513,174.0,6.270310163497925,0.73,1.0
credit_g,"GA (NSGA-II, archived)",14,66192104,121.1,1,4,4,2581,174.0,4.816814422607422,0.7,1.0
credit_g,CART (ccp path),14,1050915845,126.99,3,12,12,0,174.0,0.07854938507080078,0.75,1.0
credit_g,GA (NSGA-II),15,1683740656,124.52,2,6,10,2503,174.0,6.667085409164429,0.72,1.0
credit_g,Random Search,15,1828977914,126.23,2,6,6,2503,174.0,6.5556299686431885,0.73,1.0
credit_g,"GA (NSGA-II, archived)",15,1350670632,127.94,2,3,3,2484,174.0,3.9933018684387207,0.74,1.0
credit_g,CART (ccp path),15,196833938,122.89999999999999,2,12,12,0,174.0,0.08215808868408203,0.74,1.0
credit_g,GA (NSGA-II),16,871396071,129.61,3,4,5,2532,174.0,4.060528755187988,0.75,1.0
credit_g,Random Search,16,465081181,132.47,3,5,5,2532,174.0,6.38460373878479,0.77,1.0
credit_g,"GA (NSGA-II, archived)",16,23580109,129.59,4,6,6,2476,174.0,4.302298545837402,0.75,1.0
credit_g,CART (ccp path),16,1903183203,134.89000000000001,3,12,12,0,174.0,0.06952214241027832,0.79,1.0
credit_g,GA (NSGA-II),17,2108874373,124.48,3,5,8,2529,174.0,6.414811134338379,0.72,1.0
credit_g,Random Search,17,1111632153,130.48,3,8,8,2529,174.0,6.643246650695801,0.76,1.0
credit_g,"GA (NSGA-II, archived)",17,167235494,124.48,3,4,4,2555,174.0,4.095300912857056,0.72,1.0
credit_g,CART (ccp path),17,172724467,135.39000000000001,3,12,12,0,174.0,0.07370710372924805,0.79,1.0
credit_g,GA (NSGA-II),18,1206427498,126.19000000000001,3,3,3,2526,174.0,4.15014123916626,0.73,1.0
credit_g,Random Search,18,486205925,124.52,2,6,6,2526,174.0,7.056366920471191,0.72,1.0
credit_g,"GA (NSGA-II, archived)",18,1600778232,121.1,1,5,5,2531,174.0,5.341329097747803,0.7,1.0
credit_g,CART (ccp path),18,1239604578,136.8,2,12,12,0,174.0,0.08626365661621094,0.8,1.0
credit_g,GA (NSGA-II),19,635239112,124.48,3,9,15,2561,174.0,7.027609586715698,0.72,1.0
credit_g,Random Search,19,1280793629,124.0,2,6,6,2561,174.0,7.087002992630005,0.72,1.0
credit_g,"GA (NSGA-II, archived)",19,449290854,121.1,1,3,3,2557,174.0,4.235887289047241,0.7,1.0
credit_g,CART (ccp path),19,1555416075,136.55,3,12,12,0,174.0,0.07454991340637207,0.81,1.0
credit_g,GA (NSGA-II),20,189184377,127.82,3,5,5,2579,174.0,4.149519205093384,0.74,1.0
credit_g,Random Search,20,258727469,127.34,3,5,5,2579,174.0,6.856104850769043,0.74,1.0
credit_g,"GA (NSGA-II, archived)",20,1852605173,121.1,1,3,3,2547,174.0,4.120043516159058,0.7,1.0
credit_g,CART (ccp path),20,1319836088,126.47,4,12,12,0,174.0,0.07138967514038086,0.75,1.0
credit_g,GA (NSGA-II),21,1645012567,136.43,3,4,4,2621,174.0,4.048484802246094,0.79,1.0
credit_g,Random Search,21,845196704,129.27,3,5,5,2621,174.0,8.503828525543213,0.75,1.0
credit_g,"GA (NSGA-II, archived)",21,879585854,134.58,4,7,7,2470,174.0,4.5532567501068115,0.78,1.0
credit_g,CART (ccp path),21,792484135,134.69,2,12,12,0,174.0,0.08618450164794922,0.79,1.0
credit_g,GA (NSGA-II),22,643111623,127.88000000000001,3,4,5,2483,174.0,3.933835029602051,0.74,1.0
credit_g,Random Search,22,527183921,132.35000000000002,4,7,7,2483,174.0,6.688343524932861,0.77,1.0
credit_g,"GA (NSGA-II, archived)",22,1615705868,127.88000000000001,3,5,5,2494,174.0,5.00719141960144,0.74,1.0
credit_g,CART (ccp path),22,1919384552,136.60000000000002,2,12,12,0,174.0,0.0761404037475586,0.8,1.0
credit_g,GA (NSGA-II),23,683833989,122.78999999999999,2,12,19,2533,174.0,4.546508312225342,0.71,1.0
credit_g,Random Search,23,667706463,126.17,2,6,6,2533,174.0,8.92439579963684,0.73,1.0
credit_g,"GA (NSGA-II, archived)",23,664750023,122.81,2,5,5,2564,174.0,4.23130989074707,0.71,1.0
credit_g,CART (ccp path),23,814066457,124.10000000000001,3,12,12,0,174.0,0.06889820098876953,0.72,1.0
credit_g,GA (NSGA-II),24,793148531,126.23,2,5,5,2535,174.0,4.8192298412323,0.73,1.0
credit_g,Random Search,24,2110973513,131.81,2,6,6,2535,174.0,6.503330707550049,0.77,1.0
credit_g,"GA (NSGA-II, archived)",24,1649341836,121.1,1,7,7,2540,174.0,5.499124526977539,0.7,1.0
credit_g,CART (ccp path),24,1113353420,142.28,3,12,12,0,174.0,0.08103752136230469,0.84,1.0
credit_g,GA (NSGA-II),25,1962851869,126.11,2,7,19,2530,174.0,4.807773590087891,0.73,1.0
credit_g,Random Search,25,262278057,121.1,1,5,5,2530,174.0,9.1218101978302,0.7,1.0
credit_g,"GA (NSGA-II, archived)",25,950661152,122.77,2,4,4,2559,174.0,4.035125494003296,0.71,1.0
credit_g,CART (ccp path),25,392721946,130.87,4,12,12,0,174.0,0.07712292671203613,0.77,1.0
credit_g,GA (NSGA-II),26,213968621,127.67999999999999,3,5,7,2569,174.0,4.090682029724121,0.74,1.0
credit_g,Random Search,26,1000883383,122.71,2,5,5,2569,174.0,6.4279625415802,0.71,1.0
credit_g,"GA (NSGA-II, archived)",26,1622415740,124.46,3,4,4,2546,174.0,4.349909067153931,0.72,1.0
credit_g,CART (ccp path),26,1576249874,123.92,2,12,12,0,174.0,0.07766270637512207,0.72,1.0
credit_g,GA (NSGA-II),27,1789105178,134.7,4,5,5,2586,174.0,4.64452338218689,0.78,1.0
credit_g,Random Search,27,1502933479,129.65,2,6,6,2586,174.0,9.437633037567139,0.75,1.0
credit_g,"GA (NSGA-II, archived)",27,792859970,127.94,2,4,4,2540,174.0,4.41718602180481,0.74,1.0
credit_g,CART (ccp path),27,476286962,130.0,3,12,12,0,174.0,0.07760238647460938,0.76,1.0
credit_g,GA (NSGA-II),28,917262319,121.1,1,7,10,2560,174.0,4.772281169891357,0.7,1.0
credit_g,Random Search,28,122504505,128.87,3,9,9,2560,174.0,6.483915328979492,0.75,1.0
credit_g,"GA (NSGA-II, archived)",28,100427877,121.1,1,3,3,2497,174.0,4.140474319458008,0.7,1.0
credit_g,CART (ccp path),28,1351378400,127.3,2,12,12,0,174.0,0.08041596412658691,0.74,1.0
credit_g,GA (NSGA-II),29,1406638331,126.23,2,7,7,2583,174.0,6.051324129104614,0.73,1.0
credit_g,Random Search,29,93482299,121.1,1,5,5,2583,174.0,9.475651502609253,0.7,1.0
credit_g,"GA (NSGA-II, archived)",29,732942112,121.1,1,4,4,2549,174.0,4.670514345169067,0.7,1.0
credit_g,CART (ccp path),29,435704480,121.1,1,12,12,0,174.0,0.06466269493103027,0.7,1.0
credit_g,GA (NSGA-II),30,465606186,121.1,1,2,2,2568,174.0,4.245918035507202,0.7,1.0
credit_g,Random Search,30,1532596221,124.32,3,7,7,2568,174.0,6.70965051651001,0.72,1.0
credit_g,"GA (NSGA-II, archived)",30,1686698400,124.52,2,7,7,2564,174.0,4.821556568145752,0.72,1.0
credit_g,CART (ccp path),30,1101269676,126.38000000000001,3,12,12,0,174.0,0.07194900512695312,0.74,1.0
qsar_biodeg,GA (NSGA-II),1,1538343305,81.38679245283018,4,8,8,2497,108.0,6.944158315658569,0.7641509433962265,1.0
qsar_biodeg,Random Search,1,707063153,78.52830188679246,3,5,5,2497,108.0,5.657706022262573,0.7358490566037735,1.0
qsar_biodeg,"GA (NSGA-II, archived)",1,1927151425,84.43396226415095,4,6,6,2520,108.0,4.744647026062012,0.7924528301886793,1.0
qsar_biodeg,CART (ccp path),1,302100089,85.4811320754717,3,12,12,0,108.0,0.19249820709228516,0.8207547169811321,1.0
qsar_biodeg,GA (NSGA-II),2,495216901,83.38679245283019,4,8,9,2571,108.0,4.455547332763672,0.7830188679245284,1.0
qsar_biodeg,Random Search,2,1137596219,81.55660377358491,2,6,6,2571,108.0,5.7419273853302,0.7641509433962265,1.0
qsar_biodeg,"GA (NSGA-II, archived)",2,1599496956,81.38679245283019,5,5,5,2527,108.0,4.524335622787476,0.7641509433962265,1.0
qsar_biodeg,CART (ccp path),2,616964743,80.99056603773585,5,12,12,0,108.0,0.22060894966125488,0.7830188679245284,1.0
qsar_biodeg,GA (NSGA-II),3,835799501,78.28301886792453,3,4,4,2536,108.0,4.910923957824707,0.7358490566037735,1.0
qsar_biodeg,Random Search,3,1891154294,78.65094339622641,4,6,6,2536,108.0,8.100284814834595,0.7452830188679245,1.0
qsar_biodeg,"GA (NSGA-II, archived)",3,1186374104,81.60377358490565,4,7,7,2505,108.0,5.962883472442627,0.7735849056603774,1.0
qsar_biodeg,CART (ccp path),3,221038632,86.28301886792453,3,12,12,0,108.0,0.1950845718383789,0.8301886792452831,1.0
qsar_biodeg,GA (NSGA-II),4,654618389,84.13207547169813,3,6,7,2565,108.0,4.514647006988525,0.7924528301886793,1.0
qsar_biodeg,Random Search,4,1437146640,88.80188679245283,3,5,5,2565,108.0,5.365128755569458,0.839622641509434,1.0
qsar_biodeg,"GA (NSGA-II, archived)",4,315269182,85.51886792452831,2,4,4,2568,108.0,4.6214280128479,0.8018867924528302,1.0
qsar_biodeg,CART (ccp path),4,1583376359,94.12264150943396,3,12,12,0,108.0,0.2000439167022705,0.9150943396226415,1.0
qsar_biodeg,GA (NSGA-II),5,1056914098,84.76415094339625,5,6,6,2507,108.0,4.941068410873413,0.8018867924528302,1.0
qsar_biodeg,Random Search,5,1298456355,83.96226415094338,5,8,8,2507,108.0,8.165686130523682,0.7924528301886793,1.0
qsar_biodeg,"GA (NSGA-II, archived)",5,1019418949,83.31132075471697,5,5,5,2575,108.0,4.920638561248779,0.7830188679245284,1.0
qsar_biodeg,CART (ccp path),5,817779153,88.02830188679245,6,12,12,0,108.0,0.21306610107421875,0.8584905660377359,1.0
qsar_biodeg,GA (NSGA-II),6,1713486974,86.16190476190476,3,7,7,2506,108.0,4.445874452590942,0.8095238095238095,1.0
qsar_biodeg,Random Search,6,296026573,80.67619047619047,5,6,6,2506,108.0,5.255120038986206,0.7714285714285715,1.0
qsar_biodeg,"GA (NSGA-II, archived)",6,1741596231,82.31428571428572,2,7,7,2568,108.0,5.2915942668914795,0.7714285714285715,1.0
qsar_biodeg,CART (ccp path),6,151784499,84.06666666666668,5,12,12,0,108.0,0.2228679656982422,0.8095238095238095,1.0
qsar_biodeg,GA (NSGA-II),7,45668471,88.0857142857143,5,11,12,2533,108.0,5.028008460998535,0.8285714285714286,1.0
qsar_biodeg,Random Search,7,2142238377,88.33333333333334,2,8,8,2533,108.0,7.989109754562378,0.8285714285714286,1.0
qsar_biodeg,"GA (NSGA-II, archived)",7,1298862401,84.27619047619046,3,6,6,2524,108.0,4.991904258728027,0.7904761904761904,1.0
qsar_biodeg,CART (ccp path),7,640837076,88.5047619047619,3,12,12,0,108.0,0.2209932804107666,0.8476190476190476,1.0
qsar_biodeg,GA (NSGA-II),8,945632285,84.02857142857144,4,11,13,2513,108.0,4.756295204162598,0.7904761904761904,1.0
qsar_biodeg,Random Search,8,119215911,85.76190476190476,3,5,5,2513,108.0,5.419006586074829,0.8095238095238095,1.0
qsar_biodeg,"GA (NSGA-II, archived)",8,1863824664,86.25714285714287,3,8,8,2538,108.0,4.520184516906738,0.8095238095238095,1.0
qsar_biodeg,CART (ccp path),8,51708286,88.85714285714285,3,12,12,0,108.0,0.20624065399169922,0.8571428571428571,1.0
qsar_biodeg,GA (NSGA-II),9,1313875009,84.08571428571429,4,5,5,2570,108.0,4.840737819671631,0.7904761904761904,1.0
qsar_biodeg,Random Search,9,585532628,83.09523809523809,6,6,6,2570,108.0,8.177720785140991,0.7904761904761904,1.0
qsar_biodeg,"GA (NSGA-II, archived)",9,281349519,87.45714285714286,5,6,6,2567,108.0,5.343552112579346,0.8285714285714286,1.0
qsar_biodeg,CART (ccp path),9,1017390770,87.27619047619048,5,12,12,0,108.0,0.1856081485748291,0.8380952380952381,1.0
qsar_biodeg,GA (NSGA-II),10,1096179115,86.06666666666666,4,7,7,2533,108.0,4.532908201217651,0.8095238095238095,1.0
qsar_biodeg,Random Search,10,94926678,81.16190476190476,3,4,4,2533,108.0,5.353903293609619,0.7619047619047619,1.0
qsar_biodeg,"GA (NSGA-II, archived)",10,1290298957,89.06666666666666,5,5,5,2552,108.0,4.509187698364258,0.8380952380952381,1.0
qsar_biodeg,CART (ccp path),10,148307374,89.4,3,12,12,0,108.0,0.20539307594299316,0.8666666666666667,1.0
qsar_biodeg,GA (NSGA-II),11,1821843798,83.17924528301887,5,5,5,2550,108.0,4.679193735122681,0.7830188679245284,1.0
qsar_biodeg,Random Search,11,1414780909,81.10377358490567,3,6,6,2550,108.0,5.686156511306763,0.7641509433962265,1.0
qsar_biodeg,"GA (NSGA-II, archived)",11,1132271621,78.30188679245282,4,7,7,2524,108.0,7.235529661178589,0.7358490566037735,1.0
qsar_biodeg,CART (ccp path),11,163023995,81.21698113207547,5,12,12,0,108.0,0.21390652656555176,0.7830188679245284,1.0
qsar_biodeg,GA (NSGA-II),12,271037471,87.5,2,7,8,2549,108.0,4.663193941116333,0.8207547169811321,1.0
qsar_biodeg,Random Search,12,504731197,86.20754716981133,3,5,5,2549,108.0,5.268787384033203,0.8113207547169812,1.0
qsar_biodeg,"GA (NSGA-II, archived)",12,1307605478,86.35849056603776,5,5,5,2551,108.0,4.883742570877075,0.8113207547169812,1.0
qsar_biodeg,CART (ccp path),12,1495074324,88.78301886792454,4,12,12,0,108.0,0.19753694534301758,0.8584905660377359,1.0
qsar_biodeg,GA (NSGA-II),13,1163717709,86.35849056603774,3,8,9,2512,108.0,4.6809985637664795,0.8113207547169812,1.0
qsar_biodeg,Random Search,13,1596085211,85.46226415094341,3,5,5,2512,108.0,5.7209086418151855,0.8207547169811321,1.0
qsar_biodeg,"GA (NSGA-II, archived)",13,1565436601,88.99056603773586,5,8,8,2560,108.0,7.917687654495239,0.839622641509434,1.0
qsar_biodeg,CART (ccp path),13,17043307,92.72641509433963,3,12,12,0,108.0,0.19996976852416992,0.8962264150943396,1.0
qsar_biodeg,GA (NSGA-II),14,798995887,86.83962264150945,5,7,10,2507,108.0,5.044591903686523,0.8207547169811321,1.0
qsar_biodeg,Random Search,14,1814154091,79.9245283018868,3,4,4,2507,108.0,5.800832509994507,0.7547169811320755,1.0
qsar_biodeg,"GA (NSGA-II, archived)",14,1022113412,81.33018867924528,4,6,6,2538,108.0,5.179493188858032,0.7641509433962265,1.0
qsar_biodeg,CART (ccp path),14,1175910959,86.22641509433963,3,12,12,0,108.0,0.23049354553222656,0.8301886792452831,1.0
qsar_biodeg,GA (NSGA-II),15,1904820769,82.43396226415095,4,7,9,2473,108.0,4.907339572906494,0.7735849056603774,1.0
qsar_biodeg,Random Search,15,1463273352,81.10377358490567,4,6,6,2473,108.0,5.398980617523193,0.7641509433962265,1.0
qsar_biodeg,"GA (NSGA-II, archived)",15,1354942323,86.80188679245283,5,6,6,2567,108.0,7.3706512451171875,0.8207547169811321,1.0
qsar_biodeg,CART (ccp path),15,1233898794,84.93396226415095,7,12,12,0,108.0,0.20700883865356445,0.839622641509434,1.0
qsar_biodeg,GA (NSGA-II),16,1544523299,85.95238095238095,4,8,8,2566,108.0,4.5884904861450195,0.8095238095238095,1.0
qsar_biodeg,Random Search,16,485506860,78.97142857142858,3,4,4,2566,108.0,5.720340013504028,0.7428571428571429,1.0
qsar_biodeg,"GA (NSGA-II, archived)",16,323716578,83.14285714285714,4,5,5,2587,108.0,4.996549129486084,0.780952380952381,1.0
qsar_biodeg,CART (ccp path),16,1998154437,85.4,4,12,12,0,108.0,0.20188117027282715,0.8285714285714286,1.0
qsar_biodeg,GA (NSGA-II),17,2074294363,88.08571428571429,3,7,9,2619,108.0,5.204503536224365,0.8285714285714286,1.0
qsar_biodeg,Random Search,17,185409432,88.38095238095238,5,7,7,2619,108.0,6.906801223754883,0.8380952380952381,1.0
qsar_biodeg,"GA (NSGA-II, archived)",17,1205522392,81.27619047619048,3,6,6,2487,108.0,7.280256748199463,0.7619047619047619,1.0
qsar_biodeg,CART (ccp path),17,2097157486,94.52380952380952,5,12,12,0,108.0,0.23825454711914062,0.9238095238095239,1.0
qsar_biodeg,GA (NSGA-II),18,1995636549,85.14285714285715,4,5,8,2513,108.0,4.709359169006348,0.8,1.0
qsar_biodeg,Random Search,18,193088498,85.33333333333334,2,5,5,2513,108.0,5.717072248458862,0.8,1.0
qsar_biodeg,"GA (NSGA-II, archived)",18,1065834986,84.95238095238095,5,6,6,2506,108.0,4.937054634094238,0.8,1.0
qsar_biodeg,CART (ccp path),18,1475465140,90.12380952380953,4,12,12,0,108.0,0.2402794361114502,0.8666666666666667,1.0
qsar_biodeg,GA (NSGA-II),19,2022468199,84.16190476190478,5,7,12,2569,108.0,5.272322654724121,0.7904761904761904,1.0
qsar_biodeg,Random Search,19,210066522,81.33333333333333,2,4,4,2569,108.0,5.65317964553833,0.7619047619047619,1.0
qsar_biodeg,"GA (NSGA-II, archived)",19,1390784393,85.23809523809524,4,5,5,2518,108.0,6.641063690185547,0.8,1.0
qsar_biodeg,CART (ccp path),19,1768848081,90.73333333333333,2,12,12,0,108.0,0.20458197593688965,0.8666666666666667,1.0
qsar_biodeg,GA (NSGA-II),20,934126501,87.29523809523809,3,4,4,2590,108.0,4.665900230407715,0.819047619047619,1.0
qsar_biodeg,Random Search,20,1175415302,89.25714285714285,3,5,5,2590,108.0,5.65776252746582,0.8380952380952381,1.0
qsar_biodeg,"GA (NSGA-II, archived)",20,845569349,89.93333333333334,6,7,7,2530,108.0,4.987391948699951,0.8476190476190476,1.0
qsar_biodeg,CART (ccp path),20,753052613,89.52380952380952,3,12,12,0,108.0,0.2174677848815918,0.8571428571428571,1.0
qsar_biodeg,GA (NSGA-II),21,761135304,85.04716981132076,4,4,4,2486,108.0,5.173868656158447,0.8018867924528302,1.0
qsar_biodeg,Random Search,21,1844088897,82.54716981132076,2,3,3,2486,108.0,5.6000518798828125,0.7735849056603774,1.0
qsar_biodeg,"GA (NSGA-II, archived)",21,1116214768,82.54716981132076,2,6,6,2531,108.0,7.300901412963867,0.7735849056603774,1.0
qsar_biodeg,CART (ccp path),21,253001870,87.41509433962264,5,12,12,0,108.0,0.22571134567260742,0.8490566037735849,1.0
qsar_biodeg,GA (NSGA-II),22,1687756994,86.39622641509435,4,8,10,2513,108.0,4.598378658294678,0.8113207547169812,1.0
qsar_biodeg,Random Search,22,1493869626,86.37735849056604,3,9,9,2513,108.0,5.97092866897583,0.8113207547169812,1.0
qsar_biodeg,"GA (NSGA-II, archived)",22,1313692447,82.80188679245283,4,6,6,2607,108.0,5.339677572250366,0.7830188679245284,1.0
qsar_biodeg,CART (ccp path),22,825897319,90.45283018867924,3,12,12,0,108.0,0.21655678749084473,0.8679245283018868,1.0
qsar_biodeg,GA (NSGA-II),23,1519575398,84.93396226415095,4,8,9,2526,108.0,4.6145758628845215,0.8018867924528302,1.0
qsar_biodeg,Random Search,23,1661460113,80.80188679245283,4,6,6,2526,108.0,5.4165403842926025,0.7641509433962265,1.0
qsar_biodeg,"GA (NSGA-II, archived)",23,1260221186,82.22641509433963,6,6,6,2492,108.0,8.019277095794678,0.7735849056603774,1.0
qsar_biodeg,CART (ccp path),23,2059687323,87.44339622641509,4,12,12,0,108.0,0.21290135383605957,0.839622641509434,1.0
qsar_biodeg,GA (NSGA-II),24,669268507,87.12264150943396,5,8,10,2591,108.0,5.250409841537476,0.8207547169811321,1.0
qsar_biodeg,Random Search,24,434356869,86.8301886792453,4,5,5,2591,108.0,5.661013841629028,0.8301886792452831,1.0
qsar_biodeg,"GA (NSGA-II, archived)",24,1840403593,92.65094339622642,5,5,5,2574,108.0,4.39536190032959,0.8773584905660378,1.0
qsar_biodeg,CART (ccp path),24,504641528,90.30188679245283,5,12,12,0,108.0,0.20486760139465332,0.8867924528301887,1.0
qsar_biodeg,GA (NSGA-II),25,1064792229,87.08490566037736,5,7,8,2550,108.0,4.8975183963775635,0.8207547169811321,1.0
qsar_biodeg,Random Search,25,328590731,84.35849056603774,3,7,7,2550,108.0,5.574622869491577,0.7924528301886793,1.0
qsar_biodeg,"GA (NSGA-II, archived)",25,1547882880,80.50943396226417,3,4,4,2495,108.0,6.996635913848877,0.7547169811320755,1.0
qsar_biodeg,CART (ccp path),25,1280833774,84.88679245283019,3,12,12,0,108.0,0.1958765983581543,0.8113207547169812,1.0
qsar_biodeg,GA (NSGA-II),26,1447571295,82.14285714285714,4,5,8,2537,108.0,4.990768194198608,0.7714285714285715,1.0
qsar_biodeg,Random Search,26,763076768,81.08571428571427,4,6,6,2537,108.0,5.903139114379883,0.7619047619047619,1.0
qsar_biodeg,"GA (NSGA-II, archived)",26,1676657279,84.02857142857144,4,5,5,2536,108.0,4.9513068199157715,0.7904761904761904,1.0
qsar_biodeg,CART (ccp path),26,69367948,85.0952380952381,2,12,12,0,108.0,0.22582769393920898,0.8095238095238095,1.0
qsar_biodeg,GA (NSGA-II),27,1918956961,83.23809523809524,3,9,11,2508,108.0,4.745997428894043,0.780952380952381,1.0
qsar_biodeg,Random Search,27,130109579,86.55238095238096,4,5,5,2508,108.0,5.7931060791015625,0.819047619047619,1.0
qsar_biodeg,"GA (NSGA-II, archived)",27,1757267961,85.06666666666666,4,7,7,2608,108.0,8.370805978775024,0.8,1.0
qsar_biodeg,CART (ccp path),27,845739885,86.4095238095238,3,12,12,0,108.0,0.21794342994689941,0.8285714285714286,1.0
qsar_biodeg,GA (NSGA-II),28,98968811,88.93333333333335,6,13,17,2549,108.0,5.293370008468628,0.8380952380952381,1.0
qsar_biodeg,Random Search,28,400768365,83.25714285714287,3,6,6,2549,108.0,5.847026109695435,0.780952380952381,1.0
qsar_biodeg,"GA (NSGA-II, archived)",28,968955324,92.5142857142857,4,7,7,2514,108.0,4.731239080429077,0.8761904761904762,1.0
qsar_biodeg,CART (ccp path),28,1829619671,87.70476190476191,5,12,12,0,108.0,0.20830249786376953,0.8666666666666667,1.0
qsar_biodeg,GA (NSGA-II),29,101476466,87.80000000000001,5,7,8,2528,108.0,4.543829441070557,0.8285714285714286,1.0
qsar_biodeg,Random Search,29,1960127543,83.1047619047619,3,3,3,2528,108.0,5.850355625152588,0.780952380952381,1.0
qsar_biodeg,"GA (NSGA-II, archived)",29,2070251693,87.00952380952381,5,5,5,2521,108.0,6.881727695465088,0.819047619047619,1.0
qsar_biodeg,CART (ccp path),29,660770811,85.94285714285715,6,12,12,0,108.0,0.21328234672546387,0.8571428571428571,1.0
qsar_biodeg,GA (NSGA-II),30,1137058762,86.12380952380954,4,9,12,2567,108.0,4.6641693115234375,0.8095238095238095,1.0
qsar_biodeg,Random Search,30,418687423,81.18095238095239,4,6,6,2567,108.0,6.236570119857788,0.7619047619047619,1.0
qsar_biodeg,"GA (NSGA-II, archived)",30,571937411,75.33333333333334,2,4,4,2518,108.0,4.422632932662964,0.7047619047619048,1.0
qsar_biodeg,CART (ccp path),30,702887655,87.02857142857142,4,12,12,0,108.0,0.18767809867858887,0.8380952380952381,1.0
pc1,GA (NSGA-II),1,444356697,53.4054054054054,1,2,2,2532,58.0,3.522404909133911,0.9369369369369369,1.0
pc1,Random Search,1,118459716,53.75675675675676,2,3,3,2532,58.0,6.558543682098389,0.9459459459459459,1.0
pc1,"GA (NSGA-II, archived)",1,1632950149,53.4054054054054,1,4,4,2596,58.0,4.045896530151367,0.9369369369369369,1.0
pc1,CART (ccp path),1,405116475,53.96396396396396,3,12,12,0,58.0,0.1319735050201416,0.954954954954955,1.0
pc1,GA (NSGA-II),2,1024266812,53.4054054054054,1,2,2,2539,58.0,6.098543167114258,0.9369369369369369,1.0
pc1,Random Search,2,1996138532,53.9009009009009,2,4,4,2539,58.0,6.932398080825806,0.9459459459459459,1.0
pc1,"GA (NSGA-II, archived)",2,1747722154,53.4054054054054,1,3,3,2542,58.0,3.727045774459839,0.9369369369369369,1.0
pc1,CART (ccp path),2,837971367,53.846846846846844,2,12,12,0,58.0,0.11732888221740723,0.9459459459459459,1.0
pc1,GA (NSGA-II),3,233135757,52.89189189189189,1,3,3,2537,58.0,3.6952292919158936,0.9279279279279279,1.0
pc1,Random Search,3,406534275,52.89189189189189,1,3,3,2537,58.0,6.336452960968018,0.9279279279279279,1.0
pc1,"GA (NSGA-II, archived)",3,2056207566,52.89189189189189,1,4,4,2597,58.0,4.002911329269409,0.9279279279279279,1.0
pc1,CART (ccp path),3,1788102852,53.23423423423423,3,12,12,0,58.0,0.141279935836792,0.9459459459459459,1.0
pc1,GA (NSGA-II),4,641062638,53.369369369369366,2,4,7,2572,58.0,3.7558279037475586,0.9369369369369369,1.0
pc1,Random Search,4,217666934,53.05405405405405,2,4,4,2572,58.0,9.310209274291992,0.9459459459459459,1.0
pc1,"GA (NSGA-II, archived)",4,112474147,52.89189189189189,1,3,3,2530,58.0,3.896267890930176,0.9279279279279279,1.0
pc1,CART (ccp path),4,1121861271,54.207207207207205,4,12,12,0,58.0,0.1267547607421875,0.963963963963964,1.0
pc1,GA (NSGA-II),5,1457326562,53.88288288288288,2,2,2,2626,58.0,3.4854934215545654,0.9459459459459459,1.0
pc1,Random Search,5,1224817335,54.873873873873876,2,3,3,2626,58.0,6.330015182495117,0.963963963963964,1.0
pc1,"GA (NSGA-II, archived)",5,1166261643,53.846846846846844,2,2,2,2536,58.0,3.632249116897583,0.9459459459459459,1.0
pc1,CART (ccp path),5,1832237525,54.585585585585584,2,12,12,0,58.0,0.11265754699707031,0.963963963963964,1.0
pc1,GA (NSGA-II),6,140768320,52.89189189189189,1,3,13,2561,58.0,3.4688491821289062,0.9279279279279279,1.0
pc1,Random Search,6,766977852,52.89189189189189,1,2,2,2561,58.0,6.66308069229126,0.9279279279279279,1.0
pc1,"GA (NSGA-II, archived)",6,1633476589,52.89189189189189,1,3,3,2555,58.0,6.483667373657227,0.9279279279279279,1.0
pc1,CART (ccp path),6,1728706283,53.29729729729729,2,12,12,0,58.0,0.13646793365478516,0.9369369369369369,1.0
pc1,GA (NSGA-II),7,398545763,53.387387387387385,2,3,3,2529,58.0,3.867140054702759,0.9369369369369369,1.0
pc1,Random Search,7,1776360912,52.89189189189189,1,4,4,2529,58.0,6.290235996246338,0.9279279279279279,1.0
pc1,"GA (NSGA-II, archived)",7,18568544,52.89189189189189,1,4,4,2564,58.0,3.76708984375,0.9279279279279279,1.0
pc1,CART (ccp path),7,1854562514,53.29729729729729,2,12,12,0,58.0,0.1348118782043457,0.9369369369369369,1.0
pc1,GA (NSGA-II),8,1163638960,52.89189189189189,1,2,2,2478,58.0,3.8012912273406982,0.9279279279279279,1.0
pc1,Random Search,8,43569451,52.89189189189189,1,3,3,2478,58.0,6.218229293823242,0.9279279279279279,1.0
pc1,"GA (NSGA-II, archived)",8,1623137594,52.89189189189189,1,4,4,2567,58.0,3.9459569454193115,0.9279279279279279,1.0
pc1,CART (ccp path),8,581314563,52.89189189189189,1,12,12,0,58.0,0.12859869003295898,0.9279279279279279,1.0
pc1,GA (NSGA-II),9,352951832,53.387387387387385,2,4,5,2593,58.0,6.4904069900512695,0.9369369369369369,1.0
pc1,Random Search,9,722848924,52.89189189189189,1,3,3,2593,58.0,6.890562057495117,0.9279279279279279,1.0
pc1,"GA (NSGA-II, archived)",9,414266374,52.89189189189189,1,4,4,2561,58.0,4.0830934047698975,0.9279279279279279,1.0
pc1,CART (ccp path),9,574491027,52.89189189189189,1,12,12,0,58.0,0.12230753898620605,0.9279279279279279,1.0
pc1,GA (NSGA-II),10,1115382417,53.872727272727275,2,2,2,2553,58.0,3.8829615116119385,0.9454545454545454,1.0
pc1,Random Search,10,975164297,53.872727272727275,2,4,4,2553,58.0,6.433389186859131,0.9454545454545454,1.0
pc1,"GA (NSGA-II, archived)",10,1462293458,53.872727272727275,2,3,3,2537,58.0,3.8314108848571777,0.9454545454545454,1.0
pc1,CART (ccp path),10,98317218,54.54545454545454,3,12,12,0,58.0,0.13107681274414062,0.9636363636363636,1.0
pc1,GA (NSGA-II),11,104554123,53.4054054054054,1,4,17,2543,58.0,6.471275568008423,0.9369369369369369,1.0
pc1,Random Search,11,1684975005,53.4054054054054,1,3,3,2543,58.0,6.775922775268555,0.9369369369369369,1.0
pc1,"GA (NSGA-II, archived)",11,2071946838,53.4054054054054,1,2,2,2525,58.0,3.7520229816436768,0.9369369369369369,1.0
pc1,CART (ccp path),11,369173373,53.4054054054054,1,12,12,0,58.0,0.1217041015625,0.9369369369369369,1.0
pc1,GA (NSGA-II),12,1631998350,53.4054054054054,1,2,9,2568,58.0,4.077707529067993,0.9369369369369369,1.0
pc1,Random Search,12,1144207658,53.4054054054054,1,4,4,2568,58.0,7.304417848587036,0.9369369369369369,1.0
pc1,"GA (NSGA-II, archived)",12,822781769,53.4054054054054,1,3,3,2546,58.0,4.53261137008667,0.9369369369369369,1.0
pc1,CART (ccp path),12,993350408,53.41441441441441,2,12,12,0,58.0,0.15652132034301758,0.9459459459459459,1.0
pc1,GA (NSGA-II),13,889313814,52.89189189189189,1,2,2,2496,58.0,4.502924919128418,0.9279279279279279,1.0
pc1,Random Search,13,899352461,53.35135135135135,2,4,4,2496,58.0,9.135077476501465,0.9369369369369369,1.0
pc1,"GA (NSGA-II, archived)",13,1628816819,53.88288288288288,2,2,2,2596,58.0,4.2334277629852295,0.9459459459459459,1.0
pc1,CART (ccp path),13,1306687800,52.89189189189189,1,12,12,0,58.0,0.12225770950317383,0.9279279279279279,1.0
pc1,GA (NSGA-II),14,521773912,52.89189189189189,1,2,7,2582,58.0,3.820570468902588,0.9279279279279279,1.0
pc1,Random Search,14,513067594,53.35135135135135,2,4,4,2582,58.0,6.616736888885498,0.9369369369369369,1.0
pc1,"GA (NSGA-II, archived)",14,1555572785,52.89189189189189,1,2,2,2507,58.0,3.8577046394348145,0.9279279279279279,1.0
pc1,CART (ccp path),14,849882875,52.89189189189189,1,12,12,0,58.0,0.12280869483947754,0.9279279279279279,1.0
pc1,GA (NSGA-II),15,421059280,52.89189189189189,1,3,5,2491,58.0,3.723165273666382,0.9279279279279279,1.0
pc1,Random Search,15,690019545,52.89189189189189,1,3,3,2491,58.0,8.270291328430176,0.9279279279279279,1.0
pc1,"GA (NSGA-II, archived)",15,1348407847,52.89189189189189,1,3,3,2513,58.0,4.018744945526123,0.9279279279279279,1.0
pc1,CART (ccp path),15,696021366,53.702702702702695,3,12,12,0,58.0,0.12165164947509766,0.9459459459459459,1.0
pc1,GA (NSGA-II),16,1620499093,52.89189189189189,1,2,2,2581,58.0,3.792534589767456,0.9279279279279279,1.0
pc1,Random Search,16,1243953314,53.35135135135135,2,3,3,2581,58.0,6.405771255493164,0.9369369369369369,1.0
pc1,"GA (NSGA-II, archived)",16,1057912993,53.387387387387385,2,2,2,2523,58.0,3.8407673835754395,0.9369369369369369,1.0
pc1,CART (ccp path),16,1040040829,53.702702702702695,3,12,12,0,58.0,0.1360931396484375,0.9459459459459459,1.0
pc1,GA (NSGA-II),17,738416618,52.89189189189189,1,2,3,2553,58.0,3.863638162612915,0.9279279279279279,1.0
pc1,Random Search,17,192441594,52.89189189189189,1,3,3,2553,58.0,6.5597991943359375,0.9279279279279279,1.0
pc1,"GA (NSGA-II, archived)",17,701877969,52.89189189189189,1,2,2,2555,58.0,6.152552127838135,0.9279279279279279,1.0
pc1,CART (ccp path),17,41286215,53.31531531531531,2,12,12,0,58.0,0.13535356521606445,0.9369369369369369,1.0
pc1,GA (NSGA-II),18,669602290,53.369369369369366,2,2,3,2592,58.0,3.8284406661987305,0.9369369369369369,1.0
pc1,Random Search,18,585729765,53.387387387387385,2,3,3,2592,58.0,6.875295162200928,0.9369369369369369,1.0
pc1,"GA (NSGA-II, archived)",18,1357827034,53.387387387387385,2,2,2,2577,58.0,3.969743013381958,0.9369369369369369,1.0
pc1,CART (ccp path),18,1469872470,53.846846846846844,2,12,12,0,58.0,0.1267256736755371,0.9459459459459459,1.0
pc1,GA (NSGA-II),19,1349362367,53.88288288288288,2,8,20,2536,58.0,3.7492358684539795,0.9459459459459459,1.0
pc1,Random Search,19,644598043,53.387387387387385,2,2,2,2536,58.0,6.36984395980835,0.9369369369369369,1.0
pc1,"GA (NSGA-II, archived)",19,1986802165,52.89189189189189,1,2,2,2527,58.0,6.76997709274292,0.9279279279279279,1.0
pc1,CART (ccp path),19,1030059002,53.77477477477477,3,12,12,0,58.0,0.14618659019470215,0.9459459459459459,1.0
pc1,GA (NSGA-II),20,2090713716,53.372727272727275,1,3,3,2569,58.0,3.9269533157348633,0.9363636363636364,1.0
pc1,Random Search,20,591968183,53.372727272727275,1,3,3,2569,58.0,6.526802062988281,0.9363636363636364,1.0
pc1,"GA (NSGA-II, archived)",20,1767875667,53.372727272727275,1,3,3,2561,58.0,3.9785120487213135,0.9363636363636364,1.0
pc1,CART (ccp path),20,1569339802,54.22727272727273,2,12,12,0,58.0,0.11934256553649902,0.9545454545454546,1.0
pc1,GA (NSGA-II),21,955187312,53.86486486486486,2,8,28,2507,58.0,4.242255926132202,0.9459459459459459,1.0
pc1,Random Search,21,1255160604,53.4054054054054,1,3,3,2507,58.0,6.4985268115997314,0.9369369369369369,1.0
pc1,"GA (NSGA-II, archived)",21,1477281054,53.4054054054054,1,3,3,2489,58.0,3.672274589538574,0.9369369369369369,1.0
pc1,CART (ccp path),21,942890666,53.828828828828826,2,12,12,0,58.0,0.1386563777923584,0.9459459459459459,1.0
pc1,GA (NSGA-II),22,1497815595,53.4054054054054,1,2,2,2573,58.0,6.665154695510864,0.9369369369369369,1.0
pc1,Random Search,22,1519501465,53.4054054054054,1,3,3,2573,58.0,7.082251310348511,0.9369369369369369,1.0
pc1,"GA (NSGA-II, archived)",22,1546995791,53.4054054054054,1,2,2,2517,58.0,3.967941999435425,0.9369369369369369,1.0
pc1,CART (ccp path),22,1332688704,53.4054054054054,1,12,12,0,58.0,0.15622210502624512,0.9369369369369369,1.0
pc1,GA (NSGA-II),23,483077219,53.88288288288288,2,3,8,2489,58.0,3.79938006401062,0.9459459459459459,1.0
pc1,Random Search,23,843248673,53.35135135135135,2,5,5,2489,58.0,6.506916046142578,0.9369369369369369,1.0
pc1,"GA (NSGA-II, archived)",23,1272312751,53.369369369369366,2,2,2,2547,58.0,4.127281904220581,0.9369369369369369,1.0
pc1,CART (ccp path),23,748401292,52.93693693693693,2,12,12,0,58.0,0.11987853050231934,0.9369369369369369,1.0
pc1,GA (NSGA-II),24,1499229966,52.89189189189189,1,5,15,2515,58.0,6.595478296279907,0.9279279279279279,1.0
pc1,Random Search,24,1775661442,53.369369369369366,2,3,3,2515,58.0,7.090469837188721,0.9369369369369369,1.0
pc1,"GA (NSGA-II, archived)",24,1388152880,52.89189189189189,1,3,3,2539,58.0,3.7580785751342773,0.9279279279279279,1.0
pc1,CART (ccp path),24,491846023,52.89189189189189,1,12,12,0,58.0,0.15391159057617188,0.9279279279279279,1.0
pc1,GA (NSGA-II),25,201271210,52.89189189189189,1,3,5,2524,58.0,3.998392105102539,0.9279279279279279,1.0
pc1,Random Search,25,2116876379,53.27927927927927,2,3,3,2524,58.0,6.477469205856323,0.9369369369369369,1.0
pc1,"GA (NSGA-II, archived)",25,606879034,52.89189189189189,1,3,3,2504,58.0,4.007826566696167,0.9279279279279279,1.0
pc1,CART (ccp path),25,249219799,52.89189189189189,1,12,12,0,58.0,0.11526870727539062,0.9279279279279279,1.0
pc1,GA (NSGA-II),26,1941377830,52.89189189189189,1,2,8,2529,58.0,3.6014535427093506,0.9279279279279279,1.0
pc1,Random Search,26,560941051,52.89189189189189,1,2,2,2529,58.0,8.345723390579224,0.9279279279279279,1.0
pc1,"GA (NSGA-II, archived)",26,171388592,52.89189189189189,1,2,2,2571,58.0,3.823523998260498,0.9279279279279279,1.0
pc1,CART (ccp path),26,1280575968,53.648648648648646,3,12,12,0,58.0,0.14463353157043457,0.9459459459459459,1.0
pc1,GA (NSGA-II),27,1827932747,53.846846846846844,2,2,2,2518,58.0,4.19927453994751,0.9459459459459459,1.0
pc1,Random Search,27,152718016,52.89189189189189,1,2,2,2518,58.0,6.132514953613281,0.9279279279279279,1.0
pc1,"GA (NSGA-II, archived)",27,1712953204,52.89189189189189,1,2,2,2551,58.0,3.1069729328155518,0.9279279279279279,1.0
pc1,CART (ccp path),27,171662146,54.16216216216216,2,12,12,0,58.0,0.12311744689941406,0.954954954954955,1.0
pc1,GA (NSGA-II),28,1115928917,52.89189189189189,1,2,2,2492,58.0,3.3476598262786865,0.9279279279279279,1.0
pc1,Random Search,28,213210422,52.89189189189189,1,4,4,2492,58.0,5.5975341796875,0.9279279279279279,1.0
pc1,"GA (NSGA-II, archived)",28,352812140,52.89189189189189,1,2,2,2557,58.0,5.2885353565216064,0.9279279279279279,1.0
pc1,CART (ccp path),28,763328109,53.29729729729729,2,12,12,0,58.0,0.12357044219970703,0.9369369369369369,1.0
pc1,GA (NSGA-II),29,1672198825,53.387387387387385,2,2,6,2529,58.0,3.2532737255096436,0.9369369369369369,1.0
pc1,Random Search,29,380982779,53.387387387387385,2,3,3,2529,58.0,6.218358755111694,0.9369369369369369,1.0
pc1,"GA (NSGA-II, archived)",29,809687576,53.387387387387385,2,3,3,2564,58.0,3.400508403778076,0.9369369369369369,1.0
pc1,CART (ccp path),29,1611021306,54.18018018018018,3,12,12,0,58.0,0.12164115905761719,0.954954954954955,1.0
pc1,GA (NSGA-II),30,154730972,53.85454545454545,2,3,80,2608,58.0,3.62756085395813,0.9454545454545454,1.0
pc1,Random Search,30,1702680323,53.872727272727275,2,2,2,2608,58.0,6.117107391357422,0.9454545454545454,1.0
pc1,"GA (NSGA-II, archived)",30,58110205,53.872727272727275,2,2,2,2518,58.0,3.313241720199585,0.9454545454545454,1.0
pc1,CART (ccp path),30,340092749,53.763636363636365,2,12,12,0,58.0,0.12208008766174316,0.9454545454545454,1.0
banknote,GA (NSGA-II),1,240552932,45.224637681159415,5,6,6,2578,50.0,6.133101224899292,0.9492753623188406,1.0
banknote,Random Search,1,2061836260,43.07246376811593,5,7,7,2578,50.0,10.196966409683228,0.9130434782608695,1.0
banknote,"GA (NSGA-II, archived)",1,254389707,44.89130434782609,5,8,8,2502,50.0,5.718137979507446,0.9492753623188406,1.0
banknote,CART (ccp path),1,1774718963,45.17391304347826,6,12,12,0,50.0,0.05534100532531738,0.9710144927536232,1.0
banknote,GA (NSGA-II),2,1502872231,43.51449275362319,4,8,15,2570,50.0,4.983936786651611,0.9057971014492754,1.0
banknote,Random Search,2,2097953418,44.94927536231884,3,5,5,2570,50.0,6.944829702377319,0.9492753623188406,1.0
banknote,"GA (NSGA-II, archived)",2,1860505727,45.130434782608695,5,5,5,2537,50.0,5.974182367324829,0.9420289855072463,1.0
banknote,CART (ccp path),2,504060924,44.93478260869566,7,12,12,0,50.0,0.06026577949523926,0.9927536231884058,1.0
banknote,GA (NSGA-II),3,1927870303,45.24087591240876,7,10,12,2590,50.0,7.822961091995239,0.948905109489051,1.0
banknote,Random Search,3,693146526,43.722627737226276,6,6,6,2590,50.0,7.381360769271851,0.948905109489051,1.0
banknote,"GA (NSGA-II, archived)",3,1560773528,43.99999999999999,5,10,10,2527,50.0,6.081845283508301,0.9197080291970803,1.0
banknote,CART (ccp path),3,148467754,45.226277372262764,6,12,12,0,50.0,0.05434846878051758,0.9781021897810219,1.0
banknote,GA (NSGA-II),4,1646551599,42.78832116788321,3,10,10,2530,50.0,5.872685670852661,0.8905109489051095,1.0
banknote,Random Search,4,639917341,43.27737226277372,6,8,8,2530,50.0,7.468398571014404,0.9416058394160584,1.0
banknote,"GA (NSGA-II, archived)",4,342563577,42.270072992700726,5,5,5,2584,50.0,8.686211347579956,0.8832116788321168,1.0
banknote,CART (ccp path),4,1209986524,44.25547445255474,8,12,12,0,50.0,0.06289029121398926,0.9708029197080292,1.0
banknote,GA (NSGA-II),5,1851444938,45.01459854014599,4,5,6,2547,50.0,5.998658657073975,0.9416058394160584,1.0
banknote,Random Search,5,436195983,44.67883211678832,5,6,6,2547,50.0,7.599735975265503,0.9562043795620438,1.0
banknote,"GA (NSGA-II, archived)",5,105614849,43.48905109489051,4,5,5,2567,50.0,5.307224273681641,0.9051094890510949,1.0
banknote,CART (ccp path),5,1660911442,46.20437956204379,6,12,12,0,50.0,0.055615901947021484,0.9927007299270073,1.0
banknote,GA (NSGA-II),6,2138497474,45.7007299270073,4,5,8,2531,50.0,5.024904489517212,0.9562043795620438,1.0
banknote,Random Search,6,1252428771,46.24087591240876,5,6,6,2531,50.0,9.767517805099487,0.9708029197080292,1.0
banknote,"GA (NSGA-II, archived)",6,1246623026,45.84671532846715,4,8,8,2582,50.0,5.640098571777344,0.9562043795620438,1.0
banknote,CART (ccp path),6,2138592805,46.36496350364963,5,12,12,0,50.0,0.05571269989013672,0.9927007299270073,1.0
banknote,GA (NSGA-II),7,1226571279,44.66423357664233,5,8,9,2583,50.0,6.042749643325806,0.9416058394160584,1.0
banknote,Random Search,7,1449723480,44.10948905109488,6,10,10,2583,50.0,8.00576400756836,0.9416058394160584,1.0
banknote,"GA (NSGA-II, archived)",7,771297628,45.01459854014599,4,5,5,2613,50.0,6.243513107299805,0.9416058394160584,1.0
banknote,CART (ccp path),7,1675647634,45.85401459854015,7,12,12,0,50.0,0.06274867057800293,0.9927007299270073,1.0
banknote,GA (NSGA-II),8,1643306056,43.35766423357664,4,6,7,2475,50.0,8.28942322731018,0.9051094890510949,1.0
banknote,Random Search,8,1759570043,41.26277372262774,4,7,7,2475,50.0,7.343046426773071,0.8832116788321168,1.0
banknote,"GA (NSGA-II, archived)",8,1927316320,43.51094890510949,6,7,7,2542,50.0,5.6809241771698,0.9124087591240876,1.0
banknote,CART (ccp path),8,1691207440,43.868613138686136,6,12,12,0,50.0,0.05383658409118652,0.948905109489051,1.0
banknote,GA (NSGA-II),9,648975908,44.17518248175182,4,11,16,2596,50.0,5.662291765213013,0.9197080291970803,1.0
banknote,Random Search,9,1220439320,44.02919708029197,5,7,7,2596,50.0,7.347214460372925,0.9343065693430657,1.0
banknote,"GA (NSGA-II, archived)",9,134721995,45.481751824817515,4,8,8,2575,50.0,8.636144161224365,0.9562043795620438,1.0
banknote,CART (ccp path),9,872730148,45.91240875912409,6,12,12,0,50.0,0.06174302101135254,0.9927007299270073,1.0
banknote,GA (NSGA-II),10,1381391640,45.56204379562045,6,9,12,2530,50.0,5.59830641746521,0.9635036496350365,1.0
banknote,Random Search,10,232474122,42.24087591240876,5,7,7,2530,50.0,7.189776659011841,0.927007299270073,1.0
banknote,"GA (NSGA-II, archived)",10,119745964,44.38686131386861,4,4,4,2560,50.0,5.28791880607605,0.927007299270073,1.0
banknote,CART (ccp path),10,415990668,45.540145985401466,7,12,12,0,50.0,0.05260443687438965,0.9854014598540146,1.0
banknote,GA (NSGA-II),11,1318115108,44.92028985507247,4,8,13,2530,50.0,5.961737632751465,0.9347826086956522,1.0
banknote,Random Search,11,539614704,45.17391304347827,5,6,6,2530,50.0,9.766908168792725,0.9565217391304348,1.0
banknote,"GA (NSGA-II, archived)",11,1414382354,45.45652173913043,6,6,6,2553,50.0,6.258294343948364,0.9492753623188406,1.0
banknote,CART (ccp path),11,653516385,45.79710144927536,6,12,12,0,50.0,0.06398224830627441,0.9855072463768116,1.0
banknote,GA (NSGA-II),12,922037807,42.44927536231884,4,8,10,2560,50.0,5.65385627746582,0.8840579710144928,1.0
banknote,Random Search,12,1899387452,44.04347826086957,5,6,6,2560,50.0,7.175887823104858,0.927536231884058,1.0
banknote,"GA (NSGA-II, archived)",12,62878359,45.36231884057972,7,10,10,2549,50.0,6.673812389373779,0.9565217391304348,1.0
banknote,CART (ccp path),12,2050455737,44.905797101449274,6,12,12,0,50.0,0.07782173156738281,0.9927536231884058,1.0
banknote,GA (NSGA-II),13,1432726612,45.8978102189781,4,9,11,2575,50.0,9.513450860977173,0.9635036496350365,1.0
banknote,Random Search,13,1093107063,45.627737226277375,5,7,7,2575,50.0,7.114719390869141,0.9708029197080292,1.0
banknote,"GA (NSGA-II, archived)",13,1489753822,45.54744525547445,7,8,8,2495,50.0,6.02785849571228,0.9635036496350365,1.0
banknote,CART (ccp path),13,330113684,45.93430656934307,7,12,12,0,50.0,0.05047440528869629,0.9854014598540146,1.0
banknote,GA (NSGA-II),14,1073239919,45.43065693430657,4,11,12,2585,50.0,5.139325857162476,0.948905109489051,1.0
banknote,Random Search,14,1214540673,44.34306569343066,4,6,6,2585,50.0,7.6346821784973145,0.9416058394160584,1.0
banknote,"GA (NSGA-II, archived)",14,1932614984,45.956204379562045,5,6,6,2581,50.0,8.967240571975708,0.9635036496350365,1.0
banknote,CART (ccp path),14,411410196,46.44525547445255,7,12,12,0,50.0,0.05412435531616211,1.0,1.0
banknote,GA (NSGA-II),15,1309598134,45.284671532846716,5,7,16,2559,50.0,6.279464244842529,0.948905109489051,1.0
banknote,Random Search,15,1375533709,44.14598540145985,4,8,8,2559,50.0,7.305055618286133,0.9635036496350365,1.0
banknote,"GA (NSGA-II, archived)",15,1298594602,44.35766423357665,7,10,10,2508,50.0,5.939526557922363,0.9416058394160584,1.0
banknote,CART (ccp path),15,591777100,45.01459854014599,6,12,12,0,50.0,0.06392598152160645,0.9708029197080292,1.0
banknote,GA (NSGA-II),16,1651265075,43.98540145985401,4,5,5,2593,50.0,6.137704849243164,0.9197080291970803,1.0
banknote,Random Search,16,665666549,43.86861313868613,7,9,9,2593,50.0,10.109517335891724,0.948905109489051,1.0
banknote,"GA (NSGA-II, archived)",16,1777629896,43.68613138686131,4,6,6,2574,50.0,6.272467136383057,0.9124087591240876,1.0
banknote,CART (ccp path),16,472214199,45.167883211678834,7,12,12,0,50.0,0.054747581481933594,0.9927007299270073,1.0
banknote,GA (NSGA-II),17,171331855,44.175182481751825,4,7,7,2540,50.0,5.91292405128479,0.9197080291970803,1.0
banknote,Random Search,17,1246202716,44.832116788321166,5,8,8,2540,50.0,7.515329122543335,0.9635036496350365,1.0
banknote,"GA (NSGA-II, archived)",17,1538030947,43.832116788321166,4,5,5,2540,50.0,5.249258756637573,0.9124087591240876,1.0
banknote,CART (ccp path),17,1040779744,44.93430656934307,7,12,12,0,50.0,2.2963075637817383,0.9781021897810219,1.0
banknote,GA (NSGA-II),18,152503121,46.83941605839416,5,10,11,2590,50.0,5.887805700302124,0.9854014598540146,1.0
banknote,Random Search,18,1735204593,43.8029197080292,6,8,8,2590,50.0,8.157912731170654,0.9562043795620438,1.0
banknote,"GA (NSGA-II, archived)",18,664783649,44.058394160583944,4,7,7,2568,50.0,5.663300514221191,0.9197080291970803,1.0
banknote,CART (ccp path),18,776311592,46.04379562043796,6,12,12,0,50.0,0.04362225532531738,0.9927007299270073,1.0
banknote,GA (NSGA-II),19,908624813,44.52554744525547,5,6,6,2520,50.0,5.074669361114502,0.9343065693430657,1.0
banknote,Random Search,19,729014258,42.8905109489051,7,8,8,2520,50.0,6.7431347370147705,0.9343065693430657,1.0
banknote,"GA (NSGA-II, archived)",19,418178744,43.5985401459854,6,7,7,2538,50.0,7.479917049407959,0.927007299270073,1.0
banknote,CART (ccp path),19,1821223917,44.44525547445255,7,12,12,0,50.0,0.05432581901550293,0.9562043795620438,1.0
banknote,GA (NSGA-II),20,314971596,45.46715328467153,5,5,6,2590,50.0,5.8717827796936035,0.9562043795620438,1.0
banknote,Random Search,20,716349496,45.01459854014599,3,6,6,2590,50.0,6.849814176559448,0.9416058394160584,1.0
banknote,"GA (NSGA-II, archived)",20,1056828531,43.75912408759124,5,7,7,2558,50.0,5.674898147583008,0.9124087591240876,1.0
banknote,CART (ccp path),20,1936745392,45.91240875912409,7,12,12,0,50.0,0.049634695053100586,0.9927007299270073,1.0
banknote,GA (NSGA-II),21,1767136582,44.63768115942029,7,12,15,2545,50.0,5.228628635406494,0.9420289855072463,1.0
banknote,Random Search,21,1284043079,43.949275362318836,5,6,6,2545,50.0,8.402547597885132,0.9347826086956522,1.0
banknote,"GA (NSGA-II, archived)",21,1425707097,42.80434782608695,4,4,4,2557,50.0,4.315086126327515,0.8913043478260869,1.0
banknote,CART (ccp path),21,1627570975,45.07971014492753,6,12,12,0,50.0,0.048461198806762695,0.9927536231884058,1.0
banknote,GA (NSGA-II),22,117791390,45.22463768115942,4,7,8,2571,50.0,4.980802059173584,0.9492753623188406,1.0
banknote,Random Search,22,1068590793,45.630434782608695,4,5,5,2571,50.0,6.164227247238159,0.9637681159420289,1.0
banknote,"GA (NSGA-II, archived)",22,160752127,45.963768115942024,6,6,6,2586,50.0,5.009918689727783,0.9637681159420289,1.0
banknote,CART (ccp path),22,836198034,45.99275362318841,4,12,12,0,50.0,0.05549502372741699,0.9782608695652174,1.0
banknote,GA (NSGA-II),23,792243013,44.88321167883212,5,9,14,2597,50.0,4.555866718292236,0.9416058394160584,1.0
banknote,Random Search,23,920420829,43.52554744525548,4,7,7,2597,50.0,8.37415337562561,0.927007299270073,1.0
banknote,"GA (NSGA-II, archived)",23,1498795648,43.52554744525547,5,7,7,2492,50.0,4.721377849578857,0.9124087591240876,1.0
banknote,CART (ccp path),23,837157665,45.905109489051085,7,12,12,0,50.0,0.04387164115905762,1.0,1.0
banknote,GA (NSGA-II),24,1129475521,45.11678832116788,5,8,14,2517,50.0,4.1677796840667725,0.9416058394160584,1.0
banknote,Random Search,24,1086760801,43.31386861313869,5,7,7,2517,50.0,5.832223653793335,0.9051094890510949,1.0
banknote,"GA (NSGA-II, archived)",24,1109476718,44.160583941605836,5,5,5,2537,50.0,4.282576560974121,0.9197080291970803,1.0
banknote,CART (ccp path),24,668353158,45.642335766423365,7,12,12,0,50.0,0.04474949836730957,0.9854014598540146,1.0
banknote,GA (NSGA-II),25,800243782,44.07299270072993,5,5,6,2537,50.0,3.946732759475708,0.9197080291970803,1.0
banknote,Random Search,25,1986628355,44.715328467153284,7,8,8,2537,50.0,6.0449090003967285,0.9635036496350365,1.0
banknote,"GA (NSGA-II, archived)",25,103453662,45.029197080291965,4,5,5,2532,50.0,6.817435026168823,0.9416058394160584,1.0
banknote,CART (ccp path),25,350509563,46.07299270072992,6,12,12,0,50.0,0.048952579498291016,0.9927007299270073,1.0
banknote,GA (NSGA-II),26,302579864,44.38686131386861,5,8,8,2548,50.0,4.881885051727295,0.927007299270073,1.0
banknote,Random Search,26,214046452,43.45255474452555,4,5,5,2548,50.0,6.102731227874756,0.9124087591240876,1.0
banknote,"GA (NSGA-II, archived)",26,341478084,44.30656934306569,7,8,8,2513,50.0,5.880732536315918,0.9343065693430657,1.0
banknote,CART (ccp path),26,1670146696,45.31386861313868,8,12,12,0,50.0,0.0624842643737793,0.9781021897810219,1.0
banknote,GA (NSGA-II),27,562321194,44.78832116788321,6,8,10,2530,50.0,6.129768133163452,0.948905109489051,1.0
banknote,Random Search,27,905947859,42.34306569343066,6,8,8,2530,50.0,8.499737977981567,0.8978102189781022,1.0
banknote,"GA (NSGA-II, archived)",27,354889943,46.12408759124087,5,5,5,2572,50.0,6.062175750732422,0.9708029197080292,1.0
banknote,CART (ccp path),27,2088442568,45.737226277372265,8,12,12,0,50.0,0.04555082321166992,0.9927007299270073,1.0
banknote,GA (NSGA-II),28,1813835698,44.7007299270073,8,11,14,2588,50.0,5.39578914642334,0.948905109489051,1.0
banknote,Random Search,28,850479035,42.88321167883211,4,7,7,2588,50.0,6.17164945602417,0.8978102189781022,1.0
banknote,"GA (NSGA-II, archived)",28,11433197,44.52554744525548,5,5,5,2540,50.0,4.889246940612793,0.9343065693430657,1.0
banknote,CART (ccp path),28,1210467247,45.291970802919714,6,12,12,0,50.0,0.05274653434753418,0.9854014598540146,1.0
banknote,GA (NSGA-II),29,2041877478,44.62043795620437,6,13,17,2517,50.0,5.3010053634643555,0.9416058394160584,1.0
banknote,Random Search,29,252954904,43.28467153284671,5,7,7,2517,50.0,8.47508692741394,0.9197080291970803,1.0
banknote,"GA (NSGA-II, archived)",29,1446024554,45.124087591240865,6,6,6,2570,50.0,4.4647746086120605,0.948905109489051,1.0
banknote,CART (ccp path),29,1491071745,45.00000000000001,6,12,12,0,50.0,0.05117154121398926,0.9854014598540146,1.0
banknote,GA (NSGA-II),30,101238891,44.57664233576642,3,9,10,2508,50.0,5.064487934112549,0.927007299270073,1.0
banknote,Random Search,30,724570366,44.47445255474452,4,6,6,2508,50.0,6.052234649658203,0.927007299270073,1.0
banknote,"GA (NSGA-II, archived)",30,917885732,45.970802919708035,6,10,10,2499,50.0,5.445818901062012,0.9635036496350365,1.0
banknote,CART (ccp path),30,1321018771,45.510948905109494,6,12,12,0,50.0,0.05604410171508789,1.0,1.0
pc4,GA (NSGA-II),1,92351951,80.36986301369862,3,4,4,2563,90.0,4.340151786804199,0.9041095890410958,1.0
pc4,Random Search,1,1858594957,79.02739726027397,2,4,4,2563,90.0,7.319464445114136,0.8904109589041096,1.0
pc4,"GA (NSGA-II, archived)",1,530869223,78.60958904109589,2,2,2,2563,90.0,4.103220462799072,0.8835616438356164,1.0
pc4,CART (ccp path),1,953047135,80.24657534246575,2,12,12,0,90.0,1.7947139739990234,0.9041095890410958,1.0
pc4,GA (NSGA-II),2,381488992,80.41095890410959,2,3,3,2524,90.0,4.05390191078186,0.9041095890410958,1.0
pc4,Random Search,2,1487173226,80.27397260273973,3,4,4,2524,90.0,7.198435068130493,0.9041095890410958,1.0
pc4,"GA (NSGA-II, archived)",2,1882282361,80.41095890410959,2,4,4,2551,90.0,4.153548717498779,0.9041095890410958,1.0
pc4,CART (ccp path),2,1970581617,80.8013698630137,2,12,12,0,90.0,0.19028234481811523,0.910958904109589,1.0
pc4,GA (NSGA-II),3,1527162424,80.36986301369862,3,6,7,2573,90.0,4.121006011962891,0.9041095890410958,1.0
pc4,Random Search,3,1071391831,80.97945205479452,3,4,4,2573,90.0,7.162780284881592,0.910958904109589,1.0
pc4,"GA (NSGA-II, archived)",3,838640202,81.6027397260274,2,4,4,2523,90.0,4.470190763473511,0.9178082191780822,1.0
pc4,CART (ccp path),3,698924596,81.27397260273973,2,12,12,0,90.0,0.21801161766052246,0.9178082191780822,1.0
pc4,GA (NSGA-II),4,620298919,79.20547945205479,3,4,4,2558,90.0,6.674429416656494,0.8904109589041096,1.0
pc4,Random Search,4,413452275,80.28767123287672,3,6,6,2558,90.0,7.217962980270386,0.9041095890410958,1.0
pc4,"GA (NSGA-II, archived)",4,1644509827,78.60958904109589,2,3,3,2536,90.0,4.083552122116089,0.8835616438356164,1.0
pc4,CART (ccp path),4,156658399,80.69863013698631,4,12,12,0,90.0,0.2046489715576172,0.9178082191780822,1.0
pc4,GA (NSGA-II),5,16092921,79.19178082191782,2,6,8,2553,90.0,4.370956182479858,0.8904109589041096,1.0
pc4,Random Search,5,1514618807,79.21917808219179,2,4,4,2553,90.0,7.074231386184692,0.8904109589041096,1.0
pc4,"GA (NSGA-II, archived)",5,1886138828,79.8013698630137,3,3,3,2509,90.0,4.813162565231323,0.8972602739726028,1.0
pc4,CART (ccp path),5,2115574534,79.69178082191782,2,12,12,0,90.0,0.22728610038757324,0.8972602739726028,1.0
pc4,GA (NSGA-II),6,1746155943,79.78767123287672,3,5,8,2529,90.0,7.581998109817505,0.8972602739726028,1.0
pc4,Random Search,6,704118667,80.76027397260275,3,7,7,2529,90.0,6.701914072036743,0.910958904109589,1.0
pc4,"GA (NSGA-II, archived)",6,1931370781,79.81506849315069,2,3,3,2483,90.0,4.259923458099365,0.8972602739726028,1.0
pc4,CART (ccp path),6,765320197,81.48630136986303,3,12,12,0,90.0,0.1957104206085205,0.9246575342465754,1.0
pc4,GA (NSGA-II),7,1374948839,79.81506849315069,2,3,4,2514,90.0,3.936065912246704,0.8972602739726028,1.0
pc4,Random Search,7,856656407,79.81506849315069,2,3,3,2514,90.0,6.878079652786255,0.8972602739726028,1.0
pc4,"GA (NSGA-II, archived)",7,1485685390,80.96575342465754,3,3,3,2545,90.0,4.4717817306518555,0.910958904109589,1.0
pc4,CART (ccp path),7,1489996528,81.61643835616438,4,12,12,0,90.0,0.19840216636657715,0.9315068493150684,1.0
pc4,GA (NSGA-II),8,1126563698,78.02739726027397,1,3,4,2559,90.0,7.352355003356934,0.8767123287671232,1.0
pc4,Random Search,8,1033987006,79.21917808219179,2,5,5,2559,90.0,7.507391452789307,0.8904109589041096,1.0
pc4,"GA (NSGA-II, archived)",8,970029847,79.76027397260273,4,4,4,2517,90.0,4.498772621154785,0.8972602739726028,1.0
pc4,CART (ccp path),8,687116021,79.10958904109589,2,12,12,0,90.0,0.2053987979888916,0.8904109589041096,1.0
pc4,GA (NSGA-II),9,355549120,79.75172413793103,3,3,3,2546,90.0,4.1393797397613525,0.896551724137931,1.0
pc4,Random Search,9,1138499056,80.07586206896552,3,7,7,2546,90.0,7.443952560424805,0.903448275862069,1.0
pc4,"GA (NSGA-II, archived)",9,1636626841,79.75172413793103,3,3,3,2533,90.0,7.222834348678589,0.896551724137931,1.0
pc4,CART (ccp path),9,2134844304,80.71724137931035,3,12,12,0,90.0,0.22606730461120605,0.9103448275862069,1.0
pc4,GA (NSGA-II),10,1430805006,79.76551724137931,2,3,3,2587,90.0,4.562052011489868,0.896551724137931,1.0
pc4,Random Search,10,634221441,80.32413793103449,2,4,4,2587,90.0,7.600563049316406,0.903448275862069,1.0
pc4,"GA (NSGA-II, archived)",10,193345977,80.35172413793104,3,3,3,2567,90.0,4.685745000839233,0.903448275862069,1.0
pc4,CART (ccp path),10,2064360180,80.2,2,12,12,0,90.0,0.23720502853393555,0.903448275862069,1.0
pc4,GA (NSGA-II),11,994890212,78.02739726027397,1,3,3,2542,90.0,4.504000902175903,0.8767123287671232,1.0
pc4,Random Search,11,1377102905,78.02739726027397,1,3,3,2542,90.0,7.060159921646118,0.8767123287671232,1.0
pc4,"GA (NSGA-II, archived)",11,35853071,79.76027397260275,3,3,3,2564,90.0,6.543826341629028,0.8972602739726028,1.0
pc4,CART (ccp path),11,1233588736,79.04109589041096,3,12,12,0,90.0,0.18894124031066895,0.8904109589041096,1.0
pc4,GA (NSGA-II),12,648837908,81.0068493150685,2,3,3,2535,90.0,4.145055055618286,0.910958904109589,1.0
pc4,Random Search,12,587084234,80.67808219178082,3,4,4,2535,90.0,7.619930028915405,0.910958904109589,1.0
pc4,"GA (NSGA-II, archived)",12,1624123508,81.58904109589041,3,4,4,2544,90.0,3.8990583419799805,0.9178082191780822,1.0
pc4,CART (ccp path),12,26160090,81.27397260273973,2,12,12,0,90.0,0.18169474601745605,0.9178082191780822,1.0
pc4,GA (NSGA-II),13,2100281904,80.7876712328767,4,6,14,2553,90.0,3.728269338607788,0.910958904109589,1.0
pc4,Random Search,13,1275991806,78.5,2,4,4,2553,90.0,6.163813352584839,0.8835616438356164,1.0
pc4,"GA (NSGA-II, archived)",13,451177143,78.60958904109589,2,3,3,2487,90.0,3.8518216609954834,0.8835616438356164,1.0
pc4,CART (ccp path),13,1162487047,80.69863013698631,5,12,12,0,90.0,0.2028794288635254,0.9178082191780822,1.0
pc4,GA (NSGA-II),14,1127731723,79.77397260273973,2,6,15,2571,90.0,5.827252388000488,0.8972602739726028,1.0
pc4,Random Search,14,656250223,79.59589041095892,3,6,6,2571,90.0,6.864618301391602,0.8972602739726028,1.0
pc4,"GA (NSGA-II, archived)",14,2124262918,78.02739726027397,1,2,2,2531,90.0,3.7362570762634277,0.8767123287671232,1.0
pc4,CART (ccp path),14,564158880,79.10273972602741,3,12,12,0,90.0,0.1970062255859375,0.8972602739726028,1.0
pc4,GA (NSGA-II),15,1021873446,79.81506849315069,2,6,7,2521,90.0,3.83744740486145,0.8972602739726028,1.0
pc4,Random Search,15,243154629,79.21917808219179,2,4,4,2521,90.0,6.533407926559448,0.8904109589041096,1.0
pc4,"GA (NSGA-II, archived)",15,571540700,78.62328767123287,2,3,3,2511,90.0,3.9422881603240967,0.8835616438356164,1.0
pc4,CART (ccp path),15,974329890,78.3082191780822,2,12,12,0,90.0,0.18545174598693848,0.8835616438356164,1.0
pc4,GA (NSGA-II),16,664877309,80.96575342465754,3,5,10,2502,90.0,3.2288694381713867,0.910958904109589,1.0
pc4,Random Search,16,79784756,81.54794520547946,3,5,5,2502,90.0,7.925248384475708,0.9178082191780822,1.0
pc4,"GA (NSGA-II, archived)",16,404858596,78.60958904109589,2,2,2,2593,90.0,3.620588541030884,0.8835616438356164,1.0
pc4,CART (ccp path),16,1606142419,81.2054794520548,3,12,12,0,90.0,0.2029256820678711,0.9178082191780822,1.0
pc4,GA (NSGA-II),17,515120155,80.41095890410959,2,5,6,2574,90.0,4.003469944000244,0.9041095890410958,1.0
pc4,Random Search,17,2048798571,80.26027397260275,3,4,4,2574,90.0,5.59178352355957,0.9041095890410958,1.0
pc4,"GA (NSGA-II, archived)",17,881485930,81.57534246575344,3,4,4,2545,90.0,3.5644447803497314,0.9178082191780822,1.0
pc4,CART (ccp path),17,1872475257,80.24657534246575,2,12,12,0,90.0,0.17749261856079102,0.9041095890410958,1.0
pc4,GA (NSGA-II),18,1557399984,78.02739726027397,1,3,3,2599,90.0,3.582615375518799,0.8767123287671232,1.0
pc4,Random Search,18,841035533,78.02739726027397,1,5,5,2599,90.0,5.89010763168335,0.8767123287671232,1.0
pc4,"GA (NSGA-II, archived)",18,470127054,78.60958904109589,2,3,3,2545,90.0,5.7014243602752686,0.8835616438356164,1.0
pc4,CART (ccp path),18,952177915,79.2123287671233,4,12,12,0,90.0,0.17641019821166992,0.8972602739726028,1.0
pc4,GA (NSGA-II),19,1555040059,80.96551724137932,2,6,21,2484,90.0,3.42073917388916,0.9103448275862069,1.0
pc4,Random Search,19,468936015,79.73793103448276,2,5,5,2484,90.0,5.659066438674927,0.896551724137931,1.0
pc4,"GA (NSGA-II, archived)",19,1809778672,79.69655172413793,3,4,4,2546,90.0,3.385742425918579,0.896551724137931,1.0
pc4,CART (ccp path),19,1384014380,80.67586206896551,3,12,12,0,90.0,0.1805579662322998,0.9103448275862069,1.0
pc4,GA (NSGA-II),20,1152774144,80.36551724137931,2,3,3,2559,90.0,3.2974255084991455,0.903448275862069,1.0
pc4,Random Search,20,749786736,80.6896551724138,3,5,5,2559,90.0,5.695594787597656,0.9103448275862069,1.0
pc4,"GA (NSGA-II, archived)",20,853366726,79.1655172413793,2,2,2,2639,90.0,3.719265937805176,0.8896551724137931,1.0
pc4,CART (ccp path),20,1528436907,80.80000000000001,2,12,12,0,90.0,0.22747802734375,0.9103448275862069,1.0
pc4,GA (NSGA-II),21,334589005,78.60958904109589,2,5,7,2583,90.0,5.799140930175781,0.8835616438356164,1.0
pc4,Random Search,21,1342612876,78.02739726027397,1,3,3,2583,90.0,5.9888763427734375,0.8767123287671232,1.0
pc4,"GA (NSGA-II, archived)",21,176073625,79.19178082191782,2,3,3,2522,90.0,3.4843482971191406,0.8904109589041096,1.0
pc4,CART (ccp path),21,1439394998,79.65068493150686,2,12,12,0,90.0,0.18796229362487793,0.8972602739726028,1.0
pc4,GA (NSGA-II),22,601668049,79.77397260273973,3,11,24,2569,90.0,3.888303756713867,0.8972602739726028,1.0
pc4,Random Search,22,1541677312,78.62328767123287,2,5,5,2569,90.0,5.788020133972168,0.8835616438356164,1.0
pc4,"GA (NSGA-II, archived)",22,863327725,79.21917808219179,2,6,6,2529,90.0,5.1431756019592285,0.8904109589041096,1.0
pc4,CART (ccp path),22,343338559,78.58219178082192,2,12,12,0,90.0,0.17228436470031738,0.8835616438356164,1.0
pc4,GA (NSGA-II),23,42000183,80.35616438356165,2,3,3,2592,90.0,3.734171152114868,0.9041095890410958,1.0
pc4,Random Search,23,2042133508,79.97260273972603,2,4,4,2592,90.0,8.372992038726807,0.9041095890410958,1.0
pc4,"GA (NSGA-II, archived)",23,586006527,81.0068493150685,2,5,5,2532,90.0,3.86936616897583,0.910958904109589,1.0
pc4,CART (ccp path),23,1916501738,80.66438356164383,3,12,12,0,90.0,0.19411373138427734,0.910958904109589,1.0
pc4,GA (NSGA-II),24,376362955,80.32876712328768,3,4,7,2561,90.0,4.281791925430298,0.9041095890410958,1.0
pc4,Random Search,24,223806231,80.34246575342466,3,3,3,2561,90.0,5.914183616638184,0.9041095890410958,1.0
pc4,"GA (NSGA-II, archived)",24,1714541655,78.62328767123287,2,2,2,2550,90.0,3.625969409942627,0.8835616438356164,1.0
pc4,CART (ccp path),24,421806082,80.73287671232877,2,12,12,0,90.0,0.20325112342834473,0.910958904109589,1.0
pc4,GA (NSGA-II),25,1797567251,80.38356164383562,3,4,5,2517,90.0,3.310670852661133,0.9041095890410958,1.0
pc4,Random Search,25,1333727374,79.81506849315069,2,3,3,2517,90.0,5.818841218948364,0.8972602739726028,1.0
pc4,"GA (NSGA-II, archived)",25,1001111950,81.6027397260274,2,4,4,2514,90.0,6.272035360336304,0.9178082191780822,1.0
pc4,CART (ccp path),25,411946499,81.35616438356165,2,12,12,0,90.0,0.20442557334899902,0.9178082191780822,1.0
pc4,GA (NSGA-II),26,296828776,79.77397260273973,2,3,4,2571,90.0,3.6514155864715576,0.8972602739726028,1.0
pc4,Random Search,26,644360515,80.51369863013699,3,5,5,2571,90.0,6.122875690460205,0.910958904109589,1.0
pc4,"GA (NSGA-II, archived)",26,1450899981,78.02739726027397,1,3,3,2550,90.0,3.5043766498565674,0.8767123287671232,1.0
pc4,CART (ccp path),26,404908913,82.513698630137,3,12,12,0,90.0,0.19529438018798828,0.9383561643835616,1.0
pc4,GA (NSGA-II),27,264286548,78.62328767123287,2,4,6,2595,90.0,3.910104274749756,0.8835616438356164,1.0
pc4,Random Search,27,1171474289,78.62328767123287,2,4,4,2595,90.0,6.601835012435913,0.8835616438356164,1.0
pc4,"GA (NSGA-II, archived)",27,44563856,78.62328767123287,2,3,3,2532,90.0,3.3171119689941406,0.8835616438356164,1.0
pc4,CART (ccp path),27,882513129,79.13698630136987,2,12,12,0,90.0,0.16267633438110352,0.8904109589041096,1.0
pc4,GA (NSGA-II),28,2025347270,81.0068493150685,2,5,6,2523,90.0,5.311974287033081,0.910958904109589,1.0
pc4,Random Search,28,998931964,80.9931506849315,3,3,3,2523,90.0,5.283131837844849,0.910958904109589,1.0
pc4,"GA (NSGA-II, archived)",28,341427722,78.02739726027397,1,2,2,2585,90.0,3.3343114852905273,0.8767123287671232,1.0
pc4,CART (ccp path),28,595038156,80.66438356164385,3,12,12,0,90.0,0.18526506423950195,0.910958904109589,1.0
pc4,GA (NSGA-II),29,1326932201,79.72413793103448,3,3,3,2554,90.0,3.403306484222412,0.896551724137931,1.0
pc4,Random Search,29,166026527,80.82758620689656,3,5,5,2554,90.0,5.354053020477295,0.9103448275862069,1.0
pc4,"GA (NSGA-II, archived)",29,1400946081,81.52413793103447,3,3,3,2607,90.0,3.3570029735565186,0.9172413793103448,1.0
pc4,CART (ccp path),29,2102714904,80.80000000000001,2,12,12,0,90.0,0.1911020278930664,0.9103448275862069,1.0
pc4,GA (NSGA-II),30,635214384,78.56551724137931,1,2,2,2581,90.0,3.348693609237671,0.8827586206896552,1.0
pc4,Random Search,30,2117939398,78.56551724137931,1,2,2,2581,90.0,5.524456262588501,0.8827586206896552,1.0
pc4,"GA (NSGA-II, archived)",30,1262895065,79.73793103448276,2,4,4,2540,90.0,5.270017147064209,0.896551724137931,1.0
pc4,CART (ccp path),30,1652618181,81.82758620689656,3,12,12,0,90.0,0.16892433166503906,0.9310344827586207,1.0
