dataset,method,fold,seed,hypervolume,n_points,n_distinct,n_candidates,n_evaluations,reference_nodes,fit_seconds,best_accuracy,smallest_nodes
dresses_sales,GA (NSGA-II),1,1632415338,31.200000000000003,3,11,18,2502,50.0,4.417818307876587,0.64,1.0
dresses_sales,Random Search,1,848566830,30.3,2,4,4,2502,50.0,6.203294038772583,0.62,1.0
dresses_sales,"GA (NSGA-II, archived)",1,1401059100,29.2,2,7,7,2550,50.0,4.994060516357422,0.6,1.0
dresses_sales,CART (ccp path),1,54906401,29.68,3,12,12,0,50.0,0.03454399108886719,0.64,1.0
dresses_sales,GA (NSGA-II),2,1858386127,22.159999999999997,2,4,4,2570,38.0,5.196049928665161,0.6,1.0
dresses_sales,Random Search,2,526288010,22.88,3,5,5,2570,38.0,6.039326429367065,0.64,1.0
dresses_sales,"GA (NSGA-II, archived)",2,1204955482,22.86,2,4,4,2532,38.0,3.865537166595459,0.62,1.0
dresses_sales,CART (ccp path),2,1801588445,21.699999999999996,2,12,12,0,38.0,0.0405583381652832,0.66,1.0
dresses_sales,GA (NSGA-II),3,196393802,3.14,3,9,14,2592,6.0,4.52449369430542,0.7,1.0
dresses_sales,Random Search,3,1442873324,3.14,3,5,5,2592,6.0,6.55889105796814,0.7,1.0
dresses_sales,"GA (NSGA-II, archived)",3,841628905,3.1,3,7,7,2518,6.0,5.879673004150391,0.66,1.0
dresses_sales,CART (ccp path),3,892428145,2.9,1,12,12,0,6.0,0.0434870719909668,0.58,1.0
dresses_sales,GA (NSGA-II),4,2018093676,62.42,3,13,16,2549,102.0,7.115934133529663,0.62,1.0
dresses_sales,Random Search,4,1494630233,63.800000000000004,2,6,6,2549,102.0,6.460467100143433,0.64,1.0
dresses_sales,"GA (NSGA-II, archived)",4,149286560,58.58,1,5,5,2584,102.0,4.558512449264526,0.58,1.0
dresses_sales,CART (ccp path),4,1203193634,58.6,2,12,12,0,102.0,0.04260134696960449,0.6,1.0
dresses_sales,GA (NSGA-II),5,1632917811,5.42,3,7,11,2513,10.0,4.1041648387908936,0.62,1.0
dresses_sales,Random Search,5,1842231466,5.22,1,4,4,2513,10.0,6.188343048095703,0.58,1.0
dresses_sales,"GA (NSGA-II, archived)",5,2016286623,5.22,1,4,4,2562,10.0,4.516083478927612,0.58,1.0
dresses_sales,CART (ccp path),5,498938466,5.24,2,12,12,0,10.0,0.04432868957519531,0.6,1.0
dresses_sales,GA (NSGA-II),6,1512934856,13.240000000000002,3,4,7,2480,22.0,6.315749168395996,0.64,1.0
dresses_sales,Random Search,6,932318825,12.219999999999999,2,5,5,2480,22.0,6.2077460289001465,0.62,1.0
dresses_sales,"GA (NSGA-II, archived)",6,1161135882,12.56,2,4,4,2513,22.0,4.1354053020477295,0.6,1.0
dresses_sales,CART (ccp path),6,418201618,12.18,1,12,12,0,22.0,0.03418278694152832,0.58,1.0
dresses_sales,GA (NSGA-II),7,761126404,71.36,2,5,5,2575,120.0,4.451141119003296,0.6,1.0
dresses_sales,Random Search,7,415607707,71.36,2,4,4,2575,120.0,6.192465543746948,0.6,1.0
dresses_sales,"GA (NSGA-II, archived)",7,840002417,73.7,2,5,5,2576,120.0,4.5550055503845215,0.62,1.0
dresses_sales,CART (ccp path),7,233931187,69.03999999999999,2,12,12,0,120.0,0.05607247352600098,0.6,1.0
dresses_sales,GA (NSGA-II),8,1854735639,21.619999999999997,2,4,4,2568,34.0,4.699368953704834,0.66,1.0
dresses_sales,Random Search,8,712543306,19.72,2,5,5,2568,34.0,8.981425046920776,0.6,1.0
dresses_sales,"GA (NSGA-II, archived)",8,1335788176,20.299999999999997,2,7,7,2582,34.0,4.512085199356079,0.62,1.0
dresses_sales,CART (ccp path),8,1410746319,19.179999999999996,2,12,12,0,34.0,0.04300427436828613,0.62,1.0
dresses_sales,GA (NSGA-II),9,1652962255,77.34,3,7,16,2516,126.0,4.340397119522095,0.62,1.0
dresses_sales,Random Search,9,1592400639,78.76,3,7,7,2516,126.0,6.230595111846924,0.64,1.0
dresses_sales,"GA (NSGA-II, archived)",9,1760606154,82.10000000000001,3,6,6,2453,126.0,6.2765278816223145,0.66,1.0
dresses_sales,CART (ccp path),9,1660282244,73.7,3,12,12,0,126.0,0.04437065124511719,0.62,1.0
dresses_sales,GA (NSGA-II),10,1123152317,23.939999999999998,3,7,14,2574,36.0,4.049144268035889,0.7,1.0
dresses_sales,Random Search,10,2134461555,23.019999999999996,3,7,7,2574,36.0,8.589292287826538,0.74,1.0
dresses_sales,"GA (NSGA-II, archived)",10,2094849922,23.28,3,4,4,2490,36.0,4.361971855163574,0.68,1.0
dresses_sales,CART (ccp path),10,1123205732,21.979999999999997,2,12,12,0,36.0,0.04134988784790039,0.66,1.0
dresses_sales,GA (NSGA-II),11,790303148,4.300000000000001,4,7,11,2589,8.0,4.306236028671265,0.66,1.0
dresses_sales,Random Search,11,459260562,4.08,2,6,6,2589,8.0,6.530395984649658,0.6,1.0
dresses_sales,"GA (NSGA-II, archived)",11,1767766767,4.459999999999999,3,3,3,2502,8.0,4.203059673309326,0.74,1.0
dresses_sales,CART (ccp path),11,748155859,4.06,1,12,12,0,8.0,0.03654956817626953,0.58,1.0
dresses_sales,GA (NSGA-II),12,949135703,21.459999999999997,1,3,4,2503,38.0,3.9848430156707764,0.58,1.0
dresses_sales,Random Search,12,1479913484,21.459999999999997,1,3,3,2503,38.0,8.428799152374268,0.58,1.0
dresses_sales,"GA (NSGA-II, archived)",12,1302293118,25.499999999999996,4,6,6,2526,38.0,5.350306987762451,0.7,1.0
dresses_sales,CART (ccp path),12,2117059376,23.059999999999995,3,12,12,0,38.0,0.037064313888549805,0.74,1.0
dresses_sales,GA (NSGA-II),13,736924247,8.959999999999999,2,8,17,2565,16.0,4.4943530559539795,0.6,1.0
dresses_sales,Random Search,13,744698983,9.399999999999999,3,5,5,2565,16.0,6.505795478820801,0.68,1.0
dresses_sales,"GA (NSGA-II, archived)",13,1857510419,8.7,1,7,7,2521,16.0,5.45613431930542,0.58,1.0
dresses_sales,CART (ccp path),13,1542188949,8.7,1,12,12,0,16.0,0.03537440299987793,0.58,1.0
dresses_sales,GA (NSGA-II),14,887180621,12.26,3,6,6,2555,20.0,4.2862372398376465,0.66,1.0
dresses_sales,Random Search,14,1425651774,11.059999999999999,2,4,4,2555,20.0,8.610926151275635,0.62,1.0
dresses_sales,"GA (NSGA-II, archived)",14,794695862,11.02,1,5,5,2536,20.0,4.3846845626831055,0.58,1.0
dresses_sales,CART (ccp path),14,1309067133,11.02,1,12,12,0,20.0,0.03206992149353027,0.58,1.0
dresses_sales,GA (NSGA-II),15,1816449866,10.860000000000001,3,8,9,2590,18.0,5.048685312271118,0.66,1.0
dresses_sales,Random Search,15,1172504453,10.48,3,3,3,2590,18.0,6.448768138885498,0.64,1.0
dresses_sales,"GA (NSGA-II, archived)",15,315258074,10.34,3,4,4,2500,18.0,4.143704891204834,0.62,1.0
dresses_sales,CART (ccp path),15,1477640060,10.16,2,12,12,0,18.0,0.04235529899597168,0.64,1.0
dresses_sales,GA (NSGA-II),16,1720378604,12.86,2,6,7,2512,22.0,4.38521409034729,0.62,1.0
dresses_sales,Random Search,16,1682939457,12.5,3,5,5,2512,22.0,8.440192461013794,0.66,1.0
dresses_sales,"GA (NSGA-II, archived)",16,217315220,13.540000000000001,2,5,5,2541,22.0,4.573360919952393,0.66,1.0
dresses_sales,CART (ccp path),16,119734240,12.18,1,12,12,0,22.0,0.037378787994384766,0.58,1.0
dresses_sales,GA (NSGA-II),17,981213788,18.86,3,5,6,2521,30.0,4.1684348583221436,0.66,1.0
dresses_sales,Random Search,17,1909527177,17.36,2,5,5,2521,30.0,6.361848592758179,0.6,1.0
dresses_sales,"GA (NSGA-II, archived)",17,1092979391,17.78,3,4,4,2512,30.0,4.231466770172119,0.62,1.0
dresses_sales,CART (ccp path),17,697758030,17.22,3,12,12,0,30.0,0.03538322448730469,0.62,1.0
dresses_sales,GA (NSGA-II),18,1844379552,2.92,2,8,8,2522,6.0,4.674393892288208,0.6,1.0
dresses_sales,Random Search,18,1428404772,2.9,1,5,5,2522,6.0,6.3065407276153564,0.58,1.0
dresses_sales,"GA (NSGA-II, archived)",18,2078375046,2.9,1,4,4,2625,6.0,6.964016914367676,0.58,1.0
dresses_sales,CART (ccp path),18,1394069322,2.9,1,12,12,0,6.0,0.04442644119262695,0.58,1.0
dresses_sales,GA (NSGA-II),19,1533379351,46.12,2,7,7,2547,78.0,4.3028624057769775,0.6,1.0
dresses_sales,Random Search,19,2000000076,46.16,2,3,3,2547,78.0,7.0414557456970215,0.6,1.0
dresses_sales,"GA (NSGA-II, archived)",19,1621590123,46.16,2,5,5,2563,78.0,3.996847629547119,0.6,1.0
dresses_sales,CART (ccp path),19,389158342,48.68,4,12,12,0,78.0,0.043894052505493164,0.68,1.0
dresses_sales,GA (NSGA-II),20,427984432,6.880000000000001,3,7,20,2540,12.0,4.339859485626221,0.64,1.0
dresses_sales,Random Search,20,1673782058,6.5600000000000005,2,6,6,2540,12.0,6.313637971878052,0.6,1.0
dresses_sales,"GA (NSGA-II, archived)",20,359731318,6.4,2,6,6,2515,12.0,6.576674461364746,0.6,1.0
dresses_sales,CART (ccp path),20,751941253,6.38,1,12,12,0,12.0,0.037894248962402344,0.58,1.0
dresses_sales,GA (NSGA-II),21,475508324,2.9,1,5,6,2466,6.0,4.658728361129761,0.58,1.0
dresses_sales,Random Search,21,355555498,3.0,2,4,4,2466,6.0,6.477882146835327,0.68,1.0
dresses_sales,"GA (NSGA-II, archived)",21,1545643351,2.96,2,5,5,2504,6.0,5.589527130126953,0.6,1.0
dresses_sales,CART (ccp path),21,1974421507,2.9,1,12,12,0,6.0,0.03422713279724121,0.58,1.0
dresses_sales,GA (NSGA-II),22,1549292395,8.379999999999999,3,8,19,2532,14.0,4.761337995529175,0.66,1.0
dresses_sales,Random Search,22,534852112,7.76,2,4,4,2532,14.0,6.500325918197632,0.6,1.0
dresses_sales,"GA (NSGA-II, archived)",22,1264833353,8.2,2,4,4,2504,14.0,7.624241352081299,0.64,1.0
dresses_sales,CART (ccp path),22,757072543,7.619999999999999,2,12,12,0,14.0,0.041829586029052734,0.66,1.0
dresses_sales,GA (NSGA-II),23,1488680885,4.119999999999999,2,4,6,2526,8.0,4.005185127258301,0.6,1.0
dresses_sales,Random Search,23,692146173,4.18,2,4,4,2526,8.0,6.269145488739014,0.62,1.0
dresses_sales,"GA (NSGA-II, archived)",23,32660029,4.539999999999999,4,4,4,2557,8.0,4.384480714797974,0.7,1.0
dresses_sales,CART (ccp path),23,1490778108,4.06,1,12,12,0,8.0,0.04530954360961914,0.58,1.0
dresses_sales,GA (NSGA-II),24,1993921093,15.879999999999999,2,9,17,2492,26.0,4.134886264801025,0.64,1.0
dresses_sales,Random Search,24,77656162,14.839999999999998,2,4,4,2492,26.0,6.110471248626709,0.6,1.0
dresses_sales,"GA (NSGA-II, archived)",24,722584656,14.499999999999998,1,5,5,2578,26.0,6.451128959655762,0.58,1.0
dresses_sales,CART (ccp path),24,370048669,14.619999999999997,2,12,12,0,26.0,0.033844947814941406,0.7,1.0
dresses_sales,GA (NSGA-II),25,1478609137,1.7799999999999998,2,5,6,2540,4.0,4.501477003097534,0.62,1.0
dresses_sales,Random Search,25,941585273,1.7999999999999998,2,7,7,2540,4.0,6.162315607070923,0.64,1.0
dresses_sales,"GA (NSGA-II, archived)",25,500664842,1.7399999999999998,1,5,5,2557,4.0,4.4335618019104,0.58,1.0
dresses_sales,CART (ccp path),25,439002276,1.7399999999999998,1,12,12,0,4.0,0.0470118522644043,0.58,1.0
dresses_sales,GA (NSGA-II),26,770633391,28.16,2,7,10,2575,48.0,4.61696457862854,0.6,1.0
dresses_sales,Random Search,26,1640332538,27.259999999999998,1,5,5,2575,48.0,6.2927680015563965,0.58,1.0
dresses_sales,"GA (NSGA-II, archived)",26,863945972,27.259999999999998,1,3,3,2593,48.0,4.464147567749023,0.58,1.0
dresses_sales,CART (ccp path),26,2072295848,28.02,3,12,12,0,48.0,0.042455196380615234,0.62,1.0
dresses_sales,GA (NSGA-II),27,387736331,58.58,1,7,10,2534,102.0,6.916212320327759,0.58,1.0
dresses_sales,Random Search,27,939489809,60.56,2,4,4,2534,102.0,6.261386871337891,0.6,1.0
dresses_sales,"GA (NSGA-II, archived)",27,518411566,58.58,1,4,4,2593,102.0,4.3094542026519775,0.58,1.0
dresses_sales,CART (ccp path),27,1792816246,58.62,2,12,12,0,102.0,0.0408022403717041,0.62,1.0
dresses_sales,GA (NSGA-II),28,1504828580,45.82,1,6,6,2571,80.0,4.1877663135528564,0.58,1.0
dresses_sales,Random Search,28,2090005310,47.08,2,6,6,2571,80.0,6.416414260864258,0.6,1.0
dresses_sales,"GA (NSGA-II, archived)",28,1729637058,45.82,1,5,5,2569,80.0,4.2174437046051025,0.58,1.0
dresses_sales,CART (ccp path),28,1059698949,45.84,2,12,12,0,80.0,0.039397239685058594,0.6,1.0
dresses_sales,GA (NSGA-II),29,297384654,68.88,2,4,7,2523,116.0,6.949809312820435,0.6,1.0
dresses_sales,Random Search,29,1741036817,66.69999999999999,1,3,3,2523,116.0,6.364135026931763,0.58,1.0
dresses_sales,"GA (NSGA-II, archived)",29,1668840533,68.91999999999999,2,3,3,2529,116.0,4.3614654541015625,0.6,1.0
dresses_sales,CART (ccp path),29,8355930,68.77999999999999,3,12,12,0,116.0,0.04063725471496582,0.62,1.0
dresses_sales,GA (NSGA-II),30,827509453,37.52,2,5,5,2525,60.0,4.288581132888794,0.64,1.0
dresses_sales,Random Search,30,1547746400,37.980000000000004,2,5,5,2525,60.0,6.457905292510986,0.66,1.0
dresses_sales,"GA (NSGA-II, archived)",30,1735295196,34.22,1,4,4,2526,60.0,4.498414754867554,0.58,1.0
dresses_sales,CART (ccp path),30,335866432,35.36000000000001,4,12,12,0,60.0,0.04243946075439453,0.64,1.0
kc2,GA (NSGA-II),1,1380043507,42.264150943396224,2,3,17,2545,52.0,4.1965172290802,0.8301886792452831,1.0
kc2,Random Search,1,674507354,42.264150943396224,2,4,4,2545,52.0,5.955862283706665,0.8301886792452831,1.0
kc2,"GA (NSGA-II, archived)",1,207204968,44.11320754716981,2,3,3,2535,52.0,3.7117600440979004,0.8679245283018868,1.0
kc2,CART (ccp path),1,1471583127,43.679245283018865,4,12,12,0,52.0,0.050872087478637695,0.8867924528301887,1.0
kc2,GA (NSGA-II),2,1094365025,6.018867924528302,2,5,6,2495,8.0,5.042504072189331,0.8867924528301887,1.0
kc2,Random Search,2,1489416994,6.018867924528302,2,5,5,2495,8.0,5.5677783489227295,0.8867924528301887,1.0
kc2,"GA (NSGA-II, archived)",2,482796801,5.69811320754717,3,6,6,2512,8.0,4.323262929916382,0.8679245283018868,1.0
kc2,CART (ccp path),2,1547664581,5.584905660377359,2,12,12,0,8.0,0.04588150978088379,0.8301886792452831,1.0
kc2,GA (NSGA-II),3,387300501,33.807692307692314,3,11,28,2573,38.0,3.733685255050659,0.9230769230769231,1.0
kc2,Random Search,3,2147255499,31.903846153846157,2,5,5,2573,38.0,5.999438047409058,0.8653846153846154,1.0
kc2,"GA (NSGA-II, archived)",3,1759816553,33.25,2,2,2,2562,38.0,4.304966688156128,0.9038461538461539,1.0
kc2,CART (ccp path),3,299226574,32.28846153846154,3,12,12,0,38.0,0.08256077766418457,0.9038461538461539,1.0
kc2,GA (NSGA-II),4,624885478,5.769230769230769,2,5,25,2536,8.0,4.063440322875977,0.8461538461538461,1.0
kc2,Random Search,4,354534991,5.711538461538462,2,3,3,2536,8.0,8.538551807403564,0.8269230769230769,1.0
kc2,"GA (NSGA-II, archived)",4,2143540305,5.846153846153847,2,4,4,2527,8.0,4.643756628036499,0.8461538461538461,1.0
kc2,CART (ccp path),4,230917062,5.6923076923076925,2,12,12,0,8.0,0.0630040168762207,0.8461538461538461,1.0
kc2,GA (NSGA-II),5,408026417,5.846153846153847,2,8,33,2581,8.0,4.177544593811035,0.8461538461538461,1.0
kc2,Random Search,5,957377743,5.846153846153847,2,4,4,2581,8.0,6.13154149055481,0.8461538461538461,1.0
kc2,"GA (NSGA-II, archived)",5,530150371,5.653846153846154,1,3,3,2545,8.0,4.337843418121338,0.8076923076923077,1.0
kc2,CART (ccp path),5,1886273193,5.673076923076923,2,12,12,0,8.0,0.056647300720214844,0.8269230769230769,1.0
kc2,GA (NSGA-II),6,1504777378,9.192307692307693,2,4,4,2525,12.0,4.007164239883423,0.8461538461538461,1.0
kc2,Random Search,6,1886695805,8.846153846153847,2,2,2,2525,12.0,8.308032512664795,0.8076923076923077,1.0
kc2,"GA (NSGA-II, archived)",6,139562265,9.192307692307693,2,4,4,2538,12.0,4.387498617172241,0.8461538461538461,1.0
kc2,CART (ccp path),6,809978360,8.884615384615385,3,12,12,0,12.0,0.058587074279785156,0.8461538461538461,1.0
kc2,GA (NSGA-II),7,1520658997,5.903846153846154,2,9,11,2557,8.0,4.211657285690308,0.8653846153846154,1.0
kc2,Random Search,7,569353695,5.903846153846154,2,3,3,2557,8.0,5.813443899154663,0.8653846153846154,1.0
kc2,"GA (NSGA-II, archived)",7,1377831352,5.615384615384616,2,2,2,2615,8.0,3.638253688812256,0.8076923076923077,1.0
kc2,CART (ccp path),7,195373658,5.615384615384615,2,12,12,0,8.0,0.04888558387756348,0.8846153846153846,1.0
kc2,GA (NSGA-II),8,490732298,12.826923076923077,2,4,4,2587,16.0,3.9872384071350098,0.8653846153846154,1.0
kc2,Random Search,8,1084445818,11.865384615384615,2,4,4,2587,16.0,6.3945395946502686,0.8269230769230769,1.0
kc2,"GA (NSGA-II, archived)",8,1957064299,12.288461538461537,3,3,3,2574,16.0,6.562020778656006,0.8269230769230769,1.0
kc2,CART (ccp path),8,229309859,12.26923076923077,3,12,12,0,16.0,0.05714869499206543,0.8461538461538461,1.0
kc2,GA (NSGA-II),9,1090179010,13.98076923076923,2,4,9,2547,18.0,4.119030952453613,0.8269230769230769,1.0
kc2,Random Search,9,1762543070,14.115384615384613,4,4,4,2547,18.0,6.014993906021118,0.8846153846153846,1.0
kc2,"GA (NSGA-II, archived)",9,259320899,14.73076923076923,3,3,3,2564,18.0,4.130941390991211,0.8846153846153846,1.0
kc2,CART (ccp path),9,1573974506,14.038461538461538,2,12,12,0,18.0,0.07090568542480469,0.8461538461538461,1.0
kc2,GA (NSGA-II),10,765756878,13.692307692307692,2,3,3,2547,18.0,3.9158449172973633,0.8076923076923077,1.0
kc2,Random Search,10,2054399266,13.98076923076923,2,3,3,2547,18.0,6.214036226272583,0.8269230769230769,1.0
kc2,"GA (NSGA-II, archived)",10,337625683,13.903846153846153,2,4,4,2565,18.0,5.100510120391846,0.8269230769230769,1.0
kc2,CART (ccp path),10,1464928102,13.865384615384615,3,12,12,0,18.0,0.06144380569458008,0.8653846153846154,1.0
kc2,GA (NSGA-II),11,1918758917,10.716981132075471,2,5,11,2522,14.0,5.949796915054321,0.8301886792452831,1.0
kc2,Random Search,11,673162383,10.50943396226415,2,2,2,2522,14.0,5.8866798877716064,0.8113207547169812,1.0
kc2,"GA (NSGA-II, archived)",11,1655338237,10.735849056603772,3,4,4,2529,14.0,4.461301326751709,0.8490566037735849,1.0
kc2,CART (ccp path),11,732490294,10.39622641509434,2,12,12,0,14.0,0.05844235420227051,0.8113207547169812,1.0
kc2,GA (NSGA-II),12,1077183257,14.283018867924529,3,7,19,2595,18.0,4.31265926361084,0.8490566037735849,1.0
kc2,Random Search,12,1686213705,14.622641509433961,3,3,3,2595,18.0,5.962875604629517,0.8867924528301887,1.0
kc2,"GA (NSGA-II, archived)",12,1907807873,14.528301886792454,3,3,3,2473,18.0,4.066779851913452,0.8679245283018868,1.0
kc2,CART (ccp path),12,554928664,14.69811320754717,2,12,12,0,18.0,0.06367111206054688,0.8867924528301887,1.0
kc2,GA (NSGA-II),13,1969552021,14.307692307692308,2,4,5,2556,18.0,4.0782530307769775,0.8461538461538461,1.0
kc2,Random Search,13,389127568,14.596153846153847,2,2,2,2556,18.0,8.160771369934082,0.8653846153846154,1.0
kc2,"GA (NSGA-II, archived)",13,1655987425,14.307692307692308,2,3,3,2541,18.0,4.135165214538574,0.8461538461538461,1.0
kc2,CART (ccp path),13,68848562,14.173076923076925,3,12,12,0,18.0,0.0596156120300293,0.8653846153846154,1.0
kc2,GA (NSGA-II),14,1921972381,5.673076923076923,2,4,5,2479,8.0,3.897373676300049,0.8269230769230769,1.0
kc2,Random Search,14,1210907201,6.038461538461538,2,4,4,2479,8.0,5.7627081871032715,0.8846153846153846,1.0
kc2,"GA (NSGA-II, archived)",14,1901835269,5.846153846153847,2,3,3,2545,8.0,4.0189549922943115,0.8461538461538461,1.0
kc2,CART (ccp path),14,1336567353,5.711538461538462,2,12,12,0,8.0,0.06513118743896484,0.8653846153846154,1.0
kc2,GA (NSGA-II),15,2017321568,5.846153846153847,2,2,2,2535,8.0,4.0248122215271,0.8461538461538461,1.0
kc2,Random Search,15,2102591689,5.653846153846154,1,3,3,2535,8.0,8.223079919815063,0.8076923076923077,1.0
kc2,"GA (NSGA-II, archived)",15,1266544887,5.653846153846154,1,3,3,2542,8.0,4.137451171875,0.8076923076923077,1.0
kc2,CART (ccp path),15,960439455,5.673076923076923,2,12,12,0,8.0,0.0540308952331543,0.8269230769230769,1.0
kc2,GA (NSGA-II),16,1638261045,6.0,2,4,4,2535,8.0,3.905992031097412,0.8846153846153846,1.0
kc2,Random Search,16,1526560807,5.903846153846154,2,4,4,2535,8.0,6.4141740798950195,0.8653846153846154,1.0
kc2,"GA (NSGA-II, archived)",16,586274662,6.096153846153847,2,2,2,2485,8.0,4.098994255065918,0.9038461538461539,1.0
kc2,CART (ccp path),16,1093356531,5.615384615384615,2,12,12,0,8.0,0.06405925750732422,0.8846153846153846,1.0
kc2,GA (NSGA-II),17,1935809872,5.8076923076923075,2,2,3,2541,8.0,3.986359119415283,0.8461538461538461,1.0
kc2,Random Search,17,2028794491,5.711538461538462,2,5,5,2541,8.0,5.982406139373779,0.8269230769230769,1.0
kc2,"GA (NSGA-II, archived)",17,1642779869,5.615384615384616,2,3,3,2493,8.0,6.007894039154053,0.8076923076923077,1.0
kc2,CART (ccp path),17,608922885,5.5576923076923075,2,12,12,0,8.0,0.05597496032714844,0.8269230769230769,1.0
kc2,GA (NSGA-II),18,48188381,5.519230769230769,1,4,5,2613,8.0,4.063685655593872,0.7884615384615384,1.0
kc2,Random Search,18,1938691452,5.615384615384616,2,3,3,2613,8.0,6.016188144683838,0.8076923076923077,1.0
kc2,"GA (NSGA-II, archived)",18,1227049503,5.519230769230769,1,3,3,2550,8.0,4.188555955886841,0.7884615384615384,1.0
kc2,CART (ccp path),18,944663151,5.538461538461538,2,12,12,0,8.0,0.05652189254760742,0.8076923076923077,1.0
kc2,GA (NSGA-II),19,1999339270,15.961538461538462,2,8,21,2556,20.0,4.020290851593018,0.8461538461538461,1.0
kc2,Random Search,19,1528567688,15.019230769230768,2,3,3,2556,20.0,5.954038381576538,0.8269230769230769,1.0
kc2,"GA (NSGA-II, archived)",19,196399735,14.98076923076923,1,4,4,2509,20.0,4.027102947235107,0.7884615384615384,1.0
kc2,CART (ccp path),19,1277649379,15.48076923076923,2,12,12,0,20.0,0.05700421333312988,0.8269230769230769,1.0
kc2,GA (NSGA-II),20,669539365,18.134615384615383,1,3,14,2497,24.0,6.0675368309021,0.7884615384615384,1.0
kc2,Random Search,20,1747920974,18.21153846153846,2,3,3,2497,24.0,5.748729944229126,0.8653846153846154,1.0
kc2,"GA (NSGA-II, archived)",20,1786660291,19.673076923076923,3,3,3,2550,24.0,4.605077266693115,0.8653846153846154,1.0
kc2,CART (ccp path),20,1398524001,19.115384615384613,2,12,12,0,24.0,0.06400370597839355,0.8461538461538461,1.0
kc2,GA (NSGA-II),21,588852552,31.301886792452834,2,2,3,2554,38.0,4.523469686508179,0.8490566037735849,1.0
kc2,Random Search,21,1795332294,30.924528301886795,3,3,3,2554,38.0,5.840637445449829,0.8490566037735849,1.0
kc2,"GA (NSGA-II, archived)",21,428206550,31.962264150943398,2,4,4,2526,38.0,4.291597366333008,0.8679245283018868,1.0
kc2,CART (ccp path),21,773195339,30.792452830188683,4,12,12,0,38.0,0.0626840591430664,0.8679245283018868,1.0
kc2,GA (NSGA-II),22,949099106,5.830188679245283,2,4,5,2580,8.0,3.963963747024536,0.8490566037735849,1.0
kc2,Random Search,22,803954794,5.830188679245283,2,2,2,2580,8.0,8.151180267333984,0.8490566037735849,1.0
kc2,"GA (NSGA-II, archived)",22,479762513,5.830188679245283,2,3,3,2545,8.0,4.027316331863403,0.8490566037735849,1.0
kc2,CART (ccp path),22,1612834837,5.60377358490566,2,12,12,0,8.0,0.062430381774902344,0.8490566037735849,1.0
kc2,GA (NSGA-II),23,902683338,12.71153846153846,3,7,10,2533,16.0,4.615859031677246,0.8653846153846154,1.0
kc2,Random Search,23,86271080,12.75,2,4,4,2533,16.0,5.752440929412842,0.8653846153846154,1.0
kc2,"GA (NSGA-II, archived)",23,253188974,12.865384615384615,2,3,3,2462,16.0,3.7094931602478027,0.8653846153846154,1.0
kc2,CART (ccp path),23,1500335702,12.307692307692307,3,12,12,0,16.0,0.06601428985595703,0.8461538461538461,1.0
kc2,GA (NSGA-II),24,878655953,21.807692307692307,1,3,3,2493,28.0,4.201862573623657,0.8076923076923077,1.0
kc2,Random Search,24,424548997,22.769230769230766,2,4,4,2493,28.0,8.101290941238403,0.8461538461538461,1.0
kc2,"GA (NSGA-II, archived)",24,1060570058,23.25,2,2,2,2544,28.0,3.8629698753356934,0.8653846153846154,1.0
kc2,CART (ccp path),24,968875270,22.96153846153846,4,12,12,0,28.0,0.061060428619384766,0.8846153846153846,1.0
kc2,GA (NSGA-II),25,57641534,6.326923076923077,2,2,2,2541,8.0,3.9837963581085205,0.9423076923076923,1.0
kc2,Random Search,25,1943031139,6.326923076923077,2,4,4,2541,8.0,5.8859803676605225,0.9423076923076923,1.0
kc2,"GA (NSGA-II, archived)",25,248960473,6.153846153846154,3,3,3,2545,8.0,4.3104095458984375,0.9230769230769231,1.0
kc2,CART (ccp path),25,564708984,5.711538461538462,2,12,12,0,8.0,0.07412838935852051,0.8653846153846154,1.0
kc2,GA (NSGA-II),26,1019796985,5.903846153846154,2,2,7,2582,8.0,3.9195241928100586,0.8653846153846154,1.0
kc2,Random Search,26,1622579804,5.8076923076923075,2,2,2,2582,8.0,6.061175584793091,0.8461538461538461,1.0
kc2,"GA (NSGA-II, archived)",26,2116988403,6.288461538461538,2,2,2,2547,8.0,3.673151969909668,0.9423076923076923,1.0
kc2,CART (ccp path),26,222721521,5.596153846153846,2,12,12,0,8.0,0.06608128547668457,0.8653846153846154,1.0
kc2,GA (NSGA-II),27,682429009,18.538461538461537,2,4,8,2596,24.0,6.262356758117676,0.8076923076923077,1.0
kc2,Random Search,27,1117841397,18.96153846153846,3,4,4,2596,24.0,5.858808755874634,0.8461538461538461,1.0
kc2,"GA (NSGA-II, archived)",27,716828357,18.538461538461537,2,4,4,2569,24.0,4.137993335723877,0.8076923076923077,1.0
kc2,CART (ccp path),27,401200921,18.46153846153846,2,12,12,0,24.0,0.06708765029907227,0.8076923076923077,1.0
kc2,GA (NSGA-II),28,1456477083,5.75,3,3,3,2514,8.0,4.155991077423096,0.8653846153846154,1.0
kc2,Random Search,28,1474904658,5.8076923076923075,2,3,3,2514,8.0,5.809498071670532,0.8461538461538461,1.0
kc2,"GA (NSGA-II, archived)",28,1481508705,5.673076923076923,3,3,3,2544,8.0,4.294744253158569,0.8269230769230769,1.0
kc2,CART (ccp path),28,920264724,5.5576923076923075,2,12,12,0,8.0,0.06258845329284668,0.8269230769230769,1.0
kc2,GA (NSGA-II),29,280511098,7.096153846153846,1,10,18,2528,10.0,6.263238430023193,0.7884615384615384,1.0
kc2,Random Search,29,730982412,7.096153846153846,1,4,4,2528,10.0,5.845446586608887,0.7884615384615384,1.0
kc2,"GA (NSGA-II, archived)",29,68101254,7.230769230769231,2,2,2,2532,10.0,3.9808125495910645,0.8076923076923077,1.0
kc2,CART (ccp path),29,1377779109,7.134615384615384,2,12,12,0,10.0,0.06144523620605469,0.8269230769230769,1.0
kc2,GA (NSGA-II),30,875057556,23.865384615384613,3,5,32,2519,30.0,4.116826772689819,0.8269230769230769,1.0
kc2,Random Search,30,1681100686,23.826923076923073,3,3,3,2519,30.0,5.8846893310546875,0.8269230769230769,1.0
kc2,"GA (NSGA-II, archived)",30,847193175,23.346153846153847,2,7,7,2533,30.0,4.15594220161438,0.8076923076923077,1.0
kc2,CART (ccp path),30,38112063,23.346153846153847,3,12,12,0,30.0,0.0639946460723877,0.8461538461538461,1.0
climate_crashes,GA (NSGA-II),1,931583296,13.88888888888889,1,1,1,2571,16.0,3.767713785171509,0.9259259259259259,1.0
climate_crashes,Random Search,1,1618371432,13.907407407407408,2,4,4,2571,16.0,6.7309839725494385,0.9444444444444444,1.0
climate_crashes,"GA (NSGA-II, archived)",1,2040135079,13.88888888888889,1,1,1,2514,16.0,3.3215270042419434,0.9259259259259259,1.0
climate_crashes,CART (ccp path),1,2098041406,13.925925925925926,2,12,12,0,16.0,0.07667350769042969,0.9629629629629629,1.0
climate_crashes,GA (NSGA-II),2,1029141160,17.59259259259259,1,2,58,2643,20.0,5.09869647026062,0.9259259259259259,1.0
climate_crashes,Random Search,2,1877341520,17.61111111111111,2,4,4,2643,20.0,6.673081874847412,0.9444444444444444,1.0
climate_crashes,"GA (NSGA-II, archived)",2,1652594185,17.59259259259259,1,1,1,2535,20.0,3.2945940494537354,0.9259259259259259,1.0
climate_crashes,CART (ccp path),2,2054473832,18.074074074074073,2,12,12,0,20.0,0.0722496509552002,0.9629629629629629,1.0
climate_crashes,GA (NSGA-II),3,1917158198,4.62962962962963,1,1,1,2573,6.0,3.629321336746216,0.9259259259259259,1.0
climate_crashes,Random Search,3,906426668,4.62962962962963,1,3,3,2573,6.0,6.68829607963562,0.9259259259259259,1.0
climate_crashes,"GA (NSGA-II, archived)",3,2060465832,4.666666666666667,2,3,3,2591,6.0,3.937643051147461,0.9629629629629629,1.0
climate_crashes,CART (ccp path),3,388915666,4.62962962962963,1,11,11,0,6.0,0.06470465660095215,0.9259259259259259,1.0
climate_crashes,GA (NSGA-II),4,198860522,6.537037037037037,2,4,5,2516,8.0,3.777385711669922,0.9444444444444444,1.0
climate_crashes,Random Search,4,853928292,6.5,2,4,4,2516,8.0,9.111181259155273,0.9444444444444444,1.0
climate_crashes,"GA (NSGA-II, archived)",4,1827879419,6.481481481481482,1,1,1,2519,8.0,3.4670450687408447,0.9259259259259259,1.0
climate_crashes,CART (ccp path),4,1330181722,6.481481481481482,1,12,12,0,8.0,0.08876752853393555,0.9259259259259259,1.0
climate_crashes,GA (NSGA-II),5,8562658,11.796296296296298,1,1,1,2532,14.0,3.530334234237671,0.9074074074074074,1.0
climate_crashes,Random Search,5,774354706,11.833333333333334,2,4,4,2532,14.0,6.310389041900635,0.9444444444444444,1.0
climate_crashes,"GA (NSGA-II, archived)",5,2147189801,12.12962962962963,2,3,3,2534,14.0,3.56726336479187,0.9444444444444444,1.0
climate_crashes,CART (ccp path),5,1390280926,11.925925925925926,3,12,12,0,14.0,0.06849002838134766,0.9629629629629629,1.0
climate_crashes,GA (NSGA-II),6,1270868118,11.925925925925927,2,3,33,2625,14.0,3.8323469161987305,0.9259259259259259,1.0
climate_crashes,Random Search,6,668977668,11.796296296296298,1,3,3,2625,14.0,6.819758415222168,0.9074074074074074,1.0
climate_crashes,"GA (NSGA-II, archived)",6,1830691016,11.796296296296298,1,2,2,2593,14.0,6.060257434844971,0.9074074074074074,1.0
climate_crashes,CART (ccp path),6,635531549,12.203703703703704,3,12,12,0,14.0,0.06885313987731934,0.9814814814814815,1.0
climate_crashes,GA (NSGA-II),7,1457780706,11.796296296296298,1,2,3,2579,14.0,3.7500298023223877,0.9074074074074074,1.0
climate_crashes,Random Search,7,1288791125,11.796296296296298,1,4,4,2579,14.0,6.608295917510986,0.9074074074074074,1.0
climate_crashes,"GA (NSGA-II, archived)",7,525369359,11.796296296296298,1,1,1,2540,14.0,3.366189479827881,0.9074074074074074,1.0
climate_crashes,CART (ccp path),7,2033443903,11.814814814814817,2,12,12,0,14.0,0.08295822143554688,0.9259259259259259,1.0
climate_crashes,GA (NSGA-II),8,378771140,20.87037037037037,1,1,1,2589,24.0,3.438206911087036,0.9074074074074074,1.0
climate_crashes,Random Search,8,13779558,21.203703703703702,2,4,4,2589,24.0,6.940120220184326,0.9444444444444444,1.0
climate_crashes,"GA (NSGA-II, archived)",8,1578947220,20.87037037037037,1,1,1,2500,24.0,3.4210362434387207,0.9074074074074074,1.0
climate_crashes,CART (ccp path),8,346698535,20.88888888888889,2,11,11,0,24.0,0.07103371620178223,0.9259259259259259,1.0
climate_crashes,GA (NSGA-II),9,1613278569,8.166666666666668,1,1,1,2576,10.0,5.949909210205078,0.9074074074074074,1.0
climate_crashes,Random Search,9,799083967,8.166666666666668,1,4,4,2576,10.0,6.460601806640625,0.9074074074074074,1.0
climate_crashes,"GA (NSGA-II, archived)",9,965884508,8.166666666666668,1,1,1,2538,10.0,3.5609841346740723,0.9074074074074074,1.0
climate_crashes,CART (ccp path),9,923966553,8.185185185185187,2,12,12,0,10.0,0.07451534271240234,0.9259259259259259,1.0
climate_crashes,GA (NSGA-II),10,919261472,6.462962962962963,2,3,3,2528,8.0,3.7786078453063965,0.9444444444444444,1.0
climate_crashes,Random Search,10,890418143,6.351851851851852,1,3,3,2528,8.0,6.384780645370483,0.9074074074074074,1.0
climate_crashes,"GA (NSGA-II, archived)",10,2125638306,6.351851851851852,1,1,1,2569,8.0,3.5479907989501953,0.9074074074074074,1.0
climate_crashes,CART (ccp path),10,1393853245,6.425925925925926,3,12,12,0,8.0,0.08183050155639648,0.9444444444444444,1.0
climate_crashes,GA (NSGA-II),11,888514873,12.037037037037036,1,3,17,2541,14.0,3.8129215240478516,0.9259259259259259,1.0
climate_crashes,Random Search,11,1421106626,12.092592592592592,2,4,4,2541,14.0,8.42057180404663,0.9444444444444444,1.0
climate_crashes,"GA (NSGA-II, archived)",11,1472497283,12.037037037037036,1,2,2,2512,14.0,3.7969250679016113,0.9259259259259259,1.0
climate_crashes,CART (ccp path),11,199793730,12.055555555555555,2,11,11,0,14.0,0.06887364387512207,0.9444444444444444,1.0
climate_crashes,GA (NSGA-II),12,95260206,32.407407407407405,1,4,10,2560,36.0,3.633545160293579,0.9259259259259259,1.0
climate_crashes,Random Search,12,818995729,32.425925925925924,2,4,4,2560,36.0,6.329442024230957,0.9444444444444444,1.0
climate_crashes,"GA (NSGA-II, archived)",12,831123580,32.407407407407405,1,1,1,2531,36.0,3.6121985912323,0.9259259259259259,1.0
climate_crashes,CART (ccp path),12,957303737,32.83333333333333,2,12,12,0,36.0,0.07193493843078613,0.9444444444444444,1.0
climate_crashes,GA (NSGA-II),13,588440958,13.88888888888889,1,2,2,2521,16.0,3.6784331798553467,0.9259259259259259,1.0
climate_crashes,Random Search,13,493452692,13.944444444444445,2,3,3,2521,16.0,8.947838306427002,0.9814814814814815,1.0
climate_crashes,"GA (NSGA-II, archived)",13,1819179424,13.88888888888889,1,2,2,2587,16.0,3.8546478748321533,0.9259259259259259,1.0
climate_crashes,CART (ccp path),13,895332412,13.981481481481481,2,11,11,0,16.0,0.06581902503967285,0.9444444444444444,1.0
climate_crashes,GA (NSGA-II),14,535846001,0.9259259259259259,1,4,9,2539,2.0,4.1263628005981445,0.9259259259259259,1.0
climate_crashes,Random Search,14,1867149432,0.9259259259259259,1,3,3,2539,2.0,6.539844751358032,0.9259259259259259,1.0
climate_crashes,"GA (NSGA-II, archived)",14,698804012,0.9259259259259259,1,1,1,2539,2.0,3.5662741661071777,0.9259259259259259,1.0
climate_crashes,CART (ccp path),14,55278936,0.9259259259259259,1,12,12,0,2.0,0.09074544906616211,0.9259259259259259,1.0
climate_crashes,GA (NSGA-II),15,2000065257,19.333333333333336,2,4,10,2564,22.0,3.976228952407837,0.9259259259259259,1.0
climate_crashes,Random Search,15,922406068,19.055555555555557,1,3,3,2564,22.0,6.588274240493774,0.9074074074074074,1.0
climate_crashes,"GA (NSGA-II, archived)",15,155302541,19.055555555555557,1,2,2,2593,22.0,6.141690254211426,0.9074074074074074,1.0
climate_crashes,CART (ccp path),15,1281038651,19.074074074074076,2,11,11,0,22.0,0.08066630363464355,0.9259259259259259,1.0
climate_crashes,GA (NSGA-II),16,1400147738,6.351851851851852,1,2,5,2528,8.0,3.70105242729187,0.9074074074074074,1.0
climate_crashes,Random Search,16,144466870,6.351851851851852,1,3,3,2528,8.0,7.1853461265563965,0.9074074074074074,1.0
climate_crashes,"GA (NSGA-II, archived)",16,1244514952,6.351851851851852,1,1,1,2474,8.0,3.858157157897949,0.9074074074074074,1.0
climate_crashes,CART (ccp path),16,663779950,6.37037037037037,2,11,11,0,8.0,0.06281089782714844,0.9259259259259259,1.0
climate_crashes,GA (NSGA-II),17,651572669,6.351851851851852,1,1,1,2570,8.0,3.549429416656494,0.9074074074074074,1.0
climate_crashes,Random Search,17,544802246,6.351851851851852,1,4,4,2570,8.0,6.558095455169678,0.9074074074074074,1.0
climate_crashes,"GA (NSGA-II, archived)",17,523032280,6.407407407407407,2,2,2,2514,8.0,3.4786930084228516,0.9259259259259259,1.0
climate_crashes,CART (ccp path),17,278064969,6.37037037037037,2,12,12,0,8.0,0.10158801078796387,0.9259259259259259,1.0
climate_crashes,GA (NSGA-II),18,373075453,17.24074074074074,1,2,4,2506,20.0,5.655069828033447,0.9074074074074074,1.0
climate_crashes,Random Search,18,610964110,17.25925925925926,2,3,3,2506,20.0,6.256256103515625,0.9259259259259259,1.0
climate_crashes,"GA (NSGA-II, archived)",18,1647000419,17.48148148148148,2,2,2,2542,20.0,4.180665969848633,0.9259259259259259,1.0
climate_crashes,CART (ccp path),18,843880510,17.64814814814815,2,12,12,0,20.0,0.08712959289550781,0.9444444444444444,1.0
climate_crashes,GA (NSGA-II),19,484279826,13.61111111111111,1,1,1,2483,16.0,3.52959942817688,0.9074074074074074,1.0
climate_crashes,Random Search,19,1317590900,13.777777777777777,2,2,2,2483,16.0,6.4120543003082275,0.9259259259259259,1.0
climate_crashes,"GA (NSGA-II, archived)",19,1233795638,13.61111111111111,1,2,2,2547,16.0,3.409208059310913,0.9074074074074074,1.0
climate_crashes,CART (ccp path),19,321657449,14.148148148148147,3,12,12,0,16.0,0.06862854957580566,1.0,1.0
climate_crashes,GA (NSGA-II),20,928132999,0.9074074074074074,1,3,4,2572,2.0,3.9141950607299805,0.9074074074074074,1.0
climate_crashes,Random Search,20,980621468,0.9074074074074074,1,2,2,2572,2.0,8.767380952835083,0.9074074074074074,1.0
climate_crashes,"GA (NSGA-II, archived)",20,1318864153,0.9074074074074074,1,2,2,2488,2.0,3.902963399887085,0.9074074074074074,1.0
climate_crashes,CART (ccp path),20,1816116774,0.9074074074074074,1,9,9,0,2.0,0.060709238052368164,0.9074074074074074,1.0
climate_crashes,GA (NSGA-II),21,1742497187,12.037037037037036,1,1,1,2557,14.0,3.7386245727539062,0.9259259259259259,1.0
climate_crashes,Random Search,21,339909674,12.037037037037036,1,4,4,2557,14.0,7.056601285934448,0.9259259259259259,1.0
climate_crashes,"GA (NSGA-II, archived)",21,583090074,12.166666666666666,2,2,2,2589,14.0,3.603320360183716,0.9444444444444444,1.0
climate_crashes,CART (ccp path),21,1321571714,12.055555555555555,2,12,12,0,14.0,0.08110594749450684,0.9444444444444444,1.0
climate_crashes,GA (NSGA-II),22,1735124682,12.037037037037036,1,1,1,2519,14.0,3.5600786209106445,0.9259259259259259,1.0
climate_crashes,Random Search,22,1847532060,12.129629629629628,2,5,5,2519,14.0,6.453127861022949,0.9444444444444444,1.0
climate_crashes,"GA (NSGA-II, archived)",22,642663791,12.055555555555555,2,3,3,2533,14.0,6.308573961257935,0.9444444444444444,1.0
climate_crashes,CART (ccp path),22,304931377,12.296296296296296,2,12,12,0,14.0,0.08013391494750977,0.9629629629629629,1.0
climate_crashes,GA (NSGA-II),23,1757444421,26.85185185185185,1,1,1,2498,30.0,3.3896753787994385,0.9259259259259259,1.0
climate_crashes,Random Search,23,2124602873,26.90740740740741,2,5,5,2498,30.0,6.582191467285156,0.9814814814814815,1.0
climate_crashes,"GA (NSGA-II, archived)",23,696695694,26.85185185185185,1,3,3,2557,30.0,3.6050705909729004,0.9259259259259259,1.0
climate_crashes,CART (ccp path),23,682735397,27.592592592592588,3,12,12,0,30.0,0.06880831718444824,0.9629629629629629,1.0
climate_crashes,GA (NSGA-II),24,522564888,0.9259259259259259,1,2,4,2606,2.0,3.756484270095825,0.9259259259259259,1.0
climate_crashes,Random Search,24,462380691,0.9259259259259259,1,3,3,2606,2.0,6.978593349456787,0.9259259259259259,1.0
climate_crashes,"GA (NSGA-II, archived)",24,1283727724,0.9259259259259259,1,2,2,2620,2.0,3.8961822986602783,0.9259259259259259,1.0
climate_crashes,CART (ccp path),24,458166102,0.9259259259259259,1,12,12,0,2.0,0.07893586158752441,0.9259259259259259,1.0
climate_crashes,GA (NSGA-II),25,1399437573,4.537037037037037,1,2,2,2529,6.0,5.828816652297974,0.9074074074074074,1.0
climate_crashes,Random Search,25,1142815754,4.537037037037037,1,3,3,2529,6.0,6.588900804519653,0.9074074074074074,1.0
climate_crashes,"GA (NSGA-II, archived)",25,1623654056,4.537037037037037,1,1,1,2596,6.0,3.437330961227417,0.9074074074074074,1.0
climate_crashes,CART (ccp path),25,154826108,4.592592592592593,2,11,11,0,6.0,0.05370330810546875,0.9629629629629629,1.0
climate_crashes,GA (NSGA-II),26,1948501057,21.185185185185183,2,3,9,2577,24.0,3.668134927749634,0.9259259259259259,1.0
climate_crashes,Random Search,26,1249699711,20.88888888888889,2,4,4,2577,24.0,6.757658243179321,0.9259259259259259,1.0
climate_crashes,"GA (NSGA-II, archived)",26,343565097,20.87037037037037,1,1,1,2523,24.0,3.563055992126465,0.9074074074074074,1.0
climate_crashes,CART (ccp path),26,179976931,21.27777777777778,2,12,12,0,24.0,0.07708334922790527,0.9444444444444444,1.0
climate_crashes,GA (NSGA-II),27,1729312555,22.685185185185187,1,2,2,2571,26.0,3.6039769649505615,0.9074074074074074,1.0
climate_crashes,Random Search,27,1172459704,22.685185185185187,1,3,3,2571,26.0,8.64978289604187,0.9074074074074074,1.0
climate_crashes,"GA (NSGA-II, archived)",27,1931547086,22.685185185185187,1,2,2,2581,26.0,3.5789294242858887,0.9074074074074074,1.0
climate_crashes,CART (ccp path),27,28404386,22.703703703703706,2,12,12,0,26.0,0.09020304679870605,0.9259259259259259,1.0
climate_crashes,GA (NSGA-II),28,1800727755,13.61111111111111,1,2,2,2638,16.0,3.630647897720337,0.9074074074074074,1.0
climate_crashes,Random Search,28,55186703,13.61111111111111,1,3,3,2638,16.0,7.031561851501465,0.9074074074074074,1.0
climate_crashes,"GA (NSGA-II, archived)",28,420247277,13.61111111111111,1,1,1,2491,16.0,3.6217241287231445,0.9074074074074074,1.0
climate_crashes,CART (ccp path),28,72452637,13.685185185185185,2,12,12,0,16.0,0.08415532112121582,0.9814814814814815,1.0
climate_crashes,GA (NSGA-II),29,1367337803,15.425925925925927,1,2,2,2550,18.0,3.7554380893707275,0.9074074074074074,1.0
climate_crashes,Random Search,29,827060804,15.462962962962964,2,3,3,2550,18.0,8.896165609359741,0.9444444444444444,1.0
climate_crashes,"GA (NSGA-II, archived)",29,1196245922,15.425925925925927,1,2,2,2467,18.0,3.415034055709839,0.9074074074074074,1.0
climate_crashes,CART (ccp path),29,1508495801,15.629629629629632,2,10,10,0,18.0,0.06812691688537598,0.9259259259259259,1.0
climate_crashes,GA (NSGA-II),30,1261644862,28.12962962962963,1,3,8,2564,32.0,3.610321044921875,0.9074074074074074,1.0
climate_crashes,Random Search,30,1950920984,28.14814814814815,2,4,4,2564,32.0,6.550679683685303,0.9259259259259259,1.0
climate_crashes,"GA (NSGA-II, archived)",30,1560015373,28.12962962962963,1,2,2,2586,32.0,3.7818658351898193,0.9074074074074074,1.0
climate_crashes,CART (ccp path),30,1401800581,29.12962962962963,2,11,11,0,32.0,0.06709456443786621,0.9444444444444444,1.0
wdbc,GA (NSGA-II),1,2057351807,16.140350877192983,2,2,5,2553,20.0,4.741702318191528,0.8771929824561403,1.0
wdbc,Random Search,1,2052878773,17.333333333333332,2,4,4,2553,20.0,6.240782976150513,0.9473684210526315,1.0
wdbc,"GA (NSGA-II, archived)",1,646204701,16.824561403508774,3,5,5,2568,20.0,4.60340428352356,0.9298245614035088,1.0
wdbc,CART (ccp path),1,578885710,16.29824561403509,5,12,12,0,20.0,0.13119077682495117,0.9649122807017544,1.0
wdbc,GA (NSGA-II),2,1617038199,20.3859649122807,2,4,10,2559,24.0,5.641256332397461,0.9122807017543859,1.0
wdbc,Random Search,2,1498195198,20.29824561403509,4,6,6,2559,24.0,6.107354640960693,0.9298245614035088,1.0
wdbc,"GA (NSGA-II, archived)",2,17859962,18.912280701754383,2,2,2,2565,24.0,4.276373624801636,0.8421052631578947,1.0
wdbc,CART (ccp path),2,597767736,20.929824561403507,4,11,11,0,24.0,0.10520029067993164,0.9649122807017544,1.0
wdbc,GA (NSGA-II),3,1578296752,13.350877192982455,2,3,5,2539,16.0,4.583773136138916,0.9298245614035088,1.0
wdbc,Random Search,3,509892487,13.175438596491228,3,5,5,2539,16.0,6.576983213424683,0.9649122807017544,1.0
wdbc,"GA (NSGA-II, archived)",3,1983221737,13.31578947368421,3,3,3,2524,16.0,4.679300546646118,0.9298245614035088,1.0
wdbc,CART (ccp path),3,1147142329,13.614035087719298,5,11,11,0,16.0,0.12912750244140625,0.9824561403508771,1.0
wdbc,GA (NSGA-II),4,779056718,6.0,2,4,4,2568,8.0,7.1113739013671875,0.9473684210526315,1.0
wdbc,Random Search,4,472412412,5.87719298245614,3,4,4,2568,8.0,6.445566892623901,0.9298245614035088,1.0
wdbc,"GA (NSGA-II, archived)",4,717437727,5.842105263157895,3,3,3,2539,8.0,4.406665325164795,0.9298245614035088,1.0
wdbc,CART (ccp path),4,1742815858,5.385964912280702,3,12,12,0,8.0,0.13129377365112305,0.9649122807017544,1.0
wdbc,GA (NSGA-II),5,1199762901,5.999999999999999,3,4,12,2523,8.0,4.470224380493164,0.9824561403508771,1.0
wdbc,Random Search,5,1475693456,5.63157894736842,4,5,5,2523,8.0,6.10114860534668,0.9298245614035088,1.0
wdbc,"GA (NSGA-II, archived)",5,1590174246,5.824561403508771,2,2,2,2547,8.0,4.2624523639678955,0.9122807017543859,1.0
wdbc,CART (ccp path),5,1971393511,5.368421052631579,2,12,12,0,8.0,0.14411592483520508,0.9473684210526315,1.0
wdbc,GA (NSGA-II),6,1345546089,19.649122807017545,3,6,8,2524,22.0,6.736885070800781,0.9824561403508771,1.0
wdbc,Random Search,6,74207719,18.333333333333332,3,6,6,2524,22.0,6.228551149368286,0.9649122807017544,1.0
wdbc,"GA (NSGA-II, archived)",6,1506283590,19.596491228070175,2,5,5,2561,22.0,5.030460834503174,0.9649122807017544,1.0
wdbc,CART (ccp path),6,1497396658,18.859649122807017,3,12,12,0,22.0,0.1266798973083496,0.9298245614035088,1.0
wdbc,GA (NSGA-II),7,956334166,9.719298245614034,3,3,27,2571,12.0,4.312957763671875,0.9473684210526315,1.0
wdbc,Random Search,7,153307106,9.56140350877193,3,5,5,2571,12.0,5.996272563934326,0.9298245614035088,1.0
wdbc,"GA (NSGA-II, archived)",7,62926656,9.473684210526315,2,3,3,2582,12.0,4.758715629577637,0.9122807017543859,1.0
wdbc,CART (ccp path),7,1457943340,9.07017543859649,3,12,12,0,12.0,0.151322603225708,0.9649122807017544,1.0
wdbc,GA (NSGA-II),8,140119754,5.929824561403508,3,4,7,2567,8.0,7.680862903594971,0.9473684210526315,1.0
wdbc,Random Search,8,137127419,5.7368421052631575,2,3,3,2567,8.0,6.24972128868103,0.8947368421052632,1.0
wdbc,"GA (NSGA-II, archived)",8,861621662,5.63157894736842,3,3,3,2563,8.0,6.206779956817627,0.8947368421052632,1.0
wdbc,CART (ccp path),8,1920995636,5.982456140350877,3,11,11,0,8.0,0.10542631149291992,0.9649122807017544,1.0
wdbc,GA (NSGA-II),9,1816124083,19.982456140350877,3,4,4,2559,24.0,4.88584566116333,0.8947368421052632,1.0
wdbc,Random Search,9,570301914,19.0,3,3,3,2559,24.0,6.37209415435791,0.8947368421052632,1.0
wdbc,"GA (NSGA-II, archived)",9,1872469142,19.684210526315788,2,3,3,2506,24.0,4.152381181716919,0.8771929824561403,1.0
wdbc,CART (ccp path),9,856455005,19.98245614035088,3,10,10,0,24.0,0.1189279556274414,0.8947368421052632,1.0
wdbc,GA (NSGA-II),10,530867968,3.892857142857143,3,6,22,2522,6.0,6.401471376419067,0.8928571428571429,1.0
wdbc,Random Search,10,1618595588,3.821428571428571,2,3,3,2522,6.0,6.230544328689575,0.8571428571428571,1.0
wdbc,"GA (NSGA-II, archived)",10,1780192933,3.821428571428571,2,4,4,2529,6.0,4.620115280151367,0.8571428571428571,1.0
wdbc,CART (ccp path),10,1529740617,3.839285714285714,3,11,11,0,6.0,0.12700200080871582,0.875,1.0
wdbc,GA (NSGA-II),11,461047002,9.578947368421051,4,9,22,2554,12.0,4.764134168624878,0.9473684210526315,1.0
wdbc,Random Search,11,102037857,9.596491228070175,2,3,3,2554,12.0,6.149916410446167,0.9298245614035088,1.0
wdbc,"GA (NSGA-II, archived)",11,686289672,9.543859649122806,3,4,4,2507,12.0,4.648202657699585,0.9473684210526315,1.0
wdbc,CART (ccp path),11,1142771093,9.31578947368421,3,12,12,0,12.0,0.14164233207702637,0.9298245614035088,1.0
wdbc,GA (NSGA-II),12,2090707205,7.614035087719298,2,9,14,2506,10.0,6.945583820343018,0.9122807017543859,1.0
wdbc,Random Search,12,1969127128,7.614035087719298,2,4,4,2506,10.0,6.607926368713379,0.9122807017543859,1.0
wdbc,"GA (NSGA-II, archived)",12,1855371128,7.614035087719298,2,4,4,2572,10.0,4.714195013046265,0.9122807017543859,1.0
wdbc,CART (ccp path),12,1258174613,7.6842105263157885,4,11,11,0,10.0,0.13425993919372559,0.9473684210526315,1.0
wdbc,GA (NSGA-II),13,1277183895,11.87719298245614,2,5,8,2575,14.0,4.6411027908325195,0.9649122807017544,1.0
wdbc,Random Search,13,2029139679,11.491228070175438,2,4,4,2575,14.0,6.3539817333221436,0.9298245614035088,1.0
wdbc,"GA (NSGA-II, archived)",13,1876764759,11.684210526315788,2,2,2,2534,14.0,4.234423875808716,0.9473684210526315,1.0
wdbc,CART (ccp path),13,1436598301,11.491228070175438,5,12,12,0,14.0,0.13924574851989746,0.9649122807017544,1.0
wdbc,GA (NSGA-II),14,727485226,20.350877192982455,3,8,9,2574,24.0,4.748913526535034,0.9122807017543859,1.0
wdbc,Random Search,14,543591795,19.3859649122807,4,5,5,2574,24.0,8.724301815032959,0.8947368421052632,1.0
wdbc,"GA (NSGA-II, archived)",14,176458996,20.017543859649123,3,5,5,2562,24.0,4.844311475753784,0.8947368421052632,1.0
wdbc,CART (ccp path),14,2070277073,20.54385964912281,7,12,12,0,24.0,0.16379046440124512,0.9649122807017544,1.0
wdbc,GA (NSGA-II),15,445711686,13.807017543859649,2,6,6,2551,16.0,5.899443864822388,0.9649122807017544,1.0
wdbc,Random Search,15,1545078724,13.350877192982455,2,4,4,2551,16.0,6.213988542556763,0.9298245614035088,1.0
wdbc,"GA (NSGA-II, archived)",15,1300137695,13.052631578947368,3,4,4,2585,16.0,5.080931186676025,0.9122807017543859,1.0
wdbc,CART (ccp path),15,970277762,12.964912280701753,3,12,12,0,16.0,0.1425611972808838,0.9649122807017544,1.0
wdbc,GA (NSGA-II),16,2095694157,9.947368421052632,2,6,8,2567,12.0,6.547285318374634,0.9649122807017544,1.0
wdbc,Random Search,16,180811711,9.543859649122806,3,4,4,2567,12.0,6.149002313613892,0.9824561403508771,1.0
wdbc,"GA (NSGA-II, archived)",16,782423204,9.912280701754385,3,4,4,2555,12.0,4.653039932250977,0.9649122807017544,1.0
wdbc,CART (ccp path),16,189318607,9.280701754385964,2,12,12,0,12.0,0.14277195930480957,0.9649122807017544,1.0
wdbc,GA (NSGA-II),17,1657566553,4.0,2,4,11,2562,6.0,4.490789890289307,0.9122807017543859,1.0
wdbc,Random Search,17,548886829,4.052631578947368,2,5,5,2562,6.0,6.199117660522461,0.9298245614035088,1.0
wdbc,"GA (NSGA-II, archived)",17,1730265922,3.894736842105263,3,3,3,2481,6.0,4.90621018409729,0.9122807017543859,1.0
wdbc,CART (ccp path),17,443412427,3.456140350877193,2,12,12,0,6.0,0.12772440910339355,0.9298245614035088,1.0
wdbc,GA (NSGA-II),18,568486916,17.36842105263158,2,5,11,2576,20.0,4.702524900436401,0.9473684210526315,1.0
wdbc,Random Search,18,435834117,16.49122807017544,3,4,4,2576,20.0,8.664564371109009,0.9122807017543859,1.0
wdbc,"GA (NSGA-II, archived)",18,49894332,17.45614035087719,4,4,4,2590,20.0,5.3814146518707275,0.9649122807017544,1.0
wdbc,CART (ccp path),18,369826225,16.894736842105264,3,12,12,0,20.0,0.13966012001037598,0.9298245614035088,1.0
wdbc,GA (NSGA-II),19,1757347021,16.228070175438596,5,6,15,2535,20.0,4.866036415100098,0.8947368421052632,1.0
wdbc,Random Search,19,2139843423,15.280701754385966,2,5,5,2535,20.0,6.254736423492432,0.8245614035087719,1.0
wdbc,"GA (NSGA-II, archived)",19,711446009,15.842105263157894,3,3,3,2557,20.0,4.660789966583252,0.8596491228070176,1.0
wdbc,CART (ccp path),19,713830987,15.350877192982459,5,12,12,0,20.0,0.1582801342010498,0.8596491228070176,1.0
wdbc,GA (NSGA-II),20,530846114,42.07142857142857,3,3,3,2566,44.0,7.173920392990112,1.0,1.0
wdbc,Random Search,20,131249924,39.92857142857144,5,6,6,2566,44.0,6.3745269775390625,0.9642857142857143,1.0
wdbc,"GA (NSGA-II, archived)",20,1464251185,41.375,3,3,3,2533,44.0,4.9507951736450195,0.9821428571428571,1.0
wdbc,CART (ccp path),20,1389973178,41.30357142857143,3,12,12,0,44.0,0.14422917366027832,0.9821428571428571,1.0
wdbc,GA (NSGA-II),21,422519815,10.771929824561404,3,7,11,2500,14.0,4.512644529342651,0.8771929824561403,1.0
wdbc,Random Search,21,1747171669,10.543859649122808,3,6,6,2500,14.0,6.105997323989868,0.8596491228070176,1.0
wdbc,"GA (NSGA-II, archived)",21,788229497,10.719298245614034,3,3,3,2578,14.0,4.98183798789978,0.8947368421052632,1.0
wdbc,CART (ccp path),21,1287540122,10.824561403508772,4,11,11,0,14.0,0.09595489501953125,0.8947368421052632,1.0
wdbc,GA (NSGA-II),22,273469202,13.403508771929824,4,7,19,2535,16.0,4.54008936882019,0.9473684210526315,1.0
wdbc,Random Search,22,1289675535,13.31578947368421,2,5,5,2535,16.0,8.451719999313354,0.9298245614035088,1.0
wdbc,"GA (NSGA-II, archived)",22,78740503,13.052631578947368,3,3,3,2530,16.0,4.619972229003906,0.9122807017543859,1.0
wdbc,CART (ccp path),22,2047139178,12.894736842105264,5,12,12,0,16.0,0.13876748085021973,0.9298245614035088,1.0
wdbc,GA (NSGA-II),23,1300583851,13.824561403508772,3,6,11,2525,16.0,4.7733314037323,0.9824561403508771,1.0
wdbc,Random Search,23,312520485,13.631578947368421,3,3,3,2525,16.0,6.621702432632446,0.9649122807017544,1.0
wdbc,"GA (NSGA-II, archived)",23,192967979,13.859649122807017,3,3,3,2576,16.0,4.42866587638855,0.9824561403508771,1.0
wdbc,CART (ccp path),23,1534751348,13.666666666666668,3,12,12,0,16.0,0.11493873596191406,0.9649122807017544,1.0
wdbc,GA (NSGA-II),24,626078517,16.43859649122807,3,5,7,2529,20.0,4.3873162269592285,0.8947368421052632,1.0
wdbc,Random Search,24,851045606,15.982456140350877,3,3,3,2529,20.0,8.355250358581543,0.8947368421052632,1.0
wdbc,"GA (NSGA-II, archived)",24,92610191,16.50877192982456,3,7,7,2540,20.0,6.44619345664978,0.9298245614035088,1.0
wdbc,CART (ccp path),24,228499447,16.684210526315788,5,9,9,0,20.0,0.09821939468383789,0.9298245614035088,1.0
wdbc,GA (NSGA-II),25,1534582202,13.578947368421051,2,5,6,2539,16.0,5.0166168212890625,0.9473684210526315,1.0
wdbc,Random Search,25,1390625400,14.035087719298245,2,4,4,2539,16.0,6.135146617889404,0.9824561403508771,1.0
wdbc,"GA (NSGA-II, archived)",25,1169207938,13.543859649122806,3,3,3,2494,16.0,5.072007894515991,0.9473684210526315,1.0
wdbc,CART (ccp path),25,1123376663,13.596491228070175,3,12,12,0,16.0,0.16503572463989258,0.9649122807017544,1.0
wdbc,GA (NSGA-II),26,1192669238,11.684210526315788,2,9,14,2543,14.0,7.251298189163208,0.9473684210526315,1.0
wdbc,Random Search,26,1670816707,11.684210526315788,2,4,4,2543,14.0,6.165800333023071,0.9473684210526315,1.0
wdbc,"GA (NSGA-II, archived)",26,771722535,11.649122807017543,3,5,5,2558,14.0,4.953880548477173,0.9473684210526315,1.0
wdbc,CART (ccp path),26,1260507468,11.701754385964911,3,12,12,0,14.0,0.14038920402526855,0.9649122807017544,1.0
wdbc,GA (NSGA-II),27,569435187,13.350877192982455,2,5,7,2564,16.0,4.614243507385254,0.9298245614035088,1.0
wdbc,Random Search,27,1144058301,13.43859649122807,3,4,4,2564,16.0,6.062548398971558,0.9473684210526315,1.0
wdbc,"GA (NSGA-II, archived)",27,1744001126,12.614035087719298,4,4,4,2514,16.0,4.426877498626709,0.8947368421052632,1.0
wdbc,CART (ccp path),27,355635833,12.75438596491228,2,12,12,0,16.0,0.14252805709838867,0.9298245614035088,1.0
wdbc,GA (NSGA-II),28,787817000,11.298245614035086,2,3,9,2490,14.0,4.702489376068115,0.9122807017543859,1.0
wdbc,Random Search,28,905333830,11.684210526315788,2,4,4,2490,14.0,8.41646432876587,0.9473684210526315,1.0
wdbc,"GA (NSGA-II, archived)",28,924013366,11.421052631578947,3,3,3,2512,14.0,4.405307292938232,0.9298245614035088,1.0
wdbc,CART (ccp path),28,1199887104,10.912280701754383,4,12,12,0,14.0,0.1548476219177246,0.9122807017543859,1.0
wdbc,GA (NSGA-II),29,1328120877,18.929824561403507,2,4,5,2576,22.0,4.628294944763184,0.9298245614035088,1.0
wdbc,Random Search,29,729506124,18.63157894736842,3,3,3,2576,22.0,6.708102464675903,0.9473684210526315,1.0
wdbc,"GA (NSGA-II, archived)",29,1596849203,18.596491228070175,2,2,2,2544,22.0,4.638277769088745,0.9122807017543859,1.0
wdbc,CART (ccp path),29,213108359,18.596491228070175,3,12,12,0,22.0,0.14255547523498535,0.9473684210526315,1.0
wdbc,GA (NSGA-II),30,1617625466,6.071428571428571,2,4,6,2538,8.0,4.433635473251343,0.9642857142857143,1.0
wdbc,Random Search,30,1494446728,5.892857142857143,2,3,3,2538,8.0,8.674384593963623,0.9285714285714286,1.0
wdbc,"GA (NSGA-II, archived)",30,942673271,5.9107142857142865,3,4,4,2552,8.0,4.412414073944092,0.9464285714285714,1.0
wdbc,CART (ccp path),30,280089541,5.375,3,12,12,0,8.0,0.11809253692626953,0.9821428571428571,1.0
ilpd,GA (NSGA-II),1,732065653,32.03389830508475,1,2,3,2503,46.0,4.26170539855957,0.711864406779661,1.0
ilpd,Random Search,1,1263958083,32.03389830508475,1,4,4,2503,46.0,5.9489991664886475,0.711864406779661,1.0
ilpd,"GA (NSGA-II, archived)",1,1474321134,32.76271186440678,2,5,5,2578,46.0,3.779839038848877,0.7288135593220338,1.0
ilpd,CART (ccp path),1,1606591629,32.067796610169495,2,12,12,0,46.0,0.05122542381286621,0.7457627118644068,1.0
ilpd,GA (NSGA-II),2,1542471563,6.661016949152542,2,3,3,2568,10.0,4.922241449356079,0.7627118644067796,1.0
ilpd,Random Search,2,884188873,6.423728813559322,2,5,5,2568,10.0,6.085873126983643,0.7288135593220338,1.0
ilpd,"GA (NSGA-II, archived)",2,1440854876,6.406779661016949,1,4,4,2559,10.0,3.808202028274536,0.711864406779661,1.0
ilpd,CART (ccp path),2,1151697410,6.406779661016949,1,12,12,0,10.0,0.05512046813964844,0.711864406779661,1.0
ilpd,GA (NSGA-II),3,657598745,3.5762711864406778,2,7,9,2524,6.0,3.711543321609497,0.7288135593220338,1.0
ilpd,Random Search,3,26439112,3.6101694915254234,2,6,6,2524,6.0,6.346818447113037,0.7288135593220338,1.0
ilpd,"GA (NSGA-II, archived)",3,1940095372,3.6101694915254234,2,4,4,2549,6.0,4.236705541610718,0.7288135593220338,1.0
ilpd,CART (ccp path),3,222443329,3.559322033898305,1,12,12,0,6.0,0.05510234832763672,0.711864406779661,1.0
ilpd,GA (NSGA-II),4,1791332187,0.7241379310344828,1,6,8,2559,2.0,4.338080644607544,0.7241379310344828,1.0
ilpd,Random Search,4,1010045737,0.7241379310344828,1,5,5,2559,2.0,8.794698715209961,0.7241379310344828,1.0
ilpd,"GA (NSGA-II, archived)",4,1706362384,0.7241379310344828,1,2,2,2492,2.0,3.621654748916626,0.7241379310344828,1.0
ilpd,CART (ccp path),4,884246894,0.7241379310344828,1,12,12,0,2.0,0.04481768608093262,0.7241379310344828,1.0
ilpd,GA (NSGA-II),5,4060635,8.13793103448276,3,6,15,2597,12.0,4.14588189125061,0.7586206896551724,1.0
ilpd,Random Search,5,840744028,7.9655172413793105,1,4,4,2597,12.0,6.480141639709473,0.7241379310344828,1.0
ilpd,"GA (NSGA-II, archived)",5,505745624,8.275862068965518,2,2,2,2549,12.0,3.559507131576538,0.7586206896551724,1.0
ilpd,CART (ccp path),5,1538892602,7.9655172413793105,1,12,12,0,12.0,0.05213737487792969,0.7241379310344828,1.0
ilpd,GA (NSGA-II),6,1055604301,60.01724137931035,2,9,12,2552,82.0,4.150207757949829,0.7413793103448276,1.0
ilpd,Random Search,6,359719759,61.206896551724135,3,5,5,2552,82.0,8.55379033088684,0.7586206896551724,1.0
ilpd,"GA (NSGA-II, archived)",6,103458395,65.12068965517241,2,3,3,2602,82.0,3.9442663192749023,0.8103448275862069,1.0
ilpd,CART (ccp path),6,1848127488,58.672413793103445,2,12,12,0,82.0,0.05662274360656738,0.7413793103448276,1.0
ilpd,GA (NSGA-II),7,1507035991,3.5517241379310343,2,3,7,2557,6.0,3.775178909301758,0.7241379310344828,1.0
ilpd,Random Search,7,83959525,3.5344827586206895,1,4,4,2557,6.0,6.114132642745972,0.7068965517241379,1.0
ilpd,"GA (NSGA-II, archived)",7,1301428639,3.5517241379310343,2,5,5,2543,6.0,3.9270691871643066,0.7241379310344828,1.0
ilpd,CART (ccp path),7,92614978,3.5344827586206895,1,12,12,0,6.0,0.05252528190612793,0.7068965517241379,1.0
ilpd,GA (NSGA-II),8,621593382,11.0,3,7,9,2536,16.0,4.166953802108765,0.7586206896551724,1.0
ilpd,Random Search,8,1171637740,10.982758620689655,2,3,3,2536,16.0,6.406135082244873,0.7413793103448276,1.0
ilpd,"GA (NSGA-II, archived)",8,1350451026,10.75862068965517,2,3,3,2609,16.0,6.161652088165283,0.7241379310344828,1.0
ilpd,CART (ccp path),8,124219885,10.603448275862068,1,12,12,0,16.0,0.06366491317749023,0.7068965517241379,1.0
ilpd,GA (NSGA-II),9,1250169484,19.086206896551722,1,6,7,2569,28.0,4.326086044311523,0.7068965517241379,1.0
ilpd,Random Search,9,1884787933,19.32758620689655,3,4,4,2569,28.0,6.334733009338379,0.7413793103448276,1.0
ilpd,"GA (NSGA-II, archived)",9,1534863221,19.086206896551722,1,4,4,2564,28.0,4.505905628204346,0.7068965517241379,1.0
ilpd,CART (ccp path),9,2017848041,19.086206896551722,1,12,12,0,28.0,0.057544708251953125,0.7068965517241379,1.0
ilpd,GA (NSGA-II),10,1046685048,16.982758620689655,2,2,2,2580,24.0,3.827484369277954,0.7413793103448276,1.0
ilpd,Random Search,10,652843555,16.25862068965517,1,3,3,2580,24.0,6.1970977783203125,0.7068965517241379,1.0
ilpd,"GA (NSGA-II, archived)",10,1323863275,16.25862068965517,1,4,4,2571,24.0,4.182724475860596,0.7068965517241379,1.0
ilpd,CART (ccp path),10,1884101096,16.275862068965516,2,12,12,0,24.0,0.06753849983215332,0.7241379310344828,1.0
ilpd,GA (NSGA-II),11,1516377730,10.677966101694915,1,4,4,2515,16.0,5.946078538894653,0.711864406779661,1.0
ilpd,Random Search,11,1897284463,10.76271186440678,2,5,5,2515,16.0,6.237951278686523,0.7966101694915254,1.0
ilpd,"GA (NSGA-II, archived)",11,497893745,10.847457627118644,2,3,3,2515,16.0,3.8887534141540527,0.7457627118644068,1.0
ilpd,CART (ccp path),11,1892777722,10.677966101694915,1,12,12,0,16.0,0.05522942543029785,0.711864406779661,1.0
ilpd,GA (NSGA-II),12,1973164364,7.847457627118644,2,9,44,2509,12.0,4.104104518890381,0.7288135593220338,1.0
ilpd,Random Search,12,1735365203,7.830508474576271,1,5,5,2509,12.0,6.065290689468384,0.711864406779661,1.0
ilpd,"GA (NSGA-II, archived)",12,836560465,7.830508474576271,1,5,5,2556,12.0,4.100298881530762,0.711864406779661,1.0
ilpd,CART (ccp path),12,1500726010,7.830508474576271,1,12,12,0,12.0,0.06539607048034668,0.711864406779661,1.0
ilpd,GA (NSGA-II),13,304276012,12.474576271186441,3,6,11,2560,18.0,4.288424253463745,0.7457627118644068,1.0
ilpd,Random Search,13,1012208203,12.338983050847457,3,5,5,2560,18.0,8.636426448822021,0.7457627118644068,1.0
ilpd,"GA (NSGA-II, archived)",13,1192321012,12.35593220338983,2,4,4,2515,18.0,4.130434274673462,0.7288135593220338,1.0
ilpd,CART (ccp path),13,1002378167,12.101694915254237,1,12,12,0,18.0,0.053784847259521484,0.711864406779661,1.0
ilpd,GA (NSGA-II),14,1827108583,6.758620689655173,2,6,10,2545,10.0,3.732285499572754,0.7586206896551724,1.0
ilpd,Random Search,14,345294840,6.53448275862069,2,4,4,2545,10.0,6.202916145324707,0.7413793103448276,1.0
ilpd,"GA (NSGA-II, archived)",14,701510581,6.758620689655173,2,6,6,2519,10.0,4.379347562789917,0.7586206896551724,1.0
ilpd,CART (ccp path),14,1599608351,6.517241379310345,1,12,12,0,10.0,0.04256701469421387,0.7241379310344828,1.0
ilpd,GA (NSGA-II),15,1011694527,0.7241379310344828,1,6,12,2551,2.0,4.660017013549805,0.7241379310344828,1.0
ilpd,Random Search,15,1082988026,0.7241379310344828,1,6,6,2551,2.0,8.403726577758789,0.7241379310344828,1.0
ilpd,"GA (NSGA-II, archived)",15,1495841553,0.7241379310344828,1,4,4,2560,2.0,4.0579493045806885,0.7241379310344828,1.0
ilpd,CART (ccp path),15,2047556775,0.7241379310344828,1,12,12,0,2.0,0.06312847137451172,0.7241379310344828,1.0
ilpd,GA (NSGA-II),16,116279748,0.7241379310344828,1,5,6,2514,2.0,4.168693780899048,0.7241379310344828,1.0
ilpd,Random Search,16,1665478380,0.7241379310344828,1,6,6,2514,2.0,6.783460855484009,0.7241379310344828,1.0
ilpd,"GA (NSGA-II, archived)",16,1435656191,0.7241379310344828,1,5,5,2552,2.0,3.946460723876953,0.7241379310344828,1.0
ilpd,CART (ccp path),16,280599418,0.7241379310344828,1,12,12,0,2.0,0.05746817588806152,0.7241379310344828,1.0
ilpd,GA (NSGA-II),17,139742536,18.06896551724138,2,3,3,2500,26.0,3.6679115295410156,0.7241379310344828,1.0
ilpd,Random Search,17,968267336,17.67241379310345,1,3,3,2500,26.0,6.20878005027771,0.7068965517241379,1.0
ilpd,"GA (NSGA-II, archived)",17,1438482311,18.06896551724138,2,2,2,2502,26.0,5.853209972381592,0.7241379310344828,1.0
ilpd,CART (ccp path),17,387146614,17.689655172413794,2,12,12,0,26.0,0.0636739730834961,0.7241379310344828,1.0
ilpd,GA (NSGA-II),18,380326927,7.775862068965517,1,3,4,2525,12.0,3.935455083847046,0.7068965517241379,1.0
ilpd,Random Search,18,185049932,7.879310344827586,2,6,6,2525,12.0,6.4237306118011475,0.7413793103448276,1.0
ilpd,"GA (NSGA-II, archived)",18,430547796,8.051724137931036,3,3,3,2498,12.0,3.8362557888031006,0.7413793103448276,1.0
ilpd,CART (ccp path),18,543687990,7.793103448275862,2,12,12,0,12.0,0.06027054786682129,0.7241379310344828,1.0
ilpd,GA (NSGA-II),19,687665270,4.948275862068965,1,4,4,2507,8.0,3.7914884090423584,0.7068965517241379,1.0
ilpd,Random Search,19,1903327403,5.017241379310345,3,5,5,2507,8.0,6.216432094573975,0.7413793103448276,1.0
ilpd,"GA (NSGA-II, archived)",19,804426511,4.948275862068965,1,5,5,2546,8.0,3.912055492401123,0.7068965517241379,1.0
ilpd,CART (ccp path),19,264845774,4.948275862068965,1,12,12,0,8.0,0.06199502944946289,0.7068965517241379,1.0
ilpd,GA (NSGA-II),20,1694481354,55.724137931034484,2,6,6,2540,78.0,6.020763635635376,0.7241379310344828,1.0
ilpd,Random Search,20,1317863421,54.43103448275862,1,4,4,2540,78.0,6.087006568908691,0.7068965517241379,1.0
ilpd,"GA (NSGA-II, archived)",20,1613538314,55.724137931034484,2,3,3,2504,78.0,4.41671085357666,0.7241379310344828,1.0
ilpd,CART (ccp path),20,2035722085,54.724137931034484,3,12,12,0,78.0,0.05974769592285156,0.7586206896551724,1.0
ilpd,GA (NSGA-II),21,1306840771,24.915254237288135,1,5,10,2633,36.0,4.528896808624268,0.711864406779661,1.0
ilpd,Random Search,21,1067983673,25.25423728813559,3,6,6,2633,36.0,6.507100582122803,0.7457627118644068,1.0
ilpd,"GA (NSGA-II, archived)",21,811053894,26.491525423728813,2,3,3,2560,36.0,3.719197988510132,0.7627118644067796,1.0
ilpd,CART (ccp path),21,917008779,24.915254237288135,1,12,12,0,36.0,0.05855703353881836,0.711864406779661,1.0
ilpd,GA (NSGA-II),22,500101317,12.881355932203391,4,7,10,2542,18.0,3.9933969974517822,0.7796610169491526,1.0
ilpd,Random Search,22,764004274,12.35593220338983,2,4,4,2542,18.0,8.465410709381104,0.7288135593220338,1.0
ilpd,"GA (NSGA-II, archived)",22,1740101566,12.35593220338983,2,4,4,2568,18.0,4.805158853530884,0.7288135593220338,1.0
ilpd,CART (ccp path),22,408182856,12.118644067796609,2,12,12,0,18.0,0.051464080810546875,0.7288135593220338,1.0
ilpd,GA (NSGA-II),23,694301900,0.711864406779661,1,2,2,2573,2.0,3.6882612705230713,0.711864406779661,1.0
ilpd,Random Search,23,608104266,0.711864406779661,1,4,4,2573,2.0,6.318503141403198,0.711864406779661,1.0
ilpd,"GA (NSGA-II, archived)",23,982828690,0.711864406779661,1,2,2,2619,2.0,3.9699535369873047,0.711864406779661,1.0
ilpd,CART (ccp path),23,1123719724,0.711864406779661,1,12,12,0,2.0,0.05503988265991211,0.711864406779661,1.0
ilpd,GA (NSGA-II),24,1787761676,2.189655172413793,2,6,10,2514,4.0,4.191637992858887,0.7413793103448276,1.0
ilpd,Random Search,24,1293880340,2.1724137931034484,1,4,4,2514,4.0,8.340021133422852,0.7241379310344828,1.0
ilpd,"GA (NSGA-II, archived)",24,479964156,2.1724137931034484,1,3,3,2529,4.0,4.148688554763794,0.7241379310344828,1.0
ilpd,CART (ccp path),24,1985476229,2.1724137931034484,1,12,12,0,4.0,0.05366706848144531,0.7241379310344828,1.0
ilpd,GA (NSGA-II),25,838677543,0.7241379310344828,1,4,5,2528,2.0,3.871526002883911,0.7241379310344828,1.0
ilpd,Random Search,25,727007768,0.7241379310344828,1,5,5,2528,2.0,6.139073133468628,0.7241379310344828,1.0
ilpd,"GA (NSGA-II, archived)",25,950113811,0.7241379310344828,1,3,3,2604,2.0,3.9821677207946777,0.7241379310344828,1.0
ilpd,CART (ccp path),25,1165705790,0.7241379310344828,1,12,12,0,2.0,0.049637794494628906,0.7241379310344828,1.0
ilpd,GA (NSGA-II),26,1874261637,5.1034482758620685,2,7,34,2563,8.0,4.05462908744812,0.7586206896551724,1.0
ilpd,Random Search,26,1992802072,5.068965517241379,1,5,5,2563,8.0,6.210188627243042,0.7241379310344828,1.0
ilpd,"GA (NSGA-II, archived)",26,1390859525,5.068965517241379,1,5,5,2556,8.0,6.98456335067749,0.7241379310344828,1.0
ilpd,CART (ccp path),26,871050329,5.068965517241379,1,12,12,0,8.0,0.06157493591308594,0.7241379310344828,1.0
ilpd,GA (NSGA-II),27,1649360301,5.0,2,12,22,2540,8.0,4.573704242706299,0.7586206896551724,1.0
ilpd,Random Search,27,1579316324,4.948275862068965,1,5,5,2540,8.0,6.2210752964019775,0.7068965517241379,1.0
ilpd,"GA (NSGA-II, archived)",27,588184851,4.948275862068965,1,2,2,2517,8.0,3.9142301082611084,0.7068965517241379,1.0
ilpd,CART (ccp path),27,361159430,4.948275862068965,1,12,12,0,8.0,0.0444025993347168,0.7068965517241379,1.0
ilpd,GA (NSGA-II),28,1309563874,71.39655172413792,1,3,3,2554,102.0,4.04351019859314,0.7068965517241379,1.0
ilpd,Random Search,28,1255075051,78.08620689655172,2,3,3,2554,102.0,6.287354946136475,0.7758620689655172,1.0
ilpd,"GA (NSGA-II, archived)",28,1676461348,73.03448275862068,2,4,4,2502,102.0,6.1128222942352295,0.7241379310344828,1.0
ilpd,CART (ccp path),28,528555814,73.32758620689656,4,12,12,0,102.0,0.054370880126953125,0.7758620689655172,1.0
ilpd,GA (NSGA-II),29,345443958,5.0344827586206895,2,2,2,2482,8.0,3.7344963550567627,0.7241379310344828,1.0
ilpd,Random Search,29,1028644843,5.0,2,5,5,2482,8.0,5.876145362854004,0.7241379310344828,1.0
ilpd,"GA (NSGA-II, archived)",29,4064906,4.9655172413793105,2,4,4,2565,8.0,4.0677149295806885,0.7241379310344828,1.0
ilpd,CART (ccp path),29,272517119,4.948275862068965,1,12,12,0,8.0,0.04785776138305664,0.7068965517241379,1.0
ilpd,GA (NSGA-II),30,417888223,0.7068965517241379,1,4,4,2544,2.0,3.9307727813720703,0.7068965517241379,1.0
ilpd,Random Search,30,778559241,0.7068965517241379,1,4,4,2544,2.0,6.048261880874634,0.7068965517241379,1.0
ilpd,"GA (NSGA-II, archived)",30,8567854,0.7068965517241379,1,6,6,2543,2.0,4.5343310832977295,0.7068965517241379,1.0
ilpd,CART (ccp path),30,717087329,0.7068965517241379,1,12,12,0,2.0,0.06565403938293457,0.7068965517241379,1.0
balance_scale,GA (NSGA-II),1,1287754469,22.174603174603174,5,10,12,2510,32.0,6.191748857498169,0.746031746031746,1.0
balance_scale,Random Search,1,822311904,22.841269841269842,5,8,8,2510,32.0,6.20300030708313,0.7777777777777778,1.0
balance_scale,"GA (NSGA-II, archived)",1,1724119229,21.444444444444446,4,5,5,2552,32.0,6.485099792480469,0.7142857142857143,1.0
balance_scale,CART (ccp path),1,1230257325,20.49206349206349,4,12,12,0,32.0,0.02872323989868164,0.8095238095238095,1.0
balance_scale,GA (NSGA-II),2,2094125884,19.95238095238095,5,7,7,2553,32.0,4.814760446548462,0.6825396825396826,1.0
balance_scale,Random Search,2,1453640192,21.412698412698408,5,7,7,2553,32.0,6.30901312828064,0.746031746031746,1.0
balance_scale,"GA (NSGA-II, archived)",2,724995783,23.38095238095238,4,9,9,2580,32.0,5.51165771484375,0.8095238095238095,1.0
balance_scale,CART (ccp path),2,1643792853,18.444444444444446,4,12,12,0,32.0,0.023340225219726562,0.7301587301587301,1.0
balance_scale,GA (NSGA-II),3,1739718616,32.26984126984127,4,8,8,2566,40.0,6.000614643096924,0.873015873015873,1.0
balance_scale,Random Search,3,977554630,28.984126984126984,5,8,8,2566,40.0,6.700037956237793,0.7936507936507936,1.0
balance_scale,"GA (NSGA-II, archived)",3,1156338069,27.349206349206348,6,8,8,2589,40.0,8.154601097106934,0.746031746031746,1.0
balance_scale,CART (ccp path),3,637611576,26.873015873015873,4,12,12,0,40.0,0.023920774459838867,0.8095238095238095,1.0
balance_scale,GA (NSGA-II),4,106611666,22.3015873015873,5,9,11,2539,30.0,5.898392200469971,0.8095238095238095,1.0
balance_scale,Random Search,4,795967139,21.17460317460317,4,8,8,2539,30.0,6.4487035274505615,0.7936507936507936,1.0
balance_scale,"GA (NSGA-II, archived)",4,1462483763,20.952380952380953,4,8,8,2533,30.0,5.5396950244903564,0.7619047619047619,1.0
balance_scale,CART (ccp path),4,1025127046,18.619047619047617,4,12,12,0,30.0,0.028513431549072266,0.8095238095238095,1.0
balance_scale,GA (NSGA-II),5,194995696,30.126984126984127,5,7,10,2561,42.0,5.437324047088623,0.7619047619047619,1.0
balance_scale,Random Search,5,25098358,30.444444444444443,4,8,8,2561,42.0,8.709718704223633,0.7936507936507936,1.0
balance_scale,"GA (NSGA-II, archived)",5,1912368407,30.85714285714286,6,9,9,2533,42.0,5.801753997802734,0.7936507936507936,1.0
balance_scale,CART (ccp path),5,1549586557,28.57142857142857,5,12,12,0,42.0,0.02058577537536621,0.8253968253968254,1.0
balance_scale,GA (NSGA-II),6,121726444,20.70967741935484,4,9,11,2538,30.0,5.333287477493286,0.7419354838709677,1.0
balance_scale,Random Search,6,418938207,21.112903225806452,5,9,9,2538,30.0,6.032947778701782,0.7903225806451613,1.0
balance_scale,"GA (NSGA-II, archived)",6,1872467100,21.983870967741936,6,8,8,2532,30.0,5.896017789840698,0.8225806451612904,1.0
balance_scale,CART (ccp path),6,1379293679,17.93548387096774,4,12,12,0,30.0,0.027415037155151367,0.8064516129032258,1.0
balance_scale,GA (NSGA-II),7,760940562,56.903225806451616,6,8,10,2538,80.0,6.300887107849121,0.7419354838709677,1.0
balance_scale,Random Search,7,267480539,61.25806451612904,3,5,5,2538,80.0,8.753756284713745,0.8064516129032258,1.0
balance_scale,"GA (NSGA-II, archived)",7,323796722,58.14516129032258,5,6,6,2598,80.0,5.425156831741333,0.7580645161290323,1.0
balance_scale,CART (ccp path),7,2055032904,59.064516129032256,6,12,12,0,80.0,0.027429580688476562,0.8387096774193549,1.0
balance_scale,GA (NSGA-II),8,107590344,57.51612903225807,5,12,13,2498,72.0,5.851052284240723,0.8387096774193549,1.0
balance_scale,Random Search,8,951223604,54.53225806451612,4,10,10,2498,72.0,6.248242616653442,0.7903225806451613,1.0
balance_scale,"GA (NSGA-II, archived)",8,303684056,56.096774193548384,4,7,7,2571,72.0,5.409789323806763,0.8064516129032258,1.0
balance_scale,CART (ccp path),8,1894401955,54.70967741935484,6,12,12,0,72.0,0.023752212524414062,0.8709677419354839,1.0
balance_scale,GA (NSGA-II),9,1147072141,25.854838709677423,5,10,10,2521,38.0,7.330589771270752,0.7258064516129032,1.0
balance_scale,Random Search,9,460814629,24.5,5,7,7,2521,38.0,6.514924764633179,0.7258064516129032,1.0
balance_scale,"GA (NSGA-II, archived)",9,323804452,25.58064516129032,5,7,7,2539,38.0,6.085676908493042,0.7741935483870968,1.0
balance_scale,CART (ccp path),9,1371932309,23.612903225806452,5,12,12,0,38.0,0.025290727615356445,0.7741935483870968,1.0
balance_scale,GA (NSGA-II),10,152343952,56.19354838709678,7,10,11,2544,74.0,5.483824729919434,0.8064516129032258,1.0
balance_scale,Random Search,10,338255666,56.258064516129025,4,5,5,2544,74.0,6.407357454299927,0.8064516129032258,1.0
balance_scale,"GA (NSGA-II, archived)",10,1126081394,53.88709677419355,5,7,7,2491,74.0,5.149736166000366,0.7580645161290323,1.0
balance_scale,CART (ccp path),10,1061326606,51.29032258064516,5,12,12,0,74.0,0.024255037307739258,0.7741935483870968,1.0
balance_scale,GA (NSGA-II),11,1864026961,42.87301587301587,5,10,15,2593,54.0,7.626869201660156,0.8412698412698413,1.0
balance_scale,Random Search,11,478928964,39.60317460317461,7,8,8,2593,54.0,6.67502236366272,0.8095238095238095,1.0
balance_scale,"GA (NSGA-II, archived)",11,907737775,39.95238095238095,5,6,6,2536,54.0,5.5816099643707275,0.7777777777777778,1.0
balance_scale,CART (ccp path),11,862435138,35.61904761904762,6,12,12,0,54.0,0.023834228515625,0.7619047619047619,1.0
balance_scale,GA (NSGA-II),12,1083875468,33.92063492063492,6,9,9,2545,44.0,5.5627968311309814,0.8412698412698413,1.0
balance_scale,Random Search,12,2084868449,30.0,4,6,6,2545,44.0,6.490089416503906,0.7301587301587301,1.0
balance_scale,"GA (NSGA-II, archived)",12,423325393,27.539682539682538,3,5,5,2502,44.0,7.690122365951538,0.6507936507936508,1.0
balance_scale,CART (ccp path),12,1160280507,28.317460317460316,5,12,12,0,44.0,0.024500370025634766,0.7619047619047619,1.0
balance_scale,GA (NSGA-II),13,536177421,20.365079365079367,4,9,11,2599,30.0,6.498014211654663,0.746031746031746,1.0
balance_scale,Random Search,13,180907187,19.301587301587304,6,9,9,2599,30.0,7.420551300048828,0.7619047619047619,1.0
balance_scale,"GA (NSGA-II, archived)",13,800773750,18.238095238095237,3,7,7,2589,30.0,5.5339531898498535,0.6507936507936508,1.0
balance_scale,CART (ccp path),13,610789734,17.126984126984127,4,12,12,0,30.0,0.029058218002319336,0.746031746031746,1.0
balance_scale,GA (NSGA-II),14,1919117609,15.222222222222221,6,7,7,2524,22.0,5.716713190078735,0.8412698412698413,1.0
balance_scale,Random Search,14,1802389946,14.841269841269842,4,7,7,2524,22.0,8.383593797683716,0.746031746031746,1.0
balance_scale,"GA (NSGA-II, archived)",14,602551791,16.015873015873016,6,9,9,2545,22.0,6.360049486160278,0.8412698412698413,1.0
balance_scale,CART (ccp path),14,379638485,12.904761904761905,3,12,12,0,22.0,0.025614500045776367,0.8412698412698413,1.0
balance_scale,GA (NSGA-II),15,2026557748,21.650793650793652,5,11,11,2555,30.0,6.061850070953369,0.7936507936507936,1.0
balance_scale,Random Search,15,22422903,20.238095238095237,5,7,7,2555,30.0,6.530964136123657,0.7777777777777778,1.0
balance_scale,"GA (NSGA-II, archived)",15,323348375,22.317460317460316,5,7,7,2535,30.0,5.86023736000061,0.8253968253968254,1.0
balance_scale,CART (ccp path),15,1258568099,19.3968253968254,4,12,12,0,30.0,0.028880596160888672,0.7936507936507936,1.0
balance_scale,GA (NSGA-II),16,470017409,57.37096774193548,5,7,7,2565,78.0,8.617098331451416,0.7580645161290323,1.0
balance_scale,Random Search,16,410923116,58.596774193548384,4,10,10,2565,78.0,6.603424072265625,0.7903225806451613,1.0
balance_scale,"GA (NSGA-II, archived)",16,1224256709,63.75806451612903,7,7,7,2551,78.0,5.7899370193481445,0.8548387096774194,1.0
balance_scale,CART (ccp path),16,1033261670,60.483870967741936,5,12,12,0,78.0,0.0293276309967041,0.8709677419354839,1.0
balance_scale,GA (NSGA-II),17,605364581,54.93548387096775,6,8,8,2606,80.0,5.330608367919922,0.7096774193548387,1.0
balance_scale,Random Search,17,1323364370,56.67741935483872,4,7,7,2606,80.0,6.811557054519653,0.7419354838709677,1.0
balance_scale,"GA (NSGA-II, archived)",17,647659127,59.80645161290323,5,6,6,2521,80.0,5.424213886260986,0.7741935483870968,1.0
balance_scale,CART (ccp path),17,1490951375,55.532258064516135,5,12,12,0,80.0,0.02625751495361328,0.7903225806451613,1.0
balance_scale,GA (NSGA-II),18,296261038,19.790322580645164,5,8,8,2536,28.0,7.513517618179321,0.7903225806451613,1.0
balance_scale,Random Search,18,802503751,20.629032258064512,5,8,8,2536,28.0,6.59868049621582,0.8548387096774194,1.0
balance_scale,"GA (NSGA-II, archived)",18,921965355,19.096774193548388,4,8,8,2547,28.0,5.828855276107788,0.7419354838709677,1.0
balance_scale,CART (ccp path),18,144227879,16.177419354838708,4,12,12,0,28.0,0.027267932891845703,0.7580645161290323,1.0
balance_scale,GA (NSGA-II),19,1012500636,19.080645161290324,3,8,9,2581,28.0,5.107021808624268,0.7580645161290323,1.0
balance_scale,Random Search,19,229427414,17.709677419354836,3,6,6,2581,28.0,6.824452877044678,0.6774193548387096,1.0
balance_scale,"GA (NSGA-II, archived)",19,160188387,19.451612903225808,5,10,10,2555,28.0,8.072507858276367,0.7741935483870968,1.0
balance_scale,CART (ccp path),19,431295092,16.516129032258064,4,12,12,0,28.0,0.02768254280090332,0.7741935483870968,1.0
balance_scale,GA (NSGA-II),20,425923747,18.225806451612904,4,6,8,2532,28.0,5.277646780014038,0.7096774193548387,1.0
balance_scale,Random Search,20,238815430,18.14516129032258,3,6,6,2532,28.0,6.150482654571533,0.7258064516129032,1.0
balance_scale,"GA (NSGA-II, archived)",20,935635762,18.596774193548388,4,7,7,2531,28.0,5.631026029586792,0.7258064516129032,1.0
balance_scale,CART (ccp path),20,1423179161,17.82258064516129,4,12,12,0,28.0,0.02983260154724121,0.8225806451612904,1.0
balance_scale,GA (NSGA-II),21,1355729896,20.047619047619044,4,11,12,2536,28.0,5.7115490436553955,0.7777777777777778,1.0
balance_scale,Random Search,21,1710893365,20.317460317460313,4,9,9,2536,28.0,6.170211553573608,0.7936507936507936,1.0
balance_scale,"GA (NSGA-II, archived)",21,345888853,20.428571428571423,7,9,9,2564,28.0,8.213423490524292,0.8412698412698413,1.0
balance_scale,CART (ccp path),21,618111295,16.428571428571427,4,12,12,0,28.0,0.027212858200073242,0.7777777777777778,1.0
balance_scale,GA (NSGA-II),22,30426364,17.571428571428573,4,9,12,2588,26.0,5.750173091888428,0.746031746031746,1.0
balance_scale,Random Search,22,1096200728,17.412698412698415,3,7,7,2588,26.0,6.790933609008789,0.746031746031746,1.0
balance_scale,"GA (NSGA-II, archived)",22,2036975136,17.523809523809522,4,7,7,2559,26.0,5.237842321395874,0.7619047619047619,1.0
balance_scale,CART (ccp path),22,1002891915,15.428571428571429,4,12,12,0,26.0,0.026240110397338867,0.7936507936507936,1.0
balance_scale,GA (NSGA-II),23,1097206655,15.936507936507935,4,6,7,2548,24.0,6.187893390655518,0.7301587301587301,1.0
balance_scale,Random Search,23,331046249,15.904761904761905,4,9,9,2548,24.0,8.72884726524353,0.7619047619047619,1.0
balance_scale,"GA (NSGA-II, archived)",23,23466895,15.555555555555555,5,6,6,2546,24.0,5.937997579574585,0.7301587301587301,1.0
balance_scale,CART (ccp path),23,263466075,13.682539682539682,3,12,12,0,24.0,0.028223276138305664,0.7301587301587301,1.0
balance_scale,GA (NSGA-II),24,1342060472,15.301587301587302,4,9,10,2533,22.0,5.464116811752319,0.7936507936507936,1.0
balance_scale,Random Search,24,1467271798,14.222222222222221,5,9,9,2533,22.0,6.346950054168701,0.7619047619047619,1.0
balance_scale,"GA (NSGA-II, archived)",24,625036246,13.793650793650793,4,6,6,2535,22.0,5.144633769989014,0.746031746031746,1.0
balance_scale,CART (ccp path),24,1940330561,12.65079365079365,3,12,12,0,22.0,0.02319025993347168,0.7777777777777778,1.0
balance_scale,GA (NSGA-II),25,1311615013,12.507936507936508,6,10,13,2554,20.0,5.50182318687439,0.7301587301587301,1.0
balance_scale,Random Search,25,978247389,11.920634920634921,4,8,8,2554,20.0,8.80950927734375,0.7142857142857143,1.0
balance_scale,"GA (NSGA-II, archived)",25,1504580367,13.857142857142858,4,8,8,2541,20.0,5.400410413742065,0.8095238095238095,1.0
balance_scale,CART (ccp path),25,1592338107,11.0,3,12,12,0,20.0,0.02447342872619629,0.8095238095238095,1.0
balance_scale,GA (NSGA-II),26,1405763232,20.500000000000004,5,9,11,2515,28.0,5.55942964553833,0.8225806451612904,1.0
balance_scale,Random Search,26,343478223,20.806451612903228,3,10,10,2515,28.0,6.604565382003784,0.8064516129032258,1.0
balance_scale,"GA (NSGA-II, archived)",26,846891156,19.806451612903224,4,7,7,2571,28.0,5.877166509628296,0.8064516129032258,1.0
balance_scale,CART (ccp path),26,1288955483,18.064516129032256,4,12,12,0,28.0,0.027324438095092773,0.8709677419354839,1.0
balance_scale,GA (NSGA-II),27,1251490189,17.19354838709677,6,9,10,2551,28.0,7.691089153289795,0.6774193548387096,1.0
balance_scale,Random Search,27,1477799604,18.29032258064516,4,8,8,2551,28.0,6.7705512046813965,0.7741935483870968,1.0
balance_scale,"GA (NSGA-II, archived)",27,1921233559,17.096774193548388,4,6,6,2549,28.0,5.842835903167725,0.6774193548387096,1.0
balance_scale,CART (ccp path),27,1537902999,15.70967741935484,4,12,12,0,28.0,0.023081302642822266,0.7096774193548387,1.0
balance_scale,GA (NSGA-II),28,96860332,20.193548387096772,5,11,15,2536,28.0,5.469557046890259,0.8064516129032258,1.0
balance_scale,Random Search,28,345003742,18.112903225806452,6,6,6,2536,28.0,6.4259679317474365,0.7258064516129032,1.0
balance_scale,"GA (NSGA-II, archived)",28,1892309828,20.161290322580648,4,8,8,2517,28.0,8.125046491622925,0.7741935483870968,1.0
balance_scale,CART (ccp path),28,1844739852,17.693548387096772,4,12,12,0,28.0,0.027221202850341797,0.8548387096774194,1.0
balance_scale,GA (NSGA-II),29,1938634090,26.290322580645164,7,10,11,2588,36.0,7.921808481216431,0.8064516129032258,1.0
balance_scale,Random Search,29,2072176943,23.193548387096772,6,8,8,2588,36.0,7.272651672363281,0.7741935483870968,1.0
balance_scale,"GA (NSGA-II, archived)",29,165164195,25.483870967741936,6,7,7,2542,36.0,5.914998292922974,0.8387096774193549,1.0
balance_scale,CART (ccp path),29,909801646,23.903225806451612,4,12,12,0,36.0,0.026425600051879883,0.8064516129032258,1.0
balance_scale,GA (NSGA-II),30,1425795404,68.2741935483871,6,9,11,2555,86.0,6.608588695526123,0.8225806451612904,1.0
balance_scale,Random Search,30,1394620403,64.09677419354838,5,6,6,2555,86.0,8.601493835449219,0.7741935483870968,1.0
balance_scale,"GA (NSGA-II, archived)",30,1987093949,62.887096774193544,4,10,10,2542,86.0,6.6357808113098145,0.7580645161290323,1.0
balance_scale,CART (ccp path),30,517862167,66.19354838709677,6,12,12,0,86.0,0.024034976959228516,0.8709677419354839,1.0
credit_approval,GA (NSGA-II),1,1406777325,9.73913043478261,2,3,3,2575,14.0,4.5438268184661865,0.782608695652174,1.0
credit_approval,Random Search,1,827954507,9.73913043478261,2,4,4,2575,14.0,6.5016820430755615,0.782608695652174,1.0
credit_approval,"GA (NSGA-II, archived)",1,1375644242,9.869565217391305,3,3,3,2605,14.0,7.014389514923096,0.7971014492753623,1.0
credit_approval,CART (ccp path),1,1574005906,8.724637681159422,3,12,12,0,14.0,0.04357790946960449,0.8115942028985508,1.0
credit_approval,GA (NSGA-II),2,1045360127,10.695652173913043,2,6,13,2551,14.0,4.946300268173218,0.8695652173913043,1.0
credit_approval,Random Search,2,849132318,10.695652173913043,2,4,4,2551,14.0,6.21224045753479,0.8695652173913043,1.0
credit_approval,"GA (NSGA-II, archived)",2,1401433364,10.695652173913043,2,3,3,2556,14.0,4.176274061203003,0.8695652173913043,1.0
credit_approval,CART (ccp path),2,36869732,9.391304347826086,3,12,12,0,14.0,0.0500187873840332,0.8695652173913043,1.0
credit_approval,GA (NSGA-II),3,1326913328,11.231884057971012,5,8,13,2519,14.0,4.960533618927002,0.9420289855072463,1.0
credit_approval,Random Search,3,24980468,11.014492753623188,2,4,4,2519,14.0,6.224962472915649,0.8985507246376812,1.0
credit_approval,"GA (NSGA-II, archived)",3,1468789175,11.014492753623188,2,3,3,2491,14.0,6.655673980712891,0.8985507246376812,1.0
credit_approval,CART (ccp path),3,806653011,9.782608695652174,2,12,12,0,14.0,0.0617678165435791,0.9130434782608695,1.0
credit_approval,GA (NSGA-II),4,1510536379,19.927536231884062,3,7,9,2530,26.0,5.0542380809783936,0.8260869565217391,1.0
credit_approval,Random Search,4,1766039680,21.10144927536232,2,3,3,2530,26.0,6.450401067733765,0.8695652173913043,1.0
credit_approval,"GA (NSGA-II, archived)",4,194689983,21.405797101449277,3,6,6,2509,26.0,4.609583139419556,0.8840579710144928,1.0
credit_approval,CART (ccp path),4,1252176200,19.014492753623188,3,12,12,0,26.0,0.04100441932678223,0.8405797101449275,1.0
credit_approval,GA (NSGA-II),5,1186988752,5.739130434782609,2,4,4,2550,8.0,4.903690338134766,0.927536231884058,1.0
credit_approval,Random Search,5,883244580,5.739130434782609,2,6,6,2550,8.0,6.043499231338501,0.927536231884058,1.0
credit_approval,"GA (NSGA-II, archived)",5,1376958562,5.739130434782609,2,3,3,2556,8.0,6.81903338432312,0.927536231884058,1.0
credit_approval,CART (ccp path),5,1069827840,4.231884057971015,2,12,12,0,8.0,0.0461275577545166,0.927536231884058,1.0
credit_approval,GA (NSGA-II),6,575890089,27.55072463768116,3,4,6,2633,34.0,5.644497871398926,0.855072463768116,1.0
credit_approval,Random Search,6,552321571,27.71014492753623,3,3,3,2633,34.0,6.802438735961914,0.8695652173913043,1.0
credit_approval,"GA (NSGA-II, archived)",6,1533844970,27.55072463768116,3,4,4,2546,34.0,5.214824438095093,0.855072463768116,1.0
credit_approval,CART (ccp path),6,1287910680,26.42028985507246,3,12,12,0,34.0,0.05559396743774414,0.8840579710144928,1.0
credit_approval,GA (NSGA-II),7,1332483434,5.449275362318841,2,4,4,2522,8.0,4.2516560554504395,0.8695652173913043,1.0
credit_approval,Random Search,7,1441251970,5.449275362318841,2,4,4,2522,8.0,6.0681540966033936,0.8695652173913043,1.0
credit_approval,"GA (NSGA-II, archived)",7,917935330,5.449275362318841,2,5,5,2573,8.0,6.888757705688477,0.8695652173913043,1.0
credit_approval,CART (ccp path),7,1230068536,4.173913043478261,2,12,12,0,8.0,0.04409193992614746,0.8695652173913043,1.0
credit_approval,GA (NSGA-II),8,622800711,17.347826086956523,2,4,4,2550,22.0,4.731139898300171,0.855072463768116,1.0
credit_approval,Random Search,8,330800286,17.36231884057971,3,4,4,2550,22.0,6.042362689971924,0.8695652173913043,1.0
credit_approval,"GA (NSGA-II, archived)",8,231527303,17.347826086956523,2,3,3,2527,22.0,4.238441467285156,0.855072463768116,1.0
credit_approval,CART (ccp path),8,1760842429,15.434782608695652,3,12,12,0,22.0,0.04949045181274414,0.9130434782608695,1.0
credit_approval,GA (NSGA-II),9,573828596,26.710144927536234,2,5,13,2544,34.0,5.0619142055511475,0.8260869565217391,1.0
credit_approval,Random Search,9,933348199,26.710144927536234,2,4,4,2544,34.0,6.233988046646118,0.8260869565217391,1.0
credit_approval,"GA (NSGA-II, archived)",9,1448912220,27.130434782608695,3,5,5,2537,34.0,4.741680860519409,0.8405797101449275,1.0
credit_approval,CART (ccp path),9,1311947355,25.92753623188406,4,12,12,0,34.0,0.04831218719482422,0.855072463768116,1.0
credit_approval,GA (NSGA-II),10,2124718571,20.26086956521739,3,8,10,2493,26.0,7.805548191070557,0.8405797101449275,1.0
credit_approval,Random Search,10,946844027,19.768115942028988,2,4,4,2493,26.0,6.012006759643555,0.8115942028985508,1.0
credit_approval,"GA (NSGA-II, archived)",10,1307709380,20.072463768115945,3,5,5,2546,26.0,5.298720121383667,0.8260869565217391,1.0
credit_approval,CART (ccp path),10,1541721662,18.47826086956522,3,12,12,0,26.0,0.05595684051513672,0.855072463768116,1.0
credit_approval,GA (NSGA-II),11,1705625500,12.246376811594203,2,3,3,2548,16.0,4.391898155212402,0.855072463768116,1.0
credit_approval,Random Search,11,1118182581,12.246376811594203,2,3,3,2548,16.0,6.242702484130859,0.855072463768116,1.0
credit_approval,"GA (NSGA-II, archived)",11,231683963,12.246376811594203,2,2,2,2562,16.0,4.370863437652588,0.855072463768116,1.0
credit_approval,CART (ccp path),11,324021755,11.115942028985508,3,12,12,0,16.0,0.052026987075805664,0.8840579710144928,1.0
credit_approval,GA (NSGA-II),12,1662140376,11.492753623188406,2,3,3,2520,16.0,6.8513100147247314,0.7971014492753623,1.0
credit_approval,Random Search,12,698479704,11.65217391304348,3,6,6,2520,16.0,5.927029609680176,0.8115942028985508,1.0
credit_approval,"GA (NSGA-II, archived)",12,459969609,11.753623188405797,3,3,3,2541,16.0,4.294745683670044,0.8260869565217391,1.0
credit_approval,CART (ccp path),12,149181677,10.46376811594203,3,12,12,0,16.0,0.051175594329833984,0.8115942028985508,1.0
credit_approval,GA (NSGA-II),13,1510903947,5.478260869565217,2,3,3,2587,8.0,4.483243703842163,0.8695652173913043,1.0
credit_approval,Random Search,13,1129983625,5.521739130434782,3,3,3,2587,8.0,6.10371208190918,0.8840579710144928,1.0
credit_approval,"GA (NSGA-II, archived)",13,1438595379,5.521739130434782,3,4,4,2534,8.0,4.393938302993774,0.8840579710144928,1.0
credit_approval,CART (ccp path),13,968291829,4.260869565217391,2,12,12,0,8.0,0.059000492095947266,0.8695652173913043,1.0
credit_approval,GA (NSGA-II),14,1283965335,49.84057971014493,2,3,7,2547,62.0,6.941181421279907,0.8260869565217391,1.0
credit_approval,Random Search,14,541369545,49.84057971014493,2,3,3,2547,62.0,6.479337215423584,0.8260869565217391,1.0
credit_approval,"GA (NSGA-II, archived)",14,1734309487,49.84057971014493,2,4,4,2548,62.0,4.571061372756958,0.8260869565217391,1.0
credit_approval,CART (ccp path),14,1836013808,48.44927536231884,5,12,12,0,62.0,0.04696464538574219,0.855072463768116,1.0
credit_approval,GA (NSGA-II),15,1696703142,15.855072463768117,3,3,4,2522,20.0,4.2549707889556885,0.8695652173913043,1.0
credit_approval,Random Search,15,243690940,15.73913043478261,3,5,5,2522,20.0,5.864250898361206,0.8695652173913043,1.0
credit_approval,"GA (NSGA-II, archived)",15,1936799022,15.855072463768117,3,6,6,2573,20.0,5.3378005027771,0.8695652173913043,1.0
credit_approval,CART (ccp path),15,95744654,13.579710144927535,4,12,12,0,20.0,0.05762958526611328,0.8260869565217391,1.0
credit_approval,GA (NSGA-II),16,1568751665,23.782608695652176,4,10,18,2534,28.0,7.5368876457214355,0.9130434782608695,1.0
credit_approval,Random Search,16,178985459,23.20289855072464,2,3,3,2534,28.0,6.314190626144409,0.8840579710144928,1.0
credit_approval,"GA (NSGA-II, archived)",16,880942363,23.20289855072464,2,5,5,2549,28.0,4.712719440460205,0.8840579710144928,1.0
credit_approval,CART (ccp path),16,282731184,20.826086956521735,4,12,12,0,28.0,0.04325556755065918,0.8840579710144928,1.0
credit_approval,GA (NSGA-II),17,508689819,15.333333333333334,3,3,5,2556,20.0,4.468937873840332,0.8405797101449275,1.0
credit_approval,Random Search,17,2029676038,15.144927536231885,2,3,3,2556,20.0,6.2313642501831055,0.8260869565217391,1.0
credit_approval,"GA (NSGA-II, archived)",17,76603,15.144927536231885,2,5,5,2583,20.0,4.360369682312012,0.8260869565217391,1.0
credit_approval,CART (ccp path),17,1367814154,14.130434782608697,3,12,12,0,20.0,0.04683065414428711,0.9130434782608695,1.0
credit_approval,GA (NSGA-II),18,879907745,11.91304347826087,3,3,3,2577,16.0,4.342516660690308,0.8405797101449275,1.0
credit_approval,Random Search,18,2108999099,11.652173913043478,2,4,4,2577,16.0,9.37535309791565,0.8115942028985508,1.0
credit_approval,"GA (NSGA-II, archived)",18,1465345474,11.652173913043478,2,5,5,2505,16.0,4.5414345264434814,0.8115942028985508,1.0
credit_approval,CART (ccp path),18,932891549,10.637681159420291,3,12,12,0,16.0,0.05410623550415039,0.8405797101449275,1.0
credit_approval,GA (NSGA-II),19,1063946527,5.666666666666666,2,3,4,2535,8.0,4.231644868850708,0.9130434782608695,1.0
credit_approval,Random Search,19,1172828084,5.666666666666666,2,4,4,2535,8.0,6.08212423324585,0.9130434782608695,1.0
credit_approval,"GA (NSGA-II, archived)",19,1158326363,5.666666666666666,2,3,3,2528,8.0,4.3072669506073,0.9130434782608695,1.0
credit_approval,CART (ccp path),19,687186995,4.217391304347826,2,12,12,0,8.0,0.05273127555847168,0.9130434782608695,1.0
credit_approval,GA (NSGA-II),20,583967984,5.666666666666666,2,4,6,2525,8.0,4.859540700912476,0.9130434782608695,1.0
credit_approval,Random Search,20,42053926,5.666666666666666,2,3,3,2525,8.0,9.10723876953125,0.9130434782608695,1.0
credit_approval,"GA (NSGA-II, archived)",20,829380034,5.666666666666666,2,4,4,2519,8.0,4.345657110214233,0.9130434782608695,1.0
credit_approval,CART (ccp path),20,569441856,4.217391304347826,2,12,12,0,8.0,0.04979300498962402,0.9130434782608695,1.0
credit_approval,GA (NSGA-II),21,1585961579,12.217391304347828,3,3,3,2520,16.0,4.0289061069488525,0.855072463768116,1.0
credit_approval,Random Search,21,91596211,12.217391304347828,3,4,4,2520,16.0,6.305583477020264,0.855072463768116,1.0
credit_approval,"GA (NSGA-II, archived)",21,1486275912,12.318840579710145,3,5,5,2566,16.0,4.686429023742676,0.8695652173913043,1.0
credit_approval,CART (ccp path),21,1029124982,10.971014492753621,3,12,12,0,16.0,0.05169320106506348,0.855072463768116,1.0
credit_approval,GA (NSGA-II),22,49368358,11.014492753623188,2,3,4,2556,14.0,4.138455390930176,0.8985507246376812,1.0
credit_approval,Random Search,22,148038380,11.144927536231883,3,5,5,2556,14.0,9.017885446548462,0.9130434782608695,1.0
credit_approval,"GA (NSGA-II, archived)",22,278571717,11.144927536231883,3,5,5,2533,14.0,4.288625717163086,0.9130434782608695,1.0
credit_approval,CART (ccp path),22,334244036,9.28985507246377,3,12,12,0,14.0,0.05590057373046875,0.855072463768116,1.0
credit_approval,GA (NSGA-II),23,1212992044,39.95652173913044,2,8,15,2591,50.0,4.493694543838501,0.8260869565217391,1.0
credit_approval,Random Search,23,306094958,39.95652173913044,2,4,4,2591,50.0,6.395140171051025,0.8260869565217391,1.0
credit_approval,"GA (NSGA-II, archived)",23,1971111678,39.95652173913044,2,5,5,2481,50.0,4.275946378707886,0.8260869565217391,1.0
credit_approval,CART (ccp path),23,819851880,37.56521739130435,4,12,12,0,50.0,0.049558401107788086,0.8115942028985508,1.0
credit_approval,GA (NSGA-II),24,100067023,25.753623188405797,2,3,3,2534,30.0,5.04815149307251,0.9130434782608695,1.0
credit_approval,Random Search,24,1517937140,25.753623188405797,2,5,5,2534,30.0,8.74907922744751,0.9130434782608695,1.0
credit_approval,"GA (NSGA-II, archived)",24,2064075475,26.086956521739133,3,5,5,2555,30.0,4.904835939407349,0.927536231884058,1.0
credit_approval,CART (ccp path),24,375931634,24.565217391304344,4,12,12,0,30.0,0.05535578727722168,0.9420289855072463,1.0
credit_approval,GA (NSGA-II),25,1983081612,16.52173913043478,2,4,4,2541,22.0,4.879230499267578,0.8115942028985508,1.0
credit_approval,Random Search,25,1467616568,16.782608695652172,3,3,3,2541,22.0,6.029246091842651,0.8405797101449275,1.0
credit_approval,"GA (NSGA-II, archived)",25,1049340882,16.52173913043478,2,3,3,2471,22.0,4.121944189071655,0.8115942028985508,1.0
credit_approval,CART (ccp path),25,629241816,15.521739130434783,3,12,12,0,22.0,0.054006099700927734,0.855072463768116,1.0
credit_approval,GA (NSGA-II),26,1266052850,5.304347826086957,2,5,5,2601,8.0,5.821019649505615,0.8405797101449275,1.0
credit_approval,Random Search,26,1508879297,5.304347826086957,2,4,4,2601,8.0,9.028504610061646,0.8405797101449275,1.0
credit_approval,"GA (NSGA-II, archived)",26,1467714464,5.304347826086957,2,4,4,2504,8.0,4.869753360748291,0.8405797101449275,1.0
credit_approval,CART (ccp path),26,862731293,4.144927536231885,2,12,12,0,8.0,0.05128812789916992,0.8405797101449275,1.0
credit_approval,GA (NSGA-II),27,827837322,12.594202898550725,2,3,3,2527,16.0,4.5740954875946045,0.8840579710144928,1.0
credit_approval,Random Search,27,1102734771,12.594202898550725,2,5,5,2527,16.0,6.503772020339966,0.8840579710144928,1.0
credit_approval,"GA (NSGA-II, archived)",27,1705408032,12.72463768115942,3,3,3,2545,16.0,4.518571615219116,0.8985507246376812,1.0
credit_approval,CART (ccp path),27,531216618,11.275362318840578,3,12,12,0,16.0,0.0531771183013916,0.8985507246376812,1.0
credit_approval,GA (NSGA-II),28,220282210,45.39130434782609,3,3,3,2538,54.0,4.216295003890991,0.8695652173913043,1.0
credit_approval,Random Search,28,1591890835,45.333333333333336,3,4,4,2538,54.0,6.366419076919556,0.8695652173913043,1.0
credit_approval,"GA (NSGA-II, archived)",28,71808844,43.971014492753625,2,4,4,2492,54.0,7.038074016571045,0.8405797101449275,1.0
credit_approval,CART (ccp path),28,629993394,45.362318840579704,5,12,12,0,54.0,0.060487985610961914,0.927536231884058,1.0
credit_approval,GA (NSGA-II),29,1606195680,21.753623188405797,2,4,6,2512,28.0,4.261269569396973,0.8260869565217391,1.0
credit_approval,Random Search,29,1411189647,21.753623188405797,2,4,4,2512,28.0,5.86268162727356,0.8260869565217391,1.0
credit_approval,"GA (NSGA-II, archived)",29,1642699125,21.753623188405797,2,3,3,2512,28.0,4.454708814620972,0.8260869565217391,1.0
credit_approval,CART (ccp path),29,1054385988,21.115942028985508,4,12,12,0,28.0,0.04967617988586426,0.8840579710144928,1.0
credit_approval,GA (NSGA-II),30,976235733,61.10144927536231,2,3,5,2590,72.0,4.270706653594971,0.8695652173913043,1.0
credit_approval,Random Search,30,1564745381,62.04347826086956,3,5,5,2590,72.0,6.568887948989868,0.8840579710144928,1.0
credit_approval,"GA (NSGA-II, archived)",30,1220296331,61.10144927536231,2,3,3,2555,72.0,7.159777402877808,0.8695652173913043,1.0
credit_approval,CART (ccp path),30,1100623109,60.637681159420296,7,12,12,0,72.0,0.05929446220397949,0.927536231884058,1.0
breast_w,GA (NSGA-II),1,558929904,26.95714285714286,3,8,18,2551,30.0,4.8841166496276855,0.9571428571428572,1.0
breast_w,Random Search,1,1058280416,26.55714285714286,5,5,5,2551,30.0,8.068493604660034,0.9571428571428572,1.0
breast_w,"GA (NSGA-II, archived)",1,86539,26.742857142857144,2,4,4,2572,30.0,4.838188409805298,0.9428571428571428,1.0
breast_w,CART (ccp path),1,539720542,25.614285714285717,4,12,12,0,30.0,0.022351741790771484,0.9285714285714286,1.0
breast_w,GA (NSGA-II),2,103957276,20.2,3,10,17,2547,22.0,5.309124708175659,1.0,1.0
breast_w,Random Search,2,867127696,19.514285714285712,4,5,5,2547,22.0,5.879903793334961,1.0,1.0
breast_w,"GA (NSGA-II, archived)",2,667225021,20.228571428571428,3,5,5,2594,22.0,4.910057067871094,1.0,1.0
breast_w,CART (ccp path),2,1401923305,19.28571428571429,3,12,12,0,22.0,0.03282785415649414,1.0,1.0
breast_w,GA (NSGA-II),3,1809455591,17.1,2,4,4,2512,20.0,4.549924373626709,0.9285714285714286,1.0
breast_w,Random Search,3,262821611,17.2,4,6,6,2512,20.0,8.252715110778809,0.9714285714285714,1.0
breast_w,"GA (NSGA-II, archived)",3,211561096,16.857142857142858,2,4,4,2558,20.0,5.140825033187866,0.9142857142857143,1.0
breast_w,CART (ccp path),3,2086384439,16.985714285714288,2,12,12,0,20.0,0.03102254867553711,0.9571428571428572,1.0
breast_w,GA (NSGA-II),4,1250821965,14.757142857142858,3,7,14,2522,18.0,4.795325994491577,0.9,1.0
breast_w,Random Search,4,1054049009,14.97142857142857,3,5,5,2522,18.0,5.627988576889038,0.9142857142857143,1.0
breast_w,"GA (NSGA-II, archived)",4,272261869,15.128571428571428,3,5,5,2549,18.0,4.642015695571899,0.9285714285714286,1.0
breast_w,CART (ccp path),4,2052273363,14.642857142857142,5,12,12,0,18.0,0.03170418739318848,0.9285714285714286,1.0
breast_w,GA (NSGA-II),5,1388487373,13.771428571428572,4,8,16,2523,16.0,4.638897895812988,0.9714285714285714,1.0
breast_w,Random Search,5,2093742351,13.2,2,6,6,2523,16.0,8.145850419998169,0.9142857142857143,1.0
breast_w,"GA (NSGA-II, archived)",5,738557456,13.42857142857143,4,4,4,2579,16.0,5.39628529548645,0.9428571428571428,1.0
breast_w,CART (ccp path),5,921333321,12.557142857142857,3,12,12,0,16.0,0.033290863037109375,0.9285714285714286,1.0
breast_w,GA (NSGA-II),6,1426119442,17.228571428571428,3,5,8,2548,20.0,4.847583770751953,0.9428571428571428,1.0
breast_w,Random Search,6,129778215,17.3,4,4,4,2548,20.0,6.267077445983887,0.9571428571428572,1.0
breast_w,"GA (NSGA-II, archived)",6,829942517,17.585714285714285,2,4,4,2586,20.0,4.719236850738525,0.9571428571428572,1.0
breast_w,CART (ccp path),6,339548777,16.42857142857143,4,12,12,0,20.0,0.021687746047973633,0.9714285714285714,1.0
breast_w,GA (NSGA-II),7,2040227994,11.528571428571428,2,8,12,2476,14.0,4.563618898391724,0.9285714285714286,1.0
breast_w,Random Search,7,1194293780,11.285714285714285,3,5,5,2476,14.0,5.68201208114624,0.9428571428571428,1.0
breast_w,"GA (NSGA-II, archived)",7,368596209,11.371428571428572,4,5,5,2552,14.0,7.406827449798584,0.9428571428571428,1.0
breast_w,CART (ccp path),7,2045661634,11.057142857142857,3,12,12,0,14.0,0.029443025588989258,0.9428571428571428,1.0
breast_w,GA (NSGA-II),8,773177215,14.014285714285714,3,6,12,2574,16.0,4.864838123321533,0.9857142857142858,1.0
breast_w,Random Search,8,403840778,13.757142857142858,2,6,6,2574,16.0,5.514896631240845,0.9571428571428572,1.0
breast_w,"GA (NSGA-II, archived)",8,1373337052,13.77142857142857,3,5,5,2533,16.0,4.717871189117432,0.9714285714285714,1.0
breast_w,CART (ccp path),8,1159840110,13.028571428571428,3,12,12,0,16.0,0.023574113845825195,0.9714285714285714,1.0
breast_w,GA (NSGA-II),9,998492700,15.557142857142859,4,10,20,2591,18.0,4.7079017162323,0.9571428571428572,1.0
breast_w,Random Search,9,1762891126,15.657142857142857,4,5,5,2591,18.0,6.097001552581787,0.9714285714285714,1.0
breast_w,"GA (NSGA-II, archived)",9,1403805950,15.542857142857143,3,4,4,2518,18.0,8.118001461029053,0.9714285714285714,1.0
breast_w,CART (ccp path),9,274597385,15.185714285714285,4,12,12,0,18.0,0.0323948860168457,0.9857142857142858,1.0
breast_w,GA (NSGA-II),10,1358222127,5.913043478260869,3,7,8,2500,8.0,4.4013471603393555,0.927536231884058,1.0
breast_w,Random Search,10,1004608939,5.869565217391304,2,5,5,2500,8.0,6.139017581939697,0.9130434782608695,1.0
breast_w,"GA (NSGA-II, archived)",10,1092069028,5.942028985507246,3,5,5,2490,8.0,5.010871887207031,0.9565217391304348,1.0
breast_w,CART (ccp path),10,393207524,5.405797101449275,3,12,12,0,8.0,0.021394729614257812,0.9420289855072463,1.0
breast_w,GA (NSGA-II),11,1979117895,15.342857142857142,3,5,9,2612,18.0,4.61774206161499,0.9428571428571428,1.0
breast_w,Random Search,11,1796605270,14.971428571428572,4,5,5,2612,18.0,6.153687477111816,0.9714285714285714,1.0
breast_w,"GA (NSGA-II, archived)",11,196834494,15.185714285714287,3,4,4,2503,18.0,6.6537415981292725,0.9285714285714286,1.0
breast_w,CART (ccp path),11,55608697,14.799999999999999,3,12,12,0,18.0,0.02008652687072754,0.9428571428571428,1.0
breast_w,GA (NSGA-II),12,805935072,13.757142857142858,2,4,4,2591,16.0,4.92400336265564,0.9571428571428572,1.0
breast_w,Random Search,12,564881795,14.12857142857143,2,5,5,2591,16.0,5.8749775886535645,0.9857142857142858,1.0
breast_w,"GA (NSGA-II, archived)",12,1107881092,13.885714285714286,3,4,4,2513,16.0,4.186678409576416,0.9714285714285714,1.0
breast_w,CART (ccp path),12,1805055970,13.32857142857143,3,12,12,0,16.0,0.025880813598632812,0.9857142857142858,1.0
breast_w,GA (NSGA-II),13,1273481269,9.657142857142858,3,5,8,2525,12.0,4.749269247055054,0.9428571428571428,1.0
breast_w,Random Search,13,2103829663,9.571428571428571,3,6,6,2525,12.0,5.758334159851074,0.9428571428571428,1.0
breast_w,"GA (NSGA-II, archived)",13,2105698946,9.742857142857142,3,4,4,2536,12.0,7.657805919647217,0.9428571428571428,1.0
breast_w,CART (ccp path),13,1418162070,9.171428571428573,3,12,12,0,12.0,0.025934219360351562,0.9428571428571428,1.0
breast_w,GA (NSGA-II),14,982592860,9.928571428571429,2,11,28,2548,12.0,4.708249807357788,0.9571428571428572,1.0
breast_w,Random Search,14,890120713,9.357142857142856,3,5,5,2548,12.0,5.900500535964966,0.9,1.0
breast_w,"GA (NSGA-II, archived)",14,1233993608,9.685714285714285,4,4,4,2529,12.0,4.615031003952026,0.9428571428571428,1.0
breast_w,CART (ccp path),14,679443496,9.057142857142859,4,12,12,0,12.0,0.023604393005371094,0.9428571428571428,1.0
breast_w,GA (NSGA-II),15,283971499,22.585714285714285,3,5,10,2564,26.0,4.226468324661255,0.9285714285714286,1.0
breast_w,Random Search,15,566141508,22.628571428571426,4,4,4,2564,26.0,5.982770681381226,0.9428571428571428,1.0
breast_w,"GA (NSGA-II, archived)",15,1862366958,23.985714285714288,2,5,5,2562,26.0,5.045281648635864,0.9857142857142858,1.0
breast_w,CART (ccp path),15,895943357,22.642857142857142,3,12,12,0,26.0,0.02457427978515625,0.9571428571428572,1.0
breast_w,GA (NSGA-II),16,1945309981,9.614285714285714,3,6,9,2518,12.0,7.124607801437378,0.9285714285714286,1.0
breast_w,Random Search,16,489150019,9.6,4,6,6,2518,12.0,5.712544202804565,0.9714285714285714,1.0
breast_w,"GA (NSGA-II, archived)",16,348720898,9.842857142857143,3,4,4,2572,12.0,4.392947196960449,0.9571428571428572,1.0
breast_w,CART (ccp path),16,638603344,9.342857142857142,4,12,12,0,12.0,0.025081872940063477,0.9714285714285714,1.0
breast_w,GA (NSGA-II),17,1056136288,31.200000000000003,3,5,6,2521,34.0,4.821344375610352,0.9714285714285714,1.0
breast_w,Random Search,17,2142415122,30.1,2,3,3,2521,34.0,5.68969988822937,0.9285714285714286,1.0
breast_w,"GA (NSGA-II, archived)",17,1503298358,30.071428571428573,3,4,4,2500,34.0,4.868759393692017,0.9285714285714286,1.0
breast_w,CART (ccp path),17,1257466397,29.842857142857145,4,12,12,0,34.0,0.025418996810913086,0.9571428571428572,1.0
breast_w,GA (NSGA-II),18,1054591894,15.714285714285714,4,13,21,2556,18.0,8.203100442886353,0.9714285714285714,1.0
breast_w,Random Search,18,2133673281,15.585714285714285,4,7,7,2556,18.0,5.94084906578064,0.9857142857142858,1.0
breast_w,"GA (NSGA-II, archived)",18,1450465986,15.628571428571428,4,5,5,2534,18.0,4.568707227706909,0.9714285714285714,1.0
breast_w,CART (ccp path),18,1558649980,14.67142857142857,3,12,12,0,18.0,0.022696971893310547,0.9285714285714286,1.0
breast_w,GA (NSGA-II),19,1087894395,8.0,4,13,19,2514,10.0,4.48322868347168,0.9714285714285714,1.0
breast_w,Random Search,19,1028839740,7.914285714285715,2,7,7,2514,10.0,5.575354099273682,0.9428571428571428,1.0
breast_w,"GA (NSGA-II, archived)",19,1160121186,7.914285714285715,2,4,4,2533,10.0,4.74710488319397,0.9428571428571428,1.0
breast_w,CART (ccp path),19,585152016,7.257142857142857,4,12,12,0,10.0,0.023030996322631836,0.9428571428571428,1.0
breast_w,GA (NSGA-II),20,1622232946,30.42028985507246,3,4,4,2555,34.0,7.722507476806641,0.9420289855072463,1.0
breast_w,Random Search,20,110849675,31.08695652173913,4,5,5,2555,34.0,5.903276205062866,0.9710144927536232,1.0
breast_w,"GA (NSGA-II, archived)",20,50390468,31.681159420289855,4,4,4,2548,34.0,4.503434181213379,0.9855072463768116,1.0
breast_w,CART (ccp path),20,584884592,30.014492753623184,4,12,12,0,34.0,0.02549266815185547,0.9710144927536232,1.0
breast_w,GA (NSGA-II),21,567995490,28.057142857142857,4,12,28,2568,30.0,4.60995626449585,1.0,1.0
breast_w,Random Search,21,1096735973,26.814285714285717,4,6,6,2568,30.0,5.816213846206665,0.9857142857142858,1.0
breast_w,"GA (NSGA-II, archived)",21,1175824767,27.071428571428573,3,4,4,2570,30.0,4.689413547515869,0.9571428571428572,1.0
breast_w,CART (ccp path),21,1479208591,25.614285714285717,3,12,12,0,30.0,0.03146672248840332,0.9285714285714286,1.0
breast_w,GA (NSGA-II),22,1469205547,10.042857142857141,4,7,13,2533,12.0,7.534942626953125,0.9857142857142858,1.0
breast_w,Random Search,22,137541636,9.799999999999999,4,6,6,2533,12.0,5.697736501693726,0.9714285714285714,1.0
breast_w,"GA (NSGA-II, archived)",22,724188065,9.8,2,4,4,2550,12.0,4.715635061264038,0.9428571428571428,1.0
breast_w,CART (ccp path),22,1525970754,9.5,3,12,12,0,12.0,0.025730609893798828,0.9857142857142858,1.0
breast_w,GA (NSGA-II),23,1774239921,13.571428571428571,2,5,6,2530,16.0,4.69241189956665,0.9428571428571428,1.0
breast_w,Random Search,23,189051428,13.214285714285715,4,5,5,2530,16.0,5.533913612365723,0.9285714285714286,1.0
breast_w,"GA (NSGA-II, archived)",23,1854053707,13.357142857142858,3,6,6,2585,16.0,5.648432731628418,0.9285714285714286,1.0
breast_w,CART (ccp path),23,378080203,12.67142857142857,4,12,12,0,16.0,0.023828506469726562,0.9285714285714286,1.0
breast_w,GA (NSGA-II),24,1387873214,11.985714285714286,3,11,26,2584,14.0,4.937767028808594,0.9857142857142858,1.0
breast_w,Random Search,24,1131885828,11.685714285714285,2,6,6,2584,14.0,8.500988960266113,0.9428571428571428,1.0
breast_w,"GA (NSGA-II, archived)",24,1222740073,11.885714285714284,3,4,4,2527,14.0,4.7701005935668945,0.9714285714285714,1.0
breast_w,CART (ccp path),24,609903423,10.885714285714286,3,12,12,0,14.0,0.032730817794799805,0.9428571428571428,1.0
breast_w,GA (NSGA-II),25,1741466751,9.742857142857142,3,6,7,2506,12.0,4.9005584716796875,0.9428571428571428,1.0
breast_w,Random Search,25,2147155999,9.771428571428572,4,6,6,2506,12.0,5.365283489227295,0.9714285714285714,1.0
breast_w,"GA (NSGA-II, archived)",25,1631187616,9.542857142857143,2,3,3,2613,12.0,5.398449897766113,0.9142857142857143,1.0
breast_w,CART (ccp path),25,1446870276,9.228571428571428,2,12,12,0,12.0,0.03256559371948242,0.9428571428571428,1.0
breast_w,GA (NSGA-II),26,73020337,6.0285714285714285,3,6,10,2495,8.0,4.9171342849731445,0.9714285714285714,1.0
breast_w,Random Search,26,1853185067,6.242857142857143,2,5,5,2495,8.0,8.742253303527832,0.9857142857142858,1.0
breast_w,"GA (NSGA-II, archived)",26,265216754,5.985714285714285,4,4,4,2556,8.0,4.871293306350708,0.9857142857142858,1.0
breast_w,CART (ccp path),26,960217150,5.442857142857142,3,12,12,0,8.0,0.03291893005371094,0.9571428571428572,1.0
breast_w,GA (NSGA-II),27,2083857027,15.885714285714286,2,8,9,2510,18.0,4.970181703567505,0.9714285714285714,1.0
breast_w,Random Search,27,743658270,15.685714285714285,3,6,6,2510,18.0,5.959536552429199,0.9714285714285714,1.0
breast_w,"GA (NSGA-II, archived)",27,524072996,15.285714285714286,4,4,4,2547,18.0,4.754613399505615,0.9428571428571428,1.0
breast_w,CART (ccp path),27,316566846,15.071428571428571,2,12,12,0,18.0,0.029803752899169922,0.9571428571428572,1.0
breast_w,GA (NSGA-II),28,1694267513,30.842857142857145,3,9,17,2607,34.0,4.817207336425781,0.9571428571428572,1.0
breast_w,Random Search,28,515174039,30.17142857142857,4,5,5,2607,34.0,8.86270523071289,0.9714285714285714,1.0
breast_w,"GA (NSGA-II, archived)",28,1553433669,29.542857142857144,3,4,4,2544,34.0,4.715805292129517,0.9142857142857143,1.0
breast_w,CART (ccp path),28,199818295,30.442857142857147,4,12,12,0,34.0,0.02245473861694336,0.9571428571428572,1.0
breast_w,GA (NSGA-II),29,1145221169,5.885714285714285,2,5,8,2502,8.0,4.640620708465576,0.9142857142857143,1.0
breast_w,Random Search,29,1869669136,6.085714285714285,3,6,6,2502,8.0,5.467697858810425,0.9714285714285714,1.0
breast_w,"GA (NSGA-II, archived)",29,1312040985,5.742857142857142,4,4,4,2507,8.0,4.646411418914795,0.9428571428571428,1.0
breast_w,CART (ccp path),29,107000967,5.428571428571428,3,12,12,0,8.0,0.02838587760925293,0.9428571428571428,1.0
breast_w,GA (NSGA-II),30,548097320,13.521739130434783,3,7,11,2580,16.0,4.864258527755737,0.9420289855072463,1.0
breast_w,Random Search,30,1587182010,13.18840579710145,3,4,4,2580,16.0,8.552021503448486,0.927536231884058,1.0
breast_w,"GA (NSGA-II, archived)",30,2010949834,13.057971014492754,3,5,5,2565,16.0,4.816360712051392,0.9130434782608695,1.0
breast_w,CART (ccp path),30,1171224111,12.608695652173914,4,12,12,0,16.0,0.01998591423034668,0.927536231884058,1.0
eucalyptus,GA (NSGA-II),1,1244005022,26.91891891891892,3,15,18,2576,52.0,8.96694540977478,0.5405405405405406,1.0
eucalyptus,Random Search,1,404772815,24.45945945945946,4,7,7,2576,52.0,7.206365585327148,0.5405405405405406,1.0
eucalyptus,"GA (NSGA-II, archived)",1,574444449,27.41891891891892,5,6,6,2562,52.0,5.9706056118011475,0.5540540540540541,1.0
eucalyptus,CART (ccp path),1,1000108575,24.581081081081077,3,12,12,0,52.0,0.08124232292175293,0.6621621621621622,1.0
eucalyptus,GA (NSGA-II),2,316176049,64.0945945945946,3,9,16,2595,124.0,5.489983320236206,0.527027027027027,1.0
eucalyptus,Random Search,2,432927576,58.70270270270271,4,6,6,2595,124.0,7.1539623737335205,0.4864864864864865,1.0
eucalyptus,"GA (NSGA-II, archived)",2,277184423,68.56756756756756,5,6,6,2502,124.0,8.160947561264038,0.5675675675675675,1.0
eucalyptus,CART (ccp path),2,2063973322,66.6891891891892,5,12,12,0,124.0,0.0880279541015625,0.6081081081081081,1.0
eucalyptus,GA (NSGA-II),3,1744245823,65.0,3,13,16,2510,130.0,6.437958002090454,0.5135135135135135,1.0
eucalyptus,Random Search,3,1449352418,67.48648648648648,5,7,7,2510,130.0,6.811786890029907,0.5405405405405406,1.0
eucalyptus,"GA (NSGA-II, archived)",3,1959862923,74.01351351351352,3,8,8,2530,130.0,5.996334791183472,0.581081081081081,1.0
eucalyptus,CART (ccp path),3,1658969797,88.44594594594595,6,12,12,0,130.0,0.08916568756103516,0.7702702702702703,1.0
eucalyptus,GA (NSGA-II),4,828838858,17.202702702702705,6,9,14,2540,32.0,7.020211696624756,0.6081081081081081,1.0
eucalyptus,Random Search,4,1245157378,15.0,3,5,5,2540,32.0,9.784130573272705,0.5135135135135135,1.0
eucalyptus,"GA (NSGA-II, archived)",4,899267952,14.783783783783786,7,9,9,2543,32.0,6.237866401672363,0.5405405405405406,1.0
eucalyptus,CART (ccp path),4,582432359,13.540540540540542,3,12,12,0,32.0,0.08183503150939941,0.6486486486486487,1.0
eucalyptus,GA (NSGA-II),5,1055139773,9.878378378378379,4,10,16,2587,22.0,6.458596706390381,0.5,1.0
eucalyptus,Random Search,5,854653299,9.0,5,5,5,2587,22.0,7.071962594985962,0.5135135135135135,1.0
eucalyptus,"GA (NSGA-II, archived)",5,1140177951,9.905405405405405,4,5,5,2554,22.0,5.606017589569092,0.5,1.0
eucalyptus,CART (ccp path),5,1671308237,7.9324324324324325,2,12,12,0,22.0,0.09379315376281738,0.6351351351351351,1.0
eucalyptus,GA (NSGA-II),6,478959558,25.37837837837838,7,9,12,2535,46.0,8.177403450012207,0.6216216216216216,1.0
eucalyptus,Random Search,6,866237734,23.527027027027028,4,5,5,2535,46.0,7.135459661483765,0.5540540540540541,1.0
eucalyptus,"GA (NSGA-II, archived)",6,1128263107,22.554054054054053,5,10,10,2520,46.0,5.244345188140869,0.527027027027027,1.0
eucalyptus,CART (ccp path),6,838980081,23.229729729729726,4,12,12,0,46.0,0.09079313278198242,0.6891891891891891,1.0
eucalyptus,GA (NSGA-II),7,1388690410,71.58904109589041,5,6,11,2564,140.0,6.173474311828613,0.5205479452054794,1.0
eucalyptus,Random Search,7,1163447272,69.93150684931507,3,7,7,2564,140.0,7.010697841644287,0.5342465753424658,1.0
eucalyptus,"GA (NSGA-II, archived)",7,788769230,67.78082191780823,4,9,9,2568,140.0,8.14098834991455,0.4931506849315068,1.0
eucalyptus,CART (ccp path),7,1920798096,73.2054794520548,4,12,12,0,140.0,0.0824732780456543,0.5753424657534246,1.0
eucalyptus,GA (NSGA-II),8,616434069,32.369863013698634,3,11,12,2525,66.0,7.114647388458252,0.5068493150684932,1.0
eucalyptus,Random Search,8,1287221276,31.068493150684926,5,7,7,2525,66.0,7.872723579406738,0.5205479452054794,1.0
eucalyptus,"GA (NSGA-II, archived)",8,86753474,26.301369863013694,4,8,8,2531,66.0,5.604506015777588,0.410958904109589,1.0
eucalyptus,CART (ccp path),8,517180763,36.05479452054794,5,12,12,0,66.0,0.08113908767700195,0.7123287671232876,1.0
eucalyptus,GA (NSGA-II),9,649208495,23.643835616438356,4,11,18,2524,48.0,6.452303409576416,0.5205479452054794,1.0
eucalyptus,Random Search,9,156273424,21.561643835616437,6,9,9,2524,48.0,9.320046663284302,0.4931506849315068,1.0
eucalyptus,"GA (NSGA-II, archived)",9,1910061251,25.479452054794518,7,9,9,2548,48.0,5.571542263031006,0.5753424657534246,1.0
eucalyptus,CART (ccp path),9,1937710902,25.95890410958904,4,12,12,0,48.0,0.07741069793701172,0.7808219178082192,1.0
eucalyptus,GA (NSGA-II),10,1042235892,68.56164383561644,4,8,9,2574,138.0,5.151301860809326,0.5068493150684932,1.0
eucalyptus,Random Search,10,394121257,62.35616438356164,3,8,8,2574,138.0,6.768092632293701,0.4657534246575342,1.0
eucalyptus,"GA (NSGA-II, archived)",10,1812147791,68.75342465753425,4,6,6,2517,138.0,5.760812997817993,0.5068493150684932,1.0
eucalyptus,CART (ccp path),10,1210995492,80.6986301369863,4,12,12,0,138.0,0.08609199523925781,0.6438356164383562,1.0
eucalyptus,GA (NSGA-II),11,1947772038,30.689189189189193,3,10,12,2562,64.0,7.930626153945923,0.5,1.0
eucalyptus,Random Search,11,180804153,27.567567567567572,4,8,8,2562,64.0,7.3734517097473145,0.4594594594594595,1.0
eucalyptus,"GA (NSGA-II, archived)",11,492048843,30.10810810810811,3,11,11,2568,64.0,6.713243007659912,0.4864864864864865,1.0
eucalyptus,CART (ccp path),11,244550735,34.16216216216216,5,12,12,0,64.0,0.07584238052368164,0.6486486486486487,1.0
eucalyptus,GA (NSGA-II),12,573199711,18.567567567567565,4,7,10,2519,36.0,5.3915839195251465,0.5675675675675675,1.0
eucalyptus,Random Search,12,1734278957,15.932432432432432,5,6,6,2519,36.0,7.189389944076538,0.527027027027027,1.0
eucalyptus,"GA (NSGA-II, archived)",12,1331801281,20.24324324324324,6,6,6,2547,36.0,7.601214170455933,0.6216216216216216,1.0
eucalyptus,CART (ccp path),12,924327451,16.216216216216218,2,12,12,0,36.0,0.0856328010559082,0.7027027027027027,1.0
eucalyptus,GA (NSGA-II),13,881872840,45.432432432432435,6,11,15,2517,80.0,5.648627519607544,0.5945945945945946,1.0
eucalyptus,Random Search,13,27675725,37.432432432432435,4,7,7,2517,80.0,6.78097128868103,0.4864864864864865,1.0
eucalyptus,"GA (NSGA-II, archived)",13,1652041720,35.37837837837838,4,6,6,2569,80.0,5.538431882858276,0.4594594594594595,1.0
eucalyptus,CART (ccp path),13,1318677555,43.472972972972975,5,12,12,0,80.0,0.07909059524536133,0.6621621621621622,1.0
eucalyptus,GA (NSGA-II),14,1744282902,20.729729729729733,4,10,18,2562,46.0,5.7729811668396,0.4864864864864865,1.0
eucalyptus,Random Search,14,715139521,21.013513513513516,3,6,6,2562,46.0,9.843199491500854,0.5540540540540541,1.0
eucalyptus,"GA (NSGA-II, archived)",14,219667913,24.95945945945946,5,11,11,2509,46.0,6.775204181671143,0.581081081081081,1.0
eucalyptus,CART (ccp path),14,469332803,22.95945945945946,4,12,12,0,46.0,0.0795128345489502,0.6621621621621622,1.0
eucalyptus,GA (NSGA-II),15,738669886,19.162162162162158,4,7,8,2502,40.0,4.976771831512451,0.5135135135135135,1.0
eucalyptus,Random Search,15,355389152,18.108108108108105,3,8,8,2502,40.0,6.8905699253082275,0.5135135135135135,1.0
eucalyptus,"GA (NSGA-II, archived)",15,970411115,20.189189189189193,5,7,7,2541,40.0,5.782467603683472,0.5405405405405406,1.0
eucalyptus,CART (ccp path),15,1672764121,20.31081081081081,3,12,12,0,40.0,0.0788111686706543,0.6891891891891891,1.0
eucalyptus,GA (NSGA-II),16,1397213929,15.554054054054054,5,9,16,2521,32.0,5.464906930923462,0.527027027027027,1.0
eucalyptus,Random Search,16,1891223390,13.891891891891893,3,7,7,2521,32.0,9.779778957366943,0.4594594594594595,1.0
eucalyptus,"GA (NSGA-II, archived)",16,1574783212,16.013513513513512,7,8,8,2549,32.0,6.027498245239258,0.5540540540540541,1.0
eucalyptus,CART (ccp path),16,241910984,13.594594594594597,3,12,12,0,32.0,0.08046960830688477,0.5675675675675675,1.0
eucalyptus,GA (NSGA-II),17,1819031945,26.452054794520546,4,9,10,2571,52.0,5.880620241165161,0.5342465753424658,1.0
eucalyptus,Random Search,17,703683449,26.76712328767123,3,4,4,2571,52.0,6.831078767776489,0.547945205479452,1.0
eucalyptus,"GA (NSGA-II, archived)",17,864730640,28.91780821917808,7,9,9,2526,52.0,5.6530046463012695,0.6164383561643836,1.0
eucalyptus,CART (ccp path),17,727764538,26.506849315068497,3,12,12,0,52.0,0.0850667953491211,0.726027397260274,1.0
eucalyptus,GA (NSGA-II),18,1610542730,34.89041095890411,6,10,12,2536,60.0,8.434402227401733,0.6164383561643836,1.0
eucalyptus,Random Search,18,817397888,32.054794520547944,6,7,7,2536,60.0,6.828402757644653,0.6301369863013698,1.0
eucalyptus,"GA (NSGA-II, archived)",18,1061547272,30.64383561643836,4,8,8,2519,60.0,5.647304534912109,0.5342465753424658,1.0
eucalyptus,CART (ccp path),18,48654059,30.616438356164387,3,12,12,0,60.0,0.0849308967590332,0.6712328767123288,1.0
eucalyptus,GA (NSGA-II),19,1793233697,24.438356164383563,5,11,13,2520,48.0,5.426079273223877,0.547945205479452,1.0
eucalyptus,Random Search,19,866565299,24.0,2,7,7,2520,48.0,7.476346492767334,0.5205479452054794,1.0
eucalyptus,"GA (NSGA-II, archived)",19,134371743,25.561643835616433,6,9,9,2557,48.0,8.837231874465942,0.5753424657534246,1.0
eucalyptus,CART (ccp path),19,1313472491,24.397260273972602,3,12,12,0,48.0,0.08625364303588867,0.6438356164383562,1.0
eucalyptus,GA (NSGA-II),20,1557998275,62.84931506849314,5,11,11,2576,118.0,5.759081602096558,0.547945205479452,1.0
eucalyptus,Random Search,20,2104880776,64.54794520547945,3,7,7,2576,118.0,6.894180059432983,0.5753424657534246,1.0
eucalyptus,"GA (NSGA-II, archived)",20,14621472,57.06849315068492,5,5,5,2559,118.0,4.873210191726685,0.4931506849315068,1.0
eucalyptus,CART (ccp path),20,174203695,68.36986301369865,6,12,12,0,118.0,0.07803010940551758,0.6986301369863014,1.0
eucalyptus,GA (NSGA-II),21,845066478,33.82432432432432,5,11,11,2557,62.0,6.898953914642334,0.581081081081081,1.0
eucalyptus,Random Search,21,1741258340,28.094594594594597,3,4,4,2557,62.0,9.951657772064209,0.47297297297297297,1.0
eucalyptus,"GA (NSGA-II, archived)",21,1824851330,31.864864864864867,4,6,6,2505,62.0,5.75359034538269,0.5405405405405406,1.0
eucalyptus,CART (ccp path),21,379387618,32.54054054054054,3,12,12,0,62.0,0.0803990364074707,0.6486486486486487,1.0
eucalyptus,GA (NSGA-II),22,656690869,27.810810810810814,5,9,15,2526,52.0,6.4313108921051025,0.5675675675675675,1.0
eucalyptus,Random Search,22,1945014259,25.054054054054056,4,7,7,2526,52.0,6.980852842330933,0.5135135135135135,1.0
eucalyptus,"GA (NSGA-II, archived)",22,1857582856,26.351351351351347,5,6,6,2554,52.0,5.450345516204834,0.5405405405405406,1.0
eucalyptus,CART (ccp path),22,1235337038,26.797297297297295,3,12,12,0,52.0,0.0845479965209961,0.6621621621621622,1.0
eucalyptus,GA (NSGA-II),23,2033520704,43.71621621621621,6,12,18,2534,82.0,8.59717345237732,0.5540540540540541,1.0
eucalyptus,Random Search,23,262257029,35.41891891891892,3,5,5,2534,82.0,6.789941787719727,0.44594594594594594,1.0
eucalyptus,"GA (NSGA-II, archived)",23,1879465954,41.7972972972973,5,8,8,2498,82.0,5.3667285442352295,0.527027027027027,1.0
eucalyptus,CART (ccp path),23,587160578,39.35135135135135,5,12,12,0,82.0,0.07608723640441895,0.5945945945945946,1.0
eucalyptus,GA (NSGA-II),24,453411240,37.25675675675676,4,10,16,2566,78.0,7.036597728729248,0.527027027027027,1.0
eucalyptus,Random Search,24,1391257875,36.95945945945946,4,4,4,2566,78.0,7.195054531097412,0.5,1.0
eucalyptus,"GA (NSGA-II, archived)",24,1010952304,35.87837837837838,3,8,8,2498,78.0,8.997358560562134,0.47297297297297297,1.0
eucalyptus,CART (ccp path),24,294310315,40.40540540540541,4,12,12,0,78.0,0.08722591400146484,0.6216216216216216,1.0
eucalyptus,GA (NSGA-II),25,1204671301,21.85135135135135,5,9,11,2503,44.0,5.785781383514404,0.527027027027027,1.0
eucalyptus,Random Search,25,1909815803,22.22972972972973,4,8,8,2503,44.0,6.674731016159058,0.5540540540540541,1.0
eucalyptus,"GA (NSGA-II, archived)",25,1363973177,21.797297297297295,4,6,6,2534,44.0,4.646506309509277,0.527027027027027,1.0
eucalyptus,CART (ccp path),25,1844282841,23.013513513513516,3,12,12,0,44.0,0.08677077293395996,0.6891891891891891,1.0
eucalyptus,GA (NSGA-II),26,1945289553,30.108108108108105,3,5,9,2537,64.0,5.874830007553101,0.4864864864864865,1.0
eucalyptus,Random Search,26,112806529,33.37837837837838,4,5,5,2537,64.0,10.396654844284058,0.5675675675675675,1.0
eucalyptus,"GA (NSGA-II, archived)",26,449427895,34.16216216216216,4,8,8,2513,64.0,5.882936477661133,0.5675675675675675,1.0
eucalyptus,CART (ccp path),26,803550360,36.12162162162162,4,12,12,0,64.0,0.07170557975769043,0.6891891891891891,1.0
eucalyptus,GA (NSGA-II),27,498959567,20.794520547945204,2,7,8,2556,44.0,5.393414735794067,0.4931506849315068,1.0
eucalyptus,Random Search,27,1237242182,22.63013698630137,4,7,7,2556,44.0,7.136378526687622,0.5753424657534246,1.0
eucalyptus,"GA (NSGA-II, archived)",27,1436864635,22.575342465753423,5,7,7,2527,44.0,5.711237192153931,0.547945205479452,1.0
eucalyptus,CART (ccp path),27,1187065913,21.46575342465753,4,12,12,0,44.0,0.07425332069396973,0.6438356164383562,1.0
eucalyptus,GA (NSGA-II),28,871796860,25.753424657534246,5,9,13,2518,50.0,6.112985610961914,0.547945205479452,1.0
eucalyptus,Random Search,28,2000052990,23.534246575342465,6,10,10,2518,50.0,9.745335817337036,0.547945205479452,1.0
eucalyptus,"GA (NSGA-II, archived)",28,1993927360,28.301369863013697,5,12,12,2536,50.0,6.078632593154907,0.6027397260273972,1.0
eucalyptus,CART (ccp path),28,968762129,26.561643835616437,2,12,12,0,50.0,0.06553936004638672,0.6438356164383562,1.0
eucalyptus,GA (NSGA-II),29,463460103,22.17808219178082,3,10,10,2592,54.0,5.83890175819397,0.4246575342465753,1.0
eucalyptus,Random Search,29,199517144,24.05479452054794,3,6,6,2592,54.0,6.996572971343994,0.4657534246575342,1.0
eucalyptus,"GA (NSGA-II, archived)",29,8970117,27.328767123287673,4,7,7,2582,54.0,6.204713344573975,0.5342465753424658,1.0
eucalyptus,CART (ccp path),29,1720460924,27.863013698630137,4,12,12,0,54.0,2.3173420429229736,0.684931506849315,1.0
eucalyptus,GA (NSGA-II),30,1189872488,31.493150684931503,3,9,17,2457,68.0,5.184738636016846,0.4794520547945205,1.0
eucalyptus,Random Search,30,2022304440,29.06849315068493,2,5,5,2457,68.0,6.78533148765564,0.4383561643835616,1.0
eucalyptus,"GA (NSGA-II, archived)",30,643057991,33.273972602739725,4,10,10,2534,68.0,5.860382318496704,0.5068493150684932,1.0
eucalyptus,CART (ccp path),30,563330665,38.9041095890411,5,12,12,0,68.0,0.0865793228149414,0.7397260273972602,1.0
blood_transfusion,GA (NSGA-II),1,1542297310,19.306666666666665,2,8,14,2502,26.0,6.757593631744385,0.7733333333333333,1.0
blood_transfusion,Random Search,1,1651623197,19.306666666666665,2,6,6,2502,26.0,6.50587010383606,0.7733333333333333,1.0
blood_transfusion,"GA (NSGA-II, archived)",1,1522615105,19.53333333333333,3,4,4,2555,26.0,4.350719213485718,0.7866666666666666,1.0
blood_transfusion,CART (ccp path),1,84788561,19.41333333333333,3,12,12,0,26.0,0.03717660903930664,0.8,1.0
blood_transfusion,GA (NSGA-II),2,2086714041,20.293333333333337,3,8,16,2492,26.0,4.177866458892822,0.8266666666666667,1.0
blood_transfusion,Random Search,2,877840174,19.613333333333333,3,7,7,2492,26.0,6.188987731933594,0.8133333333333334,1.0
blood_transfusion,"GA (NSGA-II, archived)",2,400606366,19.0,1,3,3,2536,26.0,3.9498350620269775,0.76,1.0
blood_transfusion,CART (ccp path),2,734303777,20.013333333333332,3,12,12,0,26.0,0.026673316955566406,0.84,1.0
blood_transfusion,GA (NSGA-II),3,427529115,68.38666666666667,2,8,13,2558,88.0,4.632251739501953,0.7866666666666666,1.0
blood_transfusion,Random Search,3,1594593887,69.41333333333334,3,7,7,2558,88.0,9.61198353767395,0.8,1.0
blood_transfusion,"GA (NSGA-II, archived)",3,954455704,68.33333333333333,2,5,5,2531,88.0,5.107763767242432,0.7866666666666666,1.0
blood_transfusion,CART (ccp path),3,1889985348,66.70666666666668,3,12,12,0,88.0,0.03658914566040039,0.7866666666666666,1.0
blood_transfusion,GA (NSGA-II),4,1062607459,28.84,2,4,4,2519,38.0,5.068392276763916,0.7866666666666666,1.0
blood_transfusion,Random Search,4,1692265662,28.12,1,5,5,2519,38.0,6.75143575668335,0.76,1.0
blood_transfusion,"GA (NSGA-II, archived)",4,734405389,28.12,1,3,3,2555,38.0,4.007199764251709,0.76,1.0
blood_transfusion,CART (ccp path),4,1182690067,28.426666666666666,3,12,12,0,38.0,0.03218579292297363,0.8,1.0
blood_transfusion,GA (NSGA-II),5,781182835,29.773333333333333,2,5,9,2566,38.0,4.74901556968689,0.8133333333333334,1.0
blood_transfusion,Random Search,5,1368076885,28.586666666666666,2,6,6,2566,38.0,8.9913330078125,0.8266666666666667,1.0
blood_transfusion,"GA (NSGA-II, archived)",5,45381263,29.413333333333334,3,4,4,2535,38.0,4.208522081375122,0.8,1.0
blood_transfusion,CART (ccp path),5,27385118,28.933333333333334,3,12,12,0,38.0,0.02575063705444336,0.8266666666666667,1.0
blood_transfusion,GA (NSGA-II),6,968283765,11.786666666666667,4,6,17,2488,16.0,4.504520654678345,0.8,1.0
blood_transfusion,Random Search,6,795703323,11.546666666666667,2,5,5,2488,16.0,6.4920032024383545,0.7733333333333333,1.0
blood_transfusion,"GA (NSGA-II, archived)",6,819102799,11.573333333333334,2,7,7,2587,16.0,5.465713024139404,0.7733333333333333,1.0
blood_transfusion,CART (ccp path),6,1298278526,11.440000000000001,2,12,12,0,16.0,0.030702829360961914,0.8,1.0
blood_transfusion,GA (NSGA-II),7,804054984,12.92,1,3,9,2533,18.0,4.055588006973267,0.76,1.0
blood_transfusion,Random Search,7,1042404456,13.133333333333333,3,8,8,2533,18.0,9.45069146156311,0.8133333333333334,1.0
blood_transfusion,"GA (NSGA-II, archived)",7,1229056022,13.093333333333334,2,4,4,2508,18.0,4.460580110549927,0.7733333333333333,1.0
blood_transfusion,CART (ccp path),7,909618422,12.986666666666666,2,12,12,0,18.0,0.030399560928344727,0.7733333333333333,1.0
blood_transfusion,GA (NSGA-II),8,1857400983,14.986666666666666,4,7,20,2531,20.0,5.177977800369263,0.8,1.0
blood_transfusion,Random Search,8,1419976363,14.866666666666667,4,6,6,2531,20.0,6.719985246658325,0.8133333333333334,1.0
blood_transfusion,"GA (NSGA-II, archived)",8,366507926,14.866666666666665,3,4,4,2507,20.0,4.354004144668579,0.7866666666666666,1.0
blood_transfusion,CART (ccp path),8,1444641110,14.64,2,12,12,0,20.0,0.0325930118560791,0.8,1.0
blood_transfusion,GA (NSGA-II),9,1011214742,5.45945945945946,2,7,10,2529,8.0,4.762576580047607,0.7837837837837838,1.0
blood_transfusion,Random Search,9,713560334,5.391891891891892,1,5,5,2529,8.0,8.719497680664062,0.7702702702702703,1.0
blood_transfusion,"GA (NSGA-II, archived)",9,1407726023,5.445945945945946,3,4,4,2532,8.0,4.231176376342773,0.7972972972972973,1.0
blood_transfusion,CART (ccp path),9,469316114,5.391891891891892,1,12,12,0,8.0,0.025965213775634766,0.7702702702702703,1.0
blood_transfusion,GA (NSGA-II),10,1059909817,22.7027027027027,2,6,6,2601,30.0,4.593055248260498,0.7837837837837838,1.0
blood_transfusion,Random Search,10,557482074,22.33783783783784,1,7,7,2601,30.0,6.415239572525024,0.7702702702702703,1.0
blood_transfusion,"GA (NSGA-II, archived)",10,1652272856,22.594594594594597,2,5,5,2531,30.0,4.388450860977173,0.7837837837837838,1.0
blood_transfusion,CART (ccp path),10,1898600750,22.364864864864867,2,12,12,0,30.0,0.03669476509094238,0.7972972972972973,1.0
blood_transfusion,GA (NSGA-II),11,492821132,13.799999999999999,3,10,22,2596,18.0,4.606698513031006,0.84,1.0
blood_transfusion,Random Search,11,83296197,13.293333333333333,3,4,4,2596,18.0,9.568933963775635,0.7866666666666666,1.0
blood_transfusion,"GA (NSGA-II, archived)",11,333892799,13.599999999999998,3,7,7,2537,18.0,4.801371335983276,0.8266666666666667,1.0
blood_transfusion,CART (ccp path),11,2146543897,13.026666666666667,2,12,12,0,18.0,0.027069091796875,0.8666666666666667,1.0
blood_transfusion,GA (NSGA-II),12,1715131576,14.506666666666666,2,11,24,2528,20.0,4.8568034172058105,0.7733333333333333,1.0
blood_transfusion,Random Search,12,2038399146,14.653333333333332,3,6,6,2528,20.0,6.167897939682007,0.7866666666666666,1.0
blood_transfusion,"GA (NSGA-II, archived)",12,1577597139,14.506666666666666,2,4,4,2534,20.0,4.2786784172058105,0.7733333333333333,1.0
blood_transfusion,CART (ccp path),12,1454055144,14.44,1,12,12,0,20.0,0.03381657600402832,0.76,1.0
blood_transfusion,GA (NSGA-II),13,322348039,22.4,2,3,13,2538,30.0,4.324301242828369,0.7733333333333333,1.0
blood_transfusion,Random Search,13,2061655,23.4,3,5,5,2538,30.0,9.385255098342896,0.84,1.0
blood_transfusion,"GA (NSGA-II, archived)",13,1584124868,22.37333333333333,2,3,3,2556,30.0,3.945268154144287,0.7733333333333333,1.0
blood_transfusion,CART (ccp path),13,355464382,22.57333333333333,3,12,12,0,30.0,0.036621809005737305,0.8133333333333334,1.0
blood_transfusion,GA (NSGA-II),14,608565426,114.76,1,4,5,2510,152.0,3.937649965286255,0.76,1.0
blood_transfusion,Random Search,14,1032538376,114.76,1,5,5,2510,152.0,6.128468751907349,0.76,1.0
blood_transfusion,"GA (NSGA-II, archived)",14,950535452,116.61333333333333,2,4,4,2502,152.0,4.156311273574829,0.7733333333333333,1.0
blood_transfusion,CART (ccp path),14,705873274,116.64,3,12,12,0,152.0,0.026809215545654297,0.8,1.0
blood_transfusion,GA (NSGA-II),15,1847989486,21.133333333333333,2,4,21,2549,28.0,3.921776056289673,0.7866666666666666,1.0
blood_transfusion,Random Search,15,1732664827,20.613333333333333,2,6,6,2549,28.0,6.685886383056641,0.7733333333333333,1.0
blood_transfusion,"GA (NSGA-II, archived)",15,1835008736,21.133333333333333,2,4,4,2565,28.0,7.4192214012146,0.7866666666666666,1.0
blood_transfusion,CART (ccp path),15,1786946270,20.759999999999998,3,12,12,0,28.0,0.03453469276428223,0.7866666666666666,1.0
blood_transfusion,GA (NSGA-II),16,220223534,22.759999999999998,2,6,12,2533,30.0,3.9173271656036377,0.7866666666666666,1.0
blood_transfusion,Random Search,16,572551326,22.759999999999998,2,6,6,2533,30.0,6.236761569976807,0.7866666666666666,1.0
blood_transfusion,"GA (NSGA-II, archived)",16,1423690166,23.013333333333332,3,4,4,2511,30.0,4.470295190811157,0.8,1.0
blood_transfusion,CART (ccp path),16,993665203,22.52,3,12,12,0,30.0,0.03390645980834961,0.8133333333333334,1.0
blood_transfusion,GA (NSGA-II),17,1799677120,5.32,1,5,13,2606,8.0,4.683150291442871,0.76,1.0
blood_transfusion,Random Search,17,1210919683,5.32,1,5,5,2606,8.0,6.972428798675537,0.76,1.0
blood_transfusion,"GA (NSGA-II, archived)",17,1602502082,5.333333333333334,2,6,6,2536,8.0,7.32506799697876,0.7733333333333333,1.0
blood_transfusion,CART (ccp path),17,81952550,5.32,1,12,12,0,8.0,0.030672788619995117,0.76,1.0
blood_transfusion,GA (NSGA-II),18,490621792,67.22666666666667,2,8,22,2560,88.0,4.251230239868164,0.7733333333333333,1.0
blood_transfusion,Random Search,18,1358919198,68.03999999999999,3,6,6,2560,88.0,6.365194797515869,0.7866666666666666,1.0
blood_transfusion,"GA (NSGA-II, archived)",18,1884138059,66.12,1,2,2,2539,88.0,4.04505181312561,0.76,1.0
blood_transfusion,CART (ccp path),18,361476750,68.49333333333334,3,12,12,0,88.0,0.03147172927856445,0.8133333333333334,1.0
blood_transfusion,GA (NSGA-II),19,1790033809,24.66216216216216,2,4,12,2568,32.0,3.8057923316955566,0.7972972972972973,1.0
blood_transfusion,Random Search,19,142075325,24.27027027027027,2,6,6,2568,32.0,6.626051664352417,0.7837837837837838,1.0
blood_transfusion,"GA (NSGA-II, archived)",19,2105637936,24.27027027027027,2,5,5,2530,32.0,7.168835163116455,0.7837837837837838,1.0
blood_transfusion,CART (ccp path),19,857597872,23.905405405405407,2,12,12,0,32.0,0.027771472930908203,0.7972972972972973,1.0
blood_transfusion,GA (NSGA-II),20,525593559,0.7702702702702703,1,7,15,2570,2.0,4.769390344619751,0.7702702702702703,1.0
blood_transfusion,Random Search,20,804263280,0.7702702702702703,1,4,4,2570,2.0,6.271424055099487,0.7702702702702703,1.0
blood_transfusion,"GA (NSGA-II, archived)",20,566405325,0.7702702702702703,1,6,6,2565,2.0,4.5512449741363525,0.7702702702702703,1.0
blood_transfusion,CART (ccp path),20,553282237,0.7702702702702703,1,12,12,0,2.0,0.033162593841552734,0.7702702702702703,1.0
blood_transfusion,GA (NSGA-II),21,3569280,5.386666666666667,2,5,7,2559,8.0,4.478863000869751,0.7733333333333333,1.0
blood_transfusion,Random Search,21,1100100961,5.36,2,8,8,2559,8.0,7.095844030380249,0.7733333333333333,1.0
blood_transfusion,"GA (NSGA-II, archived)",21,455825,5.346666666666667,2,6,6,2560,8.0,7.569992303848267,0.7866666666666666,1.0
blood_transfusion,CART (ccp path),21,256396950,5.32,1,12,12,0,8.0,0.03783822059631348,0.76,1.0
blood_transfusion,GA (NSGA-II),22,1602014462,109.50666666666665,4,13,29,2579,136.0,4.523713111877441,0.8133333333333334,1.0
blood_transfusion,Random Search,22,1427507247,105.98666666666666,3,6,6,2579,136.0,6.998047590255737,0.7866666666666666,1.0
blood_transfusion,"GA (NSGA-II, archived)",22,95566506,107.78666666666666,4,5,5,2533,136.0,4.129054307937622,0.8,1.0
blood_transfusion,CART (ccp path),22,1589277518,102.61333333333333,2,12,12,0,136.0,0.03156423568725586,0.7733333333333333,1.0
blood_transfusion,GA (NSGA-II),23,1211114138,6.866666666666666,2,6,9,2539,10.0,4.368735074996948,0.7866666666666666,1.0
blood_transfusion,Random Search,23,267702727,6.933333333333333,2,4,4,2539,10.0,7.5039684772491455,0.7733333333333333,1.0
blood_transfusion,"GA (NSGA-II, archived)",23,930478423,6.933333333333333,2,4,4,2594,10.0,6.8799889087677,0.7733333333333333,1.0
blood_transfusion,CART (ccp path),23,1068448006,6.84,1,12,12,0,10.0,0.037966012954711914,0.76,1.0
blood_transfusion,GA (NSGA-II),24,1335804582,15.96,1,7,10,2508,22.0,4.55704140663147,0.76,1.0
blood_transfusion,Random Search,24,1073891444,16.933333333333334,4,7,7,2508,22.0,6.591717004776001,0.8533333333333334,1.0
blood_transfusion,"GA (NSGA-II, archived)",24,1786145050,16.213333333333335,2,3,3,2554,22.0,4.645398378372192,0.7733333333333333,1.0
blood_transfusion,CART (ccp path),24,212081369,16.080000000000002,2,12,12,0,22.0,0.037551164627075195,0.8,1.0
blood_transfusion,GA (NSGA-II),25,1180904395,82.21333333333334,2,2,2,2489,98.0,3.797252893447876,0.8533333333333334,1.0
blood_transfusion,Random Search,25,931346523,75.85333333333334,3,5,5,2489,98.0,6.405428409576416,0.7866666666666666,1.0
blood_transfusion,"GA (NSGA-II, archived)",25,207842940,83.42666666666666,4,5,5,2572,98.0,4.8221940994262695,0.8666666666666667,1.0
blood_transfusion,CART (ccp path),25,968913051,81.66666666666667,3,12,12,0,98.0,0.03181862831115723,0.8666666666666667,1.0
blood_transfusion,GA (NSGA-II),26,1032758288,0.76,1,4,16,2511,2.0,6.609027147293091,0.76,1.0
blood_transfusion,Random Search,26,1098442609,0.76,1,6,6,2511,2.0,6.159314155578613,0.76,1.0
blood_transfusion,"GA (NSGA-II, archived)",26,125017603,0.76,1,4,4,2578,2.0,4.185956716537476,0.76,1.0
blood_transfusion,CART (ccp path),26,2056719211,0.76,1,12,12,0,2.0,0.03473353385925293,0.76,1.0
blood_transfusion,GA (NSGA-II),27,1127893582,12.92,1,5,7,2543,18.0,3.986687183380127,0.76,1.0
blood_transfusion,Random Search,27,1641696106,13.12,4,8,8,2543,18.0,6.459309339523315,0.8266666666666667,1.0
blood_transfusion,"GA (NSGA-II, archived)",27,1573461731,13.239999999999998,3,5,5,2570,18.0,4.903539419174194,0.8133333333333334,1.0
blood_transfusion,CART (ccp path),27,446089291,13.0,2,12,12,0,18.0,0.03208565711975098,0.7866666666666666,1.0
blood_transfusion,GA (NSGA-II),28,90197023,19.906666666666666,5,7,24,2594,26.0,7.957802772521973,0.8133333333333334,1.0
blood_transfusion,Random Search,28,726511203,19.293333333333333,3,5,5,2594,26.0,6.69814920425415,0.7866666666666666,1.0
blood_transfusion,"GA (NSGA-II, archived)",28,1593011426,19.653333333333332,3,6,6,2567,26.0,4.175569534301758,0.8,1.0
blood_transfusion,CART (ccp path),28,2129763928,19.693333333333335,2,12,12,0,26.0,0.027868032455444336,0.8133333333333334,1.0
blood_transfusion,GA (NSGA-II),29,1970056532,11.64864864864865,2,7,38,2556,16.0,3.9885051250457764,0.7837837837837838,1.0
blood_transfusion,Random Search,29,172147357,11.567567567567568,2,4,4,2556,16.0,6.34593653678894,0.7837837837837838,1.0
blood_transfusion,"GA (NSGA-II, archived)",29,1416023242,11.554054054054054,1,5,5,2587,16.0,4.743479251861572,0.7702702702702703,1.0
blood_transfusion,CART (ccp path),29,1425606214,11.554054054054054,1,12,12,0,16.0,0.03348278999328613,0.7702702702702703,1.0
blood_transfusion,GA (NSGA-II),30,1375958837,11.85135135135135,2,4,9,2552,16.0,7.803755521774292,0.7972972972972973,1.0
blood_transfusion,Random Search,30,1836258688,11.594594594594595,2,5,5,2552,16.0,6.689410924911499,0.7837837837837838,1.0
blood_transfusion,"GA (NSGA-II, archived)",30,79786215,11.554054054054054,1,3,3,2563,16.0,4.008678913116455,0.7702702702702703,1.0
blood_transfusion,CART (ccp path),30,2066972757,11.58108108108108,2,12,12,0,16.0,0.03154444694519043,0.7972972972972973,1.0
diabetes_pima,GA (NSGA-II),1,1303558389,49.63636363636363,3,4,7,2501,72.0,4.630480527877808,0.7012987012987013,1.0
diabetes_pima,Random Search,1,2016275149,49.64935064935065,3,4,4,2501,72.0,6.860926151275635,0.7142857142857143,1.0
diabetes_pima,"GA (NSGA-II, archived)",1,2067558719,51.2987012987013,4,4,4,2558,72.0,4.784151315689087,0.7272727272727273,1.0
diabetes_pima,CART (ccp path),1,887626525,51.02597402597403,3,12,12,0,72.0,0.057738542556762695,0.7402597402597403,1.0
diabetes_pima,GA (NSGA-II),2,64371559,12.181818181818182,3,6,6,2525,18.0,4.959877967834473,0.7272727272727273,1.0
diabetes_pima,Random Search,2,742624565,12.220779220779221,3,5,5,2525,18.0,10.324132204055786,0.7402597402597403,1.0
diabetes_pima,"GA (NSGA-II, archived)",2,1259379720,11.818181818181818,2,4,4,2590,18.0,4.96676778793335,0.7012987012987013,1.0
diabetes_pima,CART (ccp path),2,92710357,11.311688311688313,2,12,12,0,18.0,0.06393837928771973,0.6883116883116883,1.0
diabetes_pima,GA (NSGA-II),3,748696794,8.428571428571429,2,7,14,2529,12.0,5.846367835998535,0.7922077922077922,1.0
diabetes_pima,Random Search,3,321553345,8.441558441558442,3,6,6,2529,12.0,6.971173524856567,0.8051948051948052,1.0
diabetes_pima,"GA (NSGA-II, archived)",3,832742745,8.701298701298702,3,5,5,2579,12.0,4.844951391220093,0.8311688311688312,1.0
diabetes_pima,CART (ccp path),3,2097591045,7.233766233766233,2,12,12,0,12.0,0.050435781478881836,0.7402597402597403,1.0
diabetes_pima,GA (NSGA-II),4,1751954110,27.20779220779221,2,4,4,2572,38.0,6.964202642440796,0.7402597402597403,1.0
diabetes_pima,Random Search,4,1585205513,27.610389610389614,3,4,4,2572,38.0,7.34036922454834,0.7532467532467533,1.0
diabetes_pima,"GA (NSGA-II, archived)",4,738357667,27.181818181818183,3,4,4,2541,38.0,5.506462812423706,0.7662337662337663,1.0
diabetes_pima,CART (ccp path),4,487114555,26.64935064935065,4,12,12,0,38.0,0.07027840614318848,0.8311688311688312,1.0
diabetes_pima,GA (NSGA-II),5,664626691,42.36363636363637,4,10,17,2601,58.0,6.116574048995972,0.7532467532467533,1.0
diabetes_pima,Random Search,5,864551210,41.090909090909086,3,5,5,2601,58.0,7.171980142593384,0.7272727272727273,1.0
diabetes_pima,"GA (NSGA-II, archived)",5,972167526,40.58441558441558,2,5,5,2553,58.0,8.89176344871521,0.7142857142857143,1.0
diabetes_pima,CART (ccp path),5,67054483,39.896103896103895,4,12,12,0,58.0,0.05771636962890625,0.7532467532467533,1.0
diabetes_pima,GA (NSGA-II),6,793726524,43.38961038961039,3,4,5,2530,58.0,5.609679937362671,0.7662337662337663,1.0
diabetes_pima,Random Search,6,1948794187,43.63636363636363,3,5,5,2530,58.0,7.656921148300171,0.7792207792207793,1.0
diabetes_pima,"GA (NSGA-II, archived)",6,242046251,43.285714285714285,3,5,5,2519,58.0,5.103066444396973,0.7662337662337663,1.0
diabetes_pima,CART (ccp path),6,1514069207,38.688311688311686,3,12,12,0,58.0,0.0558319091796875,0.7662337662337663,1.0
diabetes_pima,GA (NSGA-II),7,1236165699,48.64935064935066,3,3,3,2530,62.0,4.820104122161865,0.8051948051948052,1.0
diabetes_pima,Random Search,7,722416552,46.50649350649351,2,4,4,2530,62.0,9.50688648223877,0.7662337662337663,1.0
diabetes_pima,"GA (NSGA-II, archived)",7,1005207037,46.324675324675326,4,4,4,2509,62.0,4.805876970291138,0.7662337662337663,1.0
diabetes_pima,CART (ccp path),7,1847554033,44.58441558441558,4,12,12,0,62.0,0.05931687355041504,0.7662337662337663,1.0
diabetes_pima,GA (NSGA-II),8,1273406147,32.63636363636363,3,4,6,2552,44.0,4.711113929748535,0.7662337662337663,1.0
diabetes_pima,Random Search,8,1030672028,32.714285714285715,2,3,3,2552,44.0,7.185075759887695,0.7662337662337663,1.0
diabetes_pima,"GA (NSGA-II, archived)",8,940983508,32.714285714285715,2,5,5,2556,44.0,5.280499219894409,0.7662337662337663,1.0
diabetes_pima,CART (ccp path),8,518062354,31.129870129870127,4,12,12,0,44.0,0.0634469985961914,0.7662337662337663,1.0
diabetes_pima,GA (NSGA-II),9,1230044295,8.750000000000002,3,8,10,2503,12.0,4.475520849227905,0.8289473684210527,1.0
diabetes_pima,Random Search,9,50251549,8.657894736842106,2,5,5,2503,12.0,10.010380744934082,0.8157894736842105,1.0
diabetes_pima,"GA (NSGA-II, archived)",9,432809453,8.657894736842106,2,3,3,2542,12.0,5.195078611373901,0.8157894736842105,1.0
diabetes_pima,CART (ccp path),9,1146156880,7.421052631578948,2,12,12,0,12.0,0.04885697364807129,0.8421052631578947,1.0
diabetes_pima,GA (NSGA-II),10,279896787,21.105263157894736,3,4,6,2500,32.0,5.004125356674194,0.6842105263157895,1.0
diabetes_pima,Random Search,10,759157524,21.921052631578945,2,5,5,2500,32.0,6.657036542892456,0.7105263157894737,1.0
diabetes_pima,"GA (NSGA-II, archived)",10,1505905228,21.789473684210524,3,5,5,2540,32.0,4.8426666259765625,0.7105263157894737,1.0
diabetes_pima,CART (ccp path),10,688318119,20.69736842105263,3,12,12,0,32.0,0.06179046630859375,0.6973684210526315,1.0
diabetes_pima,GA (NSGA-II),11,272434190,29.935064935064936,2,5,6,2531,38.0,5.1162495613098145,0.8181818181818182,1.0
diabetes_pima,Random Search,11,2019651981,29.883116883116887,3,4,4,2531,38.0,9.793205738067627,0.8181818181818182,1.0
diabetes_pima,"GA (NSGA-II, archived)",11,1657437393,28.064935064935067,3,7,7,2527,38.0,4.826652526855469,0.7662337662337663,1.0
diabetes_pima,CART (ccp path),11,25368915,26.246753246753247,4,12,12,0,38.0,0.048889875411987305,0.7662337662337663,1.0
diabetes_pima,GA (NSGA-II),12,2106159584,32.27272727272727,2,5,5,2536,48.0,4.4663496017456055,0.6883116883116883,1.0
diabetes_pima,Random Search,12,924525781,32.85714285714286,2,4,4,2536,48.0,6.939292907714844,0.7012987012987013,1.0
diabetes_pima,"GA (NSGA-II, archived)",12,40370861,32.27272727272727,2,3,3,2505,48.0,4.634401321411133,0.6883116883116883,1.0
diabetes_pima,CART (ccp path),12,1970471091,32.55844155844156,4,12,12,0,48.0,0.060314178466796875,0.7402597402597403,1.0
diabetes_pima,GA (NSGA-II),13,386536748,33.24675324675325,2,8,8,2524,44.0,4.784938812255859,0.7792207792207793,1.0
diabetes_pima,Random Search,13,1839854404,31.116883116883116,2,5,5,2524,44.0,10.247703790664673,0.7272727272727273,1.0
diabetes_pima,"GA (NSGA-II, archived)",13,1253088258,33.24675324675325,2,3,3,2562,44.0,4.454514980316162,0.7792207792207793,1.0
diabetes_pima,CART (ccp path),13,391598874,32.493506493506494,4,12,12,0,44.0,0.060208797454833984,0.8051948051948052,1.0
diabetes_pima,GA (NSGA-II),14,422989303,18.896103896103895,3,7,10,2581,26.0,4.369596481323242,0.7662337662337663,1.0
diabetes_pima,Random Search,14,1386287470,18.155844155844157,3,4,4,2581,26.0,7.448156833648682,0.7532467532467533,1.0
diabetes_pima,"GA (NSGA-II, archived)",14,216653336,18.623376623376622,2,6,6,2593,26.0,5.862814664840698,0.7532467532467533,1.0
diabetes_pima,CART (ccp path),14,1949768553,17.636363636363637,3,12,12,0,26.0,0.06466197967529297,0.8051948051948052,1.0
diabetes_pima,GA (NSGA-II),15,1257634627,35.48051948051948,2,4,4,2520,50.0,7.8065876960754395,0.7272727272727273,1.0
diabetes_pima,Random Search,15,1803212195,37.922077922077925,2,4,4,2520,50.0,7.184686183929443,0.7792207792207793,1.0
diabetes_pima,"GA (NSGA-II, archived)",15,1423869278,37.922077922077925,2,5,5,2556,50.0,4.915967702865601,0.7792207792207793,1.0
diabetes_pima,CART (ccp path),15,880883854,33.76623376623377,4,12,12,0,50.0,0.06607627868652344,0.7532467532467533,1.0
diabetes_pima,GA (NSGA-II),16,1299643159,50.25974025974027,3,5,5,2570,66.0,5.405914545059204,0.7792207792207793,1.0
diabetes_pima,Random Search,16,943138913,49.44155844155844,3,5,5,2570,66.0,7.147942543029785,0.7662337662337663,1.0
diabetes_pima,"GA (NSGA-II, archived)",16,184272610,50.337662337662344,3,4,4,2556,66.0,4.981292963027954,0.7792207792207793,1.0
diabetes_pima,CART (ccp path),16,1464329760,50.7922077922078,3,12,12,0,66.0,0.0643310546875,0.8181818181818182,1.0
diabetes_pima,GA (NSGA-II),17,470220048,20.935064935064936,4,7,10,2596,30.0,9.170857906341553,0.7792207792207793,1.0
diabetes_pima,Random Search,17,1178508187,20.935064935064936,2,5,5,2596,30.0,7.0991270542144775,0.7272727272727273,1.0
diabetes_pima,"GA (NSGA-II, archived)",17,10730858,21.83116883116883,3,6,6,2567,30.0,5.448832273483276,0.7662337662337663,1.0
diabetes_pima,CART (ccp path),17,1912985185,19.714285714285715,2,12,12,0,30.0,0.05932426452636719,0.7012987012987013,1.0
diabetes_pima,GA (NSGA-II),18,578539962,7.961038961038961,2,4,6,2540,12.0,4.923614740371704,0.7402597402597403,1.0
diabetes_pima,Random Search,18,1810591283,8.103896103896103,3,5,5,2540,12.0,7.4352476596832275,0.7792207792207793,1.0
diabetes_pima,"GA (NSGA-II, archived)",18,931050145,7.844155844155844,2,3,3,2583,12.0,7.319711208343506,0.7272727272727273,1.0
diabetes_pima,CART (ccp path),18,1127584228,7.259740259740259,2,12,12,0,12.0,0.055355072021484375,0.7662337662337663,1.0
diabetes_pima,GA (NSGA-II),19,1701553027,7.7105263157894735,2,6,17,2579,12.0,5.0295538902282715,0.7105263157894737,1.0
diabetes_pima,Random Search,19,1781897925,7.355263157894736,2,5,5,2579,12.0,7.324250936508179,0.6710526315789473,1.0
diabetes_pima,"GA (NSGA-II, archived)",19,1002637285,7.605263157894737,2,4,4,2539,12.0,4.655885219573975,0.7105263157894737,1.0
diabetes_pima,CART (ccp path),19,106977114,7.342105263157896,2,12,12,0,12.0,0.055938720703125,0.7631578947368421,1.0
diabetes_pima,GA (NSGA-II),20,1548174750,17.407894736842106,3,5,10,2571,24.0,5.326246500015259,0.7763157894736842,1.0
diabetes_pima,Random Search,20,1467982566,16.81578947368421,3,4,4,2571,24.0,10.164981126785278,0.7631578947368421,1.0
diabetes_pima,"GA (NSGA-II, archived)",20,1097626335,17.263157894736842,3,7,7,2588,24.0,5.5983726978302,0.7631578947368421,1.0
diabetes_pima,CART (ccp path),20,492628700,16.907894736842103,2,12,12,0,24.0,0.05783843994140625,0.7763157894736842,1.0
diabetes_pima,GA (NSGA-II),21,1162351384,16.571428571428573,2,9,10,2557,24.0,5.471521377563477,0.7272727272727273,1.0
diabetes_pima,Random Search,21,375395233,16.350649350649352,4,7,7,2557,24.0,7.7528040409088135,0.7402597402597403,1.0
diabetes_pima,"GA (NSGA-II, archived)",21,1224867387,16.662337662337663,4,5,5,2560,24.0,4.815645217895508,0.7402597402597403,1.0
diabetes_pima,CART (ccp path),21,1972834393,15.623376623376624,3,12,12,0,24.0,0.05777788162231445,0.7142857142857143,1.0
diabetes_pima,GA (NSGA-II),22,184245173,34.80519480519481,2,3,3,2526,46.0,4.4427595138549805,0.7792207792207793,1.0
diabetes_pima,Random Search,22,1106139392,33.727272727272734,3,4,4,2526,46.0,9.999337673187256,0.7922077922077922,1.0
diabetes_pima,"GA (NSGA-II, archived)",22,1508444044,33.68831168831169,2,3,3,2607,46.0,5.092869281768799,0.7532467532467533,1.0
diabetes_pima,CART (ccp path),22,404417104,32.22077922077922,2,12,12,0,46.0,0.05587601661682129,0.7402597402597403,1.0
diabetes_pima,GA (NSGA-II),23,46173834,8.428571428571429,2,5,5,2488,12.0,4.933901786804199,0.7922077922077922,1.0
diabetes_pima,Random Search,23,2013625009,7.259740259740259,2,5,5,2488,12.0,6.721808195114136,0.6623376623376623,1.0
diabetes_pima,"GA (NSGA-II, archived)",23,1785555366,8.428571428571429,2,5,5,2509,12.0,5.099652528762817,0.7922077922077922,1.0
diabetes_pima,CART (ccp path),23,1968078287,7.285714285714286,2,12,12,0,12.0,0.05576205253601074,0.7922077922077922,1.0
diabetes_pima,GA (NSGA-II),24,1052569954,31.532467532467532,3,11,12,2540,42.0,9.132172107696533,0.7792207792207793,1.0
diabetes_pima,Random Search,24,823004339,29.675324675324674,3,5,5,2540,42.0,7.280571937561035,0.7402597402597403,1.0
diabetes_pima,"GA (NSGA-II, archived)",24,1555160217,30.675324675324674,2,4,4,2525,42.0,4.942222833633423,0.7532467532467533,1.0
diabetes_pima,CART (ccp path),24,1792396495,31.18181818181818,3,12,12,0,42.0,0.06224513053894043,0.8441558441558441,1.0
diabetes_pima,GA (NSGA-II),25,1285870496,23.46753246753247,3,6,8,2538,32.0,4.782928705215454,0.7662337662337663,1.0
diabetes_pima,Random Search,25,843571622,23.402597402597404,4,6,6,2538,32.0,7.137171506881714,0.7792207792207793,1.0
diabetes_pima,"GA (NSGA-II, archived)",25,1964060429,22.714285714285715,3,3,3,2505,32.0,4.817206859588623,0.7402597402597403,1.0
diabetes_pima,CART (ccp path),25,655590610,22.324675324675326,3,12,12,0,32.0,0.07860755920410156,0.7662337662337663,1.0
diabetes_pima,GA (NSGA-II),26,203266802,16.025974025974026,2,6,11,2585,24.0,8.847042083740234,0.7012987012987013,1.0
diabetes_pima,Random Search,26,374542617,15.753246753246753,2,3,3,2585,24.0,7.223090171813965,0.6883116883116883,1.0
diabetes_pima,"GA (NSGA-II, archived)",26,90788889,15.753246753246753,2,5,5,2545,24.0,4.630540370941162,0.6883116883116883,1.0
diabetes_pima,CART (ccp path),26,1164727041,15.805194805194805,3,12,12,0,24.0,0.0677947998046875,0.7402597402597403,1.0
diabetes_pima,GA (NSGA-II),27,1086890404,58.68831168831169,4,4,6,2571,78.0,4.858395338058472,0.7662337662337663,1.0
diabetes_pima,Random Search,27,606267365,56.766233766233775,3,5,5,2571,78.0,7.735396385192871,0.7402597402597403,1.0
diabetes_pima,"GA (NSGA-II, archived)",27,1486507879,57.68831168831169,3,5,5,2539,78.0,7.36985969543457,0.7532467532467533,1.0
diabetes_pima,CART (ccp path),27,1173325717,57.1948051948052,4,12,12,0,78.0,0.0657501220703125,0.7792207792207793,1.0
diabetes_pima,GA (NSGA-II),28,1732208440,8.428571428571429,2,12,19,2548,12.0,4.834319591522217,0.7922077922077922,1.0
diabetes_pima,Random Search,28,1634763028,8.428571428571429,2,5,5,2548,12.0,6.986923456192017,0.7922077922077922,1.0
diabetes_pima,"GA (NSGA-II, archived)",28,1949057209,8.35064935064935,3,5,5,2506,12.0,4.756845951080322,0.7922077922077922,1.0
diabetes_pima,CART (ccp path),28,32334084,7.233766233766233,2,12,12,0,12.0,0.05480170249938965,0.7402597402597403,1.0
diabetes_pima,GA (NSGA-II),29,1743054330,8.157894736842106,3,3,3,2523,12.0,4.368540525436401,0.7631578947368421,1.0
diabetes_pima,Random Search,29,965813125,7.828947368421053,2,5,5,2523,12.0,7.188432216644287,0.7236842105263158,1.0
diabetes_pima,"GA (NSGA-II, archived)",29,1059629171,7.776315789473684,3,5,5,2498,12.0,6.892873764038086,0.7236842105263158,1.0
diabetes_pima,CART (ccp path),29,1633198590,7.36842105263158,2,12,12,0,12.0,0.04594993591308594,0.7894736842105263,1.0
diabetes_pima,GA (NSGA-II),30,634982163,26.644736842105264,2,4,4,2547,38.0,5.1299660205841064,0.7236842105263158,1.0
diabetes_pima,Random Search,30,734894020,27.144736842105264,3,4,4,2547,38.0,7.034330129623413,0.7763157894736842,1.0
diabetes_pima,"GA (NSGA-II, archived)",30,59145639,27.105263157894736,2,4,4,2506,38.0,4.960352659225464,0.7368421052631579,1.0
diabetes_pima,CART (ccp path),30,1973404013,27.63157894736842,3,12,12,0,38.0,0.06251811981201172,0.7894736842105263,1.0
analcatdata_dmft,GA (NSGA-II),1,215425272,9.4,1,9,11,2517,48.0,4.7458579540252686,0.2,1.0
analcatdata_dmft,Random Search,1,964812435,12.062500000000002,3,8,8,2517,48.0,5.825449705123901,0.2625,1.0
analcatdata_dmft,"GA (NSGA-II, archived)",1,1419900276,10.862499999999999,2,7,7,2596,48.0,5.701480865478516,0.2375,1.0
analcatdata_dmft,CART (ccp path),1,1496289830,9.425,2,12,12,0,48.0,0.028268814086914062,0.225,1.0
analcatdata_dmft,GA (NSGA-II),2,834174823,64.1625,4,11,12,2548,226.0,5.339942932128906,0.2875,1.0
analcatdata_dmft,Random Search,2,1429252514,47.787499999999994,2,5,5,2548,226.0,8.949882984161377,0.2125,1.0
analcatdata_dmft,"GA (NSGA-II, archived)",2,2045514424,55.449999999999996,2,11,11,2534,226.0,6.141561269760132,0.25,1.0
analcatdata_dmft,CART (ccp path),2,1158616205,47.575,4,12,12,0,226.0,0.028874635696411133,0.25,1.0
analcatdata_dmft,GA (NSGA-II),3,726940447,2.6,1,4,6,2571,14.0,5.333150148391724,0.2,1.0
analcatdata_dmft,Random Search,3,1880815288,2.7,3,7,7,2571,14.0,5.999008893966675,0.275,1.0
analcatdata_dmft,"GA (NSGA-II, archived)",3,1766011929,3.05,2,10,10,2535,14.0,5.795611143112183,0.25,1.0
analcatdata_dmft,CART (ccp path),3,839500903,2.6,1,12,12,0,14.0,0.026149272918701172,0.2,1.0
analcatdata_dmft,GA (NSGA-II),4,842123150,25.0625,3,9,11,2512,108.0,7.571057558059692,0.2375,1.0
analcatdata_dmft,Random Search,4,978007394,27.687500000000004,3,5,5,2512,108.0,6.035477638244629,0.2625,1.0
analcatdata_dmft,"GA (NSGA-II, archived)",4,1577560249,27.862500000000004,3,7,7,2560,108.0,4.668898105621338,0.2625,1.0
analcatdata_dmft,CART (ccp path),4,1914062939,23.5375,3,12,12,0,108.0,0.02851700782775879,0.2375,1.0
analcatdata_dmft,GA (NSGA-II),5,678960115,16.3,4,14,15,2603,62.0,5.164135217666626,0.275,1.0
analcatdata_dmft,Random Search,5,524528944,12.8125,2,5,5,2603,62.0,6.046665668487549,0.2125,1.0
analcatdata_dmft,"GA (NSGA-II, archived)",5,1520673050,13.8875,4,11,11,2499,62.0,6.014859676361084,0.2375,1.0
analcatdata_dmft,CART (ccp path),5,1955272850,13.0,3,12,12,0,62.0,0.027877092361450195,0.3,1.0
analcatdata_dmft,GA (NSGA-II),6,1318570341,53.65,3,9,10,2564,240.0,7.294674634933472,0.225,1.0
analcatdata_dmft,Random Search,6,1553962813,70.6,3,5,5,2564,240.0,6.193215847015381,0.3,1.0
analcatdata_dmft,"GA (NSGA-II, archived)",6,1540049480,56.637499999999996,3,8,8,2536,240.0,5.507322311401367,0.2375,1.0
analcatdata_dmft,CART (ccp path),6,155355815,59.35,4,12,12,0,240.0,0.023404598236083984,0.275,1.0
analcatdata_dmft,GA (NSGA-II),7,2053909922,10.4625,2,8,12,2573,42.0,4.597747087478638,0.2625,1.0
analcatdata_dmft,Random Search,7,775335105,8.575000000000001,3,8,8,2573,42.0,5.604483127593994,0.225,1.0
analcatdata_dmft,"GA (NSGA-II, archived)",7,1104882334,7.6875,1,7,7,2547,42.0,4.886906147003174,0.1875,1.0
analcatdata_dmft,CART (ccp path),7,742424644,7.7,2,12,12,0,42.0,0.02622222900390625,0.2,1.0
analcatdata_dmft,GA (NSGA-II),8,1910837648,50.92405063291139,4,11,13,2568,214.0,7.738703966140747,0.24050632911392406,1.0
analcatdata_dmft,Random Search,8,394150880,45.78481012658228,2,6,6,2568,214.0,6.240381717681885,0.21518987341772153,1.0
analcatdata_dmft,"GA (NSGA-II, archived)",8,1299708547,50.87341772151899,3,6,6,2514,214.0,4.707899570465088,0.24050632911392406,1.0
analcatdata_dmft,CART (ccp path),8,1676786677,40.45569620253165,2,12,12,0,214.0,0.029081106185913086,0.20253164556962025,1.0
analcatdata_dmft,GA (NSGA-II),9,1706656186,12.721518987341769,4,9,9,2534,50.0,4.7190842628479,0.26582278481012656,1.0
analcatdata_dmft,Random Search,9,1823242804,11.278481012658228,2,5,5,2534,50.0,5.799887657165527,0.24050632911392406,1.0
analcatdata_dmft,"GA (NSGA-II, archived)",9,738593949,12.746835443037972,4,9,9,2559,50.0,5.86253809928894,0.26582278481012656,1.0
analcatdata_dmft,CART (ccp path),9,533026938,9.594936708860759,3,12,12,0,50.0,0.030332088470458984,0.22784810126582278,1.0
analcatdata_dmft,GA (NSGA-II),10,1601997485,13.025316455696203,2,8,9,2503,62.0,8.406391859054565,0.21518987341772153,1.0
analcatdata_dmft,Random Search,10,1716323328,13.025316455696203,2,6,6,2503,62.0,6.106886148452759,0.21518987341772153,1.0
analcatdata_dmft,"GA (NSGA-II, archived)",10,1978279304,13.025316455696203,2,6,6,2536,62.0,4.993358135223389,0.21518987341772153,1.0
analcatdata_dmft,CART (ccp path),10,1217263184,11.59493670886076,2,12,12,0,62.0,0.03297591209411621,0.20253164556962025,1.0
analcatdata_dmft,GA (NSGA-II),11,1562222829,10.7375,2,10,10,2545,52.0,5.458092927932739,0.2125,1.0
analcatdata_dmft,Random Search,11,1351686870,14.762500000000001,4,6,6,2545,52.0,5.662721633911133,0.3125,1.0
analcatdata_dmft,"GA (NSGA-II, archived)",11,378696345,12.65,2,6,6,2514,52.0,4.836712121963501,0.25,1.0
analcatdata_dmft,CART (ccp path),11,1346675420,10.2375,2,12,12,0,52.0,0.03216147422790527,0.2375,1.0
analcatdata_dmft,GA (NSGA-II),12,752356577,27.3875,2,8,10,2535,130.0,8.680418968200684,0.2125,1.0
analcatdata_dmft,Random Search,12,108316014,27.3125,2,5,5,2535,130.0,5.631653547286987,0.2125,1.0
analcatdata_dmft,"GA (NSGA-II, archived)",12,1918379867,25.8,1,6,6,2574,130.0,4.901370048522949,0.2,1.0
analcatdata_dmft,CART (ccp path),12,402067247,26.2625,3,12,12,0,130.0,0.030608415603637695,0.2625,1.0
analcatdata_dmft,GA (NSGA-II),13,319566633,19.400000000000002,1,7,8,2542,98.0,5.217475414276123,0.2,1.0
analcatdata_dmft,Random Search,13,304726658,19.400000000000002,1,5,5,2542,98.0,5.636971473693848,0.2,1.0
analcatdata_dmft,"GA (NSGA-II, archived)",13,1470325943,19.400000000000002,1,8,8,2551,98.0,5.622852802276611,0.2,1.0
analcatdata_dmft,CART (ccp path),13,10828817,19.725,3,12,12,0,98.0,0.029865026473999023,0.25,1.0
analcatdata_dmft,GA (NSGA-II),14,1140611223,15.55,2,19,21,2548,64.0,8.305262565612793,0.25,1.0
analcatdata_dmft,Random Search,14,140142256,16.337500000000002,3,5,5,2548,64.0,5.879832029342651,0.2625,1.0
analcatdata_dmft,"GA (NSGA-II, archived)",14,1831876590,15.15,4,11,11,2540,64.0,5.38359260559082,0.25,1.0
analcatdata_dmft,CART (ccp path),14,1229164527,13.2125,3,12,12,0,64.0,0.034741878509521484,0.2625,1.0
analcatdata_dmft,GA (NSGA-II),15,2039406517,21.2125,2,8,8,2558,76.0,4.6925718784332275,0.2875,1.0
analcatdata_dmft,Random Search,15,544615552,22.9625,3,8,8,2558,76.0,6.391186475753784,0.3125,1.0
analcatdata_dmft,"GA (NSGA-II, archived)",15,1792362560,23.674999999999997,3,5,5,2478,76.0,5.300707817077637,0.325,1.0
analcatdata_dmft,CART (ccp path),15,1938825528,15.075,2,12,12,0,76.0,0.03081822395324707,0.275,1.0
analcatdata_dmft,GA (NSGA-II),16,1093781151,45.72500000000001,5,9,9,2518,170.0,8.216655969619751,0.275,1.0
analcatdata_dmft,Random Search,16,803863721,43.5125,3,6,6,2518,170.0,6.0530946254730225,0.2625,1.0
analcatdata_dmft,"GA (NSGA-II, archived)",16,787734377,48.2375,3,6,6,2532,170.0,4.977344036102295,0.2875,1.0
analcatdata_dmft,CART (ccp path),16,1524038683,33.06250000000001,3,12,12,0,170.0,0.029829978942871094,0.2125,1.0
analcatdata_dmft,GA (NSGA-II),17,1139194025,9.8625,4,14,16,2568,40.0,5.305644989013672,0.2625,1.0
analcatdata_dmft,Random Search,17,1965659569,9.55,3,5,5,2568,40.0,6.73164701461792,0.25,1.0
analcatdata_dmft,"GA (NSGA-II, archived)",17,1872402132,10.0375,3,5,5,2520,40.0,7.406026840209961,0.2625,1.0
analcatdata_dmft,CART (ccp path),17,1537694259,7.3375,2,12,12,0,40.0,0.029800891876220703,0.2125,1.0
analcatdata_dmft,GA (NSGA-II),18,725237850,45.379746835443036,3,9,13,2594,192.0,6.044123411178589,0.24050632911392406,1.0
analcatdata_dmft,Random Search,18,209699720,43.291139240506325,3,7,7,2594,192.0,6.502927303314209,0.22784810126582278,1.0
analcatdata_dmft,"GA (NSGA-II, archived)",18,1584505597,48.0253164556962,3,6,6,2605,192.0,5.3034348487854,0.25316455696202533,1.0
analcatdata_dmft,CART (ccp path),18,676599843,43.835443037974684,4,12,12,0,192.0,0.030908823013305664,0.26582278481012656,1.0
analcatdata_dmft,GA (NSGA-II),19,2013508948,58.0253164556962,2,8,9,2530,256.0,4.940613031387329,0.22784810126582278,1.0
analcatdata_dmft,Random Search,19,529461851,54.67088607594937,2,5,5,2530,256.0,5.708059072494507,0.21518987341772153,1.0
analcatdata_dmft,"GA (NSGA-II, archived)",19,436788487,51.59493670886076,2,6,6,2550,256.0,7.7247633934021,0.20253164556962025,1.0
analcatdata_dmft,CART (ccp path),19,1436049596,48.43037974683544,2,12,12,0,256.0,0.03420424461364746,0.20253164556962025,1.0
analcatdata_dmft,GA (NSGA-II),20,605784296,13.215189873417724,4,12,17,2566,54.0,4.894742012023926,0.25316455696202533,1.0
analcatdata_dmft,Random Search,20,1181248014,13.822784810126583,4,6,6,2566,54.0,5.8220720291137695,0.27848101265822783,1.0
analcatdata_dmft,"GA (NSGA-II, archived)",20,744710970,11.329113924050635,3,11,11,2539,54.0,5.766875982284546,0.21518987341772153,1.0
analcatdata_dmft,CART (ccp path),20,636677540,10.468354430379748,3,12,12,0,54.0,0.02594614028930664,0.26582278481012656,1.0
analcatdata_dmft,GA (NSGA-II),21,226397121,11.049999999999999,2,9,11,2498,46.0,4.76351261138916,0.25,1.0
analcatdata_dmft,Random Search,21,2031466468,9.0,1,5,5,2498,46.0,5.970222473144531,0.2,1.0
analcatdata_dmft,"GA (NSGA-II, archived)",21,376709553,10.075,2,5,5,2582,46.0,7.417557954788208,0.225,1.0
analcatdata_dmft,CART (ccp path),21,452119994,9.025,2,12,12,0,46.0,0.02675938606262207,0.225,1.0
analcatdata_dmft,GA (NSGA-II),22,664268800,2.1125,2,9,11,2550,10.0,5.03481650352478,0.2625,1.0
analcatdata_dmft,Random Search,22,1194864433,2.2,3,6,6,2550,10.0,5.780263423919678,0.275,1.0
analcatdata_dmft,"GA (NSGA-II, archived)",22,358888455,1.875,2,8,8,2580,10.0,4.8970160484313965,0.275,1.0
analcatdata_dmft,CART (ccp path),22,618233157,1.8,1,12,12,0,10.0,0.027331829071044922,0.2,1.0
analcatdata_dmft,GA (NSGA-II),23,623447782,7.800000000000001,1,8,8,2571,40.0,4.970458030700684,0.2,1.0
analcatdata_dmft,Random Search,23,1685279508,9.162500000000001,3,5,5,2571,40.0,6.220312595367432,0.2375,1.0
analcatdata_dmft,"GA (NSGA-II, archived)",23,1818504218,9.375,3,8,8,2518,40.0,8.392929077148438,0.25,1.0
analcatdata_dmft,CART (ccp path),23,1270058196,7.8500000000000005,2,12,12,0,40.0,0.02992081642150879,0.25,1.0
analcatdata_dmft,GA (NSGA-II),24,1089470149,24.112499999999997,3,7,8,2542,86.0,5.4497034549713135,0.2875,1.0
analcatdata_dmft,Random Search,24,621985317,24.424999999999997,3,7,7,2542,86.0,5.574544668197632,0.3,1.0
analcatdata_dmft,"GA (NSGA-II, archived)",24,515133076,20.112499999999997,2,7,7,2551,86.0,4.9693989753723145,0.2375,1.0
analcatdata_dmft,CART (ccp path),24,2125160075,18.712500000000002,3,12,12,0,86.0,0.027118682861328125,0.2625,1.0
analcatdata_dmft,GA (NSGA-II),25,902607987,28.975,2,8,11,2516,130.0,5.702666997909546,0.225,1.0
analcatdata_dmft,Random Search,25,1523189138,32.05,3,6,6,2516,130.0,6.078356027603149,0.25,1.0
analcatdata_dmft,"GA (NSGA-II, archived)",25,1552653459,35.025000000000006,2,6,6,2530,130.0,7.42340087890625,0.275,1.0
analcatdata_dmft,CART (ccp path),25,1750353820,29.575,4,12,12,0,130.0,0.034156084060668945,0.275,1.0
analcatdata_dmft,GA (NSGA-II),26,293908811,31.175,3,7,8,2515,140.0,4.886812925338745,0.225,1.0
analcatdata_dmft,Random Search,26,108136830,32.9125,2,5,5,2515,140.0,5.646226167678833,0.2375,1.0
analcatdata_dmft,"GA (NSGA-II, archived)",26,1953323271,34.125,4,7,7,2563,140.0,4.629273176193237,0.25,1.0
analcatdata_dmft,CART (ccp path),26,2049040808,26.0875,2,12,12,0,140.0,0.026089906692504883,0.2125,1.0
analcatdata_dmft,GA (NSGA-II),27,772332207,24.3875,2,6,6,2566,116.0,4.9598095417022705,0.2125,1.0
analcatdata_dmft,Random Search,27,324544627,28.424999999999997,3,6,6,2566,116.0,5.989133834838867,0.25,1.0
analcatdata_dmft,"GA (NSGA-II, archived)",27,926206612,24.1875,2,7,7,2572,116.0,7.350148439407349,0.2125,1.0
analcatdata_dmft,CART (ccp path),27,1740535364,21.575,2,12,12,0,116.0,0.02236032485961914,0.2,1.0
analcatdata_dmft,GA (NSGA-II),28,2111471787,3.607594936708861,1,6,6,2533,20.0,5.182575702667236,0.189873417721519,1.0
analcatdata_dmft,Random Search,28,773713467,3.9367088607594938,3,5,5,2533,20.0,5.848673105239868,0.21518987341772153,1.0
analcatdata_dmft,"GA (NSGA-II, archived)",28,1704035153,4.772151898734177,3,7,7,2585,20.0,4.899016618728638,0.26582278481012656,1.0
analcatdata_dmft,CART (ccp path),28,1024947977,3.6835443037974684,2,12,12,0,20.0,0.02804851531982422,0.26582278481012656,1.0
analcatdata_dmft,GA (NSGA-II),29,1105333859,1.3291139240506329,1,9,9,2562,8.0,5.280790090560913,0.189873417721519,1.0
analcatdata_dmft,Random Search,29,1364985222,1.3417721518987342,2,6,6,2562,8.0,6.074887990951538,0.20253164556962025,1.0
analcatdata_dmft,"GA (NSGA-II, archived)",29,1662725890,1.3670886075949367,2,6,6,2551,8.0,8.247865676879883,0.22784810126582278,1.0
analcatdata_dmft,CART (ccp path),29,988214079,1.3291139240506329,1,12,12,0,8.0,0.02794337272644043,0.189873417721519,1.0
analcatdata_dmft,GA (NSGA-II),30,1597860815,23.974683544303797,5,7,8,2620,82.0,5.131668329238892,0.3037974683544304,1.0
analcatdata_dmft,Random Search,30,614606101,23.78481012658228,4,6,6,2620,82.0,6.451751470565796,0.31645569620253167,1.0
analcatdata_dmft,"GA (NSGA-II, archived)",30,938726751,20.379746835443036,2,7,7,2536,82.0,6.198457956314087,0.25316455696202533,1.0
analcatdata_dmft,CART (ccp path),30,216071596,16.037974683544302,3,12,12,0,82.0,0.028874874114990234,0.21518987341772153,1.0
vehicle,GA (NSGA-II),1,265592756,25.541176470588233,5,9,9,2550,46.0,6.2416441440582275,0.6,1.0
vehicle,Random Search,1,1581535203,24.458823529411763,5,7,7,2550,46.0,6.766665458679199,0.6,1.0
vehicle,"GA (NSGA-II, archived)",1,288230271,26.38823529411765,6,7,7,2526,46.0,6.276169061660767,0.6235294117647059,1.0
vehicle,CART (ccp path),1,2072168029,23.61176470588235,3,12,12,0,46.0,0.10281753540039062,0.6941176470588235,1.0
vehicle,GA (NSGA-II),2,1808516015,24.811764705882354,8,10,15,2539,40.0,6.387327432632446,0.6941176470588235,1.0
vehicle,Random Search,2,932010638,18.823529411764707,6,8,8,2539,40.0,10.51862120628357,0.611764705882353,1.0
vehicle,"GA (NSGA-II, archived)",2,1980989016,20.929411764705883,7,8,8,2598,40.0,6.588989496231079,0.5764705882352941,1.0
vehicle,CART (ccp path),2,1760068464,19.50588235294118,4,12,12,0,40.0,0.0926513671875,0.7294117647058823,1.0
vehicle,GA (NSGA-II),3,1674877650,55.7764705882353,5,8,11,2559,90.0,6.129071474075317,0.6470588235294118,1.0
vehicle,Random Search,3,485867394,46.77647058823529,7,10,10,2559,90.0,7.8551976680755615,0.5647058823529412,1.0
vehicle,"GA (NSGA-II, archived)",3,2070225922,47.941176470588246,6,6,6,2495,90.0,6.0397303104400635,0.5529411764705883,1.0
vehicle,CART (ccp path),3,1553214215,57.21176470588236,7,12,12,0,90.0,0.11825108528137207,0.7647058823529411,1.0
vehicle,GA (NSGA-II),4,1489073259,82.99999999999999,8,11,13,2515,134.0,8.90065312385559,0.6470588235294118,1.0
vehicle,Random Search,4,425417463,78.2235294117647,6,8,8,2515,134.0,6.919857025146484,0.6235294117647059,1.0
vehicle,"GA (NSGA-II, archived)",4,2016030190,75.09411764705882,6,9,9,2550,134.0,7.029858112335205,0.5764705882352941,1.0
vehicle,CART (ccp path),4,123131294,86.7764705882353,5,12,12,0,134.0,0.0918283462524414,0.7294117647058823,1.0
vehicle,GA (NSGA-II),5,1237648531,26.482352941176472,5,6,6,2577,58.0,6.170061826705933,0.4823529411764706,1.0
vehicle,Random Search,5,505875756,28.211764705882352,7,11,11,2577,58.0,9.679054498672485,0.5882352941176471,1.0
vehicle,"GA (NSGA-II, archived)",5,1985608959,33.38823529411765,5,7,7,2550,58.0,6.573880910873413,0.611764705882353,1.0
vehicle,CART (ccp path),5,465515958,30.576470588235292,4,12,12,0,58.0,0.10172772407531738,0.6941176470588235,1.0
vehicle,GA (NSGA-II),6,1009963262,86.71764705882353,4,10,11,2546,138.0,5.762567043304443,0.6470588235294118,1.0
vehicle,Random Search,6,1593123708,83.82352941176472,6,11,11,2546,138.0,7.128824949264526,0.6470588235294118,1.0
vehicle,"GA (NSGA-II, archived)",6,1261904322,77.56470588235294,6,8,8,2623,138.0,6.390981197357178,0.5764705882352941,1.0
vehicle,CART (ccp path),6,559249562,97.96470588235294,6,12,12,0,138.0,0.08995699882507324,0.8117647058823529,1.0
vehicle,GA (NSGA-II),7,1755754089,67.71428571428572,6,8,16,2538,122.0,8.897554159164429,0.5714285714285714,1.0
vehicle,Random Search,7,1948293414,78.54761904761905,6,11,11,2538,122.0,7.615267515182495,0.6904761904761905,1.0
vehicle,"GA (NSGA-II, archived)",7,487894693,74.94047619047619,5,7,7,2510,122.0,5.917144298553467,0.6309523809523809,1.0
vehicle,CART (ccp path),7,1930083672,82.4642857142857,7,12,12,0,122.0,0.1143791675567627,0.7976190476190477,1.0
vehicle,GA (NSGA-II),8,847868566,57.20238095238095,6,10,14,2550,98.0,6.516930818557739,0.6071428571428571,1.0
vehicle,Random Search,8,349045669,55.74999999999999,4,8,8,2550,98.0,8.408921241760254,0.6071428571428571,1.0
vehicle,"GA (NSGA-II, archived)",8,134248046,58.142857142857146,6,8,8,2555,98.0,6.648350238800049,0.6190476190476191,1.0
vehicle,CART (ccp path),8,1181636740,58.38095238095238,5,12,12,0,98.0,0.09691858291625977,0.7619047619047619,1.0
vehicle,GA (NSGA-II),9,147742091,32.523809523809526,5,6,6,2558,56.0,6.764321565628052,0.6190476190476191,1.0
vehicle,Random Search,9,123430553,27.85714285714286,5,10,10,2558,56.0,7.3945581912994385,0.5476190476190477,1.0
vehicle,"GA (NSGA-II, archived)",9,1742568,35.17857142857143,6,7,7,2597,56.0,6.035532712936401,0.6785714285714286,1.0
vehicle,CART (ccp path),9,1118241085,31.273809523809522,4,12,12,0,56.0,0.09019827842712402,0.7261904761904762,1.0
vehicle,GA (NSGA-II),10,1301338839,79.25,5,9,10,2553,114.0,5.765186786651611,0.7261904761904762,1.0
vehicle,Random Search,10,688973299,62.96428571428572,6,7,7,2553,114.0,11.042863130569458,0.5833333333333334,1.0
vehicle,"GA (NSGA-II, archived)",10,991174414,68.42857142857143,4,6,6,2605,114.0,6.244207382202148,0.6190476190476191,1.0
vehicle,CART (ccp path),10,333853785,73.26190476190476,4,12,12,0,114.0,0.09752702713012695,0.7380952380952381,1.0
vehicle,GA (NSGA-II),11,1815476248,20.43529411764706,5,10,10,2491,40.0,5.891978979110718,0.5764705882352941,1.0
vehicle,Random Search,11,1874745464,20.176470588235293,6,8,8,2491,40.0,6.944807052612305,0.6470588235294118,1.0
vehicle,"GA (NSGA-II, archived)",11,1327655996,21.58823529411765,6,7,7,2571,40.0,6.825932025909424,0.6,1.0
vehicle,CART (ccp path),11,589176885,20.823529411764707,4,12,12,0,40.0,0.09711742401123047,0.7529411764705882,1.0
vehicle,GA (NSGA-II),12,845732726,67.96470588235296,6,9,13,2528,126.0,5.567596912384033,0.5529411764705883,1.0
vehicle,Random Search,12,2106048756,69.56470588235294,6,7,7,2528,126.0,7.113795757293701,0.5764705882352941,1.0
vehicle,"GA (NSGA-II, archived)",12,1888550105,73.42352941176469,5,10,10,2516,126.0,6.441767930984497,0.6,1.0
vehicle,CART (ccp path),12,1188076137,81.44705882352942,6,12,12,0,126.0,0.10906147956848145,0.788235294117647,1.0
vehicle,GA (NSGA-II),13,1577492715,18.352941176470587,6,11,11,2561,32.0,7.176952600479126,0.6588235294117647,1.0
vehicle,Random Search,13,486082321,16.070588235294114,5,9,9,2561,32.0,10.305174827575684,0.611764705882353,1.0
vehicle,"GA (NSGA-II, archived)",13,1413909880,17.6,5,7,7,2576,32.0,6.426631212234497,0.611764705882353,1.0
vehicle,CART (ccp path),13,95649093,13.788235294117646,3,12,12,0,32.0,0.09766507148742676,0.8,1.0
vehicle,GA (NSGA-II),14,1038588957,34.58823529411764,6,10,12,2547,62.0,6.763313055038452,0.5882352941176471,1.0
vehicle,Random Search,14,1513892117,31.31764705882353,5,10,10,2547,62.0,7.299057960510254,0.5647058823529412,1.0
vehicle,"GA (NSGA-II, archived)",14,1040170364,34.870588235294115,8,12,12,2567,62.0,10.376600980758667,0.6352941176470588,1.0
vehicle,CART (ccp path),14,1752932353,32.95294117647059,4,12,12,0,62.0,0.1052544116973877,0.6705882352941176,1.0
vehicle,GA (NSGA-II),15,652033346,47.16470588235294,6,7,15,2522,86.0,6.262285947799683,0.5764705882352941,1.0
vehicle,Random Search,15,1358352046,42.1764705882353,5,8,8,2522,86.0,7.85831880569458,0.5294117647058824,1.0
vehicle,"GA (NSGA-II, archived)",15,1791896663,50.34117647058824,7,9,9,2580,86.0,7.647879362106323,0.6235294117647059,1.0
vehicle,CART (ccp path),15,617689908,49.470588235294116,6,12,12,0,86.0,0.10344052314758301,0.6941176470588235,1.0
vehicle,GA (NSGA-II),16,1888137123,38.89411764705882,6,9,9,2564,66.0,7.981000661849976,0.6352941176470588,1.0
vehicle,Random Search,16,1558931471,34.964705882352945,6,10,10,2564,66.0,8.754554271697998,0.6352941176470588,1.0
vehicle,"GA (NSGA-II, archived)",16,1210219848,39.98823529411764,4,6,6,2493,66.0,6.702871322631836,0.6470588235294118,1.0
vehicle,CART (ccp path),16,64613539,36.04705882352941,4,12,12,0,66.0,0.11876702308654785,0.6823529411764706,1.0
vehicle,GA (NSGA-II),17,972492375,37.845238095238095,4,10,12,2513,68.0,6.295982599258423,0.5833333333333334,1.0
vehicle,Random Search,17,1554946702,35.28571428571428,6,9,9,2513,68.0,7.095019817352295,0.5714285714285714,1.0
vehicle,"GA (NSGA-II, archived)",17,1555802141,38.857142857142854,9,11,11,2551,68.0,8.694073677062988,0.6190476190476191,1.0
vehicle,CART (ccp path),17,1579171191,37.4404761904762,5,12,12,0,68.0,0.11133170127868652,0.7023809523809523,1.0
vehicle,GA (NSGA-II),18,1688416608,20.07142857142857,6,9,9,2538,40.0,6.05461311340332,0.5476190476190477,1.0
vehicle,Random Search,18,307685845,18.654761904761905,5,11,11,2538,40.0,7.1078712940216064,0.5595238095238095,1.0
vehicle,"GA (NSGA-II, archived)",18,318886990,22.05952380952381,5,5,5,2558,40.0,6.253158807754517,0.6071428571428571,1.0
vehicle,CART (ccp path),18,1149449281,20.0952380952381,4,12,12,0,40.0,0.1070246696472168,0.7380952380952381,1.0
vehicle,GA (NSGA-II),19,716667454,22.428571428571427,3,8,10,2545,42.0,5.8627610206604,0.5714285714285714,1.0
vehicle,Random Search,19,1605530340,21.738095238095237,6,8,8,2545,42.0,9.039591312408447,0.5952380952380952,1.0
vehicle,"GA (NSGA-II, archived)",19,749671018,23.761904761904763,7,7,7,2528,42.0,6.2428624629974365,0.6190476190476191,1.0
vehicle,CART (ccp path),19,594167810,20.23809523809524,4,12,12,0,42.0,0.09913873672485352,0.7380952380952381,1.0
vehicle,GA (NSGA-II),20,765205362,10.738095238095237,5,8,8,2570,20.0,6.458258628845215,0.6666666666666666,1.0
vehicle,Random Search,20,1546275519,8.547619047619047,6,11,11,2570,20.0,7.971765756607056,0.6190476190476191,1.0
vehicle,"GA (NSGA-II, archived)",20,1883437716,9.0,6,9,9,2534,20.0,5.968022346496582,0.5476190476190477,1.0
vehicle,CART (ccp path),20,1699619357,5.416666666666667,2,12,12,0,20.0,0.11229658126831055,0.7023809523809523,1.0
vehicle,GA (NSGA-II),21,1161387196,74.87058823529414,6,10,12,2497,126.0,8.010375022888184,0.611764705882353,1.0
vehicle,Random Search,21,444368325,67.70588235294117,6,8,8,2497,126.0,7.790330410003662,0.5764705882352941,1.0
vehicle,"GA (NSGA-II, archived)",21,1238940392,77.52941176470587,6,9,9,2557,126.0,7.363397836685181,0.6352941176470588,1.0
vehicle,CART (ccp path),21,1079841713,78.07058823529412,5,12,12,0,126.0,0.11447834968566895,0.7058823529411765,1.0
vehicle,GA (NSGA-II),22,981083137,39.23529411764706,3,11,12,2576,80.0,6.680395841598511,0.5058823529411764,1.0
vehicle,Random Search,22,1562065973,40.98823529411764,6,13,13,2576,80.0,9.322820901870728,0.5882352941176471,1.0
vehicle,"GA (NSGA-II, archived)",22,1407283479,48.51764705882351,6,9,9,2530,80.0,5.398359298706055,0.6352941176470588,1.0
vehicle,CART (ccp path),22,2046301128,45.11764705882352,5,12,12,0,80.0,0.09919905662536621,0.6941176470588235,1.0
vehicle,GA (NSGA-II),23,1849198021,57.60000000000001,6,9,9,2542,100.0,7.123517751693726,0.611764705882353,1.0
vehicle,Random Search,23,647214312,56.81176470588234,5,9,9,2542,100.0,7.325869083404541,0.6,1.0
vehicle,"GA (NSGA-II, archived)",23,1040645923,60.199999999999996,4,8,8,2513,100.0,6.033697128295898,0.6235294117647059,1.0
vehicle,CART (ccp path),23,534611567,66.08235294117648,7,12,12,0,100.0,0.10702085494995117,0.8117647058823529,1.0
vehicle,GA (NSGA-II),24,113706045,37.96470588235294,6,10,10,2553,76.0,9.077342510223389,0.5294117647058824,1.0
vehicle,Random Search,24,1271102192,36.91764705882353,6,7,7,2553,76.0,7.915879726409912,0.5411764705882353,1.0
vehicle,"GA (NSGA-II, archived)",24,1188152103,36.188235294117646,4,4,4,2530,76.0,6.93740177154541,0.49411764705882355,1.0
vehicle,CART (ccp path),24,738005279,44.08235294117648,5,12,12,0,76.0,0.10602736473083496,0.7411764705882353,1.0
vehicle,GA (NSGA-II),25,924982605,95.45882352941176,4,9,10,2547,154.0,6.036297559738159,0.6352941176470588,1.0
vehicle,Random Search,25,1064716960,92.95294117647059,5,5,5,2547,154.0,7.32665228843689,0.6235294117647059,1.0
vehicle,"GA (NSGA-II, archived)",25,658012369,79.82352941176472,5,11,11,2555,154.0,9.40262484550476,0.5294117647058824,1.0
vehicle,CART (ccp path),25,371323053,108.70588235294119,7,12,12,0,154.0,0.09788966178894043,0.8235294117647058,1.0
vehicle,GA (NSGA-II),26,394162324,22.105882352941176,7,8,10,2509,36.0,6.029508829116821,0.7176470588235294,1.0
vehicle,Random Search,26,434271099,18.129411764705882,6,11,11,2509,36.0,7.831153392791748,0.6235294117647059,1.0
vehicle,"GA (NSGA-II, archived)",26,42500893,20.341176470588238,4,9,9,2523,36.0,7.864278554916382,0.6235294117647059,1.0
vehicle,CART (ccp path),26,203384922,19.11764705882353,3,12,12,0,36.0,0.10359668731689453,0.7647058823529411,1.0
vehicle,GA (NSGA-II),27,1445601999,51.892857142857146,6,10,13,2548,86.0,8.94780707359314,0.6309523809523809,1.0
vehicle,Random Search,27,790306253,52.3452380952381,6,6,6,2548,86.0,7.169372797012329,0.6785714285714286,1.0
vehicle,"GA (NSGA-II, archived)",27,2074378349,48.85714285714286,5,7,7,2533,86.0,6.135358572006226,0.5952380952380952,1.0
vehicle,CART (ccp path),27,1871770627,57.91666666666667,4,12,12,0,86.0,0.08684062957763672,0.8452380952380952,1.0
vehicle,GA (NSGA-II),28,502575798,81.72619047619047,5,8,9,2501,138.0,5.78931450843811,0.6071428571428571,1.0
vehicle,Random Search,28,1722390416,71.27380952380952,5,7,7,2501,138.0,7.448026895523071,0.5357142857142857,1.0
vehicle,"GA (NSGA-II, archived)",28,1346596324,79.64285714285714,7,11,11,2578,138.0,9.722506761550903,0.5952380952380952,1.0
vehicle,CART (ccp path),28,94125768,90.04761904761902,6,12,12,0,138.0,0.09284496307373047,0.7380952380952381,1.0
vehicle,GA (NSGA-II),29,1368769918,35.80952380952381,5,8,9,2556,66.0,5.163153171539307,0.5714285714285714,1.0
vehicle,Random Search,29,344471301,33.035714285714285,6,10,10,2556,66.0,7.671863079071045,0.5833333333333334,1.0
vehicle,"GA (NSGA-II, archived)",29,380442253,36.464285714285715,5,8,8,2560,66.0,7.350847959518433,0.5833333333333334,1.0
vehicle,CART (ccp path),29,43856872,37.976190476190474,4,12,12,0,66.0,0.09617424011230469,0.7142857142857143,1.0
vehicle,GA (NSGA-II),30,137405744,26.928571428571427,8,11,11,2505,46.0,7.479700088500977,0.6666666666666666,1.0
vehicle,Random Search,30,1136880170,24.02380952380953,7,10,10,2505,46.0,9.13283920288086,0.6428571428571429,1.0
vehicle,"GA (NSGA-II, archived)",30,58611774,23.595238095238095,5,7,7,2568,46.0,5.95634651184082,0.5476190476190477,1.0
vehicle,CART (ccp path),30,516280328,24.833333333333336,4,12,12,0,46.0,0.0980229377746582,0.7380952380952381,1.0
tic_tac_toe,GA (NSGA-II),1,1048783679,94.625,5,8,8,2550,122.0,5.315332412719727,0.7916666666666666,1.0
tic_tac_toe,Random Search,1,1837201213,87.16666666666666,3,6,6,2550,122.0,6.805997610092163,0.7291666666666666,1.0
tic_tac_toe,"GA (NSGA-II, archived)",1,151877555,86.53125,4,6,6,2547,122.0,5.184714317321777,0.71875,1.0
tic_tac_toe,CART (ccp path),1,744829891,95.59375,5,12,12,0,122.0,0.034821271896362305,0.90625,1.0
tic_tac_toe,GA (NSGA-II),2,1064469325,130.67708333333334,4,5,7,2487,174.0,5.291592597961426,0.7604166666666666,1.0
tic_tac_toe,Random Search,2,746709753,117.01041666666667,2,7,7,2487,174.0,10.319259643554688,0.6770833333333334,1.0
tic_tac_toe,"GA (NSGA-II, archived)",2,1329596632,124.05208333333333,3,4,4,2519,174.0,4.864654064178467,0.71875,1.0
tic_tac_toe,CART (ccp path),2,1318549366,142.41666666666666,5,12,12,0,174.0,0.028637409210205078,0.875,1.0
tic_tac_toe,GA (NSGA-II),3,1259231663,115.71875,3,5,7,2518,158.0,4.518477916717529,0.7395833333333334,1.0
tic_tac_toe,Random Search,3,582194661,120.33333333333334,2,9,9,2518,158.0,7.8620851039886475,0.7708333333333334,1.0
tic_tac_toe,"GA (NSGA-II, archived)",3,1386121283,115.69791666666667,3,4,4,2520,158.0,5.268929481506348,0.7395833333333334,1.0
tic_tac_toe,CART (ccp path),3,388520058,131.66666666666666,6,12,12,0,158.0,0.03889894485473633,0.9166666666666666,1.0
tic_tac_toe,GA (NSGA-II),4,1859738918,74.70833333333333,3,6,6,2476,104.0,7.900483846664429,0.7291666666666666,1.0
tic_tac_toe,Random Search,4,11938628,82.52083333333333,3,6,6,2476,104.0,7.386882543563843,0.8125,1.0
tic_tac_toe,"GA (NSGA-II, archived)",4,1381215230,78.72916666666667,3,5,5,2535,104.0,6.527277946472168,0.7708333333333334,1.0
tic_tac_toe,CART (ccp path),4,1644064087,79.98958333333333,5,12,12,0,104.0,0.03460288047790527,0.8645833333333334,1.0
tic_tac_toe,GA (NSGA-II),5,204658649,98.45833333333334,3,4,4,2517,130.0,5.441894292831421,0.7708333333333334,1.0
tic_tac_toe,Random Search,5,1327281124,95.07291666666667,2,6,6,2517,130.0,7.304079532623291,0.7395833333333334,1.0
tic_tac_toe,"GA (NSGA-II, archived)",5,453886945,98.47916666666667,5,7,7,2594,130.0,8.727948904037476,0.7708333333333334,1.0
tic_tac_toe,CART (ccp path),5,1591603743,100.63541666666666,6,12,12,0,130.0,0.03216743469238281,0.8645833333333334,1.0
tic_tac_toe,GA (NSGA-II),6,36012067,112.78125,3,6,7,2577,154.0,5.697976350784302,0.7395833333333334,1.0
tic_tac_toe,Random Search,6,1234833309,121.01041666666667,3,6,6,2577,154.0,7.323255777359009,0.8020833333333334,1.0
tic_tac_toe,"GA (NSGA-II, archived)",6,473300290,128.85416666666666,7,8,8,2623,154.0,5.4688639640808105,0.8541666666666666,1.0
tic_tac_toe,CART (ccp path),6,1191921181,126.85416666666666,4,12,12,0,154.0,0.028423786163330078,0.875,1.0
tic_tac_toe,GA (NSGA-II),7,920023218,103.57291666666667,5,7,7,2551,142.0,5.339413642883301,0.7395833333333334,1.0
tic_tac_toe,Random Search,7,1998782380,99.29166666666667,3,5,5,2551,142.0,10.240226984024048,0.7083333333333334,1.0
tic_tac_toe,"GA (NSGA-II, archived)",7,122229691,95.30208333333333,3,4,4,2516,142.0,5.6637914180755615,0.6770833333333334,1.0
tic_tac_toe,CART (ccp path),7,210241044,110.03125,8,12,12,0,142.0,0.03535318374633789,0.8854166666666666,1.0
tic_tac_toe,GA (NSGA-II),8,1325045345,91.58333333333333,3,4,5,2561,124.0,5.237154483795166,0.75,1.0
tic_tac_toe,Random Search,8,1453514451,92.42708333333333,4,6,6,2561,124.0,8.483810186386108,0.7604166666666666,1.0
tic_tac_toe,"GA (NSGA-II, archived)",8,658204555,84.39583333333333,2,3,3,2532,124.0,5.69222617149353,0.6875,1.0
tic_tac_toe,CART (ccp path),8,1585440093,98.46875,8,12,12,0,124.0,0.036242008209228516,0.90625,1.0
tic_tac_toe,GA (NSGA-II),9,790432779,87.13684210526314,4,5,5,2565,120.0,4.904440641403198,0.7368421052631579,1.0
tic_tac_toe,Random Search,9,2030981531,92.72631578947369,4,6,6,2565,120.0,7.533688545227051,0.7894736842105263,1.0
tic_tac_toe,"GA (NSGA-II, archived)",9,175396520,82.3157894736842,4,4,4,2591,120.0,6.642249822616577,0.6947368421052632,1.0
tic_tac_toe,CART (ccp path),9,576327464,94.63157894736841,5,12,12,0,120.0,0.025214433670043945,0.8631578947368421,1.0
tic_tac_toe,GA (NSGA-II),10,871895739,83.77894736842104,6,10,11,2510,112.0,5.590510845184326,0.7684210526315789,1.0
tic_tac_toe,Random Search,10,1912947105,82.96842105263158,3,5,5,2510,112.0,7.361311674118042,0.7578947368421053,1.0
tic_tac_toe,"GA (NSGA-II, archived)",10,979051423,87.74736842105263,5,8,8,2586,112.0,8.191410541534424,0.8,1.0
tic_tac_toe,CART (ccp path),10,61504903,91.47368421052632,7,12,12,0,112.0,0.04623866081237793,0.9263157894736842,1.0
tic_tac_toe,GA (NSGA-II),11,1200683217,96.42708333333334,3,3,4,2533,132.0,6.266831636428833,0.7395833333333334,1.0
tic_tac_toe,Random Search,11,1126596185,94.70833333333333,3,4,4,2533,132.0,7.845373868942261,0.7291666666666666,1.0
tic_tac_toe,"GA (NSGA-II, archived)",11,1428531598,95.16666666666666,3,5,5,2465,132.0,6.675595045089722,0.7291666666666666,1.0
tic_tac_toe,CART (ccp path),11,1966304378,108.02083333333334,5,12,12,0,132.0,0.028649330139160156,0.8958333333333334,1.0
tic_tac_toe,GA (NSGA-II),12,474170018,64.3125,4,4,4,2522,88.0,5.469812631607056,0.75,1.0
tic_tac_toe,Random Search,12,282996936,62.979166666666664,3,5,5,2522,88.0,8.249408960342407,0.7291666666666666,1.0
tic_tac_toe,"GA (NSGA-II, archived)",12,272612425,65.40625,5,5,5,2492,88.0,4.969243764877319,0.7604166666666666,1.0
tic_tac_toe,CART (ccp path),12,1211981957,68.41666666666666,4,12,12,0,88.0,0.03592848777770996,0.8958333333333334,1.0
tic_tac_toe,GA (NSGA-II),13,495220213,67.59375,1,6,8,2579,104.0,5.066549301147461,0.65625,1.0
tic_tac_toe,Random Search,13,1555220327,75.82291666666666,3,6,6,2579,104.0,7.494610071182251,0.7604166666666666,1.0
tic_tac_toe,"GA (NSGA-II, archived)",13,215466443,74.33333333333334,3,9,9,2609,104.0,6.200245380401611,0.7291666666666666,1.0
tic_tac_toe,CART (ccp path),13,1639352383,79.64583333333333,5,12,12,0,104.0,0.03740739822387695,0.8541666666666666,1.0
tic_tac_toe,GA (NSGA-II),14,2115818913,98.77083333333333,4,10,10,2574,124.0,7.997722864151001,0.8125,1.0
tic_tac_toe,Random Search,14,737431156,99.95833333333333,5,7,7,2574,124.0,8.260565042495728,0.8333333333333334,1.0
tic_tac_toe,"GA (NSGA-II, archived)",14,1219591224,100.11458333333333,4,7,7,2549,124.0,5.471348285675049,0.8229166666666666,1.0
tic_tac_toe,CART (ccp path),14,236373505,96.91666666666666,5,12,12,0,124.0,0.029582738876342773,0.8541666666666666,1.0
tic_tac_toe,GA (NSGA-II),15,497642288,92.8125,2,5,7,2508,116.0,5.482022762298584,0.8125,1.0
tic_tac_toe,Random Search,15,523423883,95.71875,5,7,7,2508,116.0,7.496454954147339,0.8645833333333334,1.0
tic_tac_toe,"GA (NSGA-II, archived)",15,842805732,92.8125,2,5,5,2574,116.0,6.88573956489563,0.8125,1.0
tic_tac_toe,CART (ccp path),15,1038683762,98.35416666666667,7,12,12,0,116.0,0.042470693588256836,0.9375,1.0
tic_tac_toe,GA (NSGA-II),16,881463072,104.73958333333334,4,9,9,2522,144.0,5.776169300079346,0.7395833333333334,1.0
tic_tac_toe,Random Search,16,1916088830,100.66666666666667,2,5,5,2522,144.0,7.882569313049316,0.7083333333333334,1.0
tic_tac_toe,"GA (NSGA-II, archived)",16,1904444605,103.83333333333333,2,5,5,2536,144.0,6.282106876373291,0.7291666666666666,1.0
tic_tac_toe,CART (ccp path),16,142476093,117.19791666666666,4,12,12,0,144.0,0.027463197708129883,0.8854166666666666,1.0
tic_tac_toe,GA (NSGA-II),17,1752120974,65.32291666666667,3,6,7,2542,90.0,6.355818271636963,0.7395833333333334,1.0
tic_tac_toe,Random Search,17,2127754282,63.489583333333336,3,5,5,2542,90.0,8.891346216201782,0.71875,1.0
tic_tac_toe,"GA (NSGA-II, archived)",17,12438438,61.020833333333336,2,6,6,2545,90.0,5.117905378341675,0.6875,1.0
tic_tac_toe,CART (ccp path),17,977927374,70.85416666666667,4,12,12,0,90.0,0.029772520065307617,0.8958333333333334,1.0
tic_tac_toe,GA (NSGA-II),18,1615323042,106.52083333333334,4,4,4,2546,140.0,5.223611116409302,0.7708333333333334,1.0
tic_tac_toe,Random Search,18,668133170,96.42708333333333,4,6,6,2546,140.0,7.368014335632324,0.6979166666666666,1.0
tic_tac_toe,"GA (NSGA-II, archived)",18,354619245,105.97916666666669,4,5,5,2581,140.0,5.125598907470703,0.7708333333333334,1.0
tic_tac_toe,CART (ccp path),18,2039016617,109.88541666666666,5,12,12,0,140.0,0.03694486618041992,0.84375,1.0
tic_tac_toe,GA (NSGA-II),19,2109856171,104.45263157894738,5,12,17,2505,138.0,6.18994140625,0.7684210526315789,1.0
tic_tac_toe,Random Search,19,173033787,103.34736842105264,3,7,7,2505,138.0,9.075927734375,0.7578947368421053,1.0
tic_tac_toe,"GA (NSGA-II, archived)",19,1991489819,106.89473684210527,3,6,6,2533,138.0,5.400622606277466,0.7894736842105263,1.0
tic_tac_toe,CART (ccp path),19,548884920,112.13684210526317,6,12,12,0,138.0,0.028504371643066406,0.8736842105263158,1.0
tic_tac_toe,GA (NSGA-II),20,250568089,76.6,3,5,8,2540,110.0,5.43435001373291,0.7052631578947368,1.0
tic_tac_toe,Random Search,20,479340696,73.34736842105262,2,6,6,2540,110.0,7.646233081817627,0.6736842105263158,1.0
tic_tac_toe,"GA (NSGA-II, archived)",20,201105455,83.08421052631577,3,8,8,2547,110.0,5.779822826385498,0.7684210526315789,1.0
tic_tac_toe,CART (ccp path),20,1869401427,85.14736842105262,5,12,12,0,110.0,0.03167247772216797,0.8736842105263158,1.0
tic_tac_toe,GA (NSGA-II),21,957056937,115.60416666666667,3,6,7,2546,152.0,7.073505163192749,0.7708333333333334,1.0
tic_tac_toe,Random Search,21,233667174,115.60416666666667,5,7,7,2546,152.0,7.115436553955078,0.7708333333333334,1.0
tic_tac_toe,"GA (NSGA-II, archived)",21,1170914022,108.17708333333333,3,6,6,2512,152.0,5.896469354629517,0.71875,1.0
tic_tac_toe,CART (ccp path),21,233552988,126.4375,9,12,12,0,152.0,0.03308224678039551,0.9375,1.0
tic_tac_toe,GA (NSGA-II),22,160023133,103.76041666666666,2,8,8,2509,138.0,6.172746658325195,0.7604166666666666,1.0
tic_tac_toe,Random Search,22,1579547625,99.94791666666667,3,6,6,2509,138.0,7.558530569076538,0.7395833333333334,1.0
tic_tac_toe,"GA (NSGA-II, archived)",22,1236172829,108.71875000000001,4,8,8,2538,138.0,7.497870683670044,0.8020833333333334,1.0
tic_tac_toe,CART (ccp path),22,1037662159,109.79166666666669,8,12,12,0,138.0,0.0348505973815918,0.875,1.0
tic_tac_toe,GA (NSGA-II),23,982990364,101.20833333333333,3,5,5,2577,130.0,5.973860263824463,0.7916666666666666,1.0
tic_tac_toe,Random Search,23,1389639035,98.97916666666667,2,5,5,2577,130.0,7.616985082626343,0.7708333333333334,1.0
tic_tac_toe,"GA (NSGA-II, archived)",23,573593257,103.89583333333333,4,8,8,2558,130.0,5.667317628860474,0.8125,1.0
tic_tac_toe,CART (ccp path),23,1433014171,111.90625,7,12,12,0,130.0,0.031806230545043945,0.9479166666666666,1.0
tic_tac_toe,GA (NSGA-II),24,1463313050,14.052083333333334,2,3,4,2554,22.0,5.520635366439819,0.6770833333333334,1.0
tic_tac_toe,Random Search,24,1024336541,13.989583333333332,3,7,7,2554,22.0,9.05991005897522,0.6979166666666666,1.0
tic_tac_toe,"GA (NSGA-II, archived)",24,315771852,14.1875,3,5,5,2509,22.0,5.642074823379517,0.6875,1.0
tic_tac_toe,CART (ccp path),24,1277710414,14.5625,2,12,12,0,22.0,0.043511152267456055,0.8125,1.0
tic_tac_toe,GA (NSGA-II),25,463823783,10.802083333333334,4,7,7,2505,16.0,6.210276126861572,0.7604166666666666,1.0
tic_tac_toe,Random Search,25,416876609,10.822916666666666,4,4,4,2505,16.0,7.538949966430664,0.7604166666666666,1.0
tic_tac_toe,"GA (NSGA-II, archived)",25,60514691,10.697916666666666,3,6,6,2541,16.0,5.311119556427002,0.7604166666666666,1.0
tic_tac_toe,CART (ccp path),25,1168045717,10.03125,2,12,12,0,16.0,0.033525943756103516,0.84375,1.0
tic_tac_toe,GA (NSGA-II),26,1793888790,88.03125,2,5,6,2534,124.0,7.57368278503418,0.71875,1.0
tic_tac_toe,Random Search,26,1892632131,89.65625,5,7,7,2534,124.0,7.932756185531616,0.7395833333333334,1.0
tic_tac_toe,"GA (NSGA-II, archived)",26,1357877008,94.57291666666667,5,9,9,2531,124.0,5.743375062942505,0.78125,1.0
tic_tac_toe,CART (ccp path),26,1464445225,100.80208333333334,6,12,12,0,124.0,0.030264854431152344,0.8854166666666666,1.0
tic_tac_toe,GA (NSGA-II),27,1374901952,109.5625,3,3,3,2519,144.0,5.0261008739471436,0.7708333333333334,1.0
tic_tac_toe,Random Search,27,684907555,114.60416666666667,4,4,4,2519,144.0,7.451555490493774,0.8125,1.0
tic_tac_toe,"GA (NSGA-II, archived)",27,2408914,109.5625,3,4,4,2583,144.0,7.488245964050293,0.7708333333333334,1.0
tic_tac_toe,CART (ccp path),27,1676791448,120.52083333333334,7,12,12,0,144.0,0.04422736167907715,0.9583333333333334,1.0
tic_tac_toe,GA (NSGA-II),28,1480923367,68.42708333333333,3,5,6,2547,92.0,5.018762111663818,0.7604166666666666,1.0
tic_tac_toe,Random Search,28,556409913,66.41666666666667,4,4,4,2547,92.0,7.049588203430176,0.75,1.0
tic_tac_toe,"GA (NSGA-II, archived)",28,999728957,66.65625,3,5,5,2530,92.0,6.010315179824829,0.7395833333333334,1.0
tic_tac_toe,CART (ccp path),28,278598430,74.12500000000001,5,12,12,0,92.0,0.03018784523010254,0.9375,1.0
tic_tac_toe,GA (NSGA-II),29,762995966,113.62105263157895,4,4,4,2560,144.0,6.531284332275391,0.8,1.0
tic_tac_toe,Random Search,29,1966552464,108.89473684210525,3,5,5,2560,144.0,9.62575078010559,0.7684210526315789,1.0
tic_tac_toe,"GA (NSGA-II, archived)",29,1654357780,117.73684210526316,5,7,7,2548,144.0,5.874549865722656,0.8315789473684211,1.0
tic_tac_toe,CART (ccp path),29,399505370,115.89473684210525,5,12,12,0,144.0,0.03538179397583008,0.8631578947368421,1.0
tic_tac_toe,GA (NSGA-II),30,4272166,64.2421052631579,3,6,6,2458,90.0,5.307494878768921,0.7263157894736842,1.0
tic_tac_toe,Random Search,30,1081206261,61.305263157894736,4,7,7,2458,90.0,7.026952266693115,0.6947368421052632,1.0
tic_tac_toe,"GA (NSGA-II, archived)",30,577360654,60.70526315789474,2,4,4,2646,90.0,5.899964094161987,0.6842105263157895,1.0
tic_tac_toe,CART (ccp path),30,48816528,65.43157894736842,4,12,12,0,90.0,0.0364682674407959,0.8,1.0
vowel,GA (NSGA-II),1,387222681,51.414141414141405,8,8,16,2522,128.0,6.2598488330841064,0.42424242424242425,1.0
vowel,Random Search,1,1062321792,41.27272727272727,7,12,12,2522,128.0,8.770540237426758,0.36363636363636365,1.0
vowel,"GA (NSGA-II, archived)",1,503193940,41.080808080808076,7,10,10,2577,128.0,8.767453670501709,0.3333333333333333,1.0
vowel,CART (ccp path),1,2104683402,77.77777777777779,7,12,12,0,128.0,0.15609288215637207,0.8080808080808081,1.0
vowel,GA (NSGA-II),2,381817537,52.81818181818181,6,11,17,2591,154.0,8.311041593551636,0.35353535353535354,1.0
vowel,Random Search,2,793616585,54.2020202020202,8,13,13,2591,154.0,7.989812135696411,0.3838383838383838,1.0
vowel,"GA (NSGA-II, archived)",2,1856908665,51.68686868686869,7,13,13,2504,154.0,8.663230419158936,0.35353535353535354,1.0
vowel,CART (ccp path),2,564583428,86.7070707070707,10,12,12,0,154.0,0.14935970306396484,0.7676767676767676,1.0
vowel,GA (NSGA-II),3,1644166822,64.5050505050505,7,12,30,2555,174.0,10.529596090316772,0.3838383838383838,1.0
vowel,Random Search,3,448455194,55.303030303030305,6,11,11,2555,174.0,8.428464889526367,0.3333333333333333,1.0
vowel,"GA (NSGA-II, archived)",3,2045937520,80.98989898989899,8,9,9,2555,174.0,6.246278762817383,0.48484848484848486,1.0
vowel,CART (ccp path),3,197791422,105.21212121212123,8,12,12,0,174.0,0.13805294036865234,0.7878787878787878,1.0
vowel,GA (NSGA-II),4,69512358,56.323232323232325,9,23,25,2623,146.0,7.8764753341674805,0.40404040404040403,1.0
vowel,Random Search,4,1432326026,48.98989898989899,7,13,13,2623,146.0,11.586693525314331,0.36363636363636365,1.0
vowel,"GA (NSGA-II, archived)",4,245160821,49.888888888888886,7,11,11,2581,146.0,6.716261386871338,0.35353535353535354,1.0
vowel,CART (ccp path),4,2000342986,81.59595959595958,9,12,12,0,146.0,0.13637399673461914,0.7878787878787878,1.0
vowel,GA (NSGA-II),5,573654058,52.868686868686865,5,20,32,2587,158.0,8.30763030052185,0.3434343434343434,1.0
vowel,Random Search,5,2114242674,55.25252525252526,5,12,12,2587,158.0,9.776432275772095,0.36363636363636365,1.0
vowel,"GA (NSGA-II, archived)",5,789283865,53.5050505050505,8,13,13,2571,158.0,7.47855544090271,0.35353535353535354,1.0
vowel,CART (ccp path),5,235574577,96.52525252525253,10,12,12,0,158.0,0.1632845401763916,0.8282828282828283,1.0
vowel,GA (NSGA-II),6,728519643,62.424242424242415,6,19,22,2556,188.0,9.0361807346344,0.3434343434343434,1.0
vowel,Random Search,6,993546868,61.75757575757576,6,10,10,2556,188.0,8.30085015296936,0.3434343434343434,1.0
vowel,"GA (NSGA-II, archived)",6,34594403,59.31313131313131,6,11,11,2565,188.0,7.095297574996948,0.32323232323232326,1.0
vowel,CART (ccp path),6,1845574730,111.84848484848484,10,12,12,0,188.0,0.1527550220489502,0.7777777777777778,1.0
vowel,GA (NSGA-II),7,180578991,57.22222222222223,6,19,34,2557,158.0,9.410228252410889,0.37373737373737376,1.0
vowel,Random Search,7,562180953,57.36363636363636,7,11,11,2557,158.0,9.749125719070435,0.41414141414141414,1.0
vowel,"GA (NSGA-II, archived)",7,1302572956,65.27272727272728,10,17,17,2566,158.0,9.330870628356934,0.4444444444444444,1.0
vowel,CART (ccp path),7,1397194294,91.93939393939397,10,12,12,0,158.0,0.1566481590270996,0.8080808080808081,1.0
vowel,GA (NSGA-II),8,2083786295,61.78787878787879,8,18,22,2526,172.0,10.306349754333496,0.3939393939393939,1.0
vowel,Random Search,8,1430592581,55.141414141414145,6,10,10,2526,172.0,8.101238489151001,0.35353535353535354,1.0
vowel,"GA (NSGA-II, archived)",8,2054334926,59.101010101010104,7,10,10,2529,172.0,6.143798112869263,0.35353535353535354,1.0
vowel,CART (ccp path),8,79359227,102.7878787878788,8,12,12,0,172.0,0.15250539779663086,0.7474747474747475,1.0
vowel,GA (NSGA-II),9,1820140591,60.35353535353535,7,10,13,2561,188.0,6.638749361038208,0.3333333333333333,1.0
vowel,Random Search,9,779514855,60.71717171717171,7,9,9,2561,188.0,9.108067512512207,0.35353535353535354,1.0
vowel,"GA (NSGA-II, archived)",9,990306563,71.5050505050505,7,9,9,2574,188.0,10.183816194534302,0.3939393939393939,1.0
vowel,CART (ccp path),9,1292914231,106.8888888888889,8,12,12,0,188.0,0.1625382900238037,0.6868686868686869,1.0
vowel,GA (NSGA-II),10,376246010,64.31313131313132,8,11,18,2565,162.0,6.792370080947876,0.41414141414141414,1.0
vowel,Random Search,10,1460793162,55.45454545454545,10,13,13,2565,162.0,8.411486148834229,0.3838383838383838,1.0
vowel,"GA (NSGA-II, archived)",10,983622785,63.84848484848485,7,15,15,2535,162.0,7.455315351486206,0.41414141414141414,1.0
vowel,CART (ccp path),10,1042927348,100.5050505050505,9,12,12,0,162.0,0.16848278045654297,0.8484848484848485,1.0
vowel,GA (NSGA-II),11,379484647,42.42424242424242,6,17,33,2538,128.0,8.08939003944397,0.3434343434343434,1.0
vowel,Random Search,11,222108157,43.86868686868687,6,8,8,2538,128.0,8.91748332977295,0.37373737373737376,1.0
vowel,"GA (NSGA-II, archived)",11,744729495,51.95959595959596,6,13,13,2528,128.0,7.021374940872192,0.42424242424242425,1.0
vowel,CART (ccp path),11,1319006262,69.50505050505052,8,12,12,0,128.0,0.15826892852783203,0.7373737373737373,1.0
vowel,GA (NSGA-II),12,1958086676,34.18181818181817,6,15,15,2539,104.0,8.91458249092102,0.3434343434343434,1.0
vowel,Random Search,12,1705310764,30.474747474747478,8,13,13,2539,104.0,9.844442367553711,0.31313131313131315,1.0
vowel,"GA (NSGA-II, archived)",12,371292282,40.85858585858586,5,8,8,2569,104.0,6.409611701965332,0.41414141414141414,1.0
vowel,CART (ccp path),12,743793628,51.979797979797986,6,12,12,0,104.0,0.15927624702453613,0.7676767676767676,1.0
vowel,GA (NSGA-II),13,509149392,62.55555555555555,7,10,22,2605,144.0,6.940712213516235,0.45454545454545453,1.0
vowel,Random Search,13,633275725,50.57575757575758,6,9,9,2605,144.0,8.710406064987183,0.37373737373737376,1.0
vowel,"GA (NSGA-II, archived)",13,641272225,56.63636363636363,7,11,11,2565,144.0,8.741046905517578,0.41414141414141414,1.0
vowel,CART (ccp path),13,2100404990,83.06060606060605,8,12,12,0,144.0,0.14220714569091797,0.797979797979798,1.0
vowel,GA (NSGA-II),14,1635243949,60.929292929292934,8,17,18,2560,174.0,6.793631315231323,0.36363636363636365,1.0
vowel,Random Search,14,1358565443,64.03030303030303,6,9,9,2560,174.0,8.554585933685303,0.41414141414141414,1.0
vowel,"GA (NSGA-II, archived)",14,1276716640,64.56565656565657,7,11,11,2562,174.0,7.083710432052612,0.3838383838383838,1.0
vowel,CART (ccp path),14,1792056953,101.7979797979798,9,12,12,0,174.0,0.15723204612731934,0.7474747474747475,1.0
vowel,GA (NSGA-II),15,1663700461,24.31313131313131,6,10,16,2531,74.0,9.512494802474976,0.35353535353535354,1.0
vowel,Random Search,15,1446773912,22.868686868686872,7,10,10,2531,74.0,8.54780888557434,0.3838383838383838,1.0
vowel,"GA (NSGA-II, archived)",15,103434398,30.131313131313135,10,11,11,2564,74.0,7.7935099601745605,0.45454545454545453,1.0
vowel,CART (ccp path),15,237474611,33.323232323232325,5,12,12,0,74.0,0.1515944004058838,0.7575757575757576,1.0
vowel,GA (NSGA-II),16,2079570329,54.23232323232324,8,21,27,2531,160.0,8.196853876113892,0.35353535353535354,1.0
vowel,Random Search,16,423516644,52.04040404040405,6,7,7,2531,160.0,10.544018745422363,0.36363636363636365,1.0
vowel,"GA (NSGA-II, archived)",16,384393921,52.7070707070707,6,14,14,2596,160.0,9.999799489974976,0.3434343434343434,1.0
vowel,CART (ccp path),16,1298540891,106.71717171717171,8,12,12,0,160.0,0.14706659317016602,0.8585858585858586,1.0
vowel,GA (NSGA-II),17,1233964382,50.48484848484849,4,13,20,2549,170.0,7.190661907196045,0.30303030303030304,1.0
vowel,Random Search,17,1290839050,56.75757575757576,5,10,10,2549,170.0,8.762111186981201,0.35353535353535354,1.0
vowel,"GA (NSGA-II, archived)",17,1506080222,60.65656565656567,8,12,12,2498,170.0,9.85338282585144,0.37373737373737376,1.0
vowel,CART (ccp path),17,217154333,100.55555555555554,8,12,12,0,170.0,0.12914752960205078,0.7373737373737373,1.0
vowel,GA (NSGA-II),18,621009317,53.26262626262626,8,18,25,2548,148.0,6.691357374191284,0.37373737373737376,1.0
vowel,Random Search,18,568537936,47.959595959595966,7,10,10,2548,148.0,8.494526624679565,0.3434343434343434,1.0
vowel,"GA (NSGA-II, archived)",18,2032582567,48.606060606060616,10,11,11,2566,148.0,7.437497615814209,0.3434343434343434,1.0
vowel,CART (ccp path),18,1347268249,84.8080808080808,9,12,12,0,148.0,0.16295289993286133,0.7878787878787878,1.0
vowel,GA (NSGA-II),19,118193690,70.67676767676767,8,12,30,2591,170.0,8.825562953948975,0.43434343434343436,1.0
vowel,Random Search,19,1266863630,54.7070707070707,5,11,11,2591,170.0,9.239107370376587,0.3434343434343434,1.0
vowel,"GA (NSGA-II, archived)",19,1658584406,64.79797979797979,7,10,10,2535,170.0,7.674489736557007,0.3939393939393939,1.0
vowel,CART (ccp path),19,2055736293,102.70707070707071,9,12,12,0,170.0,0.16251921653747559,0.7676767676767676,1.0
vowel,GA (NSGA-II),20,475600686,57.565656565656575,7,15,24,2586,162.0,8.195584297180176,0.37373737373737376,1.0
vowel,Random Search,20,1515643817,54.878787878787875,6,10,10,2586,162.0,10.840471744537354,0.35353535353535354,1.0
vowel,"GA (NSGA-II, archived)",20,265763230,54.040404040404034,6,12,12,2594,162.0,8.338610649108887,0.3434343434343434,1.0
vowel,CART (ccp path),20,1461061961,93.19191919191918,10,12,12,0,162.0,0.15806984901428223,0.7474747474747475,1.0
vowel,GA (NSGA-II),21,1576684462,70.31313131313131,9,16,21,2549,172.0,8.78037142753601,0.43434343434343436,1.0
vowel,Random Search,21,1678228233,53.09090909090909,7,10,10,2549,172.0,8.85709834098816,0.32323232323232326,1.0
vowel,"GA (NSGA-II, archived)",21,1409995892,63.63636363636363,7,9,9,2513,172.0,8.827294111251831,0.3838383838383838,1.0
vowel,CART (ccp path),21,220151612,105.6060606060606,10,12,12,0,172.0,0.14858174324035645,0.7777777777777778,1.0
vowel,GA (NSGA-II),22,2037521975,53.13131313131313,7,20,26,2512,152.0,6.7180140018463135,0.36363636363636365,1.0
vowel,Random Search,22,1262549694,43.53535353535353,6,11,11,2512,152.0,8.094703912734985,0.3434343434343434,1.0
vowel,"GA (NSGA-II, archived)",22,733613045,46.21212121212122,6,7,7,2577,152.0,5.896987199783325,0.31313131313131315,1.0
vowel,CART (ccp path),22,1716017476,87.48484848484848,9,12,12,0,152.0,0.16177058219909668,0.7777777777777778,1.0
vowel,GA (NSGA-II),23,477312952,44.74747474747475,9,12,17,2495,138.0,8.85832691192627,0.3434343434343434,1.0
vowel,Random Search,23,620885393,52.94949494949495,7,10,10,2495,138.0,8.345312595367432,0.4444444444444444,1.0
vowel,"GA (NSGA-II, archived)",23,1397829129,51.4040404040404,7,9,9,2520,138.0,6.5862298011779785,0.3939393939393939,1.0
vowel,CART (ccp path),23,1299789823,75.83838383838386,7,12,12,0,138.0,0.14858579635620117,0.8080808080808081,1.0
vowel,GA (NSGA-II),24,1453848372,54.12121212121213,6,10,28,2601,172.0,6.980481386184692,0.32323232323232326,1.0
vowel,Random Search,24,1126604535,58.848484848484844,5,11,11,2601,172.0,8.898451328277588,0.36363636363636365,1.0
vowel,"GA (NSGA-II, archived)",24,800805308,53.757575757575765,6,13,13,2603,172.0,11.49448013305664,0.32323232323232326,1.0
vowel,CART (ccp path),24,876550493,96.54545454545453,8,12,12,0,172.0,0.14619827270507812,0.6868686868686869,1.0
vowel,GA (NSGA-II),25,362284613,67.53535353535354,6,15,43,2514,174.0,6.316242694854736,0.40404040404040403,1.0
vowel,Random Search,25,1781259836,60.45454545454546,6,12,12,2514,174.0,8.588613748550415,0.37373737373737376,1.0
vowel,"GA (NSGA-II, archived)",25,590596658,75.00000000000001,9,12,12,2526,174.0,9.875943899154663,0.45454545454545453,1.0
vowel,CART (ccp path),25,1973145177,105.20202020202021,11,12,12,0,174.0,0.13586688041687012,0.797979797979798,1.0
vowel,GA (NSGA-II),26,1534121712,66.33333333333333,9,17,20,2584,160.0,7.7855048179626465,0.43434343434343436,1.0
vowel,Random Search,26,33315612,67.46464646464648,8,10,10,2584,160.0,7.207350969314575,0.494949494949495,1.0
vowel,"GA (NSGA-II, archived)",26,750470140,60.070707070707066,9,11,11,2561,160.0,6.442207336425781,0.3939393939393939,1.0
vowel,CART (ccp path),26,682048380,95.1010101010101,9,12,12,0,160.0,0.14940619468688965,0.7575757575757576,1.0
vowel,GA (NSGA-II),27,382158536,49.85858585858586,5,11,17,2514,158.0,6.4743733406066895,0.32323232323232326,1.0
vowel,Random Search,27,1003176577,50.151515151515156,7,11,11,2514,158.0,9.029625415802002,0.3333333333333333,1.0
vowel,"GA (NSGA-II, archived)",27,549143364,67.66666666666666,10,13,13,2502,158.0,7.16488790512085,0.45454545454545453,1.0
vowel,CART (ccp path),27,52997142,91.34343434343435,10,12,12,0,158.0,0.1508347988128662,0.797979797979798,1.0
vowel,GA (NSGA-II),28,1258234870,63.38383838383839,7,17,22,2577,162.0,6.113653659820557,0.41414141414141414,1.0
vowel,Random Search,28,613403203,53.42424242424242,8,10,10,2577,162.0,7.463682651519775,0.35353535353535354,1.0
vowel,"GA (NSGA-II, archived)",28,31136930,59.252525252525245,8,11,11,2569,162.0,6.069409132003784,0.3838383838383838,1.0
vowel,CART (ccp path),28,1130090694,96.020202020202,10,12,12,0,162.0,0.14591670036315918,0.8080808080808081,1.0
vowel,GA (NSGA-II),29,2122795108,57.72727272727273,7,14,19,2500,178.0,7.8760600090026855,0.3333333333333333,1.0
vowel,Random Search,29,127629450,63.838383838383834,6,10,10,2500,178.0,6.771401405334473,0.3838383838383838,1.0
vowel,"GA (NSGA-II, archived)",29,283111294,79.17171717171718,8,12,12,2568,178.0,5.475853204727173,0.46464646464646464,1.0
vowel,CART (ccp path),29,1559332658,111.98989898989899,6,12,12,0,178.0,0.12204599380493164,0.7575757575757576,1.0
vowel,GA (NSGA-II),30,215232252,50.25252525252526,6,13,14,2556,156.0,5.556038856506348,0.3333333333333333,1.0
vowel,Random Search,30,2131351736,53.42424242424242,7,13,13,2556,156.0,7.16517448425293,0.37373737373737376,1.0
vowel,"GA (NSGA-II, archived)",30,1913076403,44.25252525252525,6,15,15,2566,156.0,8.899609565734863,0.29292929292929293,1.0
vowel,CART (ccp path),30,799968338,98.05050505050505,9,12,12,0,156.0,0.1257023811340332,0.8181818181818182,1.0
credit_g,GA (NSGA-II),1,1583807982,89.38000000000001,4,5,6,2565,116.0,4.774457931518555,0.78,1.0
credit_g,Random Search,1,333657792,86.92,2,6,6,2565,116.0,7.255418062210083,0.76,1.0
credit_g,"GA (NSGA-II, archived)",1,1686649473,82.72,2,5,5,2525,116.0,7.6270105838775635,0.72,1.0
credit_g,CART (ccp path),1,747449883,81.63,3,12,12,0,116.0,0.08791589736938477,0.79,1.0
credit_g,GA (NSGA-II),2,1773768404,13.559999999999999,2,6,6,2508,20.0,5.399582386016846,0.72,1.0
credit_g,Random Search,2,624442612,13.309999999999999,2,7,7,2508,20.0,7.588917016983032,0.71,1.0
credit_g,"GA (NSGA-II, archived)",2,1815587856,13.299999999999999,1,6,6,2524,20.0,5.64281153678894,0.7,1.0
credit_g,CART (ccp path),2,802451085,13.299999999999999,1,12,12,0,20.0,0.08353304862976074,0.7,1.0
credit_g,GA (NSGA-II),3,1756825963,25.82,2,10,16,2545,36.0,5.4647815227508545,0.74,1.0
credit_g,Random Search,3,682261486,25.830000000000002,3,4,4,2545,36.0,6.9572999477386475,0.75,1.0
credit_g,"GA (NSGA-II, archived)",3,840804737,25.310000000000002,2,4,4,2528,36.0,4.673925161361694,0.73,1.0
credit_g,CART (ccp path),3,1088284275,25.17,3,12,12,0,36.0,0.06984543800354004,0.77,1.0
credit_g,GA (NSGA-II),4,240375303,18.9,1,4,4,2581,28.0,5.773909091949463,0.7,1.0
credit_g,Random Search,4,936385911,18.9,1,5,5,2581,28.0,7.432734966278076,0.7,1.0
credit_g,"GA (NSGA-II, archived)",4,1987895279,18.9,1,2,2,2530,28.0,4.1722047328948975,0.7,1.0
credit_g,CART (ccp path),4,710970197,19.959999999999997,3,12,12,0,28.0,0.07601213455200195,0.8,1.0
credit_g,GA (NSGA-II),5,49357998,77.37,2,4,6,2528,110.0,4.46992039680481,0.71,1.0
credit_g,Random Search,5,10706407,80.24,3,6,6,2528,110.0,11.123830318450928,0.74,1.0
credit_g,"GA (NSGA-II, archived)",5,898823125,81.49000000000001,3,5,5,2524,110.0,5.4475555419921875,0.75,1.0
credit_g,CART (ccp path),5,275397999,79.0,5,12,12,0,110.0,0.08159494400024414,0.76,1.0
credit_g,GA (NSGA-II),6,521550310,11.899999999999999,1,5,5,2557,18.0,4.888035297393799,0.7,1.0
credit_g,Random Search,6,461100867,12.149999999999999,2,4,4,2557,18.0,7.210123062133789,0.75,1.0
credit_g,"GA (NSGA-II, archived)",6,1525544966,12.59,3,4,4,2570,18.0,5.097966432571411,0.75,1.0
credit_g,CART (ccp path),6,314797192,11.969999999999999,2,12,12,0,18.0,0.08752012252807617,0.77,1.0
credit_g,GA (NSGA-II),7,268789190,20.299999999999997,1,4,4,2594,30.0,5.847975015640259,0.7,1.0
credit_g,Random Search,7,1872359554,20.319999999999997,2,6,6,2594,30.0,7.080743074417114,0.72,1.0
credit_g,"GA (NSGA-II, archived)",7,733416027,20.799999999999997,2,3,3,2590,30.0,4.418398380279541,0.72,1.0
credit_g,CART (ccp path),7,1557510090,21.319999999999997,2,12,12,0,30.0,0.07892584800720215,0.76,1.0
credit_g,GA (NSGA-II),8,1465345660,27.65,2,4,4,2572,40.0,4.592836141586304,0.71,1.0
credit_g,Random Search,8,1537571119,27.319999999999997,2,5,5,2572,40.0,7.5679779052734375,0.72,1.0
credit_g,"GA (NSGA-II, archived)",8,2116335004,27.959999999999997,2,3,3,2532,40.0,4.7677223682403564,0.72,1.0
credit_g,CART (ccp path),8,121346279,28.139999999999997,2,12,12,0,40.0,0.07625746726989746,0.74,1.0
credit_g,GA (NSGA-II),9,535760093,21.95,2,4,4,2478,32.0,7.794705867767334,0.71,1.0
credit_g,Random Search,9,556211576,22.7,2,6,6,2478,32.0,7.096721649169922,0.74,1.0
credit_g,"GA (NSGA-II, archived)",9,809474413,21.7,1,4,4,2538,32.0,5.3809919357299805,0.7,1.0
credit_g,CART (ccp path),9,808131723,22.1,3,12,12,0,32.0,0.08124208450317383,0.74,1.0
credit_g,GA (NSGA-II),10,1739510666,26.599999999999998,2,6,10,2531,38.0,4.9931933879852295,0.72,1.0
credit_g,Random Search,10,1395593215,26.189999999999998,2,4,4,2531,38.0,7.428661823272705,0.71,1.0
credit_g,"GA (NSGA-II, archived)",10,1361029625,27.14,2,6,6,2539,38.0,7.186225414276123,0.74,1.0
credit_g,CART (ccp path),10,494191998,27.060000000000002,3,12,12,0,38.0,0.0893700122833252,0.76,1.0
credit_g,GA (NSGA-II),11,1360360979,29.71,3,9,13,2522,42.0,4.680612564086914,0.73,1.0
credit_g,Random Search,11,1809151728,30.14,3,5,5,2522,42.0,7.880656480789185,0.74,1.0
credit_g,"GA (NSGA-II, archived)",11,1411634119,30.92,2,5,5,2516,42.0,4.96076774597168,0.76,1.0
credit_g,CART (ccp path),11,764497389,29.130000000000003,3,12,12,0,42.0,0.08000421524047852,0.73,1.0
credit_g,GA (NSGA-II),12,1002308289,6.58,2,5,5,2531,10.0,5.2853844165802,0.74,1.0
credit_g,Random Search,12,27561258,6.3,1,3,3,2531,10.0,8.57504153251648,0.7,1.0
credit_g,"GA (NSGA-II, archived)",12,982854236,6.449999999999999,3,5,5,2523,10.0,4.942110300064087,0.73,1.0
credit_g,CART (ccp path),12,836783368,6.3,1,12,12,0,10.0,0.06685447692871094,0.7,1.0
credit_g,GA (NSGA-II),13,1826635742,20.759999999999998,2,5,10,2525,30.0,4.192998170852661,0.72,1.0
credit_g,Random Search,13,1565649817,20.83,3,5,5,2525,30.0,6.958580493927002,0.73,1.0
credit_g,"GA (NSGA-II, archived)",13,435179384,20.839999999999996,2,5,5,2568,30.0,4.956435441970825,0.72,1.0
credit_g,CART (ccp path),13,1512888051,20.72,3,12,12,0,30.0,0.09288382530212402,0.76,1.0
credit_g,GA (NSGA-II),14,471205670,87.03999999999999,2,6,6,2513,122.0,4.948425769805908,0.72,1.0
credit_g,Random Search,14,2025977481,88.05,3,6,6,2513,122.0,9.307485342025757,0.73,1.0
credit_g,"GA (NSGA-II, archived)",14,66192104,84.69999999999999,1,4,4,2581,122.0,5.266987562179565,0.7,1.0
credit_g,CART (ccp path),14,1050915845,87.99,3,12,12,0,122.0,0.07866549491882324,0.75,1.0
credit_g,GA (NSGA-II),15,1683740656,92.84,2,6,10,2503,130.0,4.388418912887573,0.72,1.0
credit_g,Random Search,15,1828977914,94.11,2,6,6,2503,130.0,7.222012519836426,0.73,1.0
credit_g,"GA (NSGA-II, archived)",15,1350670632,95.38,2,3,3,2484,130.0,4.472177028656006,0.74,1.0
credit_g,CART (ccp path),15,196833938,90.34,2,12,12,0,130.0,0.07486104965209961,0.74,1.0
credit_g,GA (NSGA-II),16,871396071,26.110000000000003,3,4,5,2532,36.0,4.318973541259766,0.75,1.0
credit_g,Random Search,16,465081181,26.21,3,5,5,2532,36.0,9.054003238677979,0.77,1.0
credit_g,"GA (NSGA-II, archived)",16,23580109,26.09,4,6,6,2476,36.0,4.905532598495483,0.75,1.0
credit_g,CART (ccp path),16,1903183203,25.87,3,12,12,0,36.0,0.08258199691772461,0.79,1.0
credit_g,GA (NSGA-II),17,2108874373,23.679999999999996,3,5,8,2529,34.0,4.6924121379852295,0.72,1.0
credit_g,Random Search,17,1111632153,24.08,3,8,8,2529,34.0,7.9070680141448975,0.76,1.0
credit_g,"GA (NSGA-II, archived)",17,167235494,23.679999999999996,3,4,4,2555,34.0,4.646337032318115,0.72,1.0
credit_g,CART (ccp path),17,172724467,24.790000000000003,3,12,12,0,34.0,0.07056427001953125,0.79,1.0
credit_g,GA (NSGA-II),18,1206427498,12.309999999999999,3,3,3,2526,18.0,4.658270835876465,0.73,1.0
credit_g,Random Search,18,486205925,12.2,2,6,6,2526,18.0,8.995676755905151,0.72,1.0
credit_g,"GA (NSGA-II, archived)",18,1600778232,11.899999999999999,1,5,5,2531,18.0,5.648774147033691,0.7,1.0
credit_g,CART (ccp path),18,1239604578,11.999999999999998,2,12,12,0,18.0,0.08891916275024414,0.8,1.0
credit_g,GA (NSGA-II),19,635239112,36.64,3,9,15,2561,52.0,4.775243043899536,0.72,1.0
credit_g,Random Search,19,1280793629,36.16,2,6,6,2561,52.0,7.282725811004639,0.72,1.0
credit_g,"GA (NSGA-II, archived)",19,449290854,35.699999999999996,1,3,3,2557,52.0,4.701929092407227,0.7,1.0
credit_g,CART (ccp path),19,1555416075,37.73,3,12,12,0,52.0,0.0883035659790039,0.81,1.0
credit_g,GA (NSGA-II),20,189184377,127.82,3,5,5,2579,174.0,6.377477645874023,0.74,1.0
credit_g,Random Search,20,258727469,127.34,3,5,5,2579,174.0,7.331176280975342,0.74,1.0
credit_g,"GA (NSGA-II, archived)",20,1852605173,121.1,1,3,3,2547,174.0,4.7221691608428955,0.7,1.0
credit_g,CART (ccp path),20,1319836088,126.47,4,12,12,0,174.0,0.08386588096618652,0.75,1.0
credit_g,GA (NSGA-II),21,1645012567,17.93,3,4,4,2621,24.0,4.376789569854736,0.79,1.0
credit_g,Random Search,21,845196704,16.769999999999996,3,5,5,2621,24.0,7.927520275115967,0.75,1.0
credit_g,"GA (NSGA-II, archived)",21,879585854,17.58,4,7,7,2470,24.0,5.377952575683594,0.78,1.0
credit_g,CART (ccp path),21,792484135,16.189999999999998,2,12,12,0,24.0,0.09050607681274414,0.79,1.0
credit_g,GA (NSGA-II),22,643111623,18.36,3,4,5,2483,26.0,6.324286222457886,0.74,1.0
credit_g,Random Search,22,527183921,18.390000000000004,4,7,7,2483,26.0,7.948688745498657,0.77,1.0
credit_g,"GA (NSGA-II, archived)",22,1615705868,18.36,3,5,5,2494,26.0,5.371775388717651,0.74,1.0
credit_g,CART (ccp path),22,1919384552,18.2,2,12,12,0,26.0,0.07046127319335938,0.8,1.0
credit_g,GA (NSGA-II),23,683833989,21.97,2,12,19,2533,32.0,5.225652456283569,0.71,1.0
credit_g,Random Search,23,667706463,22.51,2,6,6,2533,32.0,7.2813193798065186,0.73,1.0
credit_g,"GA (NSGA-II, archived)",23,664750023,21.99,2,5,5,2564,32.0,6.659963846206665,0.71,1.0
credit_g,CART (ccp path),23,814066457,21.86,3,12,12,0,32.0,0.09762120246887207,0.72,1.0
credit_g,GA (NSGA-II),24,793148531,24.029999999999998,2,5,5,2535,34.0,5.431256055831909,0.73,1.0
credit_g,Random Search,24,2110973513,24.009999999999998,2,6,6,2535,34.0,7.247747898101807,0.77,1.0
credit_g,"GA (NSGA-II, archived)",24,1649341836,23.099999999999998,1,7,7,2540,34.0,7.118179798126221,0.7,1.0
credit_g,CART (ccp path),24,1113353420,24.68,3,12,12,0,34.0,0.0838170051574707,0.84,1.0
credit_g,GA (NSGA-II),25,1962851869,66.25,2,7,19,2530,92.0,5.003568410873413,0.73,1.0
credit_g,Random Search,25,262278057,63.699999999999996,1,5,5,2530,92.0,9.301142930984497,0.7,1.0
credit_g,"GA (NSGA-II, archived)",25,950661152,64.55,2,4,4,2559,92.0,4.749485969543457,0.71,1.0
credit_g,CART (ccp path),25,392721946,67.73,4,12,12,0,92.0,0.07552099227905273,0.77,1.0
credit_g,GA (NSGA-II),26,213968621,24.08,3,5,7,2569,34.0,4.702025890350342,0.74,1.0
credit_g,Random Search,26,1000883383,23.31,2,5,5,2569,34.0,7.2135467529296875,0.71,1.0
credit_g,"GA (NSGA-II, archived)",26,1622415740,23.659999999999997,3,4,4,2546,34.0,4.754961013793945,0.72,1.0
credit_g,CART (ccp path),26,1576249874,23.119999999999997,2,12,12,0,34.0,0.07774615287780762,0.72,1.0
credit_g,GA (NSGA-II),27,1789105178,33.3,4,5,5,2586,44.0,5.460960388183594,0.78,1.0
credit_g,Random Search,27,1502933479,32.15,2,6,6,2586,44.0,9.625080823898315,0.75,1.0
credit_g,"GA (NSGA-II, archived)",27,792859970,31.74,2,4,4,2540,44.0,4.578942775726318,0.74,1.0
credit_g,CART (ccp path),27,476286962,31.2,3,12,12,0,44.0,0.0772554874420166,0.76,1.0
credit_g,GA (NSGA-II),28,917262319,28.7,1,7,10,2560,42.0,5.21837592124939,0.7,1.0
credit_g,Random Search,28,122504505,29.87,3,9,9,2560,42.0,7.689342498779297,0.75,1.0
credit_g,"GA (NSGA-II, archived)",28,100427877,28.7,1,3,3,2497,42.0,4.562340259552002,0.7,1.0
credit_g,CART (ccp path),28,1351378400,29.62,2,12,12,0,42.0,0.08621716499328613,0.74,1.0
credit_g,GA (NSGA-II),29,1406638331,2.13,2,7,7,2583,4.0,6.131397008895874,0.73,1.0
credit_g,Random Search,29,93482299,2.0999999999999996,1,5,5,2583,4.0,9.246840953826904,0.7,1.0
credit_g,"GA (NSGA-II, archived)",29,732942112,2.0999999999999996,1,4,4,2549,4.0,4.803712844848633,0.7,1.0
credit_g,CART (ccp path),29,435704480,2.0999999999999996,1,12,12,0,4.0,0.07456350326538086,0.7,1.0
credit_g,GA (NSGA-II),30,465606186,86.1,1,2,2,2568,124.0,4.714826583862305,0.7,1.0
credit_g,Random Search,30,1532596221,88.32,3,7,7,2568,124.0,7.507495164871216,0.72,1.0
credit_g,"GA (NSGA-II, archived)",30,1686698400,88.52,2,7,7,2564,124.0,5.2361884117126465,0.72,1.0
credit_g,CART (ccp path),30,1101269676,89.38000000000001,3,12,12,0,124.0,0.08209896087646484,0.74,1.0
qsar_biodeg,GA (NSGA-II),1,1538343305,18.726415094339625,4,8,8,2497,26.0,5.444839954376221,0.7641509433962265,1.0
qsar_biodeg,Random Search,1,707063153,18.18867924528302,3,5,5,2497,26.0,6.168253421783447,0.7358490566037735,1.0
qsar_biodeg,"GA (NSGA-II, archived)",1,1927151425,19.452830188679247,4,6,6,2520,26.0,8.213727712631226,0.7924528301886793,1.0
qsar_biodeg,CART (ccp path),1,302100089,18.17924528301887,3,12,12,0,26.0,0.22981715202331543,0.8207547169811321,1.0
qsar_biodeg,GA (NSGA-II),2,495216901,47.36792452830189,4,8,9,2571,62.0,5.276140451431274,0.7830188679245284,1.0
qsar_biodeg,Random Search,2,1137596219,46.405660377358494,2,6,6,2571,62.0,6.71407413482666,0.7641509433962265,1.0
qsar_biodeg,"GA (NSGA-II, archived)",2,1599496956,46.235849056603776,5,5,5,2527,62.0,5.7989044189453125,0.7641509433962265,1.0
qsar_biodeg,CART (ccp path),2,616964743,44.971698113207545,5,12,12,0,62.0,0.22286200523376465,0.7830188679245284,1.0
qsar_biodeg,GA (NSGA-II),3,835799501,23.830188679245282,3,4,4,2536,34.0,6.1585822105407715,0.7358490566037735,1.0
qsar_biodeg,Random Search,3,1891154294,23.5,4,6,6,2536,34.0,5.763821840286255,0.7452830188679245,1.0
qsar_biodeg,"GA (NSGA-II, archived)",3,1186374104,24.358490566037737,4,7,7,2505,34.0,6.639867067337036,0.7735849056603774,1.0
qsar_biodeg,CART (ccp path),3,221038632,24.849056603773583,3,12,12,0,34.0,0.23383235931396484,0.8301886792452831,1.0
qsar_biodeg,GA (NSGA-II),4,654618389,20.735849056603772,3,6,7,2565,28.0,5.582186698913574,0.7924528301886793,1.0
qsar_biodeg,Random Search,4,1437146640,21.632075471698112,3,5,5,2565,28.0,6.233087062835693,0.839622641509434,1.0
qsar_biodeg,"GA (NSGA-II, archived)",4,315269182,21.367924528301888,2,4,4,2568,28.0,5.403738737106323,0.8018867924528302,1.0
qsar_biodeg,CART (ccp path),4,1583376359,20.91509433962264,3,12,12,0,28.0,0.21430635452270508,0.9150943396226415,1.0
qsar_biodeg,GA (NSGA-II),5,1056914098,62.311320754716974,5,6,6,2507,80.0,7.864826440811157,0.8018867924528302,1.0
qsar_biodeg,Random Search,5,1298456355,61.77358490566038,5,8,8,2507,80.0,7.691956520080566,0.7924528301886793,1.0
qsar_biodeg,"GA (NSGA-II, archived)",5,1019418949,61.38679245283019,5,5,5,2575,80.0,5.9437713623046875,0.7830188679245284,1.0
qsar_biodeg,CART (ccp path),5,817779153,63.99056603773585,6,12,12,0,80.0,0.247100830078125,0.8584905660377359,1.0
qsar_biodeg,GA (NSGA-II),6,1713486974,37.590476190476195,3,7,7,2506,48.0,4.945890426635742,0.8095238095238095,1.0
qsar_biodeg,Random Search,6,296026573,34.39047619047619,5,6,6,2506,48.0,6.085334300994873,0.7714285714285715,1.0
qsar_biodeg,"GA (NSGA-II, archived)",6,1741596231,36.02857142857143,2,7,7,2568,48.0,5.823443174362183,0.7714285714285715,1.0
qsar_biodeg,CART (ccp path),6,151784499,35.49523809523809,5,12,12,0,48.0,0.23861980438232422,0.8095238095238095,1.0
qsar_biodeg,GA (NSGA-II),7,45668471,41.68571428571429,5,11,12,2533,52.0,6.233915567398071,0.8285714285714286,1.0
qsar_biodeg,Random Search,7,2142238377,41.93333333333334,2,8,8,2533,52.0,5.856006145477295,0.8285714285714286,1.0
qsar_biodeg,"GA (NSGA-II, archived)",7,1298862401,40.00952380952381,3,6,6,2524,52.0,5.141077995300293,0.7904761904761904,1.0
qsar_biodeg,CART (ccp path),7,640837076,41.03809523809524,3,12,12,0,52.0,0.21820712089538574,0.8476190476190476,1.0
qsar_biodeg,GA (NSGA-II),8,945632285,19.209523809523805,4,11,13,2513,26.0,5.324379205703735,0.7904761904761904,1.0
qsar_biodeg,Random Search,8,119215911,19.38095238095238,3,5,5,2513,26.0,6.338468074798584,0.8095238095238095,1.0
qsar_biodeg,"GA (NSGA-II, archived)",8,1863824664,19.876190476190477,3,8,8,2538,26.0,7.511438369750977,0.8095238095238095,1.0
qsar_biodeg,CART (ccp path),8,51708286,18.57142857142857,3,12,12,0,26.0,0.2380976676940918,0.8571428571428571,1.0
qsar_biodeg,GA (NSGA-II),9,1313875009,33.4952380952381,4,5,5,2570,44.0,6.08521032333374,0.7904761904761904,1.0
qsar_biodeg,Random Search,9,585532628,32.5047619047619,6,6,6,2570,44.0,6.351738691329956,0.7904761904761904,1.0
qsar_biodeg,"GA (NSGA-II, archived)",9,281349519,34.42857142857143,5,6,6,2567,44.0,5.605167388916016,0.8285714285714286,1.0
qsar_biodeg,CART (ccp path),9,1017390770,33.63809523809525,5,12,12,0,44.0,0.19394159317016602,0.8380952380952381,1.0
qsar_biodeg,GA (NSGA-II),10,1096179115,22.923809523809524,4,7,7,2533,30.0,5.2341344356536865,0.8095238095238095,1.0
qsar_biodeg,Random Search,10,94926678,21.733333333333334,3,4,4,2533,30.0,6.372571706771851,0.7619047619047619,1.0
qsar_biodeg,"GA (NSGA-II, archived)",10,1290298957,23.695238095238096,5,5,5,2552,30.0,7.108381271362305,0.8380952380952381,1.0
qsar_biodeg,CART (ccp path),10,148307374,21.8,3,12,12,0,30.0,0.21232008934020996,0.8666666666666667,1.0
qsar_biodeg,GA (NSGA-II),11,1821843798,47.16037735849057,5,5,5,2550,62.0,5.458737134933472,0.7830188679245284,1.0
qsar_biodeg,Random Search,11,1414780909,45.95283018867925,3,6,6,2550,62.0,7.16049861907959,0.7641509433962265,1.0
qsar_biodeg,"GA (NSGA-II, archived)",11,1132271621,44.45283018867925,4,7,7,2524,62.0,5.617304801940918,0.7358490566037735,1.0
qsar_biodeg,CART (ccp path),11,163023995,45.198113207547166,5,12,12,0,62.0,0.23563599586486816,0.7830188679245284,1.0
qsar_biodeg,GA (NSGA-II),12,271037471,61.235849056603776,2,7,8,2549,76.0,5.512542009353638,0.8207547169811321,1.0
qsar_biodeg,Random Search,12,504731197,60.24528301886792,3,5,5,2549,76.0,7.405576467514038,0.8113207547169812,1.0
qsar_biodeg,"GA (NSGA-II, archived)",12,1307605478,60.39622641509435,5,5,5,2551,76.0,5.713446378707886,0.8113207547169812,1.0
qsar_biodeg,CART (ccp path),12,1495074324,61.31132075471699,4,12,12,0,76.0,0.20518803596496582,0.8584905660377359,1.0
qsar_biodeg,GA (NSGA-II),13,1163717709,21.452830188679247,3,8,9,2512,28.0,5.351583242416382,0.8113207547169812,1.0
qsar_biodeg,Random Search,13,1596085211,19.80188679245283,3,5,5,2512,28.0,6.316085577011108,0.8207547169811321,1.0
qsar_biodeg,"GA (NSGA-II, archived)",13,1565436601,21.82075471698113,5,8,8,2560,28.0,5.58329439163208,0.839622641509434,1.0
qsar_biodeg,CART (ccp path),13,17043307,21.028301886792452,3,12,12,0,28.0,0.20502805709838867,0.8962264150943396,1.0
qsar_biodeg,GA (NSGA-II),14,798995887,19.537735849056606,5,7,10,2507,26.0,5.387068510055542,0.8207547169811321,1.0
qsar_biodeg,Random Search,14,1814154091,18.037735849056606,3,4,4,2507,26.0,8.024091958999634,0.7547169811320755,1.0
qsar_biodeg,"GA (NSGA-II, archived)",14,1022113412,18.669811320754718,4,6,6,2538,26.0,5.313222169876099,0.7641509433962265,1.0
qsar_biodeg,CART (ccp path),14,1175910959,18.150943396226413,3,12,12,0,26.0,0.26234865188598633,0.8301886792452831,1.0
qsar_biodeg,GA (NSGA-II),15,1904820769,82.43396226415095,4,7,9,2473,108.0,5.851378917694092,0.7735849056603774,1.0
qsar_biodeg,Random Search,15,1463273352,81.10377358490567,4,6,6,2473,108.0,6.237457275390625,0.7641509433962265,1.0
qsar_biodeg,"GA (NSGA-II, archived)",15,1354942323,86.80188679245283,5,6,6,2567,108.0,5.518325328826904,0.8207547169811321,1.0
qsar_biodeg,CART (ccp path),15,1233898794,84.93396226415095,7,12,12,0,108.0,0.22768330574035645,0.839622641509434,1.0
qsar_biodeg,GA (NSGA-II),16,1544523299,32.523809523809526,4,8,8,2566,42.0,6.5587687492370605,0.8095238095238095,1.0
qsar_biodeg,Random Search,16,485506860,29.942857142857143,3,4,4,2566,42.0,6.355819463729858,0.7428571428571429,1.0
qsar_biodeg,"GA (NSGA-II, archived)",16,323716578,31.599999999999998,4,5,5,2587,42.0,5.001053094863892,0.780952380952381,1.0
qsar_biodeg,CART (ccp path),16,1998154437,30.714285714285715,4,12,12,0,42.0,0.23315119743347168,0.8285714285714286,1.0
qsar_biodeg,GA (NSGA-II),17,2074294363,58.25714285714286,3,7,9,2619,72.0,6.039690256118774,0.8285714285714286,1.0
qsar_biodeg,Random Search,17,185409432,58.20952380952381,5,7,7,2619,72.0,6.349602460861206,0.8380952380952381,1.0
qsar_biodeg,"GA (NSGA-II, archived)",17,1205522392,53.84761904761905,3,6,6,2487,72.0,5.3510870933532715,0.7619047619047619,1.0
qsar_biodeg,CART (ccp path),17,2097157486,61.266666666666666,5,12,12,0,72.0,0.2421581745147705,0.9238095238095239,1.0
qsar_biodeg,GA (NSGA-II),18,1995636549,35.542857142857144,4,5,8,2513,46.0,6.706209182739258,0.8,1.0
qsar_biodeg,Random Search,18,193088498,35.733333333333334,2,5,5,2513,46.0,6.649567604064941,0.8,1.0
qsar_biodeg,"GA (NSGA-II, archived)",18,1065834986,35.352380952380955,5,6,6,2506,46.0,5.316927671432495,0.8,1.0
qsar_biodeg,CART (ccp path),18,1475465140,36.39047619047619,4,12,12,0,46.0,0.23633813858032227,0.8666666666666667,1.0
qsar_biodeg,GA (NSGA-II),19,2022468199,8.276190476190475,5,7,12,2569,12.0,5.478097200393677,0.7904761904761904,1.0
qsar_biodeg,Random Search,19,210066522,8.19047619047619,2,4,4,2569,12.0,6.347350597381592,0.7619047619047619,1.0
qsar_biodeg,"GA (NSGA-II, archived)",19,1390784393,8.438095238095238,4,5,5,2518,12.0,7.346075773239136,0.8,1.0
qsar_biodeg,CART (ccp path),19,1768848081,7.533333333333333,2,12,12,0,12.0,0.23048639297485352,0.8666666666666667,1.0
qsar_biodeg,GA (NSGA-II),20,934126501,33.23809523809524,3,4,4,2590,42.0,5.1060850620269775,0.819047619047619,1.0
qsar_biodeg,Random Search,20,1175415302,33.94285714285715,3,5,5,2590,42.0,6.526572227478027,0.8380952380952381,1.0
qsar_biodeg,"GA (NSGA-II, archived)",20,845569349,33.99047619047619,6,7,7,2530,42.0,5.506168603897095,0.8476190476190476,1.0
qsar_biodeg,CART (ccp path),20,753052613,32.95238095238095,3,12,12,0,42.0,0.2427845001220703,0.8571428571428571,1.0
qsar_biodeg,GA (NSGA-II),21,761135304,40.14150943396227,4,4,4,2486,52.0,5.939066648483276,0.8018867924528302,1.0
qsar_biodeg,Random Search,21,1844088897,39.22641509433962,2,3,3,2486,52.0,6.328369140625,0.7735849056603774,1.0
qsar_biodeg,"GA (NSGA-II, archived)",21,1116214768,39.22641509433962,2,6,6,2531,52.0,7.364114761352539,0.7735849056603774,1.0
qsar_biodeg,CART (ccp path),21,253001870,39.86792452830189,5,12,12,0,52.0,0.2261049747467041,0.8490566037735849,1.0
qsar_biodeg,GA (NSGA-II),22,1687756994,18.245283018867926,4,8,10,2513,24.0,5.6666529178619385,0.8113207547169812,1.0
qsar_biodeg,Random Search,22,1493869626,18.22641509433962,3,9,9,2513,24.0,6.003030776977539,0.8113207547169812,1.0
qsar_biodeg,"GA (NSGA-II, archived)",22,1313692447,17.028301886792452,4,6,6,2607,24.0,6.120702266693115,0.7830188679245284,1.0
qsar_biodeg,CART (ccp path),22,825897319,17.547169811320753,3,12,12,0,24.0,0.21680045127868652,0.8679245283018868,1.0
qsar_biodeg,GA (NSGA-II),23,1519575398,23.99056603773585,4,8,9,2526,32.0,5.486992835998535,0.8018867924528302,1.0
qsar_biodeg,Random Search,23,1661460113,22.72641509433962,4,6,6,2526,32.0,8.5868558883667,0.7641509433962265,1.0
qsar_biodeg,"GA (NSGA-II, archived)",23,1260221186,23.43396226415094,6,6,6,2492,32.0,5.2599873542785645,0.7735849056603774,1.0
qsar_biodeg,CART (ccp path),23,2059687323,23.632075471698112,4,12,12,0,32.0,0.2099015712738037,0.839622641509434,1.0
qsar_biodeg,GA (NSGA-II),24,669268507,69.06603773584905,5,8,10,2591,86.0,5.926831245422363,0.8207547169811321,1.0
qsar_biodeg,Random Search,24,434356869,68.56603773584905,4,5,5,2591,86.0,7.249608278274536,0.8301886792452831,1.0
qsar_biodeg,"GA (NSGA-II, archived)",24,1840403593,73.34905660377359,5,5,5,2574,86.0,5.272656440734863,0.8773584905660378,1.0
qsar_biodeg,CART (ccp path),24,504641528,70.79245283018868,5,12,12,0,86.0,0.21774601936340332,0.8867924528301887,1.0
qsar_biodeg,GA (NSGA-II),25,1064792229,19.783018867924532,5,7,8,2550,26.0,7.453447341918945,0.8207547169811321,1.0
qsar_biodeg,Random Search,25,328590731,19.37735849056604,3,7,7,2550,26.0,6.131827116012573,0.7924528301886793,1.0
qsar_biodeg,"GA (NSGA-II, archived)",25,1547882880,18.622641509433965,3,4,4,2495,26.0,4.91254997253418,0.7547169811320755,1.0
qsar_biodeg,CART (ccp path),25,1280833774,18.358490566037737,3,12,12,0,26.0,0.18949675559997559,0.8113207547169812,1.0
qsar_biodeg,GA (NSGA-II),26,1447571295,9.628571428571428,4,5,8,2537,14.0,5.1431193351745605,0.7714285714285715,1.0
qsar_biodeg,Random Search,26,763076768,9.466666666666667,4,6,6,2537,14.0,6.131645202636719,0.7619047619047619,1.0
qsar_biodeg,"GA (NSGA-II, archived)",26,1676657279,9.723809523809521,4,5,5,2536,14.0,5.686091661453247,0.7904761904761904,1.0
qsar_biodeg,CART (ccp path),26,69367948,9.0,2,12,12,0,14.0,0.21882939338684082,0.8095238095238095,1.0
qsar_biodeg,GA (NSGA-II),27,1918956961,16.076190476190476,3,9,11,2508,22.0,7.225035667419434,0.780952380952381,1.0
qsar_biodeg,Random Search,27,130109579,16.114285714285714,4,5,5,2508,22.0,5.929394006729126,0.819047619047619,1.0
qsar_biodeg,"GA (NSGA-II, archived)",27,1757267961,16.266666666666666,4,7,7,2608,22.0,6.123010158538818,0.8,1.0
qsar_biodeg,CART (ccp path),27,845739885,15.152380952380952,3,12,12,0,22.0,0.21700620651245117,0.8285714285714286,1.0
qsar_biodeg,GA (NSGA-II),28,98968811,60.438095238095244,6,13,17,2549,74.0,6.1868040561676025,0.8380952380952381,1.0
qsar_biodeg,Random Search,28,400768365,56.7047619047619,3,6,6,2549,74.0,6.652028560638428,0.780952380952381,1.0
qsar_biodeg,"GA (NSGA-II, archived)",28,968955324,62.72380952380953,4,7,7,2514,74.0,6.808988332748413,0.8761904761904762,1.0
qsar_biodeg,CART (ccp path),28,1829619671,58.23809523809524,5,12,12,0,74.0,0.2457873821258545,0.8666666666666667,1.0
qsar_biodeg,GA (NSGA-II),29,101476466,71.22857142857143,5,7,8,2528,88.0,5.042169094085693,0.8285714285714286,1.0
qsar_biodeg,Random Search,29,1960127543,67.4857142857143,3,3,3,2528,88.0,6.452551364898682,0.780952380952381,1.0
qsar_biodeg,"GA (NSGA-II, archived)",29,2070251693,70.62857142857143,5,5,5,2521,88.0,5.596462965011597,0.819047619047619,1.0
qsar_biodeg,CART (ccp path),29,660770811,68.8,6,12,12,0,88.0,0.2318122386932373,0.8571428571428571,1.0
qsar_biodeg,GA (NSGA-II),30,1137058762,35.93333333333334,4,9,12,2567,46.0,5.435516357421875,0.8095238095238095,1.0
qsar_biodeg,Random Search,30,418687423,33.94285714285714,4,6,6,2567,46.0,6.275667190551758,0.7619047619047619,1.0
qsar_biodeg,"GA (NSGA-II, archived)",30,571937411,31.638095238095243,2,4,4,2518,46.0,6.56831693649292,0.7047619047619048,1.0
qsar_biodeg,CART (ccp path),30,702887655,35.06666666666668,4,12,12,0,46.0,0.2051694393157959,0.8380952380952381,1.0
pc1,GA (NSGA-II),1,444356697,38.414414414414416,1,2,2,2532,42.0,4.683664083480835,0.9369369369369369,1.0
pc1,Random Search,1,118459716,38.62162162162162,2,3,3,2532,42.0,6.782355308532715,0.9459459459459459,1.0
pc1,"GA (NSGA-II, archived)",1,1632950149,38.414414414414416,1,4,4,2596,42.0,4.721374273300171,0.9369369369369369,1.0
pc1,CART (ccp path),1,405116475,38.68468468468468,3,12,12,0,42.0,0.13435578346252441,0.954954954954955,1.0
pc1,GA (NSGA-II),2,1024266812,8.432432432432432,1,2,2,2539,10.0,4.426355600357056,0.9369369369369369,1.0
pc1,Random Search,2,1996138532,8.495495495495495,2,4,4,2539,10.0,7.855626821517944,0.9459459459459459,1.0
pc1,"GA (NSGA-II, archived)",2,1747722154,8.432432432432432,1,3,3,2542,10.0,4.0992751121521,0.9369369369369369,1.0
pc1,CART (ccp path),2,837971367,8.441441441441441,2,12,12,0,10.0,0.11630558967590332,0.9459459459459459,1.0
pc1,GA (NSGA-II),3,233135757,51.03603603603603,1,3,3,2537,56.0,4.0565197467803955,0.9279279279279279,1.0
pc1,Random Search,3,406534275,51.03603603603603,1,3,3,2537,56.0,10.602768182754517,0.9279279279279279,1.0
pc1,"GA (NSGA-II, archived)",3,2056207566,51.03603603603603,1,4,4,2597,56.0,5.27059268951416,0.9279279279279279,1.0
pc1,CART (ccp path),3,1788102852,51.342342342342334,3,12,12,0,56.0,0.1483442783355713,0.9459459459459459,1.0
pc1,GA (NSGA-II),4,641062638,45.87387387387387,2,4,7,2572,50.0,4.655712127685547,0.9369369369369369,1.0
pc1,Random Search,4,217666934,45.486486486486484,2,4,4,2572,50.0,7.161334276199341,0.9459459459459459,1.0
pc1,"GA (NSGA-II, archived)",4,112474147,45.468468468468465,1,3,3,2530,50.0,4.0501158237457275,0.9279279279279279,1.0
pc1,CART (ccp path),4,1121861271,46.4954954954955,4,12,12,0,50.0,0.12400698661804199,0.963963963963964,1.0
pc1,GA (NSGA-II),5,1457326562,10.36936936936937,2,2,2,2626,12.0,4.180201053619385,0.9459459459459459,1.0
pc1,Random Search,5,1224817335,10.531531531531531,2,3,3,2626,12.0,7.996942520141602,0.963963963963964,1.0
pc1,"GA (NSGA-II, archived)",5,1166261643,10.333333333333332,2,2,2,2536,12.0,4.024780988693237,0.9459459459459459,1.0
pc1,CART (ccp path),5,1832237525,10.243243243243242,2,12,12,0,12.0,0.12240004539489746,0.963963963963964,1.0
pc1,GA (NSGA-II),6,140768320,12.063063063063062,1,3,13,2561,14.0,4.207685947418213,0.9279279279279279,1.0
pc1,Random Search,6,766977852,12.063063063063062,1,2,2,2561,14.0,7.268657445907593,0.9279279279279279,1.0
pc1,"GA (NSGA-II, archived)",6,1633476589,12.063063063063062,1,3,3,2555,14.0,4.529100656509399,0.9279279279279279,1.0
pc1,CART (ccp path),6,1728706283,12.072072072072071,2,12,12,0,14.0,0.13682818412780762,0.9369369369369369,1.0
pc1,GA (NSGA-II),7,398545763,12.162162162162161,2,3,3,2529,14.0,4.342073678970337,0.9369369369369369,1.0
pc1,Random Search,7,1776360912,12.063063063063062,1,4,4,2529,14.0,10.250175714492798,0.9279279279279279,1.0
pc1,"GA (NSGA-II, archived)",7,18568544,12.063063063063062,1,4,4,2564,14.0,4.3939714431762695,0.9279279279279279,1.0
pc1,CART (ccp path),7,1854562514,12.072072072072071,2,12,12,0,14.0,0.14386391639709473,0.9369369369369369,1.0
pc1,GA (NSGA-II),8,1163638960,0.9279279279279279,1,2,2,2478,2.0,4.3760762214660645,0.9279279279279279,1.0
pc1,Random Search,8,43569451,0.9279279279279279,1,3,3,2478,2.0,6.8721842765808105,0.9279279279279279,1.0
pc1,"GA (NSGA-II, archived)",8,1623137594,0.9279279279279279,1,4,4,2567,2.0,4.2830564975738525,0.9279279279279279,1.0
pc1,CART (ccp path),8,581314563,0.9279279279279279,1,12,12,0,2.0,0.13723325729370117,0.9279279279279279,1.0
pc1,GA (NSGA-II),9,352951832,2.7927927927927927,2,4,5,2593,4.0,4.404019117355347,0.9369369369369369,1.0
pc1,Random Search,9,722848924,2.7837837837837838,1,3,3,2593,4.0,9.498395204544067,0.9279279279279279,1.0
pc1,"GA (NSGA-II, archived)",9,414266374,2.7837837837837838,1,4,4,2561,4.0,4.414586782455444,0.9279279279279279,1.0
pc1,CART (ccp path),9,574491027,2.7837837837837838,1,12,12,0,4.0,0.1096642017364502,0.9279279279279279,1.0
pc1,GA (NSGA-II),10,1115382417,16.054545454545455,2,2,2,2553,18.0,4.7536866664886475,0.9454545454545454,1.0
pc1,Random Search,10,975164297,16.054545454545455,2,4,4,2553,18.0,7.856012582778931,0.9454545454545454,1.0
pc1,"GA (NSGA-II, archived)",10,1462293458,16.054545454545455,2,3,3,2537,18.0,4.726128101348877,0.9454545454545454,1.0
pc1,CART (ccp path),10,98317218,15.999999999999998,3,12,12,0,18.0,0.15179657936096191,0.9636363636363636,1.0
pc1,GA (NSGA-II),11,104554123,0.9369369369369369,1,4,17,2543,2.0,4.531154632568359,0.9369369369369369,1.0
pc1,Random Search,11,1684975005,0.9369369369369369,1,3,3,2543,2.0,8.662876605987549,0.9369369369369369,1.0
pc1,"GA (NSGA-II, archived)",11,2071946838,0.9369369369369369,1,2,2,2525,2.0,4.101611614227295,0.9369369369369369,1.0
pc1,CART (ccp path),11,369173373,0.9369369369369369,1,12,12,0,2.0,0.14354157447814941,0.9369369369369369,1.0
pc1,GA (NSGA-II),12,1631998350,53.4054054054054,1,2,9,2568,58.0,4.204667806625366,0.9369369369369369,1.0
pc1,Random Search,12,1144207658,53.4054054054054,1,4,4,2568,58.0,7.571417570114136,0.9369369369369369,1.0
pc1,"GA (NSGA-II, archived)",12,822781769,53.4054054054054,1,3,3,2546,58.0,4.219333171844482,0.9369369369369369,1.0
pc1,CART (ccp path),12,993350408,53.41441441441441,2,12,12,0,58.0,0.16214251518249512,0.9459459459459459,1.0
pc1,GA (NSGA-II),13,889313814,6.495495495495495,1,2,2,2496,8.0,4.572978973388672,0.9279279279279279,1.0
pc1,Random Search,13,899352461,6.504504504504505,2,4,4,2496,8.0,9.048001527786255,0.9369369369369369,1.0
pc1,"GA (NSGA-II, archived)",13,1628816819,6.585585585585585,2,2,2,2596,8.0,4.342893123626709,0.9459459459459459,1.0
pc1,CART (ccp path),13,1306687800,6.495495495495495,1,12,12,0,8.0,0.14609289169311523,0.9279279279279279,1.0
pc1,GA (NSGA-II),14,521773912,6.495495495495495,1,2,7,2582,8.0,4.269705772399902,0.9279279279279279,1.0
pc1,Random Search,14,513067594,6.504504504504505,2,4,4,2582,8.0,7.523951053619385,0.9369369369369369,1.0
pc1,"GA (NSGA-II, archived)",14,1555572785,6.495495495495495,1,2,2,2507,8.0,4.119774341583252,0.9279279279279279,1.0
pc1,CART (ccp path),14,849882875,6.495495495495495,1,12,12,0,8.0,0.12045717239379883,0.9279279279279279,1.0
pc1,GA (NSGA-II),15,421059280,13.918918918918918,1,3,5,2491,16.0,4.3959338665008545,0.9279279279279279,1.0
pc1,Random Search,15,690019545,13.918918918918918,1,3,3,2491,16.0,8.811543703079224,0.9279279279279279,1.0
pc1,"GA (NSGA-II, archived)",15,1348407847,13.918918918918918,1,3,3,2513,16.0,4.3913702964782715,0.9279279279279279,1.0
pc1,CART (ccp path),15,696021366,13.972972972972972,3,12,12,0,16.0,0.1570892333984375,0.9459459459459459,1.0
pc1,GA (NSGA-II),16,1620499093,13.918918918918918,1,2,2,2581,16.0,4.743957281112671,0.9279279279279279,1.0
pc1,Random Search,16,1243953314,13.999999999999998,2,3,3,2581,16.0,7.68747615814209,0.9369369369369369,1.0
pc1,"GA (NSGA-II, archived)",16,1057912993,14.036036036036036,2,2,2,2523,16.0,4.385842323303223,0.9369369369369369,1.0
pc1,CART (ccp path),16,1040040829,13.972972972972972,3,12,12,0,16.0,0.16266512870788574,0.9459459459459459,1.0
pc1,GA (NSGA-II),17,738416618,10.207207207207206,1,2,3,2553,12.0,6.024630546569824,0.9279279279279279,1.0
pc1,Random Search,17,192441594,10.207207207207206,1,3,3,2553,12.0,7.715001106262207,0.9279279279279279,1.0
pc1,"GA (NSGA-II, archived)",17,701877969,10.207207207207206,1,2,2,2555,12.0,4.52320671081543,0.9279279279279279,1.0
pc1,CART (ccp path),17,41286215,10.216216216216216,2,12,12,0,12.0,0.13134336471557617,0.9369369369369369,1.0
pc1,GA (NSGA-II),18,669602290,4.648648648648649,2,2,3,2592,6.0,4.174314737319946,0.9369369369369369,1.0
pc1,Random Search,18,585729765,4.666666666666667,2,3,3,2592,6.0,7.247305870056152,0.9369369369369369,1.0
pc1,"GA (NSGA-II, archived)",18,1357827034,4.666666666666667,2,2,2,2577,6.0,4.45554518699646,0.9369369369369369,1.0
pc1,CART (ccp path),18,1469872470,4.657657657657658,2,12,12,0,6.0,0.130631685256958,0.9459459459459459,1.0
pc1,GA (NSGA-II),19,1349362367,12.26126126126126,2,8,20,2536,14.0,6.107135057449341,0.9459459459459459,1.0
pc1,Random Search,19,644598043,12.162162162162161,2,2,2,2536,14.0,7.163444995880127,0.9369369369369369,1.0
pc1,"GA (NSGA-II, archived)",19,1986802165,12.063063063063062,1,2,2,2527,14.0,4.6255693435668945,0.9279279279279279,1.0
pc1,CART (ccp path),19,1030059002,12.153153153153152,3,12,12,0,14.0,0.13460087776184082,0.9459459459459459,1.0
pc1,GA (NSGA-II),20,2090713716,10.3,1,3,3,2569,12.0,4.102597236633301,0.9363636363636364,1.0
pc1,Random Search,20,591968183,10.3,1,3,3,2569,12.0,7.8587141036987305,0.9363636363636364,1.0
pc1,"GA (NSGA-II, archived)",20,1767875667,10.3,1,3,3,2561,12.0,4.633345127105713,0.9363636363636364,1.0
pc1,CART (ccp path),20,1569339802,10.318181818181818,2,12,12,0,12.0,0.13749933242797852,0.9545454545454546,1.0
pc1,GA (NSGA-II),21,955187312,10.35135135135135,2,8,28,2507,12.0,6.573840379714966,0.9459459459459459,1.0
pc1,Random Search,21,1255160604,10.306306306306306,1,3,3,2507,12.0,7.791643381118774,0.9369369369369369,1.0
pc1,"GA (NSGA-II, archived)",21,1477281054,10.306306306306306,1,3,3,2489,12.0,3.994990825653076,0.9369369369369369,1.0
pc1,CART (ccp path),21,942890666,10.315315315315315,2,12,12,0,12.0,0.14060735702514648,0.9459459459459459,1.0
pc1,GA (NSGA-II),22,1497815595,0.9369369369369369,1,2,2,2573,2.0,4.29808235168457,0.9369369369369369,1.0
pc1,Random Search,22,1519501465,0.9369369369369369,1,3,3,2573,2.0,7.55332350730896,0.9369369369369369,1.0
pc1,"GA (NSGA-II, archived)",22,1546995791,0.9369369369369369,1,2,2,2517,2.0,4.254544734954834,0.9369369369369369,1.0
pc1,CART (ccp path),22,1332688704,0.9369369369369369,1,12,12,0,2.0,0.1687335968017578,0.9369369369369369,1.0
pc1,GA (NSGA-II),23,483077219,50.0990990990991,2,3,8,2489,54.0,6.783992052078247,0.9459459459459459,1.0
pc1,Random Search,23,843248673,49.6036036036036,2,5,5,2489,54.0,6.953225135803223,0.9369369369369369,1.0
pc1,"GA (NSGA-II, archived)",23,1272312751,49.62162162162162,2,2,2,2547,54.0,4.254585266113281,0.9369369369369369,1.0
pc1,CART (ccp path),23,748401292,49.189189189189186,2,12,12,0,54.0,0.13929319381713867,0.9369369369369369,1.0
pc1,GA (NSGA-II),24,1499229966,4.63963963963964,1,5,15,2515,6.0,5.145913600921631,0.9279279279279279,1.0
pc1,Random Search,24,1775661442,4.648648648648649,2,3,3,2515,6.0,7.6929545402526855,0.9369369369369369,1.0
pc1,"GA (NSGA-II, archived)",24,1388152880,4.63963963963964,1,3,3,2539,6.0,4.249202013015747,0.9279279279279279,1.0
pc1,CART (ccp path),24,491846023,4.63963963963964,1,12,12,0,6.0,0.165022611618042,0.9279279279279279,1.0
pc1,GA (NSGA-II),25,201271210,13.918918918918918,1,3,5,2524,16.0,6.326662063598633,0.9279279279279279,1.0
pc1,Random Search,25,2116876379,13.927927927927927,2,3,3,2524,16.0,7.0924928188323975,0.9369369369369369,1.0
pc1,"GA (NSGA-II, archived)",25,606879034,13.918918918918918,1,3,3,2504,16.0,4.040479421615601,0.9279279279279279,1.0
pc1,CART (ccp path),25,249219799,13.918918918918918,1,12,12,0,16.0,0.12262797355651855,0.9279279279279279,1.0
pc1,GA (NSGA-II),26,1941377830,17.63063063063063,1,2,8,2529,20.0,4.039311408996582,0.9279279279279279,1.0
pc1,Random Search,26,560941051,17.63063063063063,1,2,2,2529,20.0,7.35747218132019,0.9279279279279279,1.0
pc1,"GA (NSGA-II, archived)",26,171388592,17.63063063063063,1,2,2,2571,20.0,4.574799060821533,0.9279279279279279,1.0
pc1,CART (ccp path),26,1280575968,17.7027027027027,3,12,12,0,20.0,0.1507556438446045,0.9459459459459459,1.0
pc1,GA (NSGA-II),27,1827932747,10.333333333333332,2,2,2,2518,12.0,6.1533613204956055,0.9459459459459459,1.0
pc1,Random Search,27,152718016,10.207207207207206,1,2,2,2518,12.0,7.3122718334198,0.9279279279279279,1.0
pc1,"GA (NSGA-II, archived)",27,1712953204,10.207207207207206,1,2,2,2551,12.0,3.9542813301086426,0.9279279279279279,1.0
pc1,CART (ccp path),27,171662146,10.234234234234233,2,12,12,0,12.0,0.14744806289672852,0.954954954954955,1.0
pc1,GA (NSGA-II),28,1115928917,12.063063063063062,1,2,2,2492,14.0,4.6930928230285645,0.9279279279279279,1.0
pc1,Random Search,28,213210422,12.063063063063062,1,4,4,2492,14.0,7.503236532211304,0.9279279279279279,1.0
pc1,"GA (NSGA-II, archived)",28,352812140,12.063063063063062,1,2,2,2557,14.0,4.184380769729614,0.9279279279279279,1.0
pc1,CART (ccp path),28,763328109,12.072072072072071,2,12,12,0,14.0,0.13903379440307617,0.9369369369369369,1.0
pc1,GA (NSGA-II),29,1672198825,12.162162162162161,2,2,6,2529,14.0,5.98516321182251,0.9369369369369369,1.0
pc1,Random Search,29,380982779,12.162162162162161,2,3,3,2529,14.0,7.458848237991333,0.9369369369369369,1.0
pc1,"GA (NSGA-II, archived)",29,809687576,12.162162162162161,2,3,3,2564,14.0,4.43342924118042,0.9369369369369369,1.0
pc1,CART (ccp path),29,1611021306,12.162162162162161,3,12,12,0,14.0,0.1352078914642334,0.954954954954955,1.0
pc1,GA (NSGA-II),30,154730972,14.145454545454546,2,3,80,2608,16.0,4.526129484176636,0.9454545454545454,1.0
pc1,Random Search,30,1702680323,14.163636363636364,2,2,2,2608,16.0,7.398372411727905,0.9454545454545454,1.0
pc1,"GA (NSGA-II, archived)",30,58110205,14.163636363636364,2,2,2,2518,16.0,4.167906045913696,0.9454545454545454,1.0
pc1,CART (ccp path),30,340092749,14.054545454545456,2,12,12,0,16.0,0.15088343620300293,0.9454545454545454,1.0
banknote,GA (NSGA-II),1,240552932,24.34057971014493,5,6,6,2578,28.0,8.911695718765259,0.9492753623188406,1.0
banknote,Random Search,1,2061836260,22.985507246376812,5,7,7,2578,28.0,8.1151762008667,0.9130434782608695,1.0
banknote,"GA (NSGA-II, archived)",1,254389707,24.007246376811597,5,8,8,2502,28.0,6.646317481994629,0.9492753623188406,1.0
banknote,CART (ccp path),1,1774718963,23.81159420289855,6,12,12,0,28.0,0.058241844177246094,0.9710144927536232,1.0
banknote,GA (NSGA-II),2,1502872231,32.64492753623188,4,8,15,2570,38.0,6.392025709152222,0.9057971014492754,1.0
banknote,Random Search,2,2097953418,33.55797101449276,3,5,5,2570,38.0,8.053344488143921,0.9492753623188406,1.0
banknote,"GA (NSGA-II, archived)",2,1860505727,33.826086956521735,5,5,5,2537,38.0,8.42909550666809,0.9420289855072463,1.0
banknote,CART (ccp path),2,504060924,33.02173913043478,7,12,12,0,38.0,0.06765508651733398,0.9927536231884058,1.0
banknote,GA (NSGA-II),3,1927870303,39.54744525547446,7,10,12,2590,44.0,6.202338933944702,0.948905109489051,1.0
banknote,Random Search,3,693146526,38.02919708029197,6,6,6,2590,44.0,8.271065473556519,0.948905109489051,1.0
banknote,"GA (NSGA-II, archived)",3,1560773528,38.48175182481752,5,10,10,2527,44.0,6.89769172668457,0.9197080291970803,1.0
banknote,CART (ccp path),3,148467754,39.35766423357664,6,12,12,0,44.0,0.057384490966796875,0.9781021897810219,1.0
banknote,GA (NSGA-II),4,1646551599,28.54014598540146,3,10,10,2530,34.0,7.981831073760986,0.8905109489051095,1.0
banknote,Random Search,4,639917341,28.211678832116792,6,8,8,2530,34.0,6.909907817840576,0.9416058394160584,1.0
banknote,"GA (NSGA-II, archived)",4,342563577,28.138686131386866,5,5,5,2584,34.0,5.2402753829956055,0.8832116788321168,1.0
banknote,CART (ccp path),4,1209986524,28.72262773722628,8,12,12,0,34.0,0.049683332443237305,0.9708029197080292,1.0
banknote,GA (NSGA-II),5,1851444938,35.598540145985396,4,5,6,2547,40.0,5.3921544551849365,0.9416058394160584,1.0
banknote,Random Search,5,436195983,35.11678832116788,5,6,6,2547,40.0,6.867126703262329,0.9562043795620438,1.0
banknote,"GA (NSGA-II, archived)",5,105614849,34.43795620437955,4,5,5,2567,40.0,5.109642028808594,0.9051094890510949,1.0
banknote,CART (ccp path),5,1660911442,36.27737226277372,6,12,12,0,40.0,0.0494687557220459,0.9927007299270073,1.0
banknote,GA (NSGA-II),6,2138497474,26.576642335766422,4,5,8,2531,30.0,6.664475679397583,0.9562043795620438,1.0
banknote,Random Search,6,1252428771,26.824817518248175,5,6,6,2531,30.0,7.28715968132019,0.9708029197080292,1.0
banknote,"GA (NSGA-II, archived)",6,1246623026,26.72262773722628,4,8,8,2582,30.0,5.292189598083496,0.9562043795620438,1.0
banknote,CART (ccp path),6,2138592805,26.51094890510949,5,12,12,0,30.0,0.054007768630981445,0.9927007299270073,1.0
banknote,GA (NSGA-II),7,1226571279,31.48175182481752,5,8,9,2583,36.0,5.334107160568237,0.9416058394160584,1.0
banknote,Random Search,7,1449723480,30.927007299270077,6,10,10,2583,36.0,6.807513475418091,0.9416058394160584,1.0
banknote,"GA (NSGA-II, archived)",7,771297628,31.832116788321166,4,5,5,2613,36.0,7.100430250167847,0.9416058394160584,1.0
banknote,CART (ccp path),7,1675647634,31.956204379562045,7,12,12,0,36.0,0.05219078063964844,0.9927007299270073,1.0
banknote,GA (NSGA-II),8,1643306056,39.737226277372265,4,6,7,2475,46.0,4.898189544677734,0.9051094890510949,1.0
banknote,Random Search,8,1759570043,37.729927007299274,4,7,7,2475,46.0,6.253738164901733,0.8832116788321168,1.0
banknote,"GA (NSGA-II, archived)",8,1927316320,39.86131386861314,6,7,7,2542,46.0,5.217029094696045,0.9124087591240876,1.0
banknote,CART (ccp path),8,1691207440,40.072992700729934,6,12,12,0,46.0,0.05270862579345703,0.948905109489051,1.0
banknote,GA (NSGA-II),9,648975908,38.65693430656935,4,11,16,2596,44.0,5.082508087158203,0.9197080291970803,1.0
banknote,Random Search,9,1220439320,38.42335766423358,5,7,7,2596,44.0,6.8961122035980225,0.9343065693430657,1.0
banknote,"GA (NSGA-II, archived)",9,134721995,39.74452554744526,4,8,8,2575,44.0,7.974174499511719,0.9562043795620438,1.0
banknote,CART (ccp path),9,872730148,39.95620437956204,6,12,12,0,44.0,0.052420854568481445,0.9927007299270073,1.0
banknote,GA (NSGA-II),10,1381391640,39.78102189781022,6,9,12,2530,44.0,4.718217849731445,0.9635036496350365,1.0
banknote,Random Search,10,232474122,36.67883211678832,5,7,7,2530,44.0,6.252815008163452,0.927007299270073,1.0
banknote,"GA (NSGA-II, archived)",10,119745964,38.824817518248175,4,4,4,2560,44.0,4.63790225982666,0.927007299270073,1.0
banknote,CART (ccp path),10,415990668,39.627737226277375,7,12,12,0,44.0,0.04887080192565918,0.9854014598540146,1.0
banknote,GA (NSGA-II),11,1318115108,28.094202898550723,4,8,13,2530,32.0,4.953577280044556,0.9347826086956522,1.0
banknote,Random Search,11,539614704,27.956521739130434,5,6,6,2530,32.0,6.4203715324401855,0.9565217391304348,1.0
banknote,"GA (NSGA-II, archived)",11,1414382354,28.369565217391305,6,6,6,2553,32.0,7.257709980010986,0.9492753623188406,1.0
banknote,CART (ccp path),11,653516385,28.05797101449275,6,12,12,0,32.0,0.05058097839355469,0.9855072463768116,1.0
banknote,GA (NSGA-II),12,922037807,31.840579710144926,4,8,10,2560,38.0,4.887696743011475,0.8840579710144928,1.0
banknote,Random Search,12,1899387452,32.91304347826087,5,6,6,2560,38.0,6.174617052078247,0.927536231884058,1.0
banknote,"GA (NSGA-II, archived)",12,62878359,33.88405797101449,7,10,10,2549,38.0,5.534534931182861,0.9565217391304348,1.0
banknote,CART (ccp path),12,2050455737,32.992753623188406,6,12,12,0,38.0,0.05243563652038574,0.9927536231884058,1.0
banknote,GA (NSGA-II),13,1432726612,26.62773722627737,4,9,11,2575,30.0,5.58060622215271,0.9635036496350365,1.0
banknote,Random Search,13,1093107063,26.21167883211679,5,7,7,2575,30.0,7.887227535247803,0.9708029197080292,1.0
banknote,"GA (NSGA-II, archived)",13,1489753822,26.277372262773724,7,8,8,2495,30.0,5.299556255340576,0.9635036496350365,1.0
banknote,CART (ccp path),13,330113684,26.226277372262775,7,12,12,0,30.0,0.05088043212890625,0.9854014598540146,1.0
banknote,GA (NSGA-II),14,1073239919,34.04379562043795,4,11,12,2585,38.0,4.258047580718994,0.948905109489051,1.0
banknote,Random Search,14,1214540673,33.043795620437955,4,6,6,2585,38.0,6.204298734664917,0.9416058394160584,1.0
banknote,"GA (NSGA-II, archived)",14,1932614984,34.39416058394161,5,6,6,2581,38.0,5.845916032791138,0.9635036496350365,1.0
banknote,CART (ccp path),14,411410196,34.445255474452566,7,12,12,0,38.0,0.05298304557800293,1.0,1.0
banknote,GA (NSGA-II),15,1309598134,28.204379562043798,5,7,16,2559,32.0,5.33915376663208,0.948905109489051,1.0
banknote,Random Search,15,1375533709,26.802919708029197,4,8,8,2559,32.0,7.68155837059021,0.9635036496350365,1.0
banknote,"GA (NSGA-II, archived)",15,1298594602,27.40875912408759,7,10,10,2508,32.0,5.0706377029418945,0.9416058394160584,1.0
banknote,CART (ccp path),15,591777100,27.54014598540146,6,12,12,0,32.0,0.05162358283996582,0.9708029197080292,1.0
banknote,GA (NSGA-II),16,1651265075,25.59124087591241,4,5,5,2593,30.0,5.098780393600464,0.9197080291970803,1.0
banknote,Random Search,16,665666549,24.89051094890511,7,9,9,2593,30.0,6.510661363601685,0.948905109489051,1.0
banknote,"GA (NSGA-II, archived)",16,1777629896,25.43795620437956,4,6,6,2574,30.0,5.191623687744141,0.9124087591240876,1.0
banknote,CART (ccp path),16,472214199,25.31386861313868,7,12,12,0,30.0,0.04871177673339844,0.9927007299270073,1.0
banknote,GA (NSGA-II),17,171331855,27.62043795620438,4,7,7,2540,32.0,4.9055140018463135,0.9197080291970803,1.0
banknote,Random Search,17,1246202716,27.48905109489051,5,8,8,2540,32.0,7.978959798812866,0.9635036496350365,1.0
banknote,"GA (NSGA-II, archived)",17,1538030947,27.40875912408759,4,5,5,2540,32.0,4.381814002990723,0.9124087591240876,1.0
banknote,CART (ccp path),17,1040779744,27.32846715328467,7,12,12,0,32.0,0.054676055908203125,0.9781021897810219,1.0
banknote,GA (NSGA-II),18,152503121,44.86861313868613,5,10,11,2590,48.0,4.923028945922852,0.9854014598540146,1.0
banknote,Random Search,18,1735204593,41.8905109489051,6,8,8,2590,48.0,6.393484830856323,0.9562043795620438,1.0
banknote,"GA (NSGA-II, archived)",18,664783649,42.21897810218978,4,7,7,2568,48.0,5.144352436065674,0.9197080291970803,1.0
banknote,CART (ccp path),18,776311592,44.058394160583944,6,12,12,0,48.0,0.044817447662353516,0.9927007299270073,1.0
banknote,GA (NSGA-II),19,908624813,44.52554744525547,5,6,6,2520,50.0,4.992062568664551,0.9343065693430657,1.0
banknote,Random Search,19,729014258,42.8905109489051,7,8,8,2520,50.0,8.300074100494385,0.9343065693430657,1.0
banknote,"GA (NSGA-II, archived)",19,418178744,43.5985401459854,6,7,7,2538,50.0,4.836146831512451,0.927007299270073,1.0
banknote,CART (ccp path),19,1821223917,44.44525547445255,7,12,12,0,50.0,0.05921602249145508,0.9562043795620438,1.0
banknote,GA (NSGA-II),20,314971596,33.99270072992701,5,5,6,2590,38.0,5.808678388595581,0.9562043795620438,1.0
banknote,Random Search,20,716349496,33.71532846715328,3,6,6,2590,38.0,6.543988466262817,0.9416058394160584,1.0
banknote,"GA (NSGA-II, archived)",20,1056828531,32.810218978102185,5,7,7,2558,38.0,5.136385202407837,0.9124087591240876,1.0
banknote,CART (ccp path),20,1936745392,34.0,7,12,12,0,38.0,0.061693668365478516,0.9927007299270073,1.0
banknote,GA (NSGA-II),21,1767136582,27.681159420289855,7,12,15,2545,32.0,4.894188642501831,0.9420289855072463,1.0
banknote,Random Search,21,1284043079,27.1231884057971,5,6,6,2545,32.0,7.970535039901733,0.9347826086956522,1.0
banknote,"GA (NSGA-II, archived)",21,1425707097,26.76086956521739,4,4,4,2557,32.0,4.448985815048218,0.8913043478260869,1.0
banknote,CART (ccp path),21,1627570975,27.21014492753623,6,12,12,0,32.0,0.05252504348754883,0.9927536231884058,1.0
banknote,GA (NSGA-II),22,117791390,12.949275362318838,4,7,8,2571,16.0,4.566758632659912,0.9492753623188406,1.0
banknote,Random Search,22,1068590793,12.86231884057971,4,5,5,2571,16.0,7.22985053062439,0.9637681159420289,1.0
banknote,"GA (NSGA-II, archived)",22,160752127,13.195652173913041,6,6,6,2586,16.0,5.1408257484436035,0.9637681159420289,1.0
banknote,CART (ccp path),22,836198034,12.731884057971016,4,12,12,0,16.0,0.04097723960876465,0.9782608695652174,1.0
banknote,GA (NSGA-II),23,792243013,26.05109489051095,5,9,14,2597,30.0,4.701314449310303,0.9416058394160584,1.0
banknote,Random Search,23,920420829,24.985401459854014,4,7,7,2597,30.0,8.147945880889893,0.927007299270073,1.0
banknote,"GA (NSGA-II, archived)",23,1498795648,25.27737226277372,5,7,7,2492,30.0,5.008719444274902,0.9124087591240876,1.0
banknote,CART (ccp path),23,837157665,25.9051094890511,7,12,12,0,30.0,0.051421403884887695,1.0,1.0
banknote,GA (NSGA-II),24,1129475521,31.934306569343065,5,8,14,2517,36.0,4.330634355545044,0.9416058394160584,1.0
banknote,Random Search,24,1086760801,30.642335766423358,5,7,7,2517,36.0,6.063788414001465,0.9051094890510949,1.0
banknote,"GA (NSGA-II, archived)",24,1109476718,31.284671532846716,5,5,5,2537,36.0,4.705127954483032,0.9197080291970803,1.0
banknote,CART (ccp path),24,668353158,31.846715328467155,7,12,12,0,36.0,0.05899405479431152,0.9854014598540146,1.0
banknote,GA (NSGA-II),25,800243782,25.67883211678832,5,5,6,2537,30.0,3.9002673625946045,0.9197080291970803,1.0
banknote,Random Search,25,1986628355,25.445255474452555,7,8,8,2537,30.0,7.7988691329956055,0.9635036496350365,1.0
banknote,"GA (NSGA-II, archived)",25,103453662,26.197080291970803,4,5,5,2532,30.0,4.468514442443848,0.9416058394160584,1.0
banknote,CART (ccp path),25,350509563,26.218978102189784,6,12,12,0,30.0,0.05278587341308594,0.9927007299270073,1.0
banknote,GA (NSGA-II),26,302579864,22.138686131386862,5,8,8,2548,26.0,4.731977701187134,0.927007299270073,1.0
banknote,Random Search,26,214046452,21.55474452554745,4,5,5,2548,26.0,6.475853681564331,0.9124087591240876,1.0
banknote,"GA (NSGA-II, archived)",26,341478084,21.88321167883211,7,8,8,2513,26.0,6.151193380355835,0.9343065693430657,1.0
banknote,CART (ccp path),26,1670146696,21.83941605839416,8,12,12,0,26.0,0.04537796974182129,0.9781021897810219,1.0
banknote,GA (NSGA-II),27,562321194,31.503649635036492,6,8,10,2530,36.0,5.3575358390808105,0.948905109489051,1.0
banknote,Random Search,27,905947859,29.77372262773722,6,8,8,2530,36.0,7.922199726104736,0.8978102189781022,1.0
banknote,"GA (NSGA-II, archived)",27,354889943,32.53284671532847,5,5,5,2572,36.0,6.441389083862305,0.9708029197080292,1.0
banknote,CART (ccp path),27,2088442568,31.83941605839416,8,12,12,0,36.0,0.05408930778503418,0.9927007299270073,1.0
banknote,GA (NSGA-II),28,1813835698,27.62043795620438,8,11,14,2588,32.0,5.1326682567596436,0.948905109489051,1.0
banknote,Random Search,28,850479035,26.722627737226276,4,7,7,2588,32.0,6.162770986557007,0.8978102189781022,1.0
banknote,"GA (NSGA-II, archived)",28,11433197,27.708029197080293,5,5,5,2540,32.0,4.542307615280151,0.9343065693430657,1.0
banknote,CART (ccp path),28,1210467247,27.55474452554745,6,12,12,0,32.0,0.04889202117919922,0.9854014598540146,1.0
banknote,GA (NSGA-II),29,2041877478,33.32116788321168,6,13,17,2517,38.0,4.583466291427612,0.9416058394160584,1.0
banknote,Random Search,29,252954904,32.24817518248175,5,7,7,2517,38.0,7.532512187957764,0.9197080291970803,1.0
banknote,"GA (NSGA-II, archived)",29,1446024554,33.737226277372265,6,6,6,2570,38.0,4.249340772628784,0.948905109489051,1.0
banknote,CART (ccp path),29,1491071745,33.17518248175182,6,12,12,0,38.0,0.05851030349731445,0.9854014598540146,1.0
banknote,GA (NSGA-II),30,101238891,27.89051094890511,3,9,10,2508,32.0,4.356680393218994,0.927007299270073,1.0
banknote,Random Search,30,724570366,27.788321167883208,4,6,6,2508,32.0,5.4033966064453125,0.927007299270073,1.0
banknote,"GA (NSGA-II, archived)",30,917885732,28.62773722627737,6,10,10,2499,32.0,5.026331901550293,0.9635036496350365,1.0
banknote,CART (ccp path),30,1321018771,27.51094890510949,6,12,12,0,32.0,0.0508730411529541,1.0,1.0
pc4,GA (NSGA-II),1,92351951,15.273972602739725,3,4,4,2563,18.0,4.806523561477661,0.9041095890410958,1.0
pc4,Random Search,1,1858594957,14.917808219178081,2,4,4,2563,18.0,8.150743007659912,0.8904109589041096,1.0
pc4,"GA (NSGA-II, archived)",1,530869223,14.993150684931507,2,2,2,2563,18.0,4.5841546058654785,0.8835616438356164,1.0
pc4,CART (ccp path),1,953047135,15.150684931506849,2,12,12,0,18.0,0.210235595703125,0.9041095890410958,1.0
pc4,GA (NSGA-II),2,381488992,11.698630136986301,2,3,3,2524,14.0,5.7937211990356445,0.9041095890410958,1.0
pc4,Random Search,2,1487173226,11.561643835616438,3,4,4,2524,14.0,6.572439908981323,0.9041095890410958,1.0
pc4,"GA (NSGA-II, archived)",2,1882282361,11.698630136986301,2,4,4,2551,14.0,3.835841417312622,0.9041095890410958,1.0
pc4,CART (ccp path),2,1970581617,11.568493150684931,2,12,12,0,14.0,0.17563796043395996,0.910958904109589,1.0
pc4,GA (NSGA-II),3,1527162424,9.84931506849315,3,6,7,2573,12.0,3.6671178340911865,0.9041095890410958,1.0
pc4,Random Search,3,1071391831,9.924657534246574,3,4,4,2573,12.0,7.022149085998535,0.910958904109589,1.0
pc4,"GA (NSGA-II, archived)",3,838640202,10.013698630136986,2,4,4,2523,12.0,4.165090560913086,0.9178082191780822,1.0
pc4,CART (ccp path),3,698924596,9.684931506849315,2,12,12,0,12.0,0.21450591087341309,0.9178082191780822,1.0
pc4,GA (NSGA-II),4,620298919,41.80821917808218,3,4,4,2558,48.0,5.827153921127319,0.8904109589041096,1.0
pc4,Random Search,4,413452275,42.31506849315068,3,6,6,2558,48.0,6.85815691947937,0.9041095890410958,1.0
pc4,"GA (NSGA-II, archived)",4,1644509827,41.49999999999999,2,3,3,2536,48.0,4.2392897605896,0.8835616438356164,1.0
pc4,CART (ccp path),4,156658399,42.15068493150684,4,12,12,0,48.0,0.18867778778076172,0.9178082191780822,1.0
pc4,GA (NSGA-II),5,16092921,7.9589041095890405,2,6,8,2553,10.0,3.901538610458374,0.8904109589041096,1.0
pc4,Random Search,5,1514618807,7.986301369863014,2,4,4,2553,10.0,6.666882514953613,0.8904109589041096,1.0
pc4,"GA (NSGA-II, archived)",5,1886138828,8.02054794520548,3,3,3,2509,10.0,4.207534313201904,0.8972602739726028,1.0
pc4,CART (ccp path),5,2115574534,7.910958904109589,2,12,12,0,10.0,0.17882323265075684,0.8972602739726028,1.0
pc4,GA (NSGA-II),6,1746155943,20.56849315068493,3,5,8,2529,24.0,4.6430158615112305,0.8972602739726028,1.0
pc4,Random Search,6,704118667,20.636986301369863,3,7,7,2529,24.0,8.453786373138428,0.910958904109589,1.0
pc4,"GA (NSGA-II, archived)",6,1931370781,20.595890410958905,2,3,3,2483,24.0,3.815293312072754,0.8972602739726028,1.0
pc4,CART (ccp path),6,765320197,20.45890410958904,3,12,12,0,24.0,0.1767280101776123,0.9246575342465754,1.0
pc4,GA (NSGA-II),7,1374948839,79.81506849315069,2,3,4,2514,90.0,3.9248788356781006,0.8972602739726028,1.0
pc4,Random Search,7,856656407,79.81506849315069,2,3,3,2514,90.0,6.33211612701416,0.8972602739726028,1.0
pc4,"GA (NSGA-II, archived)",7,1485685390,80.96575342465754,3,3,3,2545,90.0,4.01909327507019,0.910958904109589,1.0
pc4,CART (ccp path),7,1489996528,81.61643835616438,4,12,12,0,90.0,0.2009871006011963,0.9315068493150684,1.0
pc4,GA (NSGA-II),8,1126563698,9.643835616438356,1,3,4,2559,12.0,4.169361352920532,0.8767123287671232,1.0
pc4,Random Search,8,1033987006,9.767123287671232,2,5,5,2559,12.0,8.606234312057495,0.8904109589041096,1.0
pc4,"GA (NSGA-II, archived)",8,970029847,9.773972602739725,4,4,4,2517,12.0,3.767512798309326,0.8972602739726028,1.0
pc4,CART (ccp path),8,687116021,9.657534246575342,2,12,12,0,12.0,0.1929614543914795,0.8904109589041096,1.0
pc4,GA (NSGA-II),9,355549120,33.13103448275862,3,3,3,2546,38.0,3.637014389038086,0.896551724137931,1.0
pc4,Random Search,9,1138499056,33.09655172413793,3,7,7,2546,38.0,5.988011121749878,0.903448275862069,1.0
pc4,"GA (NSGA-II, archived)",9,1636626841,33.13103448275862,3,3,3,2533,38.0,3.9174351692199707,0.896551724137931,1.0
pc4,CART (ccp path),9,2134844304,33.37931034482759,3,12,12,0,38.0,0.168898344039917,0.9103448275862069,1.0
pc4,GA (NSGA-II),10,1430805006,9.83448275862069,2,3,3,2587,12.0,3.619433879852295,0.896551724137931,1.0
pc4,Random Search,10,634221441,9.855172413793104,2,4,4,2587,12.0,6.53548789024353,0.903448275862069,1.0
pc4,"GA (NSGA-II, archived)",10,193345977,9.882758620689655,3,3,3,2567,12.0,5.937344312667847,0.903448275862069,1.0
pc4,CART (ccp path),10,2064360180,9.73103448275862,2,12,12,0,12.0,0.18974971771240234,0.903448275862069,1.0
pc4,GA (NSGA-II),11,994890212,20.164383561643834,1,3,3,2542,24.0,3.7465627193450928,0.8767123287671232,1.0
pc4,Random Search,11,1377102905,20.164383561643834,1,3,3,2542,24.0,6.139930009841919,0.8767123287671232,1.0
pc4,"GA (NSGA-II, archived)",11,35853071,20.541095890410958,3,3,3,2564,24.0,4.025274276733398,0.8972602739726028,1.0
pc4,CART (ccp path),11,1233588736,20.273972602739725,3,12,12,0,24.0,0.17509961128234863,0.8904109589041096,1.0
pc4,GA (NSGA-II),12,648837908,13.595890410958903,2,3,3,2535,16.0,3.8087780475616455,0.910958904109589,1.0
pc4,Random Search,12,587084234,13.267123287671232,3,4,4,2535,16.0,6.049537897109985,0.910958904109589,1.0
pc4,"GA (NSGA-II, archived)",12,1624123508,13.671232876712327,3,4,4,2544,16.0,3.656585216522217,0.9178082191780822,1.0
pc4,CART (ccp path),12,26160090,13.356164383561643,2,12,12,0,16.0,0.19806265830993652,0.9178082191780822,1.0
pc4,GA (NSGA-II),13,2100281904,53.45890410958904,4,6,14,2553,60.0,5.412901878356934,0.910958904109589,1.0
pc4,Random Search,13,1275991806,51.9931506849315,2,4,4,2553,60.0,5.910435199737549,0.8835616438356164,1.0
pc4,"GA (NSGA-II, archived)",13,451177143,52.102739726027394,2,3,3,2487,60.0,3.59419584274292,0.8835616438356164,1.0
pc4,CART (ccp path),13,1162487047,53.16438356164384,5,12,12,0,60.0,0.18567371368408203,0.9178082191780822,1.0
pc4,GA (NSGA-II),14,1127731723,42.08904109589041,2,6,15,2571,48.0,3.635237455368042,0.8972602739726028,1.0
pc4,Random Search,14,656250223,41.91095890410959,3,6,6,2571,48.0,6.802563190460205,0.8972602739726028,1.0
pc4,"GA (NSGA-II, archived)",14,2124262918,41.20547945205479,1,2,2,2531,48.0,3.8143112659454346,0.8767123287671232,1.0
pc4,CART (ccp path),14,564158880,41.41780821917808,3,12,12,0,48.0,0.1875448226928711,0.8972602739726028,1.0
pc4,GA (NSGA-II),15,1021873446,43.92465753424658,2,6,7,2521,50.0,3.5210275650024414,0.8972602739726028,1.0
pc4,Random Search,15,243154629,43.6027397260274,2,4,4,2521,50.0,7.702317476272583,0.8904109589041096,1.0
pc4,"GA (NSGA-II, archived)",15,571540700,43.28082191780822,2,3,3,2511,50.0,3.8504133224487305,0.8835616438356164,1.0
pc4,CART (ccp path),15,974329890,42.965753424657535,2,12,12,0,50.0,0.17734718322753906,0.8835616438356164,1.0
pc4,GA (NSGA-II),16,664877309,19.02054794520548,3,5,10,2502,22.0,3.896544933319092,0.910958904109589,1.0
pc4,Random Search,16,79784756,19.136986301369863,3,5,5,2502,22.0,6.092106342315674,0.9178082191780822,1.0
pc4,"GA (NSGA-II, archived)",16,404858596,18.527397260273972,2,2,2,2593,22.0,3.753217935562134,0.8835616438356164,1.0
pc4,CART (ccp path),16,1606142419,18.794520547945204,3,12,12,0,22.0,0.19298052787780762,0.9178082191780822,1.0
pc4,GA (NSGA-II),17,515120155,22.54794520547945,2,5,6,2574,26.0,3.8131227493286133,0.9041095890410958,1.0
pc4,Random Search,17,2048798571,22.397260273972602,3,4,4,2574,26.0,5.775724649429321,0.9041095890410958,1.0
pc4,"GA (NSGA-II, archived)",17,881485930,22.835616438356166,3,4,4,2545,26.0,5.698209524154663,0.9178082191780822,1.0
pc4,CART (ccp path),17,1872475257,22.383561643835616,2,12,12,0,26.0,0.1766514778137207,0.9041095890410958,1.0
pc4,GA (NSGA-II),18,1557399984,42.95890410958904,1,3,3,2599,50.0,3.5518085956573486,0.8767123287671232,1.0
pc4,Random Search,18,841035533,42.95890410958904,1,5,5,2599,50.0,6.041127920150757,0.8767123287671232,1.0
pc4,"GA (NSGA-II, archived)",18,470127054,43.26712328767123,2,3,3,2545,50.0,3.7165558338165283,0.8835616438356164,1.0
pc4,CART (ccp path),18,952177915,43.321917808219176,4,12,12,0,50.0,0.19778180122375488,0.8972602739726028,1.0
pc4,GA (NSGA-II),19,1555040059,19.062068965517245,2,6,21,2484,22.0,3.6516456604003906,0.9103448275862069,1.0
pc4,Random Search,19,468936015,18.77241379310345,2,5,5,2484,22.0,6.084848642349243,0.896551724137931,1.0
pc4,"GA (NSGA-II, archived)",19,1809778672,18.73103448275862,3,4,4,2546,22.0,3.632512331008911,0.896551724137931,1.0
pc4,CART (ccp path),19,1384014380,18.772413793103453,3,12,12,0,22.0,0.19547343254089355,0.9103448275862069,1.0
pc4,GA (NSGA-II),20,1152774144,13.510344827586207,2,3,3,2559,16.0,5.337581634521484,0.903448275862069,1.0
pc4,Random Search,20,749786736,13.324137931034482,3,5,5,2559,16.0,5.64289665222168,0.9103448275862069,1.0
pc4,"GA (NSGA-II, archived)",20,853366726,13.331034482758621,2,2,2,2639,16.0,4.1512579917907715,0.8896551724137931,1.0
pc4,CART (ccp path),20,1528436907,13.434482758620689,2,12,12,0,16.0,0.22596311569213867,0.9103448275862069,1.0
pc4,GA (NSGA-II),21,334589005,9.691780821917808,2,5,7,2583,12.0,4.281168222427368,0.8835616438356164,1.0
pc4,Random Search,21,1342612876,9.643835616438356,1,3,3,2583,12.0,5.972527265548706,0.8767123287671232,1.0
pc4,"GA (NSGA-II, archived)",21,176073625,9.73972602739726,2,3,3,2522,12.0,3.6864027976989746,0.8904109589041096,1.0
pc4,CART (ccp path),21,1439394998,9.664383561643834,2,12,12,0,12.0,0.19437408447265625,0.8972602739726028,1.0
pc4,GA (NSGA-II),22,601668049,7.993150684931507,3,11,24,2569,10.0,3.9314842224121094,0.8972602739726028,1.0
pc4,Random Search,22,1541677312,7.938356164383562,2,5,5,2569,10.0,7.916239500045776,0.8835616438356164,1.0
pc4,"GA (NSGA-II, archived)",22,863327725,7.986301369863014,2,6,6,2529,10.0,4.242528676986694,0.8904109589041096,1.0
pc4,CART (ccp path),22,343338559,7.897260273972602,2,12,12,0,10.0,0.20085501670837402,0.8835616438356164,1.0
pc4,GA (NSGA-II),23,42000183,18.876712328767123,2,3,3,2592,22.0,3.648949146270752,0.9041095890410958,1.0
pc4,Random Search,23,2042133508,18.493150684931507,2,4,4,2592,22.0,7.170356035232544,0.9041095890410958,1.0
pc4,"GA (NSGA-II, archived)",23,586006527,19.061643835616437,2,5,5,2532,22.0,3.8684616088867188,0.910958904109589,1.0
pc4,CART (ccp path),23,1916501738,18.719178082191778,3,12,12,0,22.0,0.17870354652404785,0.910958904109589,1.0
pc4,GA (NSGA-II),24,376362955,11.616438356164384,3,4,7,2561,14.0,4.471132040023804,0.9041095890410958,1.0
pc4,Random Search,24,223806231,11.63013698630137,3,3,3,2561,14.0,7.9053637981414795,0.9041095890410958,1.0
pc4,"GA (NSGA-II, archived)",24,1714541655,11.472602739726026,2,2,2,2550,14.0,3.408874750137329,0.8835616438356164,1.0
pc4,CART (ccp path),24,421806082,11.5,2,12,12,0,14.0,0.1945502758026123,0.910958904109589,1.0
pc4,GA (NSGA-II),25,1797567251,8.054794520547945,3,4,5,2517,10.0,3.466106414794922,0.9041095890410958,1.0
pc4,Random Search,25,1333727374,8.034246575342467,2,3,3,2517,10.0,5.793783903121948,0.8972602739726028,1.0
pc4,"GA (NSGA-II, archived)",25,1001111950,8.178082191780822,2,4,4,2514,10.0,4.021220445632935,0.9178082191780822,1.0
pc4,CART (ccp path),25,411946499,7.931506849315068,2,12,12,0,10.0,0.1916656494140625,0.9178082191780822,1.0
pc4,GA (NSGA-II),26,296828776,22.34931506849315,2,3,4,2571,26.0,3.478180170059204,0.8972602739726028,1.0
pc4,Random Search,26,644360515,22.212328767123285,3,5,5,2571,26.0,6.1268150806427,0.910958904109589,1.0
pc4,"GA (NSGA-II, archived)",26,1450899981,21.91780821917808,1,3,3,2550,26.0,3.335542917251587,0.8767123287671232,1.0
pc4,CART (ccp path),26,404908913,22.45890410958904,3,12,12,0,26.0,0.21085667610168457,0.9383561643835616,1.0
pc4,GA (NSGA-II),27,264286548,7.938356164383562,2,4,6,2595,10.0,5.485972166061401,0.8835616438356164,1.0
pc4,Random Search,27,1171474289,7.938356164383562,2,4,4,2595,10.0,6.346608638763428,0.8835616438356164,1.0
pc4,"GA (NSGA-II, archived)",27,44563856,7.938356164383562,2,3,3,2532,10.0,3.3935587406158447,0.8835616438356164,1.0
pc4,CART (ccp path),27,882513129,7.904109589041095,2,12,12,0,10.0,0.1630859375,0.8904109589041096,1.0
pc4,GA (NSGA-II),28,2025347270,17.23972602739726,2,5,6,2523,20.0,3.832077741622925,0.910958904109589,1.0
pc4,Random Search,28,998931964,17.226027397260275,3,3,3,2523,20.0,6.495262861251831,0.910958904109589,1.0
pc4,"GA (NSGA-II, archived)",28,341427722,16.65753424657534,1,2,2,2585,20.0,3.8160085678100586,0.8767123287671232,1.0
pc4,CART (ccp path),28,595038156,16.897260273972602,3,12,12,0,20.0,0.19124078750610352,0.910958904109589,1.0
pc4,GA (NSGA-II),29,1326932201,11.586206896551724,3,3,3,2554,14.0,3.962859630584717,0.896551724137931,1.0
pc4,Random Search,29,166026527,11.641379310344828,3,5,5,2554,14.0,7.937966585159302,0.9103448275862069,1.0
pc4,"GA (NSGA-II, archived)",29,1400946081,11.813793103448276,3,3,3,2607,14.0,3.8975367546081543,0.9172413793103448,1.0
pc4,CART (ccp path),29,2102714904,11.613793103448277,2,12,12,0,14.0,0.16182947158813477,0.9103448275862069,1.0
pc4,GA (NSGA-II),30,635214384,23.834482758620688,1,2,2,2581,28.0,3.522489547729492,0.8827586206896552,1.0
pc4,Random Search,30,2117939398,23.834482758620688,1,2,2,2581,28.0,5.974084138870239,0.8827586206896552,1.0
pc4,"GA (NSGA-II, archived)",30,1262895065,24.151724137931033,2,4,4,2540,28.0,3.401308059692383,0.896551724137931,1.0
pc4,CART (ccp path),30,1652618181,24.103448275862068,3,12,12,0,28.0,0.18683981895446777,0.9310344827586207,1.0
