dataset,method,fold,accuracy,nodes
dresses_sales,GA (NSGA-II),1,0.58,1.0
dresses_sales,GA (NSGA-II),1,0.62,3.0
dresses_sales,GA (NSGA-II),1,0.64,5.0
dresses_sales,Random Search,1,0.58,1.0
dresses_sales,Random Search,1,0.62,3.0
dresses_sales,"GA (NSGA-II, archived)",1,0.58,1.0
dresses_sales,"GA (NSGA-II, archived)",1,0.6,11.0
dresses_sales,CART (ccp path),1,0.58,1.0
dresses_sales,CART (ccp path),1,0.62,19.0
dresses_sales,CART (ccp path),1,0.64,49.0
dresses_sales,GA (NSGA-II),2,0.58,1.0
dresses_sales,GA (NSGA-II),2,0.6,3.0
dresses_sales,Random Search,2,0.58,1.0
dresses_sales,Random Search,2,0.62,3.0
dresses_sales,Random Search,2,0.64,37.0
dresses_sales,"GA (NSGA-II, archived)",2,0.58,1.0
dresses_sales,"GA (NSGA-II, archived)",2,0.62,3.0
dresses_sales,CART (ccp path),2,0.58,1.0
dresses_sales,CART (ccp path),2,0.66,35.0
dresses_sales,GA (NSGA-II),3,0.58,1.0
dresses_sales,GA (NSGA-II),3,0.64,3.0
dresses_sales,GA (NSGA-II),3,0.7,5.0
dresses_sales,Random Search,3,0.58,1.0
dresses_sales,Random Search,3,0.64,3.0
dresses_sales,Random Search,3,0.7,5.0
dresses_sales,"GA (NSGA-II, archived)",3,0.58,1.0
dresses_sales,"GA (NSGA-II, archived)",3,0.64,3.0
dresses_sales,"GA (NSGA-II, archived)",3,0.66,5.0
dresses_sales,CART (ccp path),3,0.58,1.0
dresses_sales,GA (NSGA-II),4,0.58,1.0
dresses_sales,GA (NSGA-II),4,0.6,3.0
dresses_sales,GA (NSGA-II),4,0.62,9.0
dresses_sales,Random Search,4,0.58,1.0
dresses_sales,Random Search,4,0.64,15.0
dresses_sales,"GA (NSGA-II, archived)",4,0.58,1.0
dresses_sales,CART (ccp path),4,0.58,1.0
dresses_sales,CART (ccp path),4,0.6,101.0
dresses_sales,GA (NSGA-II),5,0.58,1.0
dresses_sales,GA (NSGA-II),5,0.6,3.0
dresses_sales,GA (NSGA-II),5,0.62,7.0
dresses_sales,Random Search,5,0.58,1.0
dresses_sales,"GA (NSGA-II, archived)",5,0.58,1.0
dresses_sales,CART (ccp path),5,0.58,1.0
dresses_sales,CART (ccp path),5,0.6,9.0
dresses_sales,GA (NSGA-II),6,0.58,1.0
dresses_sales,GA (NSGA-II),6,0.6,3.0
dresses_sales,GA (NSGA-II),6,0.64,5.0
dresses_sales,Random Search,6,0.58,1.0
dresses_sales,Random Search,6,0.62,21.0
dresses_sales,"GA (NSGA-II, archived)",6,0.58,1.0
dresses_sales,"GA (NSGA-II, archived)",6,0.6,3.0
dresses_sales,CART (ccp path),6,0.58,1.0
dresses_sales,GA (NSGA-II),7,0.58,1.0
dresses_sales,GA (NSGA-II),7,0.6,3.0
dresses_sales,Random Search,7,0.58,1.0
dresses_sales,Random Search,7,0.6,3.0
dresses_sales,"GA (NSGA-II, archived)",7,0.58,1.0
dresses_sales,"GA (NSGA-II, archived)",7,0.62,3.0
dresses_sales,CART (ccp path),7,0.58,1.0
dresses_sales,CART (ccp path),7,0.6,119.0
dresses_sales,GA (NSGA-II),8,0.58,1.0
dresses_sales,GA (NSGA-II),8,0.66,3.0
dresses_sales,Random Search,8,0.58,1.0
dresses_sales,Random Search,8,0.6,5.0
dresses_sales,"GA (NSGA-II, archived)",8,0.58,1.0
dresses_sales,"GA (NSGA-II, archived)",8,0.62,5.0
dresses_sales,CART (ccp path),8,0.58,1.0
dresses_sales,CART (ccp path),8,0.62,33.0
dresses_sales,GA (NSGA-II),9,0.58,1.0
dresses_sales,GA (NSGA-II),9,0.6,3.0
dresses_sales,GA (NSGA-II),9,0.62,7.0
dresses_sales,Random Search,9,0.58,1.0
dresses_sales,Random Search,9,0.6,3.0
dresses_sales,Random Search,9,0.64,31.0
dresses_sales,"GA (NSGA-II, archived)",9,0.58,1.0
dresses_sales,"GA (NSGA-II, archived)",9,0.6,3.0
dresses_sales,"GA (NSGA-II, archived)",9,0.66,7.0
dresses_sales,CART (ccp path),9,0.58,1.0
dresses_sales,CART (ccp path),9,0.6,67.0
dresses_sales,CART (ccp path),9,0.62,125.0
dresses_sales,GA (NSGA-II),10,0.58,1.0
dresses_sales,GA (NSGA-II),10,0.66,5.0
dresses_sales,GA (NSGA-II),10,0.7,7.0
dresses_sales,Random Search,10,0.58,1.0
dresses_sales,Random Search,10,0.66,3.0
dresses_sales,Random Search,10,0.74,35.0
dresses_sales,"GA (NSGA-II, archived)",10,0.58,1.0
dresses_sales,"GA (NSGA-II, archived)",10,0.62,5.0
dresses_sales,"GA (NSGA-II, archived)",10,0.68,7.0
dresses_sales,CART (ccp path),10,0.58,1.0
dresses_sales,CART (ccp path),10,0.66,15.0
dresses_sales,GA (NSGA-II),11,0.58,1.0
dresses_sales,GA (NSGA-II),11,0.6,3.0
dresses_sales,GA (NSGA-II),11,0.64,5.0
dresses_sales,GA (NSGA-II),11,0.66,7.0
dresses_sales,Random Search,11,0.58,1.0
dresses_sales,Random Search,11,0.6,7.0
dresses_sales,"GA (NSGA-II, archived)",11,0.58,1.0
dresses_sales,"GA (NSGA-II, archived)",11,0.64,3.0
dresses_sales,"GA (NSGA-II, archived)",11,0.74,7.0
dresses_sales,CART (ccp path),11,0.58,1.0
dresses_sales,GA (NSGA-II),12,0.58,1.0
dresses_sales,Random Search,12,0.58,1.0
dresses_sales,"GA (NSGA-II, archived)",12,0.58,1.0
dresses_sales,"GA (NSGA-II, archived)",12,0.64,3.0
dresses_sales,"GA (NSGA-II, archived)",12,0.68,5.0
dresses_sales,"GA (NSGA-II, archived)",12,0.7,7.0
dresses_sales,CART (ccp path),12,0.58,1.0
dresses_sales,CART (ccp path),12,0.66,19.0
dresses_sales,CART (ccp path),12,0.74,37.0
dresses_sales,GA (NSGA-II),13,0.58,1.0
dresses_sales,GA (NSGA-II),13,0.6,3.0
dresses_sales,Random Search,13,0.58,1.0
dresses_sales,Random Search,13,0.64,5.0
dresses_sales,Random Search,13,0.68,15.0
dresses_sales,"GA (NSGA-II, archived)",13,0.58,1.0
dresses_sales,CART (ccp path),13,0.58,1.0
dresses_sales,GA (NSGA-II),14,0.58,1.0
dresses_sales,GA (NSGA-II),14,0.6,3.0
dresses_sales,GA (NSGA-II),14,0.66,5.0
dresses_sales,Random Search,14,0.58,1.0
dresses_sales,Random Search,14,0.62,19.0
dresses_sales,"GA (NSGA-II, archived)",14,0.58,1.0
dresses_sales,CART (ccp path),14,0.58,1.0
dresses_sales,GA (NSGA-II),15,0.58,1.0
dresses_sales,GA (NSGA-II),15,0.64,5.0
dresses_sales,GA (NSGA-II),15,0.66,7.0
dresses_sales,Random Search,15,0.58,1.0
dresses_sales,Random Search,15,0.62,3.0
dresses_sales,Random Search,15,0.64,17.0
dresses_sales,"GA (NSGA-II, archived)",15,0.58,1.0
dresses_sales,"GA (NSGA-II, archived)",15,0.6,5.0
dresses_sales,"GA (NSGA-II, archived)",15,0.62,7.0
dresses_sales,CART (ccp path),15,0.58,1.0
dresses_sales,CART (ccp path),15,0.64,13.0
dresses_sales,GA (NSGA-II),16,0.58,1.0
dresses_sales,GA (NSGA-II),16,0.62,5.0
dresses_sales,Random Search,16,0.58,1.0
dresses_sales,Random Search,16,0.6,9.0
dresses_sales,Random Search,16,0.66,21.0
dresses_sales,"GA (NSGA-II, archived)",16,0.58,1.0
dresses_sales,"GA (NSGA-II, archived)",16,0.66,5.0
dresses_sales,CART (ccp path),16,0.58,1.0
dresses_sales,GA (NSGA-II),17,0.58,1.0
dresses_sales,GA (NSGA-II),17,0.6,3.0
dresses_sales,GA (NSGA-II),17,0.66,5.0
dresses_sales,Random Search,17,0.58,1.0
dresses_sales,Random Search,17,0.6,3.0
dresses_sales,"GA (NSGA-II, archived)",17,0.58,1.0
dresses_sales,"GA (NSGA-II, archived)",17,0.6,3.0
dresses_sales,"GA (NSGA-II, archived)",17,0.62,9.0
dresses_sales,CART (ccp path),17,0.58,1.0
dresses_sales,CART (ccp path),17,0.6,11.0
dresses_sales,CART (ccp path),17,0.62,29.0
dresses_sales,GA (NSGA-II),18,0.58,1.0
dresses_sales,GA (NSGA-II),18,0.6,5.0
dresses_sales,Random Search,18,0.58,1.0
dresses_sales,"GA (NSGA-II, archived)",18,0.58,1.0
dresses_sales,CART (ccp path),18,0.58,1.0
dresses_sales,GA (NSGA-II),19,0.58,1.0
dresses_sales,GA (NSGA-II),19,0.6,5.0
dresses_sales,Random Search,19,0.58,1.0
dresses_sales,Random Search,19,0.6,3.0
dresses_sales,"GA (NSGA-II, archived)",19,0.58,1.0
dresses_sales,"GA (NSGA-II, archived)",19,0.6,3.0
dresses_sales,CART (ccp path),19,0.58,1.0
dresses_sales,CART (ccp path),19,0.64,25.0
dresses_sales,CART (ccp path),19,0.66,37.0
dresses_sales,CART (ccp path),19,0.68,77.0
dresses_sales,GA (NSGA-II),20,0.58,1.0
dresses_sales,GA (NSGA-II),20,0.62,3.0
dresses_sales,GA (NSGA-II),20,0.64,5.0
dresses_sales,Random Search,20,0.58,1.0
dresses_sales,Random Search,20,0.6,3.0
dresses_sales,"GA (NSGA-II, archived)",20,0.58,1.0
dresses_sales,"GA (NSGA-II, archived)",20,0.6,11.0
dresses_sales,CART (ccp path),20,0.58,1.0
dresses_sales,GA (NSGA-II),21,0.58,1.0
dresses_sales,Random Search,21,0.58,1.0
dresses_sales,Random Search,21,0.68,5.0
dresses_sales,"GA (NSGA-II, archived)",21,0.58,1.0
dresses_sales,"GA (NSGA-II, archived)",21,0.6,3.0
dresses_sales,CART (ccp path),21,0.58,1.0
dresses_sales,GA (NSGA-II),22,0.58,1.0
dresses_sales,GA (NSGA-II),22,0.64,3.0
dresses_sales,GA (NSGA-II),22,0.66,5.0
dresses_sales,Random Search,22,0.58,1.0
dresses_sales,Random Search,22,0.6,3.0
dresses_sales,"GA (NSGA-II, archived)",22,0.58,1.0
dresses_sales,"GA (NSGA-II, archived)",22,0.64,3.0
dresses_sales,CART (ccp path),22,0.58,1.0
dresses_sales,CART (ccp path),22,0.66,13.0
dresses_sales,GA (NSGA-II),23,0.58,1.0
dresses_sales,GA (NSGA-II),23,0.6,5.0
dresses_sales,Random Search,23,0.58,1.0
dresses_sales,Random Search,23,0.62,5.0
dresses_sales,"GA (NSGA-II, archived)",23,0.58,1.0
dresses_sales,"GA (NSGA-II, archived)",23,0.66,3.0
dresses_sales,"GA (NSGA-II, archived)",23,0.68,5.0
dresses_sales,"GA (NSGA-II, archived)",23,0.7,7.0
dresses_sales,CART (ccp path),23,0.58,1.0
dresses_sales,GA (NSGA-II),24,0.58,1.0
dresses_sales,GA (NSGA-II),24,0.64,3.0
dresses_sales,Random Search,24,0.58,1.0
dresses_sales,Random Search,24,0.6,9.0
dresses_sales,"GA (NSGA-II, archived)",24,0.58,1.0
dresses_sales,CART (ccp path),24,0.58,1.0
dresses_sales,CART (ccp path),24,0.7,25.0
dresses_sales,GA (NSGA-II),25,0.58,1.0
dresses_sales,GA (NSGA-II),25,0.62,3.0
dresses_sales,Random Search,25,0.58,1.0
dresses_sales,Random Search,25,0.64,3.0
dresses_sales,"GA (NSGA-II, archived)",25,0.58,1.0
dresses_sales,CART (ccp path),25,0.58,1.0
dresses_sales,GA (NSGA-II),26,0.58,1.0
dresses_sales,GA (NSGA-II),26,0.6,3.0
dresses_sales,Random Search,26,0.58,1.0
dresses_sales,"GA (NSGA-II, archived)",26,0.58,1.0
dresses_sales,CART (ccp path),26,0.58,1.0
dresses_sales,CART (ccp path),26,0.6,11.0
dresses_sales,CART (ccp path),26,0.62,47.0
dresses_sales,GA (NSGA-II),27,0.58,1.0
dresses_sales,Random Search,27,0.58,1.0
dresses_sales,Random Search,27,0.6,3.0
dresses_sales,"GA (NSGA-II, archived)",27,0.58,1.0
dresses_sales,CART (ccp path),27,0.58,1.0
dresses_sales,CART (ccp path),27,0.62,101.0
dresses_sales,GA (NSGA-II),28,0.58,1.0
dresses_sales,Random Search,28,0.58,1.0
dresses_sales,Random Search,28,0.6,17.0
dresses_sales,"GA (NSGA-II, archived)",28,0.58,1.0
dresses_sales,CART (ccp path),28,0.58,1.0
dresses_sales,CART (ccp path),28,0.6,79.0
dresses_sales,GA (NSGA-II),29,0.58,1.0
dresses_sales,GA (NSGA-II),29,0.6,7.0
dresses_sales,Random Search,29,0.58,1.0
dresses_sales,"GA (NSGA-II, archived)",29,0.58,1.0
dresses_sales,"GA (NSGA-II, archived)",29,0.6,5.0
dresses_sales,CART (ccp path),29,0.58,1.0
dresses_sales,CART (ccp path),29,0.6,13.0
dresses_sales,CART (ccp path),29,0.62,115.0
dresses_sales,GA (NSGA-II),30,0.58,1.0
dresses_sales,GA (NSGA-II),30,0.64,5.0
dresses_sales,Random Search,30,0.58,1.0
dresses_sales,Random Search,30,0.66,13.0
dresses_sales,"GA (NSGA-II, archived)",30,0.58,1.0
dresses_sales,CART (ccp path),30,0.58,1.0
dresses_sales,CART (ccp path),30,0.6,21.0
dresses_sales,CART (ccp path),30,0.62,43.0
dresses_sales,CART (ccp path),30,0.64,59.0
kc2,GA (NSGA-II),1,0.7924528301886793,1.0
kc2,GA (NSGA-II),1,0.8301886792452831,3.0
kc2,Random Search,1,0.7924528301886793,1.0
kc2,Random Search,1,0.8301886792452831,3.0
kc2,"GA (NSGA-II, archived)",1,0.7924528301886793,1.0
kc2,"GA (NSGA-II, archived)",1,0.8679245283018868,3.0
kc2,CART (ccp path),1,0.7924528301886793,1.0
kc2,CART (ccp path),1,0.8490566037735849,7.0
kc2,CART (ccp path),1,0.8679245283018868,15.0
kc2,CART (ccp path),1,0.8867924528301887,51.0
kc2,GA (NSGA-II),2,0.7924528301886793,1.0
kc2,GA (NSGA-II),2,0.8867924528301887,3.0
kc2,Random Search,2,0.7924528301886793,1.0
kc2,Random Search,2,0.8867924528301887,3.0
kc2,"GA (NSGA-II, archived)",2,0.7924528301886793,1.0
kc2,"GA (NSGA-II, archived)",2,0.8301886792452831,5.0
kc2,"GA (NSGA-II, archived)",2,0.8679245283018868,7.0
kc2,CART (ccp path),2,0.7924528301886793,1.0
kc2,CART (ccp path),2,0.8301886792452831,7.0
kc2,GA (NSGA-II),3,0.8076923076923077,1.0
kc2,GA (NSGA-II),3,0.8653846153846154,3.0
kc2,GA (NSGA-II),3,0.9230769230769231,5.0
kc2,Random Search,3,0.8076923076923077,1.0
kc2,Random Search,3,0.8653846153846154,3.0
kc2,"GA (NSGA-II, archived)",3,0.8076923076923077,1.0
kc2,"GA (NSGA-II, archived)",3,0.9038461538461539,3.0
kc2,CART (ccp path),3,0.8076923076923077,1.0
kc2,CART (ccp path),3,0.8846153846153846,7.0
kc2,CART (ccp path),3,0.9038461538461539,37.0
kc2,GA (NSGA-II),4,0.8076923076923077,1.0
kc2,GA (NSGA-II),4,0.8461538461538461,5.0
kc2,Random Search,4,0.8076923076923077,1.0
kc2,Random Search,4,0.8269230769230769,5.0
kc2,"GA (NSGA-II, archived)",4,0.8076923076923077,1.0
kc2,"GA (NSGA-II, archived)",4,0.8461538461538461,3.0
kc2,CART (ccp path),4,0.8076923076923077,1.0
kc2,CART (ccp path),4,0.8461538461538461,7.0
kc2,GA (NSGA-II),5,0.8076923076923077,1.0
kc2,GA (NSGA-II),5,0.8461538461538461,3.0
kc2,Random Search,5,0.8076923076923077,1.0
kc2,Random Search,5,0.8461538461538461,3.0
kc2,"GA (NSGA-II, archived)",5,0.8076923076923077,1.0
kc2,CART (ccp path),5,0.8076923076923077,1.0
kc2,CART (ccp path),5,0.8269230769230769,7.0
kc2,GA (NSGA-II),6,0.7884615384615384,1.0
kc2,GA (NSGA-II),6,0.8461538461538461,3.0
kc2,Random Search,6,0.7884615384615384,1.0
kc2,Random Search,6,0.8076923076923077,3.0
kc2,"GA (NSGA-II, archived)",6,0.7884615384615384,1.0
kc2,"GA (NSGA-II, archived)",6,0.8461538461538461,3.0
kc2,CART (ccp path),6,0.7884615384615384,1.0
kc2,CART (ccp path),6,0.8269230769230769,7.0
kc2,CART (ccp path),6,0.8461538461538461,11.0
kc2,GA (NSGA-II),7,0.7884615384615384,1.0
kc2,GA (NSGA-II),7,0.8653846153846154,3.0
kc2,Random Search,7,0.7884615384615384,1.0
kc2,Random Search,7,0.8653846153846154,3.0
kc2,"GA (NSGA-II, archived)",7,0.7884615384615384,1.0
kc2,"GA (NSGA-II, archived)",7,0.8076923076923077,3.0
kc2,CART (ccp path),7,0.7884615384615384,1.0
kc2,CART (ccp path),7,0.8846153846153846,7.0
kc2,GA (NSGA-II),8,0.7884615384615384,1.0
kc2,GA (NSGA-II),8,0.8653846153846154,3.0
kc2,Random Search,8,0.7884615384615384,1.0
kc2,Random Search,8,0.8269230769230769,15.0
kc2,"GA (NSGA-II, archived)",8,0.7884615384615384,1.0
kc2,"GA (NSGA-II, archived)",8,0.8076923076923077,3.0
kc2,"GA (NSGA-II, archived)",8,0.8269230769230769,5.0
kc2,CART (ccp path),8,0.7884615384615384,1.0
kc2,CART (ccp path),8,0.8269230769230769,7.0
kc2,CART (ccp path),8,0.8461538461538461,11.0
kc2,GA (NSGA-II),9,0.7884615384615384,1.0
kc2,GA (NSGA-II),9,0.8269230769230769,3.0
kc2,Random Search,9,0.7884615384615384,1.0
kc2,Random Search,9,0.8076923076923077,3.0
kc2,Random Search,9,0.8653846153846154,11.0
kc2,Random Search,9,0.8846153846153846,17.0
kc2,"GA (NSGA-II, archived)",9,0.7884615384615384,1.0
kc2,"GA (NSGA-II, archived)",9,0.8269230769230769,3.0
kc2,"GA (NSGA-II, archived)",9,0.8846153846153846,5.0
kc2,CART (ccp path),9,0.7884615384615384,1.0
kc2,CART (ccp path),9,0.8461538461538461,7.0
kc2,GA (NSGA-II),10,0.7884615384615384,1.0
kc2,GA (NSGA-II),10,0.8076923076923077,3.0
kc2,Random Search,10,0.7884615384615384,1.0
kc2,Random Search,10,0.8269230769230769,3.0
kc2,"GA (NSGA-II, archived)",10,0.7884615384615384,1.0
kc2,"GA (NSGA-II, archived)",10,0.8269230769230769,5.0
kc2,CART (ccp path),10,0.7884615384615384,1.0
kc2,CART (ccp path),10,0.8269230769230769,7.0
kc2,CART (ccp path),10,0.8653846153846154,17.0
kc2,GA (NSGA-II),11,0.7924528301886793,1.0
kc2,GA (NSGA-II),11,0.8301886792452831,3.0
kc2,Random Search,11,0.7924528301886793,1.0
kc2,Random Search,11,0.8113207547169812,3.0
kc2,"GA (NSGA-II, archived)",11,0.7924528301886793,1.0
kc2,"GA (NSGA-II, archived)",11,0.8301886792452831,3.0
kc2,"GA (NSGA-II, archived)",11,0.8490566037735849,13.0
kc2,CART (ccp path),11,0.7924528301886793,1.0
kc2,CART (ccp path),11,0.8113207547169812,9.0
kc2,GA (NSGA-II),12,0.7924528301886793,1.0
kc2,GA (NSGA-II),12,0.8301886792452831,3.0
kc2,GA (NSGA-II),12,0.8490566037735849,5.0
kc2,Random Search,12,0.7924528301886793,1.0
kc2,Random Search,12,0.8679245283018868,3.0
kc2,Random Search,12,0.8867924528301887,17.0
kc2,"GA (NSGA-II, archived)",12,0.7924528301886793,1.0
kc2,"GA (NSGA-II, archived)",12,0.8301886792452831,3.0
kc2,"GA (NSGA-II, archived)",12,0.8679245283018868,5.0
kc2,CART (ccp path),12,0.7924528301886793,1.0
kc2,CART (ccp path),12,0.8867924528301887,5.0
kc2,GA (NSGA-II),13,0.8076923076923077,1.0
kc2,GA (NSGA-II),13,0.8461538461538461,3.0
kc2,Random Search,13,0.8076923076923077,1.0
kc2,Random Search,13,0.8653846153846154,3.0
kc2,"GA (NSGA-II, archived)",13,0.8076923076923077,1.0
kc2,"GA (NSGA-II, archived)",13,0.8461538461538461,3.0
kc2,CART (ccp path),13,0.8076923076923077,1.0
kc2,CART (ccp path),13,0.8461538461538461,7.0
kc2,CART (ccp path),13,0.8653846153846154,17.0
kc2,GA (NSGA-II),14,0.8076923076923077,1.0
kc2,GA (NSGA-II),14,0.8269230769230769,7.0
kc2,Random Search,14,0.8076923076923077,1.0
kc2,Random Search,14,0.8846153846153846,3.0
kc2,"GA (NSGA-II, archived)",14,0.8076923076923077,1.0
kc2,"GA (NSGA-II, archived)",14,0.8461538461538461,3.0
kc2,CART (ccp path),14,0.8076923076923077,1.0
kc2,CART (ccp path),14,0.8653846153846154,7.0
kc2,GA (NSGA-II),15,0.8076923076923077,1.0
kc2,GA (NSGA-II),15,0.8461538461538461,3.0
kc2,Random Search,15,0.8076923076923077,1.0
kc2,"GA (NSGA-II, archived)",15,0.8076923076923077,1.0
kc2,CART (ccp path),15,0.8076923076923077,1.0
kc2,CART (ccp path),15,0.8269230769230769,7.0
kc2,GA (NSGA-II),16,0.7884615384615384,1.0
kc2,GA (NSGA-II),16,0.8846153846153846,3.0
kc2,Random Search,16,0.7884615384615384,1.0
kc2,Random Search,16,0.8653846153846154,3.0
kc2,"GA (NSGA-II, archived)",16,0.7884615384615384,1.0
kc2,"GA (NSGA-II, archived)",16,0.9038461538461539,3.0
kc2,CART (ccp path),16,0.7884615384615384,1.0
kc2,CART (ccp path),16,0.8846153846153846,7.0
kc2,GA (NSGA-II),17,0.7884615384615384,1.0
kc2,GA (NSGA-II),17,0.8461538461538461,3.0
kc2,Random Search,17,0.7884615384615384,1.0
kc2,Random Search,17,0.8269230769230769,3.0
kc2,"GA (NSGA-II, archived)",17,0.7884615384615384,1.0
kc2,"GA (NSGA-II, archived)",17,0.8076923076923077,3.0
kc2,CART (ccp path),17,0.7884615384615384,1.0
kc2,CART (ccp path),17,0.8269230769230769,7.0
kc2,GA (NSGA-II),18,0.7884615384615384,1.0
kc2,Random Search,18,0.7884615384615384,1.0
kc2,Random Search,18,0.8076923076923077,3.0
kc2,"GA (NSGA-II, archived)",18,0.7884615384615384,1.0
kc2,CART (ccp path),18,0.7884615384615384,1.0
kc2,CART (ccp path),18,0.8076923076923077,7.0
kc2,GA (NSGA-II),19,0.7884615384615384,1.0
kc2,GA (NSGA-II),19,0.8461538461538461,3.0
kc2,Random Search,19,0.7884615384615384,1.0
kc2,Random Search,19,0.8269230769230769,19.0
kc2,"GA (NSGA-II, archived)",19,0.7884615384615384,1.0
kc2,CART (ccp path),19,0.7884615384615384,1.0
kc2,CART (ccp path),19,0.8269230769230769,7.0
kc2,GA (NSGA-II),20,0.7884615384615384,1.0
kc2,Random Search,20,0.7884615384615384,1.0
kc2,Random Search,20,0.8653846153846154,23.0
kc2,"GA (NSGA-II, archived)",20,0.7884615384615384,1.0
kc2,"GA (NSGA-II, archived)",20,0.8269230769230769,3.0
kc2,"GA (NSGA-II, archived)",20,0.8653846153846154,5.0
kc2,CART (ccp path),20,0.7884615384615384,1.0
kc2,CART (ccp path),20,0.8461538461538461,7.0
kc2,GA (NSGA-II),21,0.7924528301886793,1.0
kc2,GA (NSGA-II),21,0.8490566037735849,3.0
kc2,Random Search,21,0.7924528301886793,1.0
kc2,Random Search,21,0.8301886792452831,3.0
kc2,Random Search,21,0.8490566037735849,23.0
kc2,"GA (NSGA-II, archived)",21,0.7924528301886793,1.0
kc2,"GA (NSGA-II, archived)",21,0.8679245283018868,3.0
kc2,CART (ccp path),21,0.7924528301886793,1.0
kc2,CART (ccp path),21,0.8301886792452831,7.0
kc2,CART (ccp path),21,0.8490566037735849,23.0
kc2,CART (ccp path),21,0.8679245283018868,37.0
kc2,GA (NSGA-II),22,0.7924528301886793,1.0
kc2,GA (NSGA-II),22,0.8490566037735849,3.0
kc2,Random Search,22,0.7924528301886793,1.0
kc2,Random Search,22,0.8490566037735849,3.0
kc2,"GA (NSGA-II, archived)",22,0.7924528301886793,1.0
kc2,"GA (NSGA-II, archived)",22,0.8490566037735849,3.0
kc2,CART (ccp path),22,0.7924528301886793,1.0
kc2,CART (ccp path),22,0.8490566037735849,7.0
kc2,GA (NSGA-II),23,0.8076923076923077,1.0
kc2,GA (NSGA-II),23,0.8269230769230769,3.0
kc2,GA (NSGA-II),23,0.8653846153846154,7.0
kc2,Random Search,23,0.8076923076923077,1.0
kc2,Random Search,23,0.8653846153846154,5.0
kc2,"GA (NSGA-II, archived)",23,0.8076923076923077,1.0
kc2,"GA (NSGA-II, archived)",23,0.8653846153846154,3.0
kc2,CART (ccp path),23,0.8076923076923077,1.0
kc2,CART (ccp path),23,0.8269230769230769,7.0
kc2,CART (ccp path),23,0.8461538461538461,15.0
kc2,GA (NSGA-II),24,0.8076923076923077,1.0
kc2,Random Search,24,0.8076923076923077,1.0
kc2,Random Search,24,0.8461538461538461,3.0
kc2,"GA (NSGA-II, archived)",24,0.8076923076923077,1.0
kc2,"GA (NSGA-II, archived)",24,0.8653846153846154,3.0
kc2,CART (ccp path),24,0.8076923076923077,1.0
kc2,CART (ccp path),24,0.8461538461538461,7.0
kc2,CART (ccp path),24,0.8653846153846154,11.0
kc2,CART (ccp path),24,0.8846153846153846,27.0
kc2,GA (NSGA-II),25,0.8076923076923077,1.0
kc2,GA (NSGA-II),25,0.9423076923076923,3.0
kc2,Random Search,25,0.8076923076923077,1.0
kc2,Random Search,25,0.9423076923076923,3.0
kc2,"GA (NSGA-II, archived)",25,0.8076923076923077,1.0
kc2,"GA (NSGA-II, archived)",25,0.8846153846153846,3.0
kc2,"GA (NSGA-II, archived)",25,0.9230769230769231,5.0
kc2,CART (ccp path),25,0.8076923076923077,1.0
kc2,CART (ccp path),25,0.8653846153846154,7.0
kc2,GA (NSGA-II),26,0.7884615384615384,1.0
kc2,GA (NSGA-II),26,0.8653846153846154,3.0
kc2,Random Search,26,0.7884615384615384,1.0
kc2,Random Search,26,0.8461538461538461,3.0
kc2,"GA (NSGA-II, archived)",26,0.7884615384615384,1.0
kc2,"GA (NSGA-II, archived)",26,0.9423076923076923,3.0
kc2,CART (ccp path),26,0.7884615384615384,1.0
kc2,CART (ccp path),26,0.8653846153846154,7.0
kc2,GA (NSGA-II),27,0.7884615384615384,1.0
kc2,GA (NSGA-II),27,0.8076923076923077,3.0
kc2,Random Search,27,0.7884615384615384,1.0
kc2,Random Search,27,0.8269230769230769,3.0
kc2,Random Search,27,0.8461538461538461,23.0
kc2,"GA (NSGA-II, archived)",27,0.7884615384615384,1.0
kc2,"GA (NSGA-II, archived)",27,0.8076923076923077,3.0
kc2,CART (ccp path),27,0.7884615384615384,1.0
kc2,CART (ccp path),27,0.8076923076923077,7.0
kc2,GA (NSGA-II),28,0.7884615384615384,1.0
kc2,GA (NSGA-II),28,0.8269230769230769,3.0
kc2,GA (NSGA-II),28,0.8653846153846154,7.0
kc2,Random Search,28,0.7884615384615384,1.0
kc2,Random Search,28,0.8461538461538461,3.0
kc2,"GA (NSGA-II, archived)",28,0.7884615384615384,1.0
kc2,"GA (NSGA-II, archived)",28,0.8076923076923077,3.0
kc2,"GA (NSGA-II, archived)",28,0.8269230769230769,5.0
kc2,CART (ccp path),28,0.7884615384615384,1.0
kc2,CART (ccp path),28,0.8269230769230769,7.0
kc2,GA (NSGA-II),29,0.7884615384615384,1.0
kc2,Random Search,29,0.7884615384615384,1.0
kc2,"GA (NSGA-II, archived)",29,0.7884615384615384,1.0
kc2,"GA (NSGA-II, archived)",29,0.8076923076923077,3.0
kc2,CART (ccp path),29,0.7884615384615384,1.0
kc2,CART (ccp path),29,0.8269230769230769,9.0
kc2,GA (NSGA-II),30,0.7884615384615384,1.0
kc2,GA (NSGA-II),30,0.8076923076923077,3.0
kc2,GA (NSGA-II),30,0.8269230769230769,5.0
kc2,Random Search,30,0.7884615384615384,1.0
kc2,Random Search,30,0.8076923076923077,3.0
kc2,Random Search,30,0.8269230769230769,7.0
kc2,"GA (NSGA-II, archived)",30,0.7884615384615384,1.0
kc2,"GA (NSGA-II, archived)",30,0.8076923076923077,5.0
kc2,CART (ccp path),30,0.7884615384615384,1.0
kc2,CART (ccp path),30,0.8076923076923077,7.0
kc2,CART (ccp path),30,0.8461538461538461,29.0
climate_crashes,GA (NSGA-II),1,0.9259259259259259,1.0
climate_crashes,Random Search,1,0.9259259259259259,1.0
climate_crashes,Random Search,1,0.9444444444444444,15.0
climate_crashes,"GA (NSGA-II, archived)",1,0.9259259259259259,1.0
climate_crashes,CART (ccp path),1,0.9259259259259259,1.0
climate_crashes,CART (ccp path),1,0.9629629629629629,15.0
climate_crashes,GA (NSGA-II),2,0.9259259259259259,1.0
climate_crashes,Random Search,2,0.9259259259259259,1.0
climate_crashes,Random Search,2,0.9444444444444444,19.0
climate_crashes,"GA (NSGA-II, archived)",2,0.9259259259259259,1.0
climate_crashes,CART (ccp path),2,0.9259259259259259,1.0
climate_crashes,CART (ccp path),2,0.9629629629629629,7.0
climate_crashes,GA (NSGA-II),3,0.9259259259259259,1.0
climate_crashes,Random Search,3,0.9259259259259259,1.0
climate_crashes,"GA (NSGA-II, archived)",3,0.9259259259259259,1.0
climate_crashes,"GA (NSGA-II, archived)",3,0.9629629629629629,5.0
climate_crashes,CART (ccp path),3,0.9259259259259259,1.0
climate_crashes,GA (NSGA-II),4,0.9259259259259259,1.0
climate_crashes,GA (NSGA-II),4,0.9444444444444444,5.0
climate_crashes,Random Search,4,0.9259259259259259,1.0
climate_crashes,Random Search,4,0.9444444444444444,7.0
climate_crashes,"GA (NSGA-II, archived)",4,0.9259259259259259,1.0
climate_crashes,CART (ccp path),4,0.9259259259259259,1.0
climate_crashes,GA (NSGA-II),5,0.9074074074074074,1.0
climate_crashes,Random Search,5,0.9074074074074074,1.0
climate_crashes,Random Search,5,0.9444444444444444,13.0
climate_crashes,"GA (NSGA-II, archived)",5,0.9074074074074074,1.0
climate_crashes,"GA (NSGA-II, archived)",5,0.9444444444444444,5.0
climate_crashes,CART (ccp path),5,0.9074074074074074,1.0
climate_crashes,CART (ccp path),5,0.9259259259259259,9.0
climate_crashes,CART (ccp path),5,0.9629629629629629,13.0
climate_crashes,GA (NSGA-II),6,0.9074074074074074,1.0
climate_crashes,GA (NSGA-II),6,0.9259259259259259,7.0
climate_crashes,Random Search,6,0.9074074074074074,1.0
climate_crashes,"GA (NSGA-II, archived)",6,0.9074074074074074,1.0
climate_crashes,CART (ccp path),6,0.9074074074074074,1.0
climate_crashes,CART (ccp path),6,0.9629629629629629,7.0
climate_crashes,CART (ccp path),6,0.9814814814814815,13.0
climate_crashes,GA (NSGA-II),7,0.9074074074074074,1.0
climate_crashes,Random Search,7,0.9074074074074074,1.0
climate_crashes,"GA (NSGA-II, archived)",7,0.9074074074074074,1.0
climate_crashes,CART (ccp path),7,0.9074074074074074,1.0
climate_crashes,CART (ccp path),7,0.9259259259259259,13.0
climate_crashes,GA (NSGA-II),8,0.9074074074074074,1.0
climate_crashes,Random Search,8,0.9074074074074074,1.0
climate_crashes,Random Search,8,0.9444444444444444,15.0
climate_crashes,"GA (NSGA-II, archived)",8,0.9074074074074074,1.0
climate_crashes,CART (ccp path),8,0.9074074074074074,1.0
climate_crashes,CART (ccp path),8,0.9259259259259259,23.0
climate_crashes,GA (NSGA-II),9,0.9074074074074074,1.0
climate_crashes,Random Search,9,0.9074074074074074,1.0
climate_crashes,"GA (NSGA-II, archived)",9,0.9074074074074074,1.0
climate_crashes,CART (ccp path),9,0.9074074074074074,1.0
climate_crashes,CART (ccp path),9,0.9259259259259259,9.0
climate_crashes,GA (NSGA-II),10,0.9074074074074074,1.0
climate_crashes,GA (NSGA-II),10,0.9444444444444444,5.0
climate_crashes,Random Search,10,0.9074074074074074,1.0
climate_crashes,"GA (NSGA-II, archived)",10,0.9074074074074074,1.0
climate_crashes,CART (ccp path),10,0.9074074074074074,1.0
climate_crashes,CART (ccp path),10,0.9259259259259259,5.0
climate_crashes,CART (ccp path),10,0.9444444444444444,7.0
climate_crashes,GA (NSGA-II),11,0.9259259259259259,1.0
climate_crashes,Random Search,11,0.9259259259259259,1.0
climate_crashes,Random Search,11,0.9444444444444444,11.0
climate_crashes,"GA (NSGA-II, archived)",11,0.9259259259259259,1.0
climate_crashes,CART (ccp path),11,0.9259259259259259,1.0
climate_crashes,CART (ccp path),11,0.9444444444444444,13.0
climate_crashes,GA (NSGA-II),12,0.9259259259259259,1.0
climate_crashes,Random Search,12,0.9259259259259259,1.0
climate_crashes,Random Search,12,0.9444444444444444,35.0
climate_crashes,"GA (NSGA-II, archived)",12,0.9259259259259259,1.0
climate_crashes,CART (ccp path),12,0.9259259259259259,1.0
climate_crashes,CART (ccp path),12,0.9444444444444444,13.0
climate_crashes,GA (NSGA-II),13,0.9259259259259259,1.0
climate_crashes,Random Search,13,0.9259259259259259,1.0
climate_crashes,Random Search,13,0.9814814814814815,15.0
climate_crashes,"GA (NSGA-II, archived)",13,0.9259259259259259,1.0
climate_crashes,CART (ccp path),13,0.9259259259259259,1.0
climate_crashes,CART (ccp path),13,0.9444444444444444,11.0
climate_crashes,GA (NSGA-II),14,0.9259259259259259,1.0
climate_crashes,Random Search,14,0.9259259259259259,1.0
climate_crashes,"GA (NSGA-II, archived)",14,0.9259259259259259,1.0
climate_crashes,CART (ccp path),14,0.9259259259259259,1.0
climate_crashes,GA (NSGA-II),15,0.9074074074074074,1.0
climate_crashes,GA (NSGA-II),15,0.9259259259259259,7.0
climate_crashes,Random Search,15,0.9074074074074074,1.0
climate_crashes,"GA (NSGA-II, archived)",15,0.9074074074074074,1.0
climate_crashes,CART (ccp path),15,0.9074074074074074,1.0
climate_crashes,CART (ccp path),15,0.9259259259259259,21.0
climate_crashes,GA (NSGA-II),16,0.9074074074074074,1.0
climate_crashes,Random Search,16,0.9074074074074074,1.0
climate_crashes,"GA (NSGA-II, archived)",16,0.9074074074074074,1.0
climate_crashes,CART (ccp path),16,0.9074074074074074,1.0
climate_crashes,CART (ccp path),16,0.9259259259259259,7.0
climate_crashes,GA (NSGA-II),17,0.9074074074074074,1.0
climate_crashes,Random Search,17,0.9074074074074074,1.0
climate_crashes,"GA (NSGA-II, archived)",17,0.9074074074074074,1.0
climate_crashes,"GA (NSGA-II, archived)",17,0.9259259259259259,5.0
climate_crashes,CART (ccp path),17,0.9074074074074074,1.0
climate_crashes,CART (ccp path),17,0.9259259259259259,7.0
climate_crashes,GA (NSGA-II),18,0.9074074074074074,1.0
climate_crashes,Random Search,18,0.9074074074074074,1.0
climate_crashes,Random Search,18,0.9259259259259259,19.0
climate_crashes,"GA (NSGA-II, archived)",18,0.9074074074074074,1.0
climate_crashes,"GA (NSGA-II, archived)",18,0.9259259259259259,7.0
climate_crashes,CART (ccp path),18,0.9074074074074074,1.0
climate_crashes,CART (ccp path),18,0.9444444444444444,9.0
climate_crashes,GA (NSGA-II),19,0.9074074074074074,1.0
climate_crashes,Random Search,19,0.9074074074074074,1.0
climate_crashes,Random Search,19,0.9259259259259259,7.0
climate_crashes,"GA (NSGA-II, archived)",19,0.9074074074074074,1.0
climate_crashes,CART (ccp path),19,0.9074074074074074,1.0
climate_crashes,CART (ccp path),19,0.9629629629629629,7.0
climate_crashes,CART (ccp path),19,1.0,15.0
climate_crashes,GA (NSGA-II),20,0.9074074074074074,1.0
climate_crashes,Random Search,20,0.9074074074074074,1.0
climate_crashes,"GA (NSGA-II, archived)",20,0.9074074074074074,1.0
climate_crashes,CART (ccp path),20,0.9074074074074074,1.0
climate_crashes,GA (NSGA-II),21,0.9259259259259259,1.0
climate_crashes,Random Search,21,0.9259259259259259,1.0
climate_crashes,"GA (NSGA-II, archived)",21,0.9259259259259259,1.0
climate_crashes,"GA (NSGA-II, archived)",21,0.9444444444444444,7.0
climate_crashes,CART (ccp path),21,0.9259259259259259,1.0
climate_crashes,CART (ccp path),21,0.9444444444444444,13.0
climate_crashes,GA (NSGA-II),22,0.9259259259259259,1.0
climate_crashes,Random Search,22,0.9259259259259259,1.0
climate_crashes,Random Search,22,0.9444444444444444,9.0
climate_crashes,"GA (NSGA-II, archived)",22,0.9259259259259259,1.0
climate_crashes,"GA (NSGA-II, archived)",22,0.9444444444444444,13.0
climate_crashes,CART (ccp path),22,0.9259259259259259,1.0
climate_crashes,CART (ccp path),22,0.9629629629629629,7.0
climate_crashes,GA (NSGA-II),23,0.9259259259259259,1.0
climate_crashes,Random Search,23,0.9259259259259259,1.0
climate_crashes,Random Search,23,0.9814814814814815,29.0
climate_crashes,"GA (NSGA-II, archived)",23,0.9259259259259259,1.0
climate_crashes,CART (ccp path),23,0.9259259259259259,1.0
climate_crashes,CART (ccp path),23,0.9444444444444444,7.0
climate_crashes,CART (ccp path),23,0.9629629629629629,13.0
climate_crashes,GA (NSGA-II),24,0.9259259259259259,1.0
climate_crashes,Random Search,24,0.9259259259259259,1.0
climate_crashes,"GA (NSGA-II, archived)",24,0.9259259259259259,1.0
climate_crashes,CART (ccp path),24,0.9259259259259259,1.0
climate_crashes,GA (NSGA-II),25,0.9074074074074074,1.0
climate_crashes,Random Search,25,0.9074074074074074,1.0
climate_crashes,"GA (NSGA-II, archived)",25,0.9074074074074074,1.0
climate_crashes,CART (ccp path),25,0.9074074074074074,1.0
climate_crashes,CART (ccp path),25,0.9629629629629629,5.0
climate_crashes,GA (NSGA-II),26,0.9074074074074074,1.0
climate_crashes,GA (NSGA-II),26,0.9259259259259259,7.0
climate_crashes,Random Search,26,0.9074074074074074,1.0
climate_crashes,Random Search,26,0.9259259259259259,23.0
climate_crashes,"GA (NSGA-II, archived)",26,0.9074074074074074,1.0
climate_crashes,CART (ccp path),26,0.9074074074074074,1.0
climate_crashes,CART (ccp path),26,0.9444444444444444,13.0
climate_crashes,GA (NSGA-II),27,0.9074074074074074,1.0
climate_crashes,Random Search,27,0.9074074074074074,1.0
climate_crashes,"GA (NSGA-II, archived)",27,0.9074074074074074,1.0
climate_crashes,CART (ccp path),27,0.9074074074074074,1.0
climate_crashes,CART (ccp path),27,0.9259259259259259,25.0
climate_crashes,GA (NSGA-II),28,0.9074074074074074,1.0
climate_crashes,Random Search,28,0.9074074074074074,1.0
climate_crashes,"GA (NSGA-II, archived)",28,0.9074074074074074,1.0
climate_crashes,CART (ccp path),28,0.9074074074074074,1.0
climate_crashes,CART (ccp path),28,0.9814814814814815,15.0
climate_crashes,GA (NSGA-II),29,0.9074074074074074,1.0
climate_crashes,Random Search,29,0.9074074074074074,1.0
climate_crashes,Random Search,29,0.9444444444444444,17.0
climate_crashes,"GA (NSGA-II, archived)",29,0.9074074074074074,1.0
climate_crashes,CART (ccp path),29,0.9074074074074074,1.0
climate_crashes,CART (ccp path),29,0.9259259259259259,7.0
climate_crashes,GA (NSGA-II),30,0.9074074074074074,1.0
climate_crashes,Random Search,30,0.9074074074074074,1.0
climate_crashes,Random Search,30,0.9259259259259259,31.0
climate_crashes,"GA (NSGA-II, archived)",30,0.9074074074074074,1.0
climate_crashes,CART (ccp path),30,0.9074074074074074,1.0
climate_crashes,CART (ccp path),30,0.9444444444444444,5.0
wdbc,GA (NSGA-II),1,0.6140350877192983,1.0
wdbc,GA (NSGA-II),1,0.8771929824561403,3.0
wdbc,Random Search,1,0.6140350877192983,1.0
wdbc,Random Search,1,0.9473684210526315,3.0
wdbc,"GA (NSGA-II, archived)",1,0.6140350877192983,1.0
wdbc,"GA (NSGA-II, archived)",1,0.8947368421052632,3.0
wdbc,"GA (NSGA-II, archived)",1,0.9298245614035088,9.0
wdbc,CART (ccp path),1,0.6140350877192983,1.0
wdbc,CART (ccp path),1,0.8771929824561403,5.0
wdbc,CART (ccp path),1,0.8947368421052632,9.0
wdbc,CART (ccp path),1,0.9473684210526315,11.0
wdbc,CART (ccp path),1,0.9649122807017544,19.0
wdbc,GA (NSGA-II),2,0.6140350877192983,1.0
wdbc,GA (NSGA-II),2,0.9122807017543859,3.0
wdbc,Random Search,2,0.6140350877192983,1.0
wdbc,Random Search,2,0.8596491228070176,3.0
wdbc,Random Search,2,0.9122807017543859,5.0
wdbc,Random Search,2,0.9298245614035088,23.0
wdbc,"GA (NSGA-II, archived)",2,0.6140350877192983,1.0
wdbc,"GA (NSGA-II, archived)",2,0.8421052631578947,3.0
wdbc,CART (ccp path),2,0.6140350877192983,1.0
wdbc,CART (ccp path),2,0.9122807017543859,3.0
wdbc,CART (ccp path),2,0.9473684210526315,13.0
wdbc,CART (ccp path),2,0.9649122807017544,15.0
wdbc,GA (NSGA-II),3,0.631578947368421,1.0
wdbc,GA (NSGA-II),3,0.9298245614035088,3.0
wdbc,Random Search,3,0.631578947368421,1.0
wdbc,Random Search,3,0.9122807017543859,3.0
wdbc,Random Search,3,0.9649122807017544,15.0
wdbc,"GA (NSGA-II, archived)",3,0.631578947368421,1.0
wdbc,"GA (NSGA-II, archived)",3,0.9122807017543859,3.0
wdbc,"GA (NSGA-II, archived)",3,0.9298245614035088,5.0
wdbc,CART (ccp path),3,0.631578947368421,1.0
wdbc,CART (ccp path),3,0.9298245614035088,3.0
wdbc,CART (ccp path),3,0.9473684210526315,5.0
wdbc,CART (ccp path),3,0.9649122807017544,13.0
wdbc,CART (ccp path),3,0.9824561403508771,15.0
wdbc,GA (NSGA-II),4,0.631578947368421,1.0
wdbc,GA (NSGA-II),4,0.9473684210526315,3.0
wdbc,Random Search,4,0.631578947368421,1.0
wdbc,Random Search,4,0.9122807017543859,3.0
wdbc,Random Search,4,0.9298245614035088,5.0
wdbc,"GA (NSGA-II, archived)",4,0.631578947368421,1.0
wdbc,"GA (NSGA-II, archived)",4,0.8947368421052632,3.0
wdbc,"GA (NSGA-II, archived)",4,0.9298245614035088,5.0
wdbc,CART (ccp path),4,0.631578947368421,1.0
wdbc,CART (ccp path),4,0.9473684210526315,5.0
wdbc,CART (ccp path),4,0.9649122807017544,7.0
wdbc,GA (NSGA-II),5,0.631578947368421,1.0
wdbc,GA (NSGA-II),5,0.8947368421052632,3.0
wdbc,GA (NSGA-II),5,0.9824561403508771,5.0
wdbc,Random Search,5,0.631578947368421,1.0
wdbc,Random Search,5,0.8421052631578947,3.0
wdbc,Random Search,5,0.8771929824561403,5.0
wdbc,Random Search,5,0.9298245614035088,7.0
wdbc,"GA (NSGA-II, archived)",5,0.631578947368421,1.0
wdbc,"GA (NSGA-II, archived)",5,0.9122807017543859,3.0
wdbc,CART (ccp path),5,0.631578947368421,1.0
wdbc,CART (ccp path),5,0.9473684210526315,5.0
wdbc,GA (NSGA-II),6,0.631578947368421,1.0
wdbc,GA (NSGA-II),6,0.9122807017543859,3.0
wdbc,GA (NSGA-II),6,0.9824561403508771,7.0
wdbc,Random Search,6,0.631578947368421,1.0
wdbc,Random Search,6,0.8947368421052632,3.0
wdbc,Random Search,6,0.9649122807017544,21.0
wdbc,"GA (NSGA-II, archived)",6,0.631578947368421,1.0
wdbc,"GA (NSGA-II, archived)",6,0.9649122807017544,3.0
wdbc,CART (ccp path),6,0.631578947368421,1.0
wdbc,CART (ccp path),6,0.8947368421052632,3.0
wdbc,CART (ccp path),6,0.9298245614035088,5.0
wdbc,GA (NSGA-II),7,0.631578947368421,1.0
wdbc,GA (NSGA-II),7,0.9122807017543859,3.0
wdbc,GA (NSGA-II),7,0.9473684210526315,5.0
wdbc,Random Search,7,0.631578947368421,1.0
wdbc,Random Search,7,0.9122807017543859,3.0
wdbc,Random Search,7,0.9298245614035088,7.0
wdbc,"GA (NSGA-II, archived)",7,0.631578947368421,1.0
wdbc,"GA (NSGA-II, archived)",7,0.9122807017543859,3.0
wdbc,CART (ccp path),7,0.631578947368421,1.0
wdbc,CART (ccp path),7,0.9298245614035088,5.0
wdbc,CART (ccp path),7,0.9649122807017544,11.0
wdbc,GA (NSGA-II),8,0.631578947368421,1.0
wdbc,GA (NSGA-II),8,0.9298245614035088,3.0
wdbc,GA (NSGA-II),8,0.9473684210526315,7.0
wdbc,Random Search,8,0.631578947368421,1.0
wdbc,Random Search,8,0.8947368421052632,3.0
wdbc,"GA (NSGA-II, archived)",8,0.631578947368421,1.0
wdbc,"GA (NSGA-II, archived)",8,0.8421052631578947,3.0
wdbc,"GA (NSGA-II, archived)",8,0.8947368421052632,5.0
wdbc,CART (ccp path),8,0.631578947368421,1.0
wdbc,CART (ccp path),8,0.9122807017543859,3.0
wdbc,CART (ccp path),8,0.9649122807017544,5.0
wdbc,GA (NSGA-II),9,0.631578947368421,1.0
wdbc,GA (NSGA-II),9,0.8771929824561403,3.0
wdbc,GA (NSGA-II),9,0.8947368421052632,7.0
wdbc,Random Search,9,0.631578947368421,1.0
wdbc,Random Search,9,0.8421052631578947,3.0
wdbc,Random Search,9,0.8947368421052632,23.0
wdbc,"GA (NSGA-II, archived)",9,0.631578947368421,1.0
wdbc,"GA (NSGA-II, archived)",9,0.8771929824561403,3.0
wdbc,CART (ccp path),9,0.631578947368421,1.0
wdbc,CART (ccp path),9,0.8596491228070176,3.0
wdbc,CART (ccp path),9,0.8947368421052632,5.0
wdbc,GA (NSGA-II),10,0.625,1.0
wdbc,GA (NSGA-II),10,0.875,3.0
wdbc,GA (NSGA-II),10,0.8928571428571429,5.0
wdbc,Random Search,10,0.625,1.0
wdbc,Random Search,10,0.8571428571428571,3.0
wdbc,"GA (NSGA-II, archived)",10,0.625,1.0
wdbc,"GA (NSGA-II, archived)",10,0.8571428571428571,3.0
wdbc,CART (ccp path),10,0.625,1.0
wdbc,CART (ccp path),10,0.8571428571428571,3.0
wdbc,CART (ccp path),10,0.875,5.0
wdbc,GA (NSGA-II),11,0.6140350877192983,1.0
wdbc,GA (NSGA-II),11,0.8771929824561403,3.0
wdbc,GA (NSGA-II),11,0.9298245614035088,5.0
wdbc,GA (NSGA-II),11,0.9473684210526315,7.0
wdbc,Random Search,11,0.6140350877192983,1.0
wdbc,Random Search,11,0.9298245614035088,3.0
wdbc,"GA (NSGA-II, archived)",11,0.6140350877192983,1.0
wdbc,"GA (NSGA-II, archived)",11,0.9122807017543859,3.0
wdbc,"GA (NSGA-II, archived)",11,0.9473684210526315,9.0
wdbc,CART (ccp path),11,0.6140350877192983,1.0
wdbc,CART (ccp path),11,0.8947368421052632,3.0
wdbc,CART (ccp path),11,0.9298245614035088,11.0
wdbc,GA (NSGA-II),12,0.6140350877192983,1.0
wdbc,GA (NSGA-II),12,0.9122807017543859,3.0
wdbc,Random Search,12,0.6140350877192983,1.0
wdbc,Random Search,12,0.9122807017543859,3.0
wdbc,"GA (NSGA-II, archived)",12,0.6140350877192983,1.0
wdbc,"GA (NSGA-II, archived)",12,0.9122807017543859,3.0
wdbc,CART (ccp path),12,0.6140350877192983,1.0
wdbc,CART (ccp path),12,0.8947368421052632,3.0
wdbc,CART (ccp path),12,0.9298245614035088,5.0
wdbc,CART (ccp path),12,0.9473684210526315,9.0
wdbc,GA (NSGA-II),13,0.631578947368421,1.0
wdbc,GA (NSGA-II),13,0.9649122807017544,3.0
wdbc,Random Search,13,0.631578947368421,1.0
wdbc,Random Search,13,0.9298245614035088,3.0
wdbc,"GA (NSGA-II, archived)",13,0.631578947368421,1.0
wdbc,"GA (NSGA-II, archived)",13,0.9473684210526315,3.0
wdbc,CART (ccp path),13,0.631578947368421,1.0
wdbc,CART (ccp path),13,0.8771929824561403,3.0
wdbc,CART (ccp path),13,0.9122807017543859,5.0
wdbc,CART (ccp path),13,0.9473684210526315,7.0
wdbc,CART (ccp path),13,0.9649122807017544,13.0
wdbc,GA (NSGA-II),14,0.631578947368421,1.0
wdbc,GA (NSGA-II),14,0.8771929824561403,3.0
wdbc,GA (NSGA-II),14,0.9122807017543859,5.0
wdbc,Random Search,14,0.631578947368421,1.0
wdbc,Random Search,14,0.8245614035087719,3.0
wdbc,Random Search,14,0.8421052631578947,5.0
wdbc,Random Search,14,0.8947368421052632,15.0
wdbc,"GA (NSGA-II, archived)",14,0.631578947368421,1.0
wdbc,"GA (NSGA-II, archived)",14,0.8771929824561403,3.0
wdbc,"GA (NSGA-II, archived)",14,0.8947368421052632,5.0
wdbc,CART (ccp path),14,0.631578947368421,1.0
wdbc,CART (ccp path),14,0.8596491228070176,3.0
wdbc,CART (ccp path),14,0.8771929824561403,5.0
wdbc,CART (ccp path),14,0.9122807017543859,7.0
wdbc,CART (ccp path),14,0.9298245614035088,13.0
wdbc,CART (ccp path),14,0.9473684210526315,19.0
wdbc,CART (ccp path),14,0.9649122807017544,23.0
wdbc,GA (NSGA-II),15,0.631578947368421,1.0
wdbc,GA (NSGA-II),15,0.9649122807017544,3.0
wdbc,Random Search,15,0.631578947368421,1.0
wdbc,Random Search,15,0.9298245614035088,3.0
wdbc,"GA (NSGA-II, archived)",15,0.631578947368421,1.0
wdbc,"GA (NSGA-II, archived)",15,0.8771929824561403,3.0
wdbc,"GA (NSGA-II, archived)",15,0.9122807017543859,5.0
wdbc,CART (ccp path),15,0.631578947368421,1.0
wdbc,CART (ccp path),15,0.9473684210526315,5.0
wdbc,CART (ccp path),15,0.9649122807017544,15.0
wdbc,GA (NSGA-II),16,0.631578947368421,1.0
wdbc,GA (NSGA-II),16,0.9649122807017544,3.0
wdbc,Random Search,16,0.631578947368421,1.0
wdbc,Random Search,16,0.9122807017543859,3.0
wdbc,Random Search,16,0.9824561403508771,11.0
wdbc,"GA (NSGA-II, archived)",16,0.631578947368421,1.0
wdbc,"GA (NSGA-II, archived)",16,0.9473684210526315,3.0
wdbc,"GA (NSGA-II, archived)",16,0.9649122807017544,5.0
wdbc,CART (ccp path),16,0.631578947368421,1.0
wdbc,CART (ccp path),16,0.9649122807017544,5.0
wdbc,GA (NSGA-II),17,0.631578947368421,1.0
wdbc,GA (NSGA-II),17,0.9122807017543859,3.0
wdbc,Random Search,17,0.631578947368421,1.0
wdbc,Random Search,17,0.9298245614035088,3.0
wdbc,"GA (NSGA-II, archived)",17,0.631578947368421,1.0
wdbc,"GA (NSGA-II, archived)",17,0.8596491228070176,3.0
wdbc,"GA (NSGA-II, archived)",17,0.9122807017543859,5.0
wdbc,CART (ccp path),17,0.631578947368421,1.0
wdbc,CART (ccp path),17,0.9298245614035088,5.0
wdbc,GA (NSGA-II),18,0.631578947368421,1.0
wdbc,GA (NSGA-II),18,0.9473684210526315,3.0
wdbc,Random Search,18,0.631578947368421,1.0
wdbc,Random Search,18,0.8947368421052632,3.0
wdbc,Random Search,18,0.9122807017543859,19.0
wdbc,"GA (NSGA-II, archived)",18,0.631578947368421,1.0
wdbc,"GA (NSGA-II, archived)",18,0.8947368421052632,3.0
wdbc,"GA (NSGA-II, archived)",18,0.9473684210526315,5.0
wdbc,"GA (NSGA-II, archived)",18,0.9649122807017544,9.0
wdbc,CART (ccp path),18,0.631578947368421,1.0
wdbc,CART (ccp path),18,0.9122807017543859,3.0
wdbc,CART (ccp path),18,0.9298245614035088,13.0
wdbc,GA (NSGA-II),19,0.631578947368421,1.0
wdbc,GA (NSGA-II),19,0.8421052631578947,3.0
wdbc,GA (NSGA-II),19,0.8596491228070176,5.0
wdbc,GA (NSGA-II),19,0.8771929824561403,7.0
wdbc,GA (NSGA-II),19,0.8947368421052632,11.0
wdbc,Random Search,19,0.631578947368421,1.0
wdbc,Random Search,19,0.8245614035087719,3.0
wdbc,"GA (NSGA-II, archived)",19,0.631578947368421,1.0
wdbc,"GA (NSGA-II, archived)",19,0.8421052631578947,3.0
wdbc,"GA (NSGA-II, archived)",19,0.8596491228070176,5.0
wdbc,CART (ccp path),19,0.631578947368421,1.0
wdbc,CART (ccp path),19,0.7894736842105263,3.0
wdbc,CART (ccp path),19,0.8245614035087719,5.0
wdbc,CART (ccp path),19,0.8421052631578947,13.0
wdbc,CART (ccp path),19,0.8596491228070176,19.0
wdbc,GA (NSGA-II),20,0.625,1.0
wdbc,GA (NSGA-II),20,0.9107142857142857,3.0
wdbc,GA (NSGA-II),20,1.0,5.0
wdbc,Random Search,20,0.625,1.0
wdbc,Random Search,20,0.9107142857142857,3.0
wdbc,Random Search,20,0.9285714285714286,5.0
wdbc,Random Search,20,0.9464285714285714,9.0
wdbc,Random Search,20,0.9642857142857143,43.0
wdbc,"GA (NSGA-II, archived)",20,0.625,1.0
wdbc,"GA (NSGA-II, archived)",20,0.9107142857142857,3.0
wdbc,"GA (NSGA-II, archived)",20,0.9821428571428571,5.0
wdbc,CART (ccp path),20,0.625,1.0
wdbc,CART (ccp path),20,0.875,3.0
wdbc,CART (ccp path),20,0.9821428571428571,5.0
wdbc,GA (NSGA-II),21,0.6140350877192983,1.0
wdbc,GA (NSGA-II),21,0.8245614035087719,3.0
wdbc,GA (NSGA-II),21,0.8771929824561403,5.0
wdbc,Random Search,21,0.6140350877192983,1.0
wdbc,Random Search,21,0.7894736842105263,3.0
wdbc,Random Search,21,0.8596491228070176,5.0
wdbc,"GA (NSGA-II, archived)",21,0.6140350877192983,1.0
wdbc,"GA (NSGA-II, archived)",21,0.8070175438596491,3.0
wdbc,"GA (NSGA-II, archived)",21,0.8947368421052632,7.0
wdbc,CART (ccp path),21,0.6140350877192983,1.0
wdbc,CART (ccp path),21,0.8421052631578947,3.0
wdbc,CART (ccp path),21,0.8771929824561403,5.0
wdbc,CART (ccp path),21,0.8947368421052632,13.0
wdbc,GA (NSGA-II),22,0.6140350877192983,1.0
wdbc,GA (NSGA-II),22,0.8947368421052632,3.0
wdbc,GA (NSGA-II),22,0.9298245614035088,5.0
wdbc,GA (NSGA-II),22,0.9473684210526315,7.0
wdbc,Random Search,22,0.6140350877192983,1.0
wdbc,Random Search,22,0.9298245614035088,3.0
wdbc,"GA (NSGA-II, archived)",22,0.6140350877192983,1.0
wdbc,"GA (NSGA-II, archived)",22,0.8947368421052632,3.0
wdbc,"GA (NSGA-II, archived)",22,0.9122807017543859,5.0
wdbc,CART (ccp path),22,0.6140350877192983,1.0
wdbc,CART (ccp path),22,0.8421052631578947,3.0
wdbc,CART (ccp path),22,0.8771929824561403,5.0
wdbc,CART (ccp path),22,0.9122807017543859,7.0
wdbc,CART (ccp path),22,0.9298245614035088,15.0
wdbc,GA (NSGA-II),23,0.631578947368421,1.0
wdbc,GA (NSGA-II),23,0.9649122807017544,3.0
wdbc,GA (NSGA-II),23,0.9824561403508771,15.0
wdbc,Random Search,23,0.631578947368421,1.0
wdbc,Random Search,23,0.8771929824561403,3.0
wdbc,Random Search,23,0.9649122807017544,5.0
wdbc,"GA (NSGA-II, archived)",23,0.631578947368421,1.0
wdbc,"GA (NSGA-II, archived)",23,0.8947368421052632,3.0
wdbc,"GA (NSGA-II, archived)",23,0.9824561403508771,5.0
wdbc,CART (ccp path),23,0.631578947368421,1.0
wdbc,CART (ccp path),23,0.8947368421052632,3.0
wdbc,CART (ccp path),23,0.9649122807017544,5.0
wdbc,GA (NSGA-II),24,0.631578947368421,1.0
wdbc,GA (NSGA-II),24,0.8771929824561403,3.0
wdbc,GA (NSGA-II),24,0.8947368421052632,5.0
wdbc,Random Search,24,0.631578947368421,1.0
wdbc,Random Search,24,0.8596491228070176,3.0
wdbc,Random Search,24,0.8947368421052632,17.0
wdbc,"GA (NSGA-II, archived)",24,0.631578947368421,1.0
wdbc,"GA (NSGA-II, archived)",24,0.8947368421052632,3.0
wdbc,"GA (NSGA-II, archived)",24,0.9298245614035088,19.0
wdbc,CART (ccp path),24,0.631578947368421,1.0
wdbc,CART (ccp path),24,0.8421052631578947,3.0
wdbc,CART (ccp path),24,0.8947368421052632,5.0
wdbc,CART (ccp path),24,0.9122807017543859,9.0
wdbc,CART (ccp path),24,0.9298245614035088,13.0
wdbc,GA (NSGA-II),25,0.631578947368421,1.0
wdbc,GA (NSGA-II),25,0.9473684210526315,3.0
wdbc,Random Search,25,0.631578947368421,1.0
wdbc,Random Search,25,0.9824561403508771,3.0
wdbc,"GA (NSGA-II, archived)",25,0.631578947368421,1.0
wdbc,"GA (NSGA-II, archived)",25,0.9298245614035088,3.0
wdbc,"GA (NSGA-II, archived)",25,0.9473684210526315,5.0
wdbc,CART (ccp path),25,0.631578947368421,1.0
wdbc,CART (ccp path),25,0.9473684210526315,3.0
wdbc,CART (ccp path),25,0.9649122807017544,15.0
wdbc,GA (NSGA-II),26,0.631578947368421,1.0
wdbc,GA (NSGA-II),26,0.9473684210526315,3.0
wdbc,Random Search,26,0.631578947368421,1.0
wdbc,Random Search,26,0.9473684210526315,3.0
wdbc,"GA (NSGA-II, archived)",26,0.631578947368421,1.0
wdbc,"GA (NSGA-II, archived)",26,0.9298245614035088,3.0
wdbc,"GA (NSGA-II, archived)",26,0.9473684210526315,5.0
wdbc,CART (ccp path),26,0.631578947368421,1.0
wdbc,CART (ccp path),26,0.9473684210526315,3.0
wdbc,CART (ccp path),26,0.9649122807017544,13.0
wdbc,GA (NSGA-II),27,0.631578947368421,1.0
wdbc,GA (NSGA-II),27,0.9298245614035088,3.0
wdbc,Random Search,27,0.631578947368421,1.0
wdbc,Random Search,27,0.8771929824561403,3.0
wdbc,Random Search,27,0.9473684210526315,5.0
wdbc,"GA (NSGA-II, archived)",27,0.631578947368421,1.0
wdbc,"GA (NSGA-II, archived)",27,0.8596491228070176,3.0
wdbc,"GA (NSGA-II, archived)",27,0.8771929824561403,7.0
wdbc,"GA (NSGA-II, archived)",27,0.8947368421052632,15.0
wdbc,CART (ccp path),27,0.631578947368421,1.0
wdbc,CART (ccp path),27,0.9298245614035088,5.0
wdbc,GA (NSGA-II),28,0.631578947368421,1.0
wdbc,GA (NSGA-II),28,0.9122807017543859,3.0
wdbc,Random Search,28,0.631578947368421,1.0
wdbc,Random Search,28,0.9473684210526315,3.0
wdbc,"GA (NSGA-II, archived)",28,0.631578947368421,1.0
wdbc,"GA (NSGA-II, archived)",28,0.8947368421052632,3.0
wdbc,"GA (NSGA-II, archived)",28,0.9298245614035088,5.0
wdbc,CART (ccp path),28,0.631578947368421,1.0
wdbc,CART (ccp path),28,0.8596491228070176,3.0
wdbc,CART (ccp path),28,0.8771929824561403,5.0
wdbc,CART (ccp path),28,0.9122807017543859,13.0
wdbc,GA (NSGA-II),29,0.631578947368421,1.0
wdbc,GA (NSGA-II),29,0.9298245614035088,3.0
wdbc,Random Search,29,0.631578947368421,1.0
wdbc,Random Search,29,0.9122807017543859,3.0
wdbc,Random Search,29,0.9473684210526315,21.0
wdbc,"GA (NSGA-II, archived)",29,0.631578947368421,1.0
wdbc,"GA (NSGA-II, archived)",29,0.9122807017543859,3.0
wdbc,CART (ccp path),29,0.631578947368421,1.0
wdbc,CART (ccp path),29,0.9298245614035088,5.0
wdbc,CART (ccp path),29,0.9473684210526315,7.0
wdbc,GA (NSGA-II),30,0.625,1.0
wdbc,GA (NSGA-II),30,0.9642857142857143,3.0
wdbc,Random Search,30,0.625,1.0
wdbc,Random Search,30,0.9285714285714286,3.0
wdbc,"GA (NSGA-II, archived)",30,0.625,1.0
wdbc,"GA (NSGA-II, archived)",30,0.9285714285714286,3.0
wdbc,"GA (NSGA-II, archived)",30,0.9464285714285714,7.0
wdbc,CART (ccp path),30,0.625,1.0
wdbc,CART (ccp path),30,0.9464285714285714,5.0
wdbc,CART (ccp path),30,0.9821428571428571,7.0
ilpd,GA (NSGA-II),1,0.711864406779661,1.0
ilpd,Random Search,1,0.711864406779661,1.0
ilpd,"GA (NSGA-II, archived)",1,0.711864406779661,1.0
ilpd,"GA (NSGA-II, archived)",1,0.7288135593220338,3.0
ilpd,CART (ccp path),1,0.711864406779661,1.0
ilpd,CART (ccp path),1,0.7457627118644068,45.0
ilpd,GA (NSGA-II),2,0.711864406779661,1.0
ilpd,GA (NSGA-II),2,0.7627118644067796,5.0
ilpd,Random Search,2,0.711864406779661,1.0
ilpd,Random Search,2,0.7288135593220338,9.0
ilpd,"GA (NSGA-II, archived)",2,0.711864406779661,1.0
ilpd,CART (ccp path),2,0.711864406779661,1.0
ilpd,GA (NSGA-II),3,0.711864406779661,1.0
ilpd,GA (NSGA-II),3,0.7288135593220338,5.0
ilpd,Random Search,3,0.711864406779661,1.0
ilpd,Random Search,3,0.7288135593220338,3.0
ilpd,"GA (NSGA-II, archived)",3,0.711864406779661,1.0
ilpd,"GA (NSGA-II, archived)",3,0.7288135593220338,3.0
ilpd,CART (ccp path),3,0.711864406779661,1.0
ilpd,GA (NSGA-II),4,0.7241379310344828,1.0
ilpd,Random Search,4,0.7241379310344828,1.0
ilpd,"GA (NSGA-II, archived)",4,0.7241379310344828,1.0
ilpd,CART (ccp path),4,0.7241379310344828,1.0
ilpd,GA (NSGA-II),5,0.7241379310344828,1.0
ilpd,GA (NSGA-II),5,0.7413793103448276,3.0
ilpd,GA (NSGA-II),5,0.7586206896551724,11.0
ilpd,Random Search,5,0.7241379310344828,1.0
ilpd,"GA (NSGA-II, archived)",5,0.7241379310344828,1.0
ilpd,"GA (NSGA-II, archived)",5,0.7586206896551724,3.0
ilpd,CART (ccp path),5,0.7241379310344828,1.0
ilpd,GA (NSGA-II),6,0.7241379310344828,1.0
ilpd,GA (NSGA-II),6,0.7413793103448276,3.0
ilpd,Random Search,6,0.7241379310344828,1.0
ilpd,Random Search,6,0.7413793103448276,3.0
ilpd,Random Search,6,0.7586206896551724,13.0
ilpd,"GA (NSGA-II, archived)",6,0.7241379310344828,1.0
ilpd,"GA (NSGA-II, archived)",6,0.8103448275862069,7.0
ilpd,CART (ccp path),6,0.7241379310344828,1.0
ilpd,CART (ccp path),6,0.7413793103448276,81.0
ilpd,GA (NSGA-II),7,0.7068965517241379,1.0
ilpd,GA (NSGA-II),7,0.7241379310344828,5.0
ilpd,Random Search,7,0.7068965517241379,1.0
ilpd,"GA (NSGA-II, archived)",7,0.7068965517241379,1.0
ilpd,"GA (NSGA-II, archived)",7,0.7241379310344828,5.0
ilpd,CART (ccp path),7,0.7068965517241379,1.0
ilpd,GA (NSGA-II),8,0.7068965517241379,1.0
ilpd,GA (NSGA-II),8,0.7413793103448276,5.0
ilpd,GA (NSGA-II),8,0.7586206896551724,15.0
ilpd,Random Search,8,0.7068965517241379,1.0
ilpd,Random Search,8,0.7413793103448276,5.0
ilpd,"GA (NSGA-II, archived)",8,0.7068965517241379,1.0
ilpd,"GA (NSGA-II, archived)",8,0.7241379310344828,7.0
ilpd,CART (ccp path),8,0.7068965517241379,1.0
ilpd,GA (NSGA-II),9,0.7068965517241379,1.0
ilpd,Random Search,9,0.7068965517241379,1.0
ilpd,Random Search,9,0.7241379310344828,15.0
ilpd,Random Search,9,0.7413793103448276,27.0
ilpd,"GA (NSGA-II, archived)",9,0.7068965517241379,1.0
ilpd,CART (ccp path),9,0.7068965517241379,1.0
ilpd,GA (NSGA-II),10,0.7068965517241379,1.0
ilpd,GA (NSGA-II),10,0.7413793103448276,3.0
ilpd,Random Search,10,0.7068965517241379,1.0
ilpd,"GA (NSGA-II, archived)",10,0.7068965517241379,1.0
ilpd,CART (ccp path),10,0.7068965517241379,1.0
ilpd,CART (ccp path),10,0.7241379310344828,23.0
ilpd,GA (NSGA-II),11,0.711864406779661,1.0
ilpd,Random Search,11,0.711864406779661,1.0
ilpd,Random Search,11,0.7966101694915254,15.0
ilpd,"GA (NSGA-II, archived)",11,0.711864406779661,1.0
ilpd,"GA (NSGA-II, archived)",11,0.7457627118644068,11.0
ilpd,CART (ccp path),11,0.711864406779661,1.0
ilpd,GA (NSGA-II),12,0.711864406779661,1.0
ilpd,GA (NSGA-II),12,0.7288135593220338,11.0
ilpd,Random Search,12,0.711864406779661,1.0
ilpd,"GA (NSGA-II, archived)",12,0.711864406779661,1.0
ilpd,CART (ccp path),12,0.711864406779661,1.0
ilpd,GA (NSGA-II),13,0.711864406779661,1.0
ilpd,GA (NSGA-II),13,0.7288135593220338,3.0
ilpd,GA (NSGA-II),13,0.7457627118644068,11.0
ilpd,Random Search,13,0.711864406779661,1.0
ilpd,Random Search,13,0.7288135593220338,5.0
ilpd,Random Search,13,0.7457627118644068,17.0
ilpd,"GA (NSGA-II, archived)",13,0.711864406779661,1.0
ilpd,"GA (NSGA-II, archived)",13,0.7288135593220338,3.0
ilpd,CART (ccp path),13,0.711864406779661,1.0
ilpd,GA (NSGA-II),14,0.7241379310344828,1.0
ilpd,GA (NSGA-II),14,0.7586206896551724,3.0
ilpd,Random Search,14,0.7241379310344828,1.0
ilpd,Random Search,14,0.7413793103448276,9.0
ilpd,"GA (NSGA-II, archived)",14,0.7241379310344828,1.0
ilpd,"GA (NSGA-II, archived)",14,0.7586206896551724,3.0
ilpd,CART (ccp path),14,0.7241379310344828,1.0
ilpd,GA (NSGA-II),15,0.7241379310344828,1.0
ilpd,Random Search,15,0.7241379310344828,1.0
ilpd,"GA (NSGA-II, archived)",15,0.7241379310344828,1.0
ilpd,CART (ccp path),15,0.7241379310344828,1.0
ilpd,GA (NSGA-II),16,0.7241379310344828,1.0
ilpd,Random Search,16,0.7241379310344828,1.0
ilpd,"GA (NSGA-II, archived)",16,0.7241379310344828,1.0
ilpd,CART (ccp path),16,0.7241379310344828,1.0
ilpd,GA (NSGA-II),17,0.7068965517241379,1.0
ilpd,GA (NSGA-II),17,0.7241379310344828,3.0
ilpd,Random Search,17,0.7068965517241379,1.0
ilpd,"GA (NSGA-II, archived)",17,0.7068965517241379,1.0
ilpd,"GA (NSGA-II, archived)",17,0.7241379310344828,3.0
ilpd,CART (ccp path),17,0.7068965517241379,1.0
ilpd,CART (ccp path),17,0.7241379310344828,25.0
ilpd,GA (NSGA-II),18,0.7068965517241379,1.0
ilpd,Random Search,18,0.7068965517241379,1.0
ilpd,Random Search,18,0.7413793103448276,9.0
ilpd,"GA (NSGA-II, archived)",18,0.7068965517241379,1.0
ilpd,"GA (NSGA-II, archived)",18,0.7241379310344828,3.0
ilpd,"GA (NSGA-II, archived)",18,0.7413793103448276,5.0
ilpd,CART (ccp path),18,0.7068965517241379,1.0
ilpd,CART (ccp path),18,0.7241379310344828,11.0
ilpd,GA (NSGA-II),19,0.7068965517241379,1.0
ilpd,Random Search,19,0.7068965517241379,1.0
ilpd,Random Search,19,0.7241379310344828,5.0
ilpd,Random Search,19,0.7413793103448276,7.0
ilpd,"GA (NSGA-II, archived)",19,0.7068965517241379,1.0
ilpd,CART (ccp path),19,0.7068965517241379,1.0
ilpd,GA (NSGA-II),20,0.7068965517241379,1.0
ilpd,GA (NSGA-II),20,0.7241379310344828,3.0
ilpd,Random Search,20,0.7068965517241379,1.0
ilpd,"GA (NSGA-II, archived)",20,0.7068965517241379,1.0
ilpd,"GA (NSGA-II, archived)",20,0.7241379310344828,3.0
ilpd,CART (ccp path),20,0.7068965517241379,1.0
ilpd,CART (ccp path),20,0.7241379310344828,63.0
ilpd,CART (ccp path),20,0.7586206896551724,77.0
ilpd,GA (NSGA-II),21,0.711864406779661,1.0
ilpd,Random Search,21,0.711864406779661,1.0
ilpd,Random Search,21,0.7288135593220338,17.0
ilpd,Random Search,21,0.7457627118644068,35.0
ilpd,"GA (NSGA-II, archived)",21,0.711864406779661,1.0
ilpd,"GA (NSGA-II, archived)",21,0.7627118644067796,5.0
ilpd,CART (ccp path),21,0.711864406779661,1.0
ilpd,GA (NSGA-II),22,0.711864406779661,1.0
ilpd,GA (NSGA-II),22,0.7288135593220338,3.0
ilpd,GA (NSGA-II),22,0.7627118644067796,7.0
ilpd,GA (NSGA-II),22,0.7796610169491526,9.0
ilpd,Random Search,22,0.711864406779661,1.0
ilpd,Random Search,22,0.7288135593220338,3.0
ilpd,"GA (NSGA-II, archived)",22,0.711864406779661,1.0
ilpd,"GA (NSGA-II, archived)",22,0.7288135593220338,3.0
ilpd,CART (ccp path),22,0.711864406779661,1.0
ilpd,CART (ccp path),22,0.7288135593220338,17.0
ilpd,GA (NSGA-II),23,0.711864406779661,1.0
ilpd,Random Search,23,0.711864406779661,1.0
ilpd,"GA (NSGA-II, archived)",23,0.711864406779661,1.0
ilpd,CART (ccp path),23,0.711864406779661,1.0
ilpd,GA (NSGA-II),24,0.7241379310344828,1.0
ilpd,GA (NSGA-II),24,0.7413793103448276,3.0
ilpd,Random Search,24,0.7241379310344828,1.0
ilpd,"GA (NSGA-II, archived)",24,0.7241379310344828,1.0
ilpd,CART (ccp path),24,0.7241379310344828,1.0
ilpd,GA (NSGA-II),25,0.7241379310344828,1.0
ilpd,Random Search,25,0.7241379310344828,1.0
ilpd,"GA (NSGA-II, archived)",25,0.7241379310344828,1.0
ilpd,CART (ccp path),25,0.7241379310344828,1.0
ilpd,GA (NSGA-II),26,0.7241379310344828,1.0
ilpd,GA (NSGA-II),26,0.7586206896551724,7.0
ilpd,Random Search,26,0.7241379310344828,1.0
ilpd,"GA (NSGA-II, archived)",26,0.7241379310344828,1.0
ilpd,CART (ccp path),26,0.7241379310344828,1.0
ilpd,GA (NSGA-II),27,0.7068965517241379,1.0
ilpd,GA (NSGA-II),27,0.7586206896551724,7.0
ilpd,Random Search,27,0.7068965517241379,1.0
ilpd,"GA (NSGA-II, archived)",27,0.7068965517241379,1.0
ilpd,CART (ccp path),27,0.7068965517241379,1.0
ilpd,GA (NSGA-II),28,0.7068965517241379,1.0
ilpd,Random Search,28,0.7068965517241379,1.0
ilpd,Random Search,28,0.7758620689655172,5.0
ilpd,"GA (NSGA-II, archived)",28,0.7068965517241379,1.0
ilpd,"GA (NSGA-II, archived)",28,0.7241379310344828,7.0
ilpd,CART (ccp path),28,0.7068965517241379,1.0
ilpd,CART (ccp path),28,0.7241379310344828,9.0
ilpd,CART (ccp path),28,0.7586206896551724,93.0
ilpd,CART (ccp path),28,0.7758620689655172,101.0
ilpd,GA (NSGA-II),29,0.7068965517241379,1.0
ilpd,GA (NSGA-II),29,0.7241379310344828,3.0
ilpd,Random Search,29,0.7068965517241379,1.0
ilpd,Random Search,29,0.7241379310344828,5.0
ilpd,"GA (NSGA-II, archived)",29,0.7068965517241379,1.0
ilpd,"GA (NSGA-II, archived)",29,0.7241379310344828,7.0
ilpd,CART (ccp path),29,0.7068965517241379,1.0
ilpd,GA (NSGA-II),30,0.7068965517241379,1.0
ilpd,Random Search,30,0.7068965517241379,1.0
ilpd,"GA (NSGA-II, archived)",30,0.7068965517241379,1.0
ilpd,CART (ccp path),30,0.7068965517241379,1.0
balance_scale,GA (NSGA-II),1,0.4603174603174603,1.0
balance_scale,GA (NSGA-II),1,0.6349206349206349,3.0
balance_scale,GA (NSGA-II),1,0.7142857142857143,5.0
balance_scale,GA (NSGA-II),1,0.7301587301587301,7.0
balance_scale,GA (NSGA-II),1,0.746031746031746,13.0
balance_scale,Random Search,1,0.4603174603174603,1.0
balance_scale,Random Search,1,0.6507936507936508,3.0
balance_scale,Random Search,1,0.746031746031746,5.0
balance_scale,Random Search,1,0.7619047619047619,15.0
balance_scale,Random Search,1,0.7777777777777778,19.0
balance_scale,"GA (NSGA-II, archived)",1,0.4603174603174603,1.0
balance_scale,"GA (NSGA-II, archived)",1,0.6507936507936508,3.0
balance_scale,"GA (NSGA-II, archived)",1,0.6984126984126984,5.0
balance_scale,"GA (NSGA-II, archived)",1,0.7142857142857143,9.0
balance_scale,CART (ccp path),1,0.4603174603174603,1.0
balance_scale,CART (ccp path),1,0.7142857142857143,11.0
balance_scale,CART (ccp path),1,0.7936507936507936,21.0
balance_scale,CART (ccp path),1,0.8095238095238095,31.0
balance_scale,GA (NSGA-II),2,0.4603174603174603,1.0
balance_scale,GA (NSGA-II),2,0.5079365079365079,3.0
balance_scale,GA (NSGA-II),2,0.5238095238095238,5.0
balance_scale,GA (NSGA-II),2,0.6349206349206349,7.0
balance_scale,GA (NSGA-II),2,0.6825396825396826,9.0
balance_scale,Random Search,2,0.4603174603174603,1.0
balance_scale,Random Search,2,0.5714285714285714,3.0
balance_scale,Random Search,2,0.6984126984126984,5.0
balance_scale,Random Search,2,0.7301587301587301,17.0
balance_scale,Random Search,2,0.746031746031746,31.0
balance_scale,"GA (NSGA-II, archived)",2,0.4603174603174603,1.0
balance_scale,"GA (NSGA-II, archived)",2,0.6031746031746031,3.0
balance_scale,"GA (NSGA-II, archived)",2,0.7142857142857143,7.0
balance_scale,"GA (NSGA-II, archived)",2,0.8095238095238095,9.0
balance_scale,CART (ccp path),2,0.4603174603174603,1.0
balance_scale,CART (ccp path),2,0.5396825396825397,9.0
balance_scale,CART (ccp path),2,0.7142857142857143,19.0
balance_scale,CART (ccp path),2,0.7301587301587301,27.0
balance_scale,GA (NSGA-II),3,0.4603174603174603,1.0
balance_scale,GA (NSGA-II),3,0.5873015873015873,3.0
balance_scale,GA (NSGA-II),3,0.8412698412698413,5.0
balance_scale,GA (NSGA-II),3,0.873015873015873,17.0
balance_scale,Random Search,3,0.4603174603174603,1.0
balance_scale,Random Search,3,0.5873015873015873,3.0
balance_scale,Random Search,3,0.6031746031746031,5.0
balance_scale,Random Search,3,0.7301587301587301,7.0
balance_scale,Random Search,3,0.7936507936507936,15.0
balance_scale,"GA (NSGA-II, archived)",3,0.4603174603174603,1.0
balance_scale,"GA (NSGA-II, archived)",3,0.5873015873015873,3.0
balance_scale,"GA (NSGA-II, archived)",3,0.6349206349206349,5.0
balance_scale,"GA (NSGA-II, archived)",3,0.6825396825396826,7.0
balance_scale,"GA (NSGA-II, archived)",3,0.7142857142857143,9.0
balance_scale,"GA (NSGA-II, archived)",3,0.746031746031746,25.0
balance_scale,CART (ccp path),3,0.4603174603174603,1.0
balance_scale,CART (ccp path),3,0.6507936507936508,9.0
balance_scale,CART (ccp path),3,0.7936507936507936,19.0
balance_scale,CART (ccp path),3,0.8095238095238095,39.0
balance_scale,GA (NSGA-II),4,0.4603174603174603,1.0
balance_scale,GA (NSGA-II),4,0.7142857142857143,3.0
balance_scale,GA (NSGA-II),4,0.7301587301587301,5.0
balance_scale,GA (NSGA-II),4,0.746031746031746,7.0
balance_scale,GA (NSGA-II),4,0.8095238095238095,9.0
balance_scale,Random Search,4,0.4603174603174603,1.0
balance_scale,Random Search,4,0.7142857142857143,3.0
balance_scale,Random Search,4,0.7619047619047619,17.0
balance_scale,Random Search,4,0.7936507936507936,19.0
balance_scale,"GA (NSGA-II, archived)",4,0.4603174603174603,1.0
balance_scale,"GA (NSGA-II, archived)",4,0.6190476190476191,3.0
balance_scale,"GA (NSGA-II, archived)",4,0.6349206349206349,5.0
balance_scale,"GA (NSGA-II, archived)",4,0.7619047619047619,7.0
balance_scale,CART (ccp path),4,0.4603174603174603,1.0
balance_scale,CART (ccp path),4,0.6507936507936508,9.0
balance_scale,CART (ccp path),4,0.7619047619047619,19.0
balance_scale,CART (ccp path),4,0.8095238095238095,29.0
balance_scale,GA (NSGA-II),5,0.4603174603174603,1.0
balance_scale,GA (NSGA-II),5,0.6349206349206349,3.0
balance_scale,GA (NSGA-II),5,0.6666666666666666,5.0
balance_scale,GA (NSGA-II),5,0.7301587301587301,7.0
balance_scale,GA (NSGA-II),5,0.7619047619047619,9.0
balance_scale,Random Search,5,0.4603174603174603,1.0
balance_scale,Random Search,5,0.6825396825396826,3.0
balance_scale,Random Search,5,0.7301587301587301,9.0
balance_scale,Random Search,5,0.7936507936507936,21.0
balance_scale,"GA (NSGA-II, archived)",5,0.4603174603174603,1.0
balance_scale,"GA (NSGA-II, archived)",5,0.5873015873015873,3.0
balance_scale,"GA (NSGA-II, archived)",5,0.6825396825396826,5.0
balance_scale,"GA (NSGA-II, archived)",5,0.6984126984126984,7.0
balance_scale,"GA (NSGA-II, archived)",5,0.746031746031746,9.0
balance_scale,"GA (NSGA-II, archived)",5,0.7936507936507936,13.0
balance_scale,CART (ccp path),5,0.4603174603174603,1.0
balance_scale,CART (ccp path),5,0.7142857142857143,11.0
balance_scale,CART (ccp path),5,0.7777777777777778,19.0
balance_scale,CART (ccp path),5,0.8095238095238095,31.0
balance_scale,CART (ccp path),5,0.8253968253968254,41.0
balance_scale,GA (NSGA-II),6,0.46774193548387094,1.0
balance_scale,GA (NSGA-II),6,0.6451612903225806,3.0
balance_scale,GA (NSGA-II),6,0.7096774193548387,5.0
balance_scale,GA (NSGA-II),6,0.7419354838709677,7.0
balance_scale,Random Search,6,0.46774193548387094,1.0
balance_scale,Random Search,6,0.5483870967741935,3.0
balance_scale,Random Search,6,0.6451612903225806,5.0
balance_scale,Random Search,6,0.7419354838709677,9.0
balance_scale,Random Search,6,0.7903225806451613,11.0
balance_scale,"GA (NSGA-II, archived)",6,0.46774193548387094,1.0
balance_scale,"GA (NSGA-II, archived)",6,0.5967741935483871,3.0
balance_scale,"GA (NSGA-II, archived)",6,0.6612903225806451,5.0
balance_scale,"GA (NSGA-II, archived)",6,0.7419354838709677,7.0
balance_scale,"GA (NSGA-II, archived)",6,0.8064516129032258,11.0
balance_scale,"GA (NSGA-II, archived)",6,0.8225806451612904,15.0
balance_scale,CART (ccp path),6,0.46774193548387094,1.0
balance_scale,CART (ccp path),6,0.6451612903225806,9.0
balance_scale,CART (ccp path),6,0.6935483870967742,19.0
balance_scale,CART (ccp path),6,0.8064516129032258,29.0
balance_scale,GA (NSGA-II),7,0.45161290322580644,1.0
balance_scale,GA (NSGA-II),7,0.5806451612903226,3.0
balance_scale,GA (NSGA-II),7,0.6129032258064516,5.0
balance_scale,GA (NSGA-II),7,0.6290322580645161,7.0
balance_scale,GA (NSGA-II),7,0.6612903225806451,9.0
balance_scale,GA (NSGA-II),7,0.7419354838709677,13.0
balance_scale,Random Search,7,0.45161290322580644,1.0
balance_scale,Random Search,7,0.6612903225806451,3.0
balance_scale,Random Search,7,0.8064516129032258,15.0
balance_scale,"GA (NSGA-II, archived)",7,0.45161290322580644,1.0
balance_scale,"GA (NSGA-II, archived)",7,0.5806451612903226,3.0
balance_scale,"GA (NSGA-II, archived)",7,0.5967741935483871,5.0
balance_scale,"GA (NSGA-II, archived)",7,0.7258064516129032,9.0
balance_scale,"GA (NSGA-II, archived)",7,0.7580645161290323,13.0
balance_scale,CART (ccp path),7,0.45161290322580644,1.0
balance_scale,CART (ccp path),7,0.6612903225806451,9.0
balance_scale,CART (ccp path),7,0.7419354838709677,19.0
balance_scale,CART (ccp path),7,0.7903225806451613,27.0
balance_scale,CART (ccp path),7,0.8225806451612904,49.0
balance_scale,CART (ccp path),7,0.8387096774193549,79.0
balance_scale,GA (NSGA-II),8,0.45161290322580644,1.0
balance_scale,GA (NSGA-II),8,0.7258064516129032,3.0
balance_scale,GA (NSGA-II),8,0.7903225806451613,9.0
balance_scale,GA (NSGA-II),8,0.8225806451612904,17.0
balance_scale,GA (NSGA-II),8,0.8387096774193549,29.0
balance_scale,Random Search,8,0.45161290322580644,1.0
balance_scale,Random Search,8,0.6290322580645161,3.0
balance_scale,Random Search,8,0.7419354838709677,5.0
balance_scale,Random Search,8,0.7903225806451613,17.0
balance_scale,"GA (NSGA-II, archived)",8,0.45161290322580644,1.0
balance_scale,"GA (NSGA-II, archived)",8,0.7258064516129032,3.0
balance_scale,"GA (NSGA-II, archived)",8,0.7741935483870968,7.0
balance_scale,"GA (NSGA-II, archived)",8,0.8064516129032258,11.0
balance_scale,CART (ccp path),8,0.45161290322580644,1.0
balance_scale,CART (ccp path),8,0.7096774193548387,11.0
balance_scale,CART (ccp path),8,0.7419354838709677,17.0
balance_scale,CART (ccp path),8,0.8225806451612904,25.0
balance_scale,CART (ccp path),8,0.8548387096774194,31.0
balance_scale,CART (ccp path),8,0.8709677419354839,71.0
balance_scale,GA (NSGA-II),9,0.45161290322580644,1.0
balance_scale,GA (NSGA-II),9,0.6129032258064516,3.0
balance_scale,GA (NSGA-II),9,0.6774193548387096,5.0
balance_scale,GA (NSGA-II),9,0.6935483870967742,7.0
balance_scale,GA (NSGA-II),9,0.7258064516129032,11.0
balance_scale,Random Search,9,0.45161290322580644,1.0
balance_scale,Random Search,9,0.5967741935483871,3.0
balance_scale,Random Search,9,0.6290322580645161,5.0
balance_scale,Random Search,9,0.6774193548387096,9.0
balance_scale,Random Search,9,0.7258064516129032,33.0
balance_scale,"GA (NSGA-II, archived)",9,0.45161290322580644,1.0
balance_scale,"GA (NSGA-II, archived)",9,0.5967741935483871,3.0
balance_scale,"GA (NSGA-II, archived)",9,0.6129032258064516,5.0
balance_scale,"GA (NSGA-II, archived)",9,0.6774193548387096,7.0
balance_scale,"GA (NSGA-II, archived)",9,0.7741935483870968,25.0
balance_scale,CART (ccp path),9,0.45161290322580644,1.0
balance_scale,CART (ccp path),9,0.6451612903225806,11.0
balance_scale,CART (ccp path),9,0.7258064516129032,21.0
balance_scale,CART (ccp path),9,0.7580645161290323,29.0
balance_scale,CART (ccp path),9,0.7741935483870968,37.0
balance_scale,GA (NSGA-II),10,0.45161290322580644,1.0
balance_scale,GA (NSGA-II),10,0.5806451612903226,3.0
balance_scale,GA (NSGA-II),10,0.6129032258064516,5.0
balance_scale,GA (NSGA-II),10,0.6612903225806451,7.0
balance_scale,GA (NSGA-II),10,0.7258064516129032,11.0
balance_scale,GA (NSGA-II),10,0.7741935483870968,17.0
balance_scale,GA (NSGA-II),10,0.8064516129032258,19.0
balance_scale,Random Search,10,0.45161290322580644,1.0
balance_scale,Random Search,10,0.5806451612903226,3.0
balance_scale,Random Search,10,0.6612903225806451,5.0
balance_scale,Random Search,10,0.8064516129032258,15.0
balance_scale,"GA (NSGA-II, archived)",10,0.45161290322580644,1.0
balance_scale,"GA (NSGA-II, archived)",10,0.5967741935483871,3.0
balance_scale,"GA (NSGA-II, archived)",10,0.6129032258064516,5.0
balance_scale,"GA (NSGA-II, archived)",10,0.6451612903225806,7.0
balance_scale,"GA (NSGA-II, archived)",10,0.7580645161290323,9.0
balance_scale,CART (ccp path),10,0.45161290322580644,1.0
balance_scale,CART (ccp path),10,0.6451612903225806,9.0
balance_scale,CART (ccp path),10,0.7096774193548387,19.0
balance_scale,CART (ccp path),10,0.7580645161290323,29.0
balance_scale,CART (ccp path),10,0.7741935483870968,73.0
balance_scale,GA (NSGA-II),11,0.4603174603174603,1.0
balance_scale,GA (NSGA-II),11,0.5555555555555556,3.0
balance_scale,GA (NSGA-II),11,0.6825396825396826,5.0
balance_scale,GA (NSGA-II),11,0.8095238095238095,7.0
balance_scale,GA (NSGA-II),11,0.8412698412698413,9.0
balance_scale,Random Search,11,0.4603174603174603,1.0
balance_scale,Random Search,11,0.5555555555555556,3.0
balance_scale,Random Search,11,0.6666666666666666,5.0
balance_scale,Random Search,11,0.6984126984126984,13.0
balance_scale,Random Search,11,0.7142857142857143,15.0
balance_scale,Random Search,11,0.7936507936507936,21.0
balance_scale,Random Search,11,0.8095238095238095,31.0
balance_scale,"GA (NSGA-II, archived)",11,0.4603174603174603,1.0
balance_scale,"GA (NSGA-II, archived)",11,0.5555555555555556,3.0
balance_scale,"GA (NSGA-II, archived)",11,0.7142857142857143,5.0
balance_scale,"GA (NSGA-II, archived)",11,0.7619047619047619,7.0
balance_scale,"GA (NSGA-II, archived)",11,0.7777777777777778,11.0
balance_scale,CART (ccp path),11,0.4603174603174603,1.0
balance_scale,CART (ccp path),11,0.6666666666666666,9.0
balance_scale,CART (ccp path),11,0.7142857142857143,25.0
balance_scale,CART (ccp path),11,0.7301587301587301,31.0
balance_scale,CART (ccp path),11,0.746031746031746,43.0
balance_scale,CART (ccp path),11,0.7619047619047619,53.0
balance_scale,GA (NSGA-II),12,0.4603174603174603,1.0
balance_scale,GA (NSGA-II),12,0.5714285714285714,3.0
balance_scale,GA (NSGA-II),12,0.6825396825396826,5.0
balance_scale,GA (NSGA-II),12,0.6984126984126984,7.0
balance_scale,GA (NSGA-II),12,0.8253968253968254,11.0
balance_scale,GA (NSGA-II),12,0.8412698412698413,15.0
balance_scale,Random Search,12,0.4603174603174603,1.0
balance_scale,Random Search,12,0.5873015873015873,3.0
balance_scale,Random Search,12,0.6984126984126984,5.0
balance_scale,Random Search,12,0.7301587301587301,23.0
balance_scale,"GA (NSGA-II, archived)",12,0.4603174603174603,1.0
balance_scale,"GA (NSGA-II, archived)",12,0.6190476190476191,3.0
balance_scale,"GA (NSGA-II, archived)",12,0.6507936507936508,5.0
balance_scale,CART (ccp path),12,0.4603174603174603,1.0
balance_scale,CART (ccp path),12,0.6507936507936508,11.0
balance_scale,CART (ccp path),12,0.7301587301587301,19.0
balance_scale,CART (ccp path),12,0.746031746031746,29.0
balance_scale,CART (ccp path),12,0.7619047619047619,43.0
balance_scale,GA (NSGA-II),13,0.4603174603174603,1.0
balance_scale,GA (NSGA-II),13,0.6190476190476191,3.0
balance_scale,GA (NSGA-II),13,0.6349206349206349,5.0
balance_scale,GA (NSGA-II),13,0.746031746031746,9.0
balance_scale,Random Search,13,0.4603174603174603,1.0
balance_scale,Random Search,13,0.5873015873015873,3.0
balance_scale,Random Search,13,0.6349206349206349,7.0
balance_scale,Random Search,13,0.6507936507936508,11.0
balance_scale,Random Search,13,0.6984126984126984,13.0
balance_scale,Random Search,13,0.7619047619047619,25.0
balance_scale,"GA (NSGA-II, archived)",13,0.4603174603174603,1.0
balance_scale,"GA (NSGA-II, archived)",13,0.5873015873015873,3.0
balance_scale,"GA (NSGA-II, archived)",13,0.6507936507936508,7.0
balance_scale,CART (ccp path),13,0.4603174603174603,1.0
balance_scale,CART (ccp path),13,0.5873015873015873,9.0
balance_scale,CART (ccp path),13,0.6825396825396826,19.0
balance_scale,CART (ccp path),13,0.746031746031746,29.0
balance_scale,GA (NSGA-II),14,0.4603174603174603,1.0
balance_scale,GA (NSGA-II),14,0.5238095238095238,3.0
balance_scale,GA (NSGA-II),14,0.6190476190476191,5.0
balance_scale,GA (NSGA-II),14,0.6666666666666666,7.0
balance_scale,GA (NSGA-II),14,0.7777777777777778,9.0
balance_scale,GA (NSGA-II),14,0.8412698412698413,13.0
balance_scale,Random Search,14,0.4603174603174603,1.0
balance_scale,Random Search,14,0.6666666666666666,3.0
balance_scale,Random Search,14,0.6984126984126984,5.0
balance_scale,Random Search,14,0.746031746031746,7.0
balance_scale,"GA (NSGA-II, archived)",14,0.4603174603174603,1.0
balance_scale,"GA (NSGA-II, archived)",14,0.6825396825396826,3.0
balance_scale,"GA (NSGA-II, archived)",14,0.7301587301587301,5.0
balance_scale,"GA (NSGA-II, archived)",14,0.7936507936507936,7.0
balance_scale,"GA (NSGA-II, archived)",14,0.8253968253968254,13.0
balance_scale,"GA (NSGA-II, archived)",14,0.8412698412698413,17.0
balance_scale,CART (ccp path),14,0.4603174603174603,1.0
balance_scale,CART (ccp path),14,0.746031746031746,11.0
balance_scale,CART (ccp path),14,0.8412698412698413,21.0
balance_scale,GA (NSGA-II),15,0.4603174603174603,1.0
balance_scale,GA (NSGA-II),15,0.6190476190476191,3.0
balance_scale,GA (NSGA-II),15,0.7142857142857143,5.0
balance_scale,GA (NSGA-II),15,0.746031746031746,7.0
balance_scale,GA (NSGA-II),15,0.7936507936507936,11.0
balance_scale,Random Search,15,0.4603174603174603,1.0
balance_scale,Random Search,15,0.6507936507936508,3.0
balance_scale,Random Search,15,0.6825396825396826,5.0
balance_scale,Random Search,15,0.7301587301587301,17.0
balance_scale,Random Search,15,0.7777777777777778,23.0
balance_scale,"GA (NSGA-II, archived)",15,0.4603174603174603,1.0
balance_scale,"GA (NSGA-II, archived)",15,0.6190476190476191,3.0
balance_scale,"GA (NSGA-II, archived)",15,0.7301587301587301,5.0
balance_scale,"GA (NSGA-II, archived)",15,0.7777777777777778,7.0
balance_scale,"GA (NSGA-II, archived)",15,0.8253968253968254,13.0
balance_scale,CART (ccp path),15,0.4603174603174603,1.0
balance_scale,CART (ccp path),15,0.7142857142857143,9.0
balance_scale,CART (ccp path),15,0.7777777777777778,19.0
balance_scale,CART (ccp path),15,0.7936507936507936,29.0
balance_scale,GA (NSGA-II),16,0.46774193548387094,1.0
balance_scale,GA (NSGA-II),16,0.6451612903225806,3.0
balance_scale,GA (NSGA-II),16,0.7258064516129032,5.0
balance_scale,GA (NSGA-II),16,0.7419354838709677,7.0
balance_scale,GA (NSGA-II),16,0.7580645161290323,15.0
balance_scale,Random Search,16,0.46774193548387094,1.0
balance_scale,Random Search,16,0.7096774193548387,3.0
balance_scale,Random Search,16,0.7419354838709677,11.0
balance_scale,Random Search,16,0.7903225806451613,31.0
balance_scale,"GA (NSGA-II, archived)",16,0.46774193548387094,1.0
balance_scale,"GA (NSGA-II, archived)",16,0.6451612903225806,3.0
balance_scale,"GA (NSGA-II, archived)",16,0.6774193548387096,5.0
balance_scale,"GA (NSGA-II, archived)",16,0.7419354838709677,7.0
balance_scale,"GA (NSGA-II, archived)",16,0.8064516129032258,9.0
balance_scale,"GA (NSGA-II, archived)",16,0.8225806451612904,11.0
balance_scale,"GA (NSGA-II, archived)",16,0.8548387096774194,17.0
balance_scale,CART (ccp path),16,0.46774193548387094,1.0
balance_scale,CART (ccp path),16,0.7419354838709677,11.0
balance_scale,CART (ccp path),16,0.8387096774193549,21.0
balance_scale,CART (ccp path),16,0.8548387096774194,43.0
balance_scale,CART (ccp path),16,0.8709677419354839,77.0
balance_scale,GA (NSGA-II),17,0.45161290322580644,1.0
balance_scale,GA (NSGA-II),17,0.532258064516129,3.0
balance_scale,GA (NSGA-II),17,0.6451612903225806,5.0
balance_scale,GA (NSGA-II),17,0.6612903225806451,7.0
balance_scale,GA (NSGA-II),17,0.6935483870967742,9.0
balance_scale,GA (NSGA-II),17,0.7096774193548387,11.0
balance_scale,Random Search,17,0.45161290322580644,1.0
balance_scale,Random Search,17,0.6612903225806451,3.0
balance_scale,Random Search,17,0.6935483870967742,15.0
balance_scale,Random Search,17,0.7419354838709677,23.0
balance_scale,"GA (NSGA-II, archived)",17,0.45161290322580644,1.0
balance_scale,"GA (NSGA-II, archived)",17,0.6612903225806451,3.0
balance_scale,"GA (NSGA-II, archived)",17,0.6774193548387096,5.0
balance_scale,"GA (NSGA-II, archived)",17,0.7580645161290323,9.0
balance_scale,"GA (NSGA-II, archived)",17,0.7741935483870968,15.0
balance_scale,CART (ccp path),17,0.45161290322580644,1.0
balance_scale,CART (ccp path),17,0.6290322580645161,9.0
balance_scale,CART (ccp path),17,0.7419354838709677,19.0
balance_scale,CART (ccp path),17,0.7741935483870968,69.0
balance_scale,CART (ccp path),17,0.7903225806451613,79.0
balance_scale,GA (NSGA-II),18,0.45161290322580644,1.0
balance_scale,GA (NSGA-II),18,0.5967741935483871,3.0
balance_scale,GA (NSGA-II),18,0.6451612903225806,5.0
balance_scale,GA (NSGA-II),18,0.7580645161290323,7.0
balance_scale,GA (NSGA-II),18,0.7903225806451613,13.0
balance_scale,Random Search,18,0.45161290322580644,1.0
balance_scale,Random Search,18,0.6612903225806451,3.0
balance_scale,Random Search,18,0.7580645161290323,7.0
balance_scale,Random Search,18,0.8064516129032258,15.0
balance_scale,Random Search,18,0.8548387096774194,17.0
balance_scale,"GA (NSGA-II, archived)",18,0.45161290322580644,1.0
balance_scale,"GA (NSGA-II, archived)",18,0.5967741935483871,3.0
balance_scale,"GA (NSGA-II, archived)",18,0.7258064516129032,5.0
balance_scale,"GA (NSGA-II, archived)",18,0.7419354838709677,9.0
balance_scale,CART (ccp path),18,0.45161290322580644,1.0
balance_scale,CART (ccp path),18,0.6129032258064516,9.0
balance_scale,CART (ccp path),18,0.7096774193548387,19.0
balance_scale,CART (ccp path),18,0.7580645161290323,27.0
balance_scale,GA (NSGA-II),19,0.45161290322580644,1.0
balance_scale,GA (NSGA-II),19,0.6290322580645161,3.0
balance_scale,GA (NSGA-II),19,0.7580645161290323,9.0
balance_scale,Random Search,19,0.45161290322580644,1.0
balance_scale,Random Search,19,0.6612903225806451,3.0
balance_scale,Random Search,19,0.6774193548387096,11.0
balance_scale,"GA (NSGA-II, archived)",19,0.45161290322580644,1.0
balance_scale,"GA (NSGA-II, archived)",19,0.6290322580645161,3.0
balance_scale,"GA (NSGA-II, archived)",19,0.7258064516129032,5.0
balance_scale,"GA (NSGA-II, archived)",19,0.7580645161290323,13.0
balance_scale,"GA (NSGA-II, archived)",19,0.7741935483870968,21.0
balance_scale,CART (ccp path),19,0.45161290322580644,1.0
balance_scale,CART (ccp path),19,0.6612903225806451,11.0
balance_scale,CART (ccp path),19,0.7419354838709677,19.0
balance_scale,CART (ccp path),19,0.7741935483870968,27.0
balance_scale,GA (NSGA-II),20,0.45161290322580644,1.0
balance_scale,GA (NSGA-II),20,0.6290322580645161,3.0
balance_scale,GA (NSGA-II),20,0.6935483870967742,7.0
balance_scale,GA (NSGA-II),20,0.7096774193548387,13.0
balance_scale,Random Search,20,0.45161290322580644,1.0
balance_scale,Random Search,20,0.6612903225806451,3.0
balance_scale,Random Search,20,0.7258064516129032,17.0
balance_scale,"GA (NSGA-II, archived)",20,0.45161290322580644,1.0
balance_scale,"GA (NSGA-II, archived)",20,0.6612903225806451,3.0
balance_scale,"GA (NSGA-II, archived)",20,0.7096774193548387,9.0
balance_scale,"GA (NSGA-II, archived)",20,0.7258064516129032,13.0
balance_scale,CART (ccp path),20,0.45161290322580644,1.0
balance_scale,CART (ccp path),20,0.6935483870967742,9.0
balance_scale,CART (ccp path),20,0.8064516129032258,19.0
balance_scale,CART (ccp path),20,0.8225806451612904,27.0
balance_scale,GA (NSGA-II),21,0.4603174603174603,1.0
balance_scale,GA (NSGA-II),21,0.6666666666666666,3.0
balance_scale,GA (NSGA-II),21,0.7301587301587301,5.0
balance_scale,GA (NSGA-II),21,0.7777777777777778,7.0
balance_scale,Random Search,21,0.4603174603174603,1.0
balance_scale,Random Search,21,0.6349206349206349,3.0
balance_scale,Random Search,21,0.7301587301587301,5.0
balance_scale,Random Search,21,0.7936507936507936,7.0
balance_scale,"GA (NSGA-II, archived)",21,0.4603174603174603,1.0
balance_scale,"GA (NSGA-II, archived)",21,0.5396825396825397,3.0
balance_scale,"GA (NSGA-II, archived)",21,0.7142857142857143,5.0
balance_scale,"GA (NSGA-II, archived)",21,0.7936507936507936,7.0
balance_scale,"GA (NSGA-II, archived)",21,0.8095238095238095,17.0
balance_scale,"GA (NSGA-II, archived)",21,0.8253968253968254,21.0
balance_scale,"GA (NSGA-II, archived)",21,0.8412698412698413,25.0
balance_scale,CART (ccp path),21,0.4603174603174603,1.0
balance_scale,CART (ccp path),21,0.6507936507936508,11.0
balance_scale,CART (ccp path),21,0.7301587301587301,19.0
balance_scale,CART (ccp path),21,0.7777777777777778,27.0
balance_scale,GA (NSGA-II),22,0.4603174603174603,1.0
balance_scale,GA (NSGA-II),22,0.6190476190476191,3.0
balance_scale,GA (NSGA-II),22,0.6825396825396826,5.0
balance_scale,GA (NSGA-II),22,0.746031746031746,9.0
balance_scale,Random Search,22,0.4603174603174603,1.0
balance_scale,Random Search,22,0.6349206349206349,3.0
balance_scale,Random Search,22,0.746031746031746,9.0
balance_scale,"GA (NSGA-II, archived)",22,0.4603174603174603,1.0
balance_scale,"GA (NSGA-II, archived)",22,0.6031746031746031,3.0
balance_scale,"GA (NSGA-II, archived)",22,0.7142857142857143,7.0
balance_scale,"GA (NSGA-II, archived)",22,0.7619047619047619,13.0
balance_scale,CART (ccp path),22,0.4603174603174603,1.0
balance_scale,CART (ccp path),22,0.6825396825396826,11.0
balance_scale,CART (ccp path),22,0.7619047619047619,19.0
balance_scale,CART (ccp path),22,0.7936507936507936,25.0
balance_scale,GA (NSGA-II),23,0.4603174603174603,1.0
balance_scale,GA (NSGA-II),23,0.6349206349206349,3.0
balance_scale,GA (NSGA-II),23,0.6984126984126984,5.0
balance_scale,GA (NSGA-II),23,0.7301587301587301,9.0
balance_scale,Random Search,23,0.4603174603174603,1.0
balance_scale,Random Search,23,0.6984126984126984,3.0
balance_scale,Random Search,23,0.7142857142857143,7.0
balance_scale,Random Search,23,0.7619047619047619,23.0
balance_scale,"GA (NSGA-II, archived)",23,0.4603174603174603,1.0
balance_scale,"GA (NSGA-II, archived)",23,0.5555555555555556,3.0
balance_scale,"GA (NSGA-II, archived)",23,0.6349206349206349,5.0
balance_scale,"GA (NSGA-II, archived)",23,0.7142857142857143,7.0
balance_scale,"GA (NSGA-II, archived)",23,0.7301587301587301,17.0
balance_scale,CART (ccp path),23,0.4603174603174603,1.0
balance_scale,CART (ccp path),23,0.6349206349206349,9.0
balance_scale,CART (ccp path),23,0.7301587301587301,19.0
balance_scale,GA (NSGA-II),24,0.4603174603174603,1.0
balance_scale,GA (NSGA-II),24,0.6349206349206349,3.0
balance_scale,GA (NSGA-II),24,0.7619047619047619,7.0
balance_scale,GA (NSGA-II),24,0.7936507936507936,9.0
balance_scale,Random Search,24,0.4603174603174603,1.0
balance_scale,Random Search,24,0.6190476190476191,3.0
balance_scale,Random Search,24,0.6349206349206349,5.0
balance_scale,Random Search,24,0.7301587301587301,9.0
balance_scale,Random Search,24,0.7619047619047619,21.0
balance_scale,"GA (NSGA-II, archived)",24,0.4603174603174603,1.0
balance_scale,"GA (NSGA-II, archived)",24,0.49206349206349204,5.0
balance_scale,"GA (NSGA-II, archived)",24,0.6349206349206349,7.0
balance_scale,"GA (NSGA-II, archived)",24,0.746031746031746,9.0
balance_scale,CART (ccp path),24,0.4603174603174603,1.0
balance_scale,CART (ccp path),24,0.7142857142857143,11.0
balance_scale,CART (ccp path),24,0.7777777777777778,19.0
balance_scale,GA (NSGA-II),25,0.4603174603174603,1.0
balance_scale,GA (NSGA-II),25,0.5714285714285714,3.0
balance_scale,GA (NSGA-II),25,0.6031746031746031,5.0
balance_scale,GA (NSGA-II),25,0.6825396825396826,7.0
balance_scale,GA (NSGA-II),25,0.7142857142857143,11.0
balance_scale,GA (NSGA-II),25,0.7301587301587301,15.0
balance_scale,Random Search,25,0.4603174603174603,1.0
balance_scale,Random Search,25,0.5079365079365079,3.0
balance_scale,Random Search,25,0.6825396825396826,7.0
balance_scale,Random Search,25,0.7142857142857143,17.0
balance_scale,"GA (NSGA-II, archived)",25,0.4603174603174603,1.0
balance_scale,"GA (NSGA-II, archived)",25,0.7301587301587301,3.0
balance_scale,"GA (NSGA-II, archived)",25,0.746031746031746,7.0
balance_scale,"GA (NSGA-II, archived)",25,0.8095238095238095,15.0
balance_scale,CART (ccp path),25,0.4603174603174603,1.0
balance_scale,CART (ccp path),25,0.6507936507936508,9.0
balance_scale,CART (ccp path),25,0.8095238095238095,19.0
balance_scale,GA (NSGA-II),26,0.46774193548387094,1.0
balance_scale,GA (NSGA-II),26,0.5483870967741935,3.0
balance_scale,GA (NSGA-II),26,0.6612903225806451,5.0
balance_scale,GA (NSGA-II),26,0.7903225806451613,7.0
balance_scale,GA (NSGA-II),26,0.8225806451612904,11.0
balance_scale,Random Search,26,0.46774193548387094,1.0
balance_scale,Random Search,26,0.7903225806451613,3.0
balance_scale,Random Search,26,0.8064516129032258,21.0
balance_scale,"GA (NSGA-II, archived)",26,0.46774193548387094,1.0
balance_scale,"GA (NSGA-II, archived)",26,0.6774193548387096,3.0
balance_scale,"GA (NSGA-II, archived)",26,0.7419354838709677,7.0
balance_scale,"GA (NSGA-II, archived)",26,0.8064516129032258,19.0
balance_scale,CART (ccp path),26,0.46774193548387094,1.0
balance_scale,CART (ccp path),26,0.7580645161290323,11.0
balance_scale,CART (ccp path),26,0.8064516129032258,19.0
balance_scale,CART (ccp path),26,0.8709677419354839,27.0
balance_scale,GA (NSGA-II),27,0.45161290322580644,1.0
balance_scale,GA (NSGA-II),27,0.5,3.0
balance_scale,GA (NSGA-II),27,0.5806451612903226,5.0
balance_scale,GA (NSGA-II),27,0.6451612903225806,7.0
balance_scale,GA (NSGA-II),27,0.6612903225806451,9.0
balance_scale,GA (NSGA-II),27,0.6774193548387096,11.0
balance_scale,Random Search,27,0.45161290322580644,1.0
balance_scale,Random Search,27,0.6612903225806451,3.0
balance_scale,Random Search,27,0.6935483870967742,9.0
balance_scale,Random Search,27,0.7741935483870968,25.0
balance_scale,"GA (NSGA-II, archived)",27,0.45161290322580644,1.0
balance_scale,"GA (NSGA-II, archived)",27,0.5483870967741935,3.0
balance_scale,"GA (NSGA-II, archived)",27,0.5645161290322581,7.0
balance_scale,"GA (NSGA-II, archived)",27,0.6774193548387096,9.0
balance_scale,CART (ccp path),27,0.45161290322580644,1.0
balance_scale,CART (ccp path),27,0.5967741935483871,9.0
balance_scale,CART (ccp path),27,0.6774193548387096,19.0
balance_scale,CART (ccp path),27,0.7096774193548387,27.0
balance_scale,GA (NSGA-II),28,0.45161290322580644,1.0
balance_scale,GA (NSGA-II),28,0.5483870967741935,3.0
balance_scale,GA (NSGA-II),28,0.7258064516129032,5.0
balance_scale,GA (NSGA-II),28,0.7903225806451613,7.0
balance_scale,GA (NSGA-II),28,0.8064516129032258,19.0
balance_scale,Random Search,28,0.45161290322580644,1.0
balance_scale,Random Search,28,0.5806451612903226,3.0
balance_scale,Random Search,28,0.5967741935483871,5.0
balance_scale,Random Search,28,0.6774193548387096,7.0
balance_scale,Random Search,28,0.7096774193548387,13.0
balance_scale,Random Search,28,0.7258064516129032,19.0
balance_scale,"GA (NSGA-II, archived)",28,0.45161290322580644,1.0
balance_scale,"GA (NSGA-II, archived)",28,0.7419354838709677,3.0
balance_scale,"GA (NSGA-II, archived)",28,0.7580645161290323,5.0
balance_scale,"GA (NSGA-II, archived)",28,0.7741935483870968,7.0
balance_scale,CART (ccp path),28,0.45161290322580644,1.0
balance_scale,CART (ccp path),28,0.6774193548387096,9.0
balance_scale,CART (ccp path),28,0.8064516129032258,19.0
balance_scale,CART (ccp path),28,0.8548387096774194,27.0
balance_scale,GA (NSGA-II),29,0.45161290322580644,1.0
balance_scale,GA (NSGA-II),29,0.5645161290322581,3.0
balance_scale,GA (NSGA-II),29,0.6612903225806451,5.0
balance_scale,GA (NSGA-II),29,0.7096774193548387,7.0
balance_scale,GA (NSGA-II),29,0.7741935483870968,9.0
balance_scale,GA (NSGA-II),29,0.7903225806451613,15.0
balance_scale,GA (NSGA-II),29,0.8064516129032258,19.0
balance_scale,Random Search,29,0.45161290322580644,1.0
balance_scale,Random Search,29,0.5967741935483871,3.0
balance_scale,Random Search,29,0.6129032258064516,5.0
balance_scale,Random Search,29,0.6451612903225806,7.0
balance_scale,Random Search,29,0.6774193548387096,9.0
balance_scale,Random Search,29,0.7741935483870968,33.0
balance_scale,"GA (NSGA-II, archived)",29,0.45161290322580644,1.0
balance_scale,"GA (NSGA-II, archived)",29,0.5806451612903226,3.0
balance_scale,"GA (NSGA-II, archived)",29,0.5967741935483871,5.0
balance_scale,"GA (NSGA-II, archived)",29,0.6290322580645161,7.0
balance_scale,"GA (NSGA-II, archived)",29,0.7741935483870968,9.0
balance_scale,"GA (NSGA-II, archived)",29,0.8387096774193549,35.0
balance_scale,CART (ccp path),29,0.45161290322580644,1.0
balance_scale,CART (ccp path),29,0.6935483870967742,11.0
balance_scale,CART (ccp path),29,0.7903225806451613,17.0
balance_scale,CART (ccp path),29,0.8064516129032258,23.0
balance_scale,GA (NSGA-II),30,0.45161290322580644,1.0
balance_scale,GA (NSGA-II),30,0.6290322580645161,3.0
balance_scale,GA (NSGA-II),30,0.6935483870967742,5.0
balance_scale,GA (NSGA-II),30,0.7258064516129032,7.0
balance_scale,GA (NSGA-II),30,0.8064516129032258,9.0
balance_scale,GA (NSGA-II),30,0.8225806451612904,13.0
balance_scale,Random Search,30,0.45161290322580644,1.0
balance_scale,Random Search,30,0.5967741935483871,3.0
balance_scale,Random Search,30,0.6612903225806451,5.0
balance_scale,Random Search,30,0.7419354838709677,9.0
balance_scale,Random Search,30,0.7741935483870968,17.0
balance_scale,"GA (NSGA-II, archived)",30,0.45161290322580644,1.0
balance_scale,"GA (NSGA-II, archived)",30,0.6935483870967742,3.0
balance_scale,"GA (NSGA-II, archived)",30,0.7419354838709677,17.0
balance_scale,"GA (NSGA-II, archived)",30,0.7580645161290323,19.0
balance_scale,CART (ccp path),30,0.45161290322580644,1.0
balance_scale,CART (ccp path),30,0.7580645161290323,11.0
balance_scale,CART (ccp path),30,0.8064516129032258,21.0
balance_scale,CART (ccp path),30,0.8225806451612904,31.0
balance_scale,CART (ccp path),30,0.8387096774193549,39.0
balance_scale,CART (ccp path),30,0.8709677419354839,85.0
credit_approval,GA (NSGA-II),1,0.5652173913043478,1.0
credit_approval,GA (NSGA-II),1,0.782608695652174,3.0
credit_approval,Random Search,1,0.5652173913043478,1.0
credit_approval,Random Search,1,0.782608695652174,3.0
credit_approval,"GA (NSGA-II, archived)",1,0.5652173913043478,1.0
credit_approval,"GA (NSGA-II, archived)",1,0.782608695652174,3.0
credit_approval,"GA (NSGA-II, archived)",1,0.7971014492753623,5.0
credit_approval,CART (ccp path),1,0.5652173913043478,1.0
credit_approval,CART (ccp path),1,0.7536231884057971,7.0
credit_approval,CART (ccp path),1,0.8115942028985508,13.0
credit_approval,GA (NSGA-II),2,0.5652173913043478,1.0
credit_approval,GA (NSGA-II),2,0.8695652173913043,3.0
credit_approval,Random Search,2,0.5652173913043478,1.0
credit_approval,Random Search,2,0.8695652173913043,3.0
credit_approval,"GA (NSGA-II, archived)",2,0.5652173913043478,1.0
credit_approval,"GA (NSGA-II, archived)",2,0.8695652173913043,3.0
credit_approval,CART (ccp path),2,0.5652173913043478,1.0
credit_approval,CART (ccp path),2,0.855072463768116,7.0
credit_approval,CART (ccp path),2,0.8695652173913043,13.0
credit_approval,GA (NSGA-II),3,0.5652173913043478,1.0
credit_approval,GA (NSGA-II),3,0.8985507246376812,3.0
credit_approval,GA (NSGA-II),3,0.9130434782608695,5.0
credit_approval,GA (NSGA-II),3,0.927536231884058,9.0
credit_approval,GA (NSGA-II),3,0.9420289855072463,13.0
credit_approval,Random Search,3,0.5652173913043478,1.0
credit_approval,Random Search,3,0.8985507246376812,3.0
credit_approval,"GA (NSGA-II, archived)",3,0.5652173913043478,1.0
credit_approval,"GA (NSGA-II, archived)",3,0.8985507246376812,3.0
credit_approval,CART (ccp path),3,0.5652173913043478,1.0
credit_approval,CART (ccp path),3,0.9130434782608695,7.0
credit_approval,GA (NSGA-II),4,0.5507246376811594,1.0
credit_approval,GA (NSGA-II),4,0.7391304347826086,3.0
credit_approval,GA (NSGA-II),4,0.8260869565217391,5.0
credit_approval,Random Search,4,0.5507246376811594,1.0
credit_approval,Random Search,4,0.8695652173913043,3.0
credit_approval,"GA (NSGA-II, archived)",4,0.5507246376811594,1.0
credit_approval,"GA (NSGA-II, archived)",4,0.8695652173913043,3.0
credit_approval,"GA (NSGA-II, archived)",4,0.8840579710144928,5.0
credit_approval,CART (ccp path),4,0.5507246376811594,1.0
credit_approval,CART (ccp path),4,0.8260869565217391,7.0
credit_approval,CART (ccp path),4,0.8405797101449275,25.0
credit_approval,GA (NSGA-II),5,0.5507246376811594,1.0
credit_approval,GA (NSGA-II),5,0.927536231884058,3.0
credit_approval,Random Search,5,0.5507246376811594,1.0
credit_approval,Random Search,5,0.927536231884058,3.0
credit_approval,"GA (NSGA-II, archived)",5,0.5507246376811594,1.0
credit_approval,"GA (NSGA-II, archived)",5,0.927536231884058,3.0
credit_approval,CART (ccp path),5,0.5507246376811594,1.0
credit_approval,CART (ccp path),5,0.927536231884058,7.0
credit_approval,GA (NSGA-II),6,0.5507246376811594,1.0
credit_approval,GA (NSGA-II),6,0.8405797101449275,3.0
credit_approval,GA (NSGA-II),6,0.855072463768116,7.0
credit_approval,Random Search,6,0.5507246376811594,1.0
credit_approval,Random Search,6,0.8405797101449275,3.0
credit_approval,Random Search,6,0.8695652173913043,15.0
credit_approval,"GA (NSGA-II, archived)",6,0.5507246376811594,1.0
credit_approval,"GA (NSGA-II, archived)",6,0.8405797101449275,3.0
credit_approval,"GA (NSGA-II, archived)",6,0.855072463768116,7.0
credit_approval,CART (ccp path),6,0.5507246376811594,1.0
credit_approval,CART (ccp path),6,0.855072463768116,7.0
credit_approval,CART (ccp path),6,0.8840579710144928,33.0
credit_approval,GA (NSGA-II),7,0.5507246376811594,1.0
credit_approval,GA (NSGA-II),7,0.8695652173913043,3.0
credit_approval,Random Search,7,0.5507246376811594,1.0
credit_approval,Random Search,7,0.8695652173913043,3.0
credit_approval,"GA (NSGA-II, archived)",7,0.5507246376811594,1.0
credit_approval,"GA (NSGA-II, archived)",7,0.8695652173913043,3.0
credit_approval,CART (ccp path),7,0.5507246376811594,1.0
credit_approval,CART (ccp path),7,0.8695652173913043,7.0
credit_approval,GA (NSGA-II),8,0.5507246376811594,1.0
credit_approval,GA (NSGA-II),8,0.855072463768116,3.0
credit_approval,Random Search,8,0.5507246376811594,1.0
credit_approval,Random Search,8,0.855072463768116,3.0
credit_approval,Random Search,8,0.8695652173913043,21.0
credit_approval,"GA (NSGA-II, archived)",8,0.5507246376811594,1.0
credit_approval,"GA (NSGA-II, archived)",8,0.855072463768116,3.0
credit_approval,CART (ccp path),8,0.5507246376811594,1.0
credit_approval,CART (ccp path),8,0.782608695652174,7.0
credit_approval,CART (ccp path),8,0.9130434782608695,19.0
credit_approval,GA (NSGA-II),9,0.5507246376811594,1.0
credit_approval,GA (NSGA-II),9,0.8260869565217391,3.0
credit_approval,Random Search,9,0.5507246376811594,1.0
credit_approval,Random Search,9,0.8260869565217391,3.0
credit_approval,"GA (NSGA-II, archived)",9,0.5507246376811594,1.0
credit_approval,"GA (NSGA-II, archived)",9,0.8260869565217391,3.0
credit_approval,"GA (NSGA-II, archived)",9,0.8405797101449275,5.0
credit_approval,CART (ccp path),9,0.5507246376811594,1.0
credit_approval,CART (ccp path),9,0.8260869565217391,7.0
credit_approval,CART (ccp path),9,0.8405797101449275,13.0
credit_approval,CART (ccp path),9,0.855072463768116,33.0
credit_approval,GA (NSGA-II),10,0.5507246376811594,1.0
credit_approval,GA (NSGA-II),10,0.8115942028985508,3.0
credit_approval,GA (NSGA-II),10,0.8405797101449275,9.0
credit_approval,Random Search,10,0.5507246376811594,1.0
credit_approval,Random Search,10,0.8115942028985508,3.0
credit_approval,"GA (NSGA-II, archived)",10,0.5507246376811594,1.0
credit_approval,"GA (NSGA-II, archived)",10,0.8115942028985508,3.0
credit_approval,"GA (NSGA-II, archived)",10,0.8260869565217391,5.0
credit_approval,CART (ccp path),10,0.5507246376811594,1.0
credit_approval,CART (ccp path),10,0.8260869565217391,9.0
credit_approval,CART (ccp path),10,0.855072463768116,25.0
credit_approval,GA (NSGA-II),11,0.5652173913043478,1.0
credit_approval,GA (NSGA-II),11,0.855072463768116,3.0
credit_approval,Random Search,11,0.5652173913043478,1.0
credit_approval,Random Search,11,0.855072463768116,3.0
credit_approval,"GA (NSGA-II, archived)",11,0.5652173913043478,1.0
credit_approval,"GA (NSGA-II, archived)",11,0.855072463768116,3.0
credit_approval,CART (ccp path),11,0.5652173913043478,1.0
credit_approval,CART (ccp path),11,0.855072463768116,7.0
credit_approval,CART (ccp path),11,0.8840579710144928,15.0
credit_approval,GA (NSGA-II),12,0.5652173913043478,1.0
credit_approval,GA (NSGA-II),12,0.7971014492753623,3.0
credit_approval,Random Search,12,0.5652173913043478,1.0
credit_approval,Random Search,12,0.7971014492753623,3.0
credit_approval,Random Search,12,0.8115942028985508,5.0
credit_approval,"GA (NSGA-II, archived)",12,0.5652173913043478,1.0
credit_approval,"GA (NSGA-II, archived)",12,0.7971014492753623,3.0
credit_approval,"GA (NSGA-II, archived)",12,0.8260869565217391,7.0
credit_approval,CART (ccp path),12,0.5652173913043478,1.0
credit_approval,CART (ccp path),12,0.782608695652174,7.0
credit_approval,CART (ccp path),12,0.8115942028985508,15.0
credit_approval,GA (NSGA-II),13,0.5652173913043478,1.0
credit_approval,GA (NSGA-II),13,0.8695652173913043,3.0
credit_approval,Random Search,13,0.5652173913043478,1.0
credit_approval,Random Search,13,0.8695652173913043,3.0
credit_approval,Random Search,13,0.8840579710144928,5.0
credit_approval,"GA (NSGA-II, archived)",13,0.5652173913043478,1.0
credit_approval,"GA (NSGA-II, archived)",13,0.8695652173913043,3.0
credit_approval,"GA (NSGA-II, archived)",13,0.8840579710144928,5.0
credit_approval,CART (ccp path),13,0.5652173913043478,1.0
credit_approval,CART (ccp path),13,0.8695652173913043,7.0
credit_approval,GA (NSGA-II),14,0.5507246376811594,1.0
credit_approval,GA (NSGA-II),14,0.8260869565217391,3.0
credit_approval,Random Search,14,0.5507246376811594,1.0
credit_approval,Random Search,14,0.8260869565217391,3.0
credit_approval,"GA (NSGA-II, archived)",14,0.5507246376811594,1.0
credit_approval,"GA (NSGA-II, archived)",14,0.8260869565217391,3.0
credit_approval,CART (ccp path),14,0.5507246376811594,1.0
credit_approval,CART (ccp path),14,0.8115942028985508,9.0
credit_approval,CART (ccp path),14,0.8260869565217391,19.0
credit_approval,CART (ccp path),14,0.8405797101449275,35.0
credit_approval,CART (ccp path),14,0.855072463768116,61.0
credit_approval,GA (NSGA-II),15,0.5507246376811594,1.0
credit_approval,GA (NSGA-II),15,0.855072463768116,3.0
credit_approval,GA (NSGA-II),15,0.8695652173913043,5.0
credit_approval,Random Search,15,0.5507246376811594,1.0
credit_approval,Random Search,15,0.855072463768116,3.0
credit_approval,Random Search,15,0.8695652173913043,13.0
credit_approval,"GA (NSGA-II, archived)",15,0.5507246376811594,1.0
credit_approval,"GA (NSGA-II, archived)",15,0.855072463768116,3.0
credit_approval,"GA (NSGA-II, archived)",15,0.8695652173913043,5.0
credit_approval,CART (ccp path),15,0.5507246376811594,1.0
credit_approval,CART (ccp path),15,0.7681159420289855,7.0
credit_approval,CART (ccp path),15,0.7971014492753623,11.0
credit_approval,CART (ccp path),15,0.8260869565217391,19.0
credit_approval,GA (NSGA-II),16,0.5507246376811594,1.0
credit_approval,GA (NSGA-II),16,0.8840579710144928,3.0
credit_approval,GA (NSGA-II),16,0.8985507246376812,5.0
credit_approval,GA (NSGA-II),16,0.9130434782608695,11.0
credit_approval,Random Search,16,0.5507246376811594,1.0
credit_approval,Random Search,16,0.8840579710144928,3.0
credit_approval,"GA (NSGA-II, archived)",16,0.5507246376811594,1.0
credit_approval,"GA (NSGA-II, archived)",16,0.8840579710144928,3.0
credit_approval,CART (ccp path),16,0.5507246376811594,1.0
credit_approval,CART (ccp path),16,0.855072463768116,9.0
credit_approval,CART (ccp path),16,0.8695652173913043,17.0
credit_approval,CART (ccp path),16,0.8840579710144928,27.0
credit_approval,GA (NSGA-II),17,0.5507246376811594,1.0
credit_approval,GA (NSGA-II),17,0.8260869565217391,3.0
credit_approval,GA (NSGA-II),17,0.8405797101449275,7.0
credit_approval,Random Search,17,0.5507246376811594,1.0
credit_approval,Random Search,17,0.8260869565217391,3.0
credit_approval,"GA (NSGA-II, archived)",17,0.5507246376811594,1.0
credit_approval,"GA (NSGA-II, archived)",17,0.8260869565217391,3.0
credit_approval,CART (ccp path),17,0.5507246376811594,1.0
credit_approval,CART (ccp path),17,0.8260869565217391,7.0
credit_approval,CART (ccp path),17,0.9130434782608695,19.0
credit_approval,GA (NSGA-II),18,0.5507246376811594,1.0
credit_approval,GA (NSGA-II),18,0.8115942028985508,3.0
credit_approval,GA (NSGA-II),18,0.8405797101449275,7.0
credit_approval,Random Search,18,0.5507246376811594,1.0
credit_approval,Random Search,18,0.8115942028985508,3.0
credit_approval,"GA (NSGA-II, archived)",18,0.5507246376811594,1.0
credit_approval,"GA (NSGA-II, archived)",18,0.8115942028985508,3.0
credit_approval,CART (ccp path),18,0.5507246376811594,1.0
credit_approval,CART (ccp path),18,0.8115942028985508,7.0
credit_approval,CART (ccp path),18,0.8405797101449275,15.0
credit_approval,GA (NSGA-II),19,0.5507246376811594,1.0
credit_approval,GA (NSGA-II),19,0.9130434782608695,3.0
credit_approval,Random Search,19,0.5507246376811594,1.0
credit_approval,Random Search,19,0.9130434782608695,3.0
credit_approval,"GA (NSGA-II, archived)",19,0.5507246376811594,1.0
credit_approval,"GA (NSGA-II, archived)",19,0.9130434782608695,3.0
credit_approval,CART (ccp path),19,0.5507246376811594,1.0
credit_approval,CART (ccp path),19,0.9130434782608695,7.0
credit_approval,GA (NSGA-II),20,0.5507246376811594,1.0
credit_approval,GA (NSGA-II),20,0.9130434782608695,3.0
credit_approval,Random Search,20,0.5507246376811594,1.0
credit_approval,Random Search,20,0.9130434782608695,3.0
credit_approval,"GA (NSGA-II, archived)",20,0.5507246376811594,1.0
credit_approval,"GA (NSGA-II, archived)",20,0.9130434782608695,3.0
credit_approval,CART (ccp path),20,0.5507246376811594,1.0
credit_approval,CART (ccp path),20,0.9130434782608695,7.0
credit_approval,GA (NSGA-II),21,0.5652173913043478,1.0
credit_approval,GA (NSGA-II),21,0.8405797101449275,3.0
credit_approval,GA (NSGA-II),21,0.855072463768116,5.0
credit_approval,Random Search,21,0.5652173913043478,1.0
credit_approval,Random Search,21,0.8405797101449275,3.0
credit_approval,Random Search,21,0.855072463768116,5.0
credit_approval,"GA (NSGA-II, archived)",21,0.5652173913043478,1.0
credit_approval,"GA (NSGA-II, archived)",21,0.8405797101449275,3.0
credit_approval,"GA (NSGA-II, archived)",21,0.8695652173913043,7.0
credit_approval,CART (ccp path),21,0.5652173913043478,1.0
credit_approval,CART (ccp path),21,0.8405797101449275,7.0
credit_approval,CART (ccp path),21,0.855072463768116,15.0
credit_approval,GA (NSGA-II),22,0.5652173913043478,1.0
credit_approval,GA (NSGA-II),22,0.8985507246376812,3.0
credit_approval,Random Search,22,0.5652173913043478,1.0
credit_approval,Random Search,22,0.8985507246376812,3.0
credit_approval,Random Search,22,0.9130434782608695,5.0
credit_approval,"GA (NSGA-II, archived)",22,0.5652173913043478,1.0
credit_approval,"GA (NSGA-II, archived)",22,0.8985507246376812,3.0
credit_approval,"GA (NSGA-II, archived)",22,0.9130434782608695,5.0
credit_approval,CART (ccp path),22,0.5652173913043478,1.0
credit_approval,CART (ccp path),22,0.8405797101449275,7.0
credit_approval,CART (ccp path),22,0.855072463768116,13.0
credit_approval,GA (NSGA-II),23,0.5652173913043478,1.0
credit_approval,GA (NSGA-II),23,0.8260869565217391,3.0
credit_approval,Random Search,23,0.5652173913043478,1.0
credit_approval,Random Search,23,0.8260869565217391,3.0
credit_approval,"GA (NSGA-II, archived)",23,0.5652173913043478,1.0
credit_approval,"GA (NSGA-II, archived)",23,0.8260869565217391,3.0
credit_approval,CART (ccp path),23,0.5652173913043478,1.0
credit_approval,CART (ccp path),23,0.782608695652174,7.0
credit_approval,CART (ccp path),23,0.7971014492753623,15.0
credit_approval,CART (ccp path),23,0.8115942028985508,49.0
credit_approval,GA (NSGA-II),24,0.5507246376811594,1.0
credit_approval,GA (NSGA-II),24,0.9130434782608695,3.0
credit_approval,Random Search,24,0.5507246376811594,1.0
credit_approval,Random Search,24,0.9130434782608695,3.0
credit_approval,"GA (NSGA-II, archived)",24,0.5507246376811594,1.0
credit_approval,"GA (NSGA-II, archived)",24,0.9130434782608695,3.0
credit_approval,"GA (NSGA-II, archived)",24,0.927536231884058,7.0
credit_approval,CART (ccp path),24,0.5507246376811594,1.0
credit_approval,CART (ccp path),24,0.9130434782608695,7.0
credit_approval,CART (ccp path),24,0.927536231884058,13.0
credit_approval,CART (ccp path),24,0.9420289855072463,29.0
credit_approval,GA (NSGA-II),25,0.5507246376811594,1.0
credit_approval,GA (NSGA-II),25,0.8115942028985508,3.0
credit_approval,Random Search,25,0.5507246376811594,1.0
credit_approval,Random Search,25,0.8115942028985508,3.0
credit_approval,Random Search,25,0.8405797101449275,13.0
credit_approval,"GA (NSGA-II, archived)",25,0.5507246376811594,1.0
credit_approval,"GA (NSGA-II, archived)",25,0.8115942028985508,3.0
credit_approval,CART (ccp path),25,0.5507246376811594,1.0
credit_approval,CART (ccp path),25,0.8115942028985508,7.0
credit_approval,CART (ccp path),25,0.855072463768116,21.0
credit_approval,GA (NSGA-II),26,0.5507246376811594,1.0
credit_approval,GA (NSGA-II),26,0.8405797101449275,3.0
credit_approval,Random Search,26,0.5507246376811594,1.0
credit_approval,Random Search,26,0.8405797101449275,3.0
credit_approval,"GA (NSGA-II, archived)",26,0.5507246376811594,1.0
credit_approval,"GA (NSGA-II, archived)",26,0.8405797101449275,3.0
credit_approval,CART (ccp path),26,0.5507246376811594,1.0
credit_approval,CART (ccp path),26,0.8405797101449275,7.0
credit_approval,GA (NSGA-II),27,0.5507246376811594,1.0
credit_approval,GA (NSGA-II),27,0.8840579710144928,3.0
credit_approval,Random Search,27,0.5507246376811594,1.0
credit_approval,Random Search,27,0.8840579710144928,3.0
credit_approval,"GA (NSGA-II, archived)",27,0.5507246376811594,1.0
credit_approval,"GA (NSGA-II, archived)",27,0.8840579710144928,3.0
credit_approval,"GA (NSGA-II, archived)",27,0.8985507246376812,7.0
credit_approval,CART (ccp path),27,0.5507246376811594,1.0
credit_approval,CART (ccp path),27,0.8840579710144928,7.0
credit_approval,CART (ccp path),27,0.8985507246376812,15.0
credit_approval,GA (NSGA-II),28,0.5507246376811594,1.0
credit_approval,GA (NSGA-II),28,0.8405797101449275,3.0
credit_approval,GA (NSGA-II),28,0.8695652173913043,5.0
credit_approval,Random Search,28,0.5507246376811594,1.0
credit_approval,Random Search,28,0.8405797101449275,3.0
credit_approval,Random Search,28,0.8695652173913043,7.0
credit_approval,"GA (NSGA-II, archived)",28,0.5507246376811594,1.0
credit_approval,"GA (NSGA-II, archived)",28,0.8405797101449275,3.0
credit_approval,CART (ccp path),28,0.5507246376811594,1.0
credit_approval,CART (ccp path),28,0.8405797101449275,7.0
credit_approval,CART (ccp path),28,0.8985507246376812,13.0
credit_approval,CART (ccp path),28,0.9130434782608695,43.0
credit_approval,CART (ccp path),28,0.927536231884058,53.0
credit_approval,GA (NSGA-II),29,0.5507246376811594,1.0
credit_approval,GA (NSGA-II),29,0.8260869565217391,3.0
credit_approval,Random Search,29,0.5507246376811594,1.0
credit_approval,Random Search,29,0.8260869565217391,3.0
credit_approval,"GA (NSGA-II, archived)",29,0.5507246376811594,1.0
credit_approval,"GA (NSGA-II, archived)",29,0.8260869565217391,3.0
credit_approval,CART (ccp path),29,0.5507246376811594,1.0
credit_approval,CART (ccp path),29,0.8115942028985508,7.0
credit_approval,CART (ccp path),29,0.8695652173913043,15.0
credit_approval,CART (ccp path),29,0.8840579710144928,27.0
credit_approval,GA (NSGA-II),30,0.5507246376811594,1.0
credit_approval,GA (NSGA-II),30,0.8695652173913043,3.0
credit_approval,Random Search,30,0.5507246376811594,1.0
credit_approval,Random Search,30,0.8695652173913043,3.0
credit_approval,Random Search,30,0.8840579710144928,7.0
credit_approval,"GA (NSGA-II, archived)",30,0.5507246376811594,1.0
credit_approval,"GA (NSGA-II, archived)",30,0.8695652173913043,3.0
credit_approval,CART (ccp path),30,0.5507246376811594,1.0
credit_approval,CART (ccp path),30,0.782608695652174,7.0
credit_approval,CART (ccp path),30,0.855072463768116,13.0
credit_approval,CART (ccp path),30,0.8695652173913043,21.0
credit_approval,CART (ccp path),30,0.8840579710144928,35.0
credit_approval,CART (ccp path),30,0.9130434782608695,41.0
credit_approval,CART (ccp path),30,0.927536231884058,71.0
breast_w,GA (NSGA-II),1,0.6428571428571429,1.0
breast_w,GA (NSGA-II),1,0.8714285714285714,3.0
breast_w,GA (NSGA-II),1,0.9571428571428572,5.0
breast_w,Random Search,1,0.6428571428571429,1.0
breast_w,Random Search,1,0.8714285714285714,3.0
breast_w,Random Search,1,0.9142857142857143,5.0
breast_w,Random Search,1,0.9428571428571428,7.0
breast_w,Random Search,1,0.9571428571428572,29.0
breast_w,"GA (NSGA-II, archived)",1,0.6428571428571429,1.0
breast_w,"GA (NSGA-II, archived)",1,0.9428571428571428,3.0
breast_w,CART (ccp path),1,0.6428571428571429,1.0
breast_w,CART (ccp path),1,0.9,5.0
breast_w,CART (ccp path),1,0.9142857142857143,9.0
breast_w,CART (ccp path),1,0.9285714285714286,13.0
breast_w,GA (NSGA-II),2,0.6571428571428571,1.0
breast_w,GA (NSGA-II),2,0.9428571428571428,3.0
breast_w,GA (NSGA-II),2,1.0,5.0
breast_w,Random Search,2,0.6571428571428571,1.0
breast_w,Random Search,2,0.9428571428571428,3.0
breast_w,Random Search,2,0.9714285714285714,13.0
breast_w,Random Search,2,1.0,21.0
breast_w,"GA (NSGA-II, archived)",2,0.6571428571428571,1.0
breast_w,"GA (NSGA-II, archived)",2,0.9571428571428572,3.0
breast_w,"GA (NSGA-II, archived)",2,1.0,5.0
breast_w,CART (ccp path),2,0.6571428571428571,1.0
breast_w,CART (ccp path),2,0.9571428571428572,5.0
breast_w,CART (ccp path),2,1.0,13.0
breast_w,GA (NSGA-II),3,0.6571428571428571,1.0
breast_w,GA (NSGA-II),3,0.9285714285714286,3.0
breast_w,Random Search,3,0.6571428571428571,1.0
breast_w,Random Search,3,0.8571428571428571,3.0
breast_w,Random Search,3,0.9428571428571428,5.0
breast_w,Random Search,3,0.9714285714285714,19.0
breast_w,"GA (NSGA-II, archived)",3,0.6571428571428571,1.0
breast_w,"GA (NSGA-II, archived)",3,0.9142857142857143,3.0
breast_w,CART (ccp path),3,0.6571428571428571,1.0
breast_w,CART (ccp path),3,0.9571428571428572,5.0
breast_w,GA (NSGA-II),4,0.6571428571428571,1.0
breast_w,GA (NSGA-II),4,0.8714285714285714,3.0
breast_w,GA (NSGA-II),4,0.9,5.0
breast_w,Random Search,4,0.6571428571428571,1.0
breast_w,Random Search,4,0.8857142857142857,3.0
breast_w,Random Search,4,0.9142857142857143,5.0
breast_w,"GA (NSGA-II, archived)",4,0.6571428571428571,1.0
breast_w,"GA (NSGA-II, archived)",4,0.9,3.0
breast_w,"GA (NSGA-II, archived)",4,0.9285714285714286,7.0
breast_w,CART (ccp path),4,0.6571428571428571,1.0
breast_w,CART (ccp path),4,0.8714285714285714,3.0
breast_w,CART (ccp path),4,0.8857142857142857,5.0
breast_w,CART (ccp path),4,0.9,15.0
breast_w,CART (ccp path),4,0.9285714285714286,17.0
breast_w,GA (NSGA-II),5,0.6571428571428571,1.0
breast_w,GA (NSGA-II),5,0.9,3.0
breast_w,GA (NSGA-II),5,0.9571428571428572,5.0
breast_w,GA (NSGA-II),5,0.9714285714285714,7.0
breast_w,Random Search,5,0.6571428571428571,1.0
breast_w,Random Search,5,0.9142857142857143,3.0
breast_w,"GA (NSGA-II, archived)",5,0.6571428571428571,1.0
breast_w,"GA (NSGA-II, archived)",5,0.9,3.0
breast_w,"GA (NSGA-II, archived)",5,0.9142857142857143,5.0
breast_w,"GA (NSGA-II, archived)",5,0.9428571428571428,7.0
breast_w,CART (ccp path),5,0.6571428571428571,1.0
breast_w,CART (ccp path),5,0.9,5.0
breast_w,CART (ccp path),5,0.9285714285714286,15.0
breast_w,GA (NSGA-II),6,0.6571428571428571,1.0
breast_w,GA (NSGA-II),6,0.8857142857142857,3.0
breast_w,GA (NSGA-II),6,0.9428571428571428,5.0
breast_w,Random Search,6,0.6571428571428571,1.0
breast_w,Random Search,6,0.8857142857142857,3.0
breast_w,Random Search,6,0.9428571428571428,5.0
breast_w,Random Search,6,0.9571428571428572,15.0
breast_w,"GA (NSGA-II, archived)",6,0.6571428571428571,1.0
breast_w,"GA (NSGA-II, archived)",6,0.9571428571428572,3.0
breast_w,CART (ccp path),6,0.6571428571428571,1.0
breast_w,CART (ccp path),6,0.9,5.0
breast_w,CART (ccp path),6,0.9571428571428572,15.0
breast_w,CART (ccp path),6,0.9714285714285714,19.0
breast_w,GA (NSGA-II),7,0.6571428571428571,1.0
breast_w,GA (NSGA-II),7,0.9285714285714286,3.0
breast_w,Random Search,7,0.6571428571428571,1.0
breast_w,Random Search,7,0.8428571428571429,3.0
breast_w,Random Search,7,0.9428571428571428,7.0
breast_w,"GA (NSGA-II, archived)",7,0.6571428571428571,1.0
breast_w,"GA (NSGA-II, archived)",7,0.8428571428571429,3.0
breast_w,"GA (NSGA-II, archived)",7,0.9285714285714286,5.0
breast_w,"GA (NSGA-II, archived)",7,0.9428571428571428,13.0
breast_w,CART (ccp path),7,0.6571428571428571,1.0
breast_w,CART (ccp path),7,0.9142857142857143,5.0
breast_w,CART (ccp path),7,0.9428571428571428,7.0
breast_w,GA (NSGA-II),8,0.6571428571428571,1.0
breast_w,GA (NSGA-II),8,0.9285714285714286,3.0
breast_w,GA (NSGA-II),8,0.9857142857142858,5.0
breast_w,Random Search,8,0.6571428571428571,1.0
breast_w,Random Search,8,0.9571428571428572,3.0
breast_w,"GA (NSGA-II, archived)",8,0.6571428571428571,1.0
breast_w,"GA (NSGA-II, archived)",8,0.9428571428571428,3.0
breast_w,"GA (NSGA-II, archived)",8,0.9714285714285714,9.0
breast_w,CART (ccp path),8,0.6571428571428571,1.0
breast_w,CART (ccp path),8,0.9428571428571428,5.0
breast_w,CART (ccp path),8,0.9714285714285714,15.0
breast_w,GA (NSGA-II),9,0.6571428571428571,1.0
breast_w,GA (NSGA-II),9,0.9142857142857143,3.0
breast_w,GA (NSGA-II),9,0.9428571428571428,5.0
breast_w,GA (NSGA-II),9,0.9571428571428572,7.0
breast_w,Random Search,9,0.6571428571428571,1.0
breast_w,Random Search,9,0.8857142857142857,3.0
breast_w,Random Search,9,0.9428571428571428,5.0
breast_w,Random Search,9,0.9714285714285714,7.0
breast_w,"GA (NSGA-II, archived)",9,0.6571428571428571,1.0
breast_w,"GA (NSGA-II, archived)",9,0.9142857142857143,3.0
breast_w,"GA (NSGA-II, archived)",9,0.9714285714285714,9.0
breast_w,CART (ccp path),9,0.6571428571428571,1.0
breast_w,CART (ccp path),9,0.9285714285714286,5.0
breast_w,CART (ccp path),9,0.9714285714285714,7.0
breast_w,CART (ccp path),9,0.9857142857142858,17.0
breast_w,GA (NSGA-II),10,0.6521739130434783,1.0
breast_w,GA (NSGA-II),10,0.9130434782608695,3.0
breast_w,GA (NSGA-II),10,0.927536231884058,5.0
breast_w,Random Search,10,0.6521739130434783,1.0
breast_w,Random Search,10,0.9130434782608695,3.0
breast_w,"GA (NSGA-II, archived)",10,0.6521739130434783,1.0
breast_w,"GA (NSGA-II, archived)",10,0.8840579710144928,3.0
breast_w,"GA (NSGA-II, archived)",10,0.9565217391304348,5.0
breast_w,CART (ccp path),10,0.6521739130434783,1.0
breast_w,CART (ccp path),10,0.927536231884058,5.0
breast_w,CART (ccp path),10,0.9420289855072463,7.0
breast_w,GA (NSGA-II),11,0.6428571428571429,1.0
breast_w,GA (NSGA-II),11,0.9,3.0
breast_w,GA (NSGA-II),11,0.9428571428571428,5.0
breast_w,Random Search,11,0.6428571428571429,1.0
breast_w,Random Search,11,0.8714285714285714,3.0
breast_w,Random Search,11,0.9142857142857143,5.0
breast_w,Random Search,11,0.9714285714285714,17.0
breast_w,"GA (NSGA-II, archived)",11,0.6428571428571429,1.0
breast_w,"GA (NSGA-II, archived)",11,0.9142857142857143,3.0
breast_w,"GA (NSGA-II, archived)",11,0.9285714285714286,5.0
breast_w,CART (ccp path),11,0.6428571428571429,1.0
breast_w,CART (ccp path),11,0.9285714285714286,5.0
breast_w,CART (ccp path),11,0.9428571428571428,7.0
breast_w,GA (NSGA-II),12,0.6571428571428571,1.0
breast_w,GA (NSGA-II),12,0.9571428571428572,3.0
breast_w,Random Search,12,0.6571428571428571,1.0
breast_w,Random Search,12,0.9857142857142858,3.0
breast_w,"GA (NSGA-II, archived)",12,0.6571428571428571,1.0
breast_w,"GA (NSGA-II, archived)",12,0.9571428571428572,3.0
breast_w,"GA (NSGA-II, archived)",12,0.9714285714285714,7.0
breast_w,CART (ccp path),12,0.6571428571428571,1.0
breast_w,CART (ccp path),12,0.9714285714285714,5.0
breast_w,CART (ccp path),12,0.9857142857142858,15.0
breast_w,GA (NSGA-II),13,0.6571428571428571,1.0
breast_w,GA (NSGA-II),13,0.8714285714285714,3.0
breast_w,GA (NSGA-II),13,0.9428571428571428,5.0
breast_w,Random Search,13,0.6571428571428571,1.0
breast_w,Random Search,13,0.9142857142857143,3.0
breast_w,Random Search,13,0.9428571428571428,11.0
breast_w,"GA (NSGA-II, archived)",13,0.6571428571428571,1.0
breast_w,"GA (NSGA-II, archived)",13,0.9142857142857143,3.0
breast_w,"GA (NSGA-II, archived)",13,0.9428571428571428,5.0
breast_w,CART (ccp path),13,0.6571428571428571,1.0
breast_w,CART (ccp path),13,0.9285714285714286,5.0
breast_w,CART (ccp path),13,0.9428571428571428,9.0
breast_w,GA (NSGA-II),14,0.6571428571428571,1.0
breast_w,GA (NSGA-II),14,0.9571428571428572,3.0
breast_w,Random Search,14,0.6571428571428571,1.0
breast_w,Random Search,14,0.8857142857142857,3.0
breast_w,Random Search,14,0.9,7.0
breast_w,"GA (NSGA-II, archived)",14,0.6571428571428571,1.0
breast_w,"GA (NSGA-II, archived)",14,0.9,3.0
breast_w,"GA (NSGA-II, archived)",14,0.9285714285714286,5.0
breast_w,"GA (NSGA-II, archived)",14,0.9428571428571428,7.0
breast_w,CART (ccp path),14,0.6571428571428571,1.0
breast_w,CART (ccp path),14,0.8857142857142857,5.0
breast_w,CART (ccp path),14,0.9285714285714286,7.0
breast_w,CART (ccp path),14,0.9428571428571428,11.0
breast_w,GA (NSGA-II),15,0.6571428571428571,1.0
breast_w,GA (NSGA-II),15,0.8857142857142857,3.0
breast_w,GA (NSGA-II),15,0.9285714285714286,5.0
breast_w,Random Search,15,0.6571428571428571,1.0
breast_w,Random Search,15,0.9,3.0
breast_w,Random Search,15,0.9285714285714286,5.0
breast_w,Random Search,15,0.9428571428571428,25.0
breast_w,"GA (NSGA-II, archived)",15,0.6571428571428571,1.0
breast_w,"GA (NSGA-II, archived)",15,0.9857142857142858,3.0
breast_w,CART (ccp path),15,0.6571428571428571,1.0
breast_w,CART (ccp path),15,0.9142857142857143,5.0
breast_w,CART (ccp path),15,0.9571428571428572,7.0
breast_w,GA (NSGA-II),16,0.6571428571428571,1.0
breast_w,GA (NSGA-II),16,0.9,3.0
breast_w,GA (NSGA-II),16,0.9285714285714286,5.0
breast_w,Random Search,16,0.6571428571428571,1.0
breast_w,Random Search,16,0.9,3.0
breast_w,Random Search,16,0.9571428571428572,9.0
breast_w,Random Search,16,0.9714285714285714,11.0
breast_w,"GA (NSGA-II, archived)",16,0.6571428571428571,1.0
breast_w,"GA (NSGA-II, archived)",16,0.9142857142857143,3.0
breast_w,"GA (NSGA-II, archived)",16,0.9571428571428572,5.0
breast_w,CART (ccp path),16,0.6571428571428571,1.0
breast_w,CART (ccp path),16,0.9428571428571428,5.0
breast_w,CART (ccp path),16,0.9571428571428572,7.0
breast_w,CART (ccp path),16,0.9714285714285714,9.0
breast_w,GA (NSGA-II),17,0.6571428571428571,1.0
breast_w,GA (NSGA-II),17,0.9142857142857143,3.0
breast_w,GA (NSGA-II),17,0.9714285714285714,7.0
breast_w,Random Search,17,0.6571428571428571,1.0
breast_w,Random Search,17,0.9285714285714286,3.0
breast_w,"GA (NSGA-II, archived)",17,0.6571428571428571,1.0
breast_w,"GA (NSGA-II, archived)",17,0.9142857142857143,3.0
breast_w,"GA (NSGA-II, archived)",17,0.9285714285714286,5.0
breast_w,CART (ccp path),17,0.6571428571428571,1.0
breast_w,CART (ccp path),17,0.9285714285714286,5.0
breast_w,CART (ccp path),17,0.9428571428571428,15.0
breast_w,CART (ccp path),17,0.9571428571428572,33.0
breast_w,GA (NSGA-II),18,0.6571428571428571,1.0
breast_w,GA (NSGA-II),18,0.9,3.0
breast_w,GA (NSGA-II),18,0.9571428571428572,5.0
breast_w,GA (NSGA-II),18,0.9714285714285714,7.0
breast_w,Random Search,18,0.6571428571428571,1.0
breast_w,Random Search,18,0.9,3.0
breast_w,Random Search,18,0.9571428571428572,5.0
breast_w,Random Search,18,0.9857142857142858,17.0
breast_w,"GA (NSGA-II, archived)",18,0.6571428571428571,1.0
breast_w,"GA (NSGA-II, archived)",18,0.9,3.0
breast_w,"GA (NSGA-II, archived)",18,0.9428571428571428,5.0
breast_w,"GA (NSGA-II, archived)",18,0.9714285714285714,9.0
breast_w,CART (ccp path),18,0.6571428571428571,1.0
breast_w,CART (ccp path),18,0.9142857142857143,5.0
breast_w,CART (ccp path),18,0.9285714285714286,7.0
breast_w,GA (NSGA-II),19,0.6571428571428571,1.0
breast_w,GA (NSGA-II),19,0.9285714285714286,3.0
breast_w,GA (NSGA-II),19,0.9571428571428572,5.0
breast_w,GA (NSGA-II),19,0.9714285714285714,7.0
breast_w,Random Search,19,0.6571428571428571,1.0
breast_w,Random Search,19,0.9428571428571428,3.0
breast_w,"GA (NSGA-II, archived)",19,0.6571428571428571,1.0
breast_w,"GA (NSGA-II, archived)",19,0.9428571428571428,3.0
breast_w,CART (ccp path),19,0.6571428571428571,1.0
breast_w,CART (ccp path),19,0.9142857142857143,5.0
breast_w,CART (ccp path),19,0.9285714285714286,7.0
breast_w,CART (ccp path),19,0.9428571428571428,9.0
breast_w,GA (NSGA-II),20,0.6521739130434783,1.0
breast_w,GA (NSGA-II),20,0.8985507246376812,3.0
breast_w,GA (NSGA-II),20,0.9420289855072463,5.0
breast_w,Random Search,20,0.6521739130434783,1.0
breast_w,Random Search,20,0.9130434782608695,3.0
breast_w,Random Search,20,0.9565217391304348,7.0
breast_w,Random Search,20,0.9710144927536232,13.0
breast_w,"GA (NSGA-II, archived)",20,0.6521739130434783,1.0
breast_w,"GA (NSGA-II, archived)",20,0.927536231884058,3.0
breast_w,"GA (NSGA-II, archived)",20,0.9565217391304348,5.0
breast_w,"GA (NSGA-II, archived)",20,0.9855072463768116,7.0
breast_w,CART (ccp path),20,0.6521739130434783,1.0
breast_w,CART (ccp path),20,0.9130434782608695,5.0
breast_w,CART (ccp path),20,0.9565217391304348,13.0
breast_w,CART (ccp path),20,0.9710144927536232,33.0
breast_w,GA (NSGA-II),21,0.6428571428571429,1.0
breast_w,GA (NSGA-II),21,0.9,3.0
breast_w,GA (NSGA-II),21,0.9857142857142858,5.0
breast_w,GA (NSGA-II),21,1.0,7.0
breast_w,Random Search,21,0.6428571428571429,1.0
breast_w,Random Search,21,0.9285714285714286,3.0
breast_w,Random Search,21,0.9571428571428572,15.0
breast_w,Random Search,21,0.9857142857142858,29.0
breast_w,"GA (NSGA-II, archived)",21,0.6428571428571429,1.0
breast_w,"GA (NSGA-II, archived)",21,0.9428571428571428,3.0
breast_w,"GA (NSGA-II, archived)",21,0.9571428571428572,7.0
breast_w,CART (ccp path),21,0.6428571428571429,1.0
breast_w,CART (ccp path),21,0.9,5.0
breast_w,CART (ccp path),21,0.9285714285714286,11.0
breast_w,GA (NSGA-II),22,0.6571428571428571,1.0
breast_w,GA (NSGA-II),22,0.9285714285714286,3.0
breast_w,GA (NSGA-II),22,0.9714285714285714,5.0
breast_w,GA (NSGA-II),22,0.9857142857142858,7.0
breast_w,Random Search,22,0.6571428571428571,1.0
breast_w,Random Search,22,0.9285714285714286,3.0
breast_w,Random Search,22,0.9428571428571428,5.0
breast_w,Random Search,22,0.9714285714285714,11.0
breast_w,"GA (NSGA-II, archived)",22,0.6571428571428571,1.0
breast_w,"GA (NSGA-II, archived)",22,0.9428571428571428,3.0
breast_w,CART (ccp path),22,0.6571428571428571,1.0
breast_w,CART (ccp path),22,0.9714285714285714,5.0
breast_w,CART (ccp path),22,0.9857142857142858,7.0
breast_w,GA (NSGA-II),23,0.6571428571428571,1.0
breast_w,GA (NSGA-II),23,0.9428571428571428,3.0
breast_w,Random Search,23,0.6571428571428571,1.0
breast_w,Random Search,23,0.8857142857142857,3.0
breast_w,Random Search,23,0.9142857142857143,5.0
breast_w,Random Search,23,0.9285714285714286,11.0
breast_w,"GA (NSGA-II, archived)",23,0.6571428571428571,1.0
breast_w,"GA (NSGA-II, archived)",23,0.9142857142857143,3.0
breast_w,"GA (NSGA-II, archived)",23,0.9285714285714286,5.0
breast_w,CART (ccp path),23,0.6571428571428571,1.0
breast_w,CART (ccp path),23,0.9,5.0
breast_w,CART (ccp path),23,0.9142857142857143,7.0
breast_w,CART (ccp path),23,0.9285714285714286,15.0
breast_w,GA (NSGA-II),24,0.6571428571428571,1.0
breast_w,GA (NSGA-II),24,0.9428571428571428,3.0
breast_w,GA (NSGA-II),24,0.9857142857142858,7.0
breast_w,Random Search,24,0.6571428571428571,1.0
breast_w,Random Search,24,0.9428571428571428,3.0
breast_w,"GA (NSGA-II, archived)",24,0.6571428571428571,1.0
breast_w,"GA (NSGA-II, archived)",24,0.9428571428571428,3.0
breast_w,"GA (NSGA-II, archived)",24,0.9714285714285714,7.0
breast_w,CART (ccp path),24,0.6571428571428571,1.0
breast_w,CART (ccp path),24,0.9142857142857143,5.0
breast_w,CART (ccp path),24,0.9428571428571428,13.0
breast_w,GA (NSGA-II),25,0.6571428571428571,1.0
breast_w,GA (NSGA-II),25,0.9142857142857143,3.0
breast_w,GA (NSGA-II),25,0.9428571428571428,5.0
breast_w,Random Search,25,0.6571428571428571,1.0
breast_w,Random Search,25,0.9142857142857143,3.0
breast_w,Random Search,25,0.9571428571428572,7.0
breast_w,Random Search,25,0.9714285714285714,11.0
breast_w,"GA (NSGA-II, archived)",25,0.6571428571428571,1.0
breast_w,"GA (NSGA-II, archived)",25,0.9142857142857143,3.0
breast_w,CART (ccp path),25,0.6571428571428571,1.0
breast_w,CART (ccp path),25,0.9428571428571428,5.0
breast_w,GA (NSGA-II),26,0.6571428571428571,1.0
breast_w,GA (NSGA-II),26,0.9,3.0
breast_w,GA (NSGA-II),26,0.9714285714285714,5.0
breast_w,Random Search,26,0.6571428571428571,1.0
breast_w,Random Search,26,0.9857142857142858,3.0
breast_w,"GA (NSGA-II, archived)",26,0.6571428571428571,1.0
breast_w,"GA (NSGA-II, archived)",26,0.9142857142857143,3.0
breast_w,"GA (NSGA-II, archived)",26,0.9285714285714286,5.0
breast_w,"GA (NSGA-II, archived)",26,0.9857142857142858,7.0
breast_w,CART (ccp path),26,0.6571428571428571,1.0
breast_w,CART (ccp path),26,0.9285714285714286,5.0
breast_w,CART (ccp path),26,0.9571428571428572,7.0
breast_w,GA (NSGA-II),27,0.6571428571428571,1.0
breast_w,GA (NSGA-II),27,0.9714285714285714,3.0
breast_w,Random Search,27,0.6571428571428571,1.0
breast_w,Random Search,27,0.9571428571428572,3.0
breast_w,Random Search,27,0.9714285714285714,17.0
breast_w,"GA (NSGA-II, archived)",27,0.6571428571428571,1.0
breast_w,"GA (NSGA-II, archived)",27,0.8714285714285714,3.0
breast_w,"GA (NSGA-II, archived)",27,0.9285714285714286,5.0
breast_w,"GA (NSGA-II, archived)",27,0.9428571428571428,7.0
breast_w,CART (ccp path),27,0.6571428571428571,1.0
breast_w,CART (ccp path),27,0.9571428571428572,5.0
breast_w,GA (NSGA-II),28,0.6571428571428571,1.0
breast_w,GA (NSGA-II),28,0.8857142857142857,3.0
breast_w,GA (NSGA-II),28,0.9571428571428572,5.0
breast_w,Random Search,28,0.6571428571428571,1.0
breast_w,Random Search,28,0.8857142857142857,3.0
breast_w,Random Search,28,0.9428571428571428,17.0
breast_w,Random Search,28,0.9714285714285714,19.0
breast_w,"GA (NSGA-II, archived)",28,0.6571428571428571,1.0
breast_w,"GA (NSGA-II, archived)",28,0.8857142857142857,3.0
breast_w,"GA (NSGA-II, archived)",28,0.9142857142857143,7.0
breast_w,CART (ccp path),28,0.6571428571428571,1.0
breast_w,CART (ccp path),28,0.8857142857142857,3.0
breast_w,CART (ccp path),28,0.9428571428571428,5.0
breast_w,CART (ccp path),28,0.9571428571428572,33.0
breast_w,GA (NSGA-II),29,0.6571428571428571,1.0
breast_w,GA (NSGA-II),29,0.9142857142857143,3.0
breast_w,Random Search,29,0.6571428571428571,1.0
breast_w,Random Search,29,0.9285714285714286,3.0
breast_w,Random Search,29,0.9714285714285714,5.0
breast_w,"GA (NSGA-II, archived)",29,0.6571428571428571,1.0
breast_w,"GA (NSGA-II, archived)",29,0.8571428571428571,3.0
breast_w,"GA (NSGA-II, archived)",29,0.8857142857142857,5.0
breast_w,"GA (NSGA-II, archived)",29,0.9428571428571428,7.0
breast_w,CART (ccp path),29,0.6571428571428571,1.0
breast_w,CART (ccp path),29,0.9285714285714286,5.0
breast_w,CART (ccp path),29,0.9428571428571428,7.0
breast_w,GA (NSGA-II),30,0.6521739130434783,1.0
breast_w,GA (NSGA-II),30,0.927536231884058,3.0
breast_w,GA (NSGA-II),30,0.9420289855072463,5.0
breast_w,Random Search,30,0.6521739130434783,1.0
breast_w,Random Search,30,0.8405797101449275,3.0
breast_w,Random Search,30,0.927536231884058,5.0
breast_w,"GA (NSGA-II, archived)",30,0.6521739130434783,1.0
breast_w,"GA (NSGA-II, archived)",30,0.8840579710144928,3.0
breast_w,"GA (NSGA-II, archived)",30,0.9130434782608695,7.0
breast_w,CART (ccp path),30,0.6521739130434783,1.0
breast_w,CART (ccp path),30,0.8985507246376812,5.0
breast_w,CART (ccp path),30,0.9130434782608695,9.0
breast_w,CART (ccp path),30,0.927536231884058,15.0
eucalyptus,GA (NSGA-II),1,0.28378378378378377,1.0
eucalyptus,GA (NSGA-II),1,0.47297297297297297,3.0
eucalyptus,GA (NSGA-II),1,0.5405405405405406,5.0
eucalyptus,Random Search,1,0.28378378378378377,1.0
eucalyptus,Random Search,1,0.4594594594594595,3.0
eucalyptus,Random Search,1,0.5,29.0
eucalyptus,Random Search,1,0.5405405405405406,41.0
eucalyptus,"GA (NSGA-II, archived)",1,0.28378378378378377,1.0
eucalyptus,"GA (NSGA-II, archived)",1,0.47297297297297297,3.0
eucalyptus,"GA (NSGA-II, archived)",1,0.5,5.0
eucalyptus,"GA (NSGA-II, archived)",1,0.5405405405405406,7.0
eucalyptus,"GA (NSGA-II, archived)",1,0.5540540540540541,9.0
eucalyptus,CART (ccp path),1,0.28378378378378377,1.0
eucalyptus,CART (ccp path),1,0.6081081081081081,21.0
eucalyptus,CART (ccp path),1,0.6621621621621622,51.0
eucalyptus,GA (NSGA-II),2,0.28378378378378377,1.0
eucalyptus,GA (NSGA-II),2,0.40540540540540543,3.0
eucalyptus,GA (NSGA-II),2,0.527027027027027,5.0
eucalyptus,Random Search,2,0.28378378378378377,1.0
eucalyptus,Random Search,2,0.40540540540540543,3.0
eucalyptus,Random Search,2,0.4189189189189189,7.0
eucalyptus,Random Search,2,0.4864864864864865,13.0
eucalyptus,"GA (NSGA-II, archived)",2,0.28378378378378377,1.0
eucalyptus,"GA (NSGA-II, archived)",2,0.35135135135135137,3.0
eucalyptus,"GA (NSGA-II, archived)",2,0.527027027027027,5.0
eucalyptus,"GA (NSGA-II, archived)",2,0.5405405405405406,7.0
eucalyptus,"GA (NSGA-II, archived)",2,0.5675675675675675,13.0
eucalyptus,CART (ccp path),2,0.28378378378378377,1.0
eucalyptus,CART (ccp path),2,0.5675675675675675,15.0
eucalyptus,CART (ccp path),2,0.581081081081081,81.0
eucalyptus,CART (ccp path),2,0.5945945945945946,105.0
eucalyptus,CART (ccp path),2,0.6081081081081081,123.0
eucalyptus,GA (NSGA-II),3,0.2972972972972973,1.0
eucalyptus,GA (NSGA-II),3,0.47297297297297297,3.0
eucalyptus,GA (NSGA-II),3,0.5135135135135135,23.0
eucalyptus,Random Search,3,0.2972972972972973,1.0
eucalyptus,Random Search,3,0.40540540540540543,3.0
eucalyptus,Random Search,3,0.44594594594594594,5.0
eucalyptus,Random Search,3,0.47297297297297297,15.0
eucalyptus,Random Search,3,0.5405405405405406,23.0
eucalyptus,"GA (NSGA-II, archived)",3,0.2972972972972973,1.0
eucalyptus,"GA (NSGA-II, archived)",3,0.4864864864864865,3.0
eucalyptus,"GA (NSGA-II, archived)",3,0.581081081081081,7.0
eucalyptus,CART (ccp path),3,0.2972972972972973,1.0
eucalyptus,CART (ccp path),3,0.6891891891891891,17.0
eucalyptus,CART (ccp path),3,0.7297297297297297,31.0
eucalyptus,CART (ccp path),3,0.7432432432432432,55.0
eucalyptus,CART (ccp path),3,0.7567567567567568,73.0
eucalyptus,CART (ccp path),3,0.7702702702702703,129.0
eucalyptus,GA (NSGA-II),4,0.2972972972972973,1.0
eucalyptus,GA (NSGA-II),4,0.43243243243243246,3.0
eucalyptus,GA (NSGA-II),4,0.44594594594594594,5.0
eucalyptus,GA (NSGA-II),4,0.4864864864864865,7.0
eucalyptus,GA (NSGA-II),4,0.581081081081081,9.0
eucalyptus,GA (NSGA-II),4,0.6081081081081081,13.0
eucalyptus,Random Search,4,0.2972972972972973,1.0
eucalyptus,Random Search,4,0.3918918918918919,3.0
eucalyptus,Random Search,4,0.5135135135135135,7.0
eucalyptus,"GA (NSGA-II, archived)",4,0.2972972972972973,1.0
eucalyptus,"GA (NSGA-II, archived)",4,0.35135135135135137,3.0
eucalyptus,"GA (NSGA-II, archived)",4,0.3918918918918919,5.0
eucalyptus,"GA (NSGA-II, archived)",4,0.43243243243243246,7.0
eucalyptus,"GA (NSGA-II, archived)",4,0.47297297297297297,9.0
eucalyptus,"GA (NSGA-II, archived)",4,0.4864864864864865,13.0
eucalyptus,"GA (NSGA-II, archived)",4,0.5405405405405406,19.0
eucalyptus,CART (ccp path),4,0.2972972972972973,1.0
eucalyptus,CART (ccp path),4,0.581081081081081,17.0
eucalyptus,CART (ccp path),4,0.6486486486486487,31.0
eucalyptus,GA (NSGA-II),5,0.2972972972972973,1.0
eucalyptus,GA (NSGA-II),5,0.4189189189189189,3.0
eucalyptus,GA (NSGA-II),5,0.47297297297297297,5.0
eucalyptus,GA (NSGA-II),5,0.5,7.0
eucalyptus,Random Search,5,0.2972972972972973,1.0
eucalyptus,Random Search,5,0.4189189189189189,3.0
eucalyptus,Random Search,5,0.44594594594594594,9.0
eucalyptus,Random Search,5,0.4594594594594595,19.0
eucalyptus,Random Search,5,0.5135135135135135,21.0
eucalyptus,"GA (NSGA-II, archived)",5,0.2972972972972973,1.0
eucalyptus,"GA (NSGA-II, archived)",5,0.4189189189189189,3.0
eucalyptus,"GA (NSGA-II, archived)",5,0.4864864864864865,5.0
eucalyptus,"GA (NSGA-II, archived)",5,0.5,7.0
eucalyptus,CART (ccp path),5,0.2972972972972973,1.0
eucalyptus,CART (ccp path),5,0.6351351351351351,17.0
eucalyptus,GA (NSGA-II),6,0.2972972972972973,1.0
eucalyptus,GA (NSGA-II),6,0.40540540540540543,3.0
eucalyptus,GA (NSGA-II),6,0.5135135135135135,5.0
eucalyptus,GA (NSGA-II),6,0.5405405405405406,15.0
eucalyptus,GA (NSGA-II),6,0.5675675675675675,17.0
eucalyptus,GA (NSGA-II),6,0.5945945945945946,21.0
eucalyptus,GA (NSGA-II),6,0.6216216216216216,23.0
eucalyptus,Random Search,6,0.2972972972972973,1.0
eucalyptus,Random Search,6,0.43243243243243246,3.0
eucalyptus,Random Search,6,0.5135135135135135,5.0
eucalyptus,Random Search,6,0.5540540540540541,21.0
eucalyptus,"GA (NSGA-II, archived)",6,0.2972972972972973,1.0
eucalyptus,"GA (NSGA-II, archived)",6,0.43243243243243246,3.0
eucalyptus,"GA (NSGA-II, archived)",6,0.4594594594594595,5.0
eucalyptus,"GA (NSGA-II, archived)",6,0.5,11.0
eucalyptus,"GA (NSGA-II, archived)",6,0.527027027027027,15.0
eucalyptus,CART (ccp path),6,0.2972972972972973,1.0
eucalyptus,CART (ccp path),6,0.581081081081081,17.0
eucalyptus,CART (ccp path),6,0.6756756756756757,29.0
eucalyptus,CART (ccp path),6,0.6891891891891891,45.0
eucalyptus,GA (NSGA-II),7,0.2876712328767123,1.0
eucalyptus,GA (NSGA-II),7,0.4383561643835616,3.0
eucalyptus,GA (NSGA-II),7,0.4931506849315068,5.0
eucalyptus,GA (NSGA-II),7,0.5068493150684932,7.0
eucalyptus,GA (NSGA-II),7,0.5205479452054794,13.0
eucalyptus,Random Search,7,0.2876712328767123,1.0
eucalyptus,Random Search,7,0.4383561643835616,3.0
eucalyptus,Random Search,7,0.5342465753424658,43.0
eucalyptus,"GA (NSGA-II, archived)",7,0.2876712328767123,1.0
eucalyptus,"GA (NSGA-II, archived)",7,0.4383561643835616,3.0
eucalyptus,"GA (NSGA-II, archived)",7,0.4794520547945205,9.0
eucalyptus,"GA (NSGA-II, archived)",7,0.4931506849315068,11.0
eucalyptus,CART (ccp path),7,0.2876712328767123,1.0
eucalyptus,CART (ccp path),7,0.5342465753424658,17.0
eucalyptus,CART (ccp path),7,0.5616438356164384,35.0
eucalyptus,CART (ccp path),7,0.5753424657534246,139.0
eucalyptus,GA (NSGA-II),8,0.2876712328767123,1.0
eucalyptus,GA (NSGA-II),8,0.4383561643835616,3.0
eucalyptus,GA (NSGA-II),8,0.5068493150684932,5.0
eucalyptus,Random Search,8,0.2876712328767123,1.0
eucalyptus,Random Search,8,0.4246575342465753,3.0
eucalyptus,Random Search,8,0.4383561643835616,7.0
eucalyptus,Random Search,8,0.4520547945205479,17.0
eucalyptus,Random Search,8,0.5205479452054794,33.0
eucalyptus,"GA (NSGA-II, archived)",8,0.2876712328767123,1.0
eucalyptus,"GA (NSGA-II, archived)",8,0.3424657534246575,3.0
eucalyptus,"GA (NSGA-II, archived)",8,0.3972602739726027,5.0
eucalyptus,"GA (NSGA-II, archived)",8,0.410958904109589,7.0
eucalyptus,CART (ccp path),8,0.2876712328767123,1.0
eucalyptus,CART (ccp path),8,0.6164383561643836,17.0
eucalyptus,CART (ccp path),8,0.6438356164383562,35.0
eucalyptus,CART (ccp path),8,0.6712328767123288,53.0
eucalyptus,CART (ccp path),8,0.7123287671232876,65.0
eucalyptus,GA (NSGA-II),9,0.2876712328767123,1.0
eucalyptus,GA (NSGA-II),9,0.3698630136986301,3.0
eucalyptus,GA (NSGA-II),9,0.4931506849315068,5.0
eucalyptus,GA (NSGA-II),9,0.5205479452054794,7.0
eucalyptus,Random Search,9,0.2876712328767123,1.0
eucalyptus,Random Search,9,0.410958904109589,3.0
eucalyptus,Random Search,9,0.4246575342465753,9.0
eucalyptus,Random Search,9,0.4657534246575342,15.0
eucalyptus,Random Search,9,0.4794520547945205,19.0
eucalyptus,Random Search,9,0.4931506849315068,33.0
eucalyptus,"GA (NSGA-II, archived)",9,0.2876712328767123,1.0
eucalyptus,"GA (NSGA-II, archived)",9,0.3972602739726027,3.0
eucalyptus,"GA (NSGA-II, archived)",9,0.4246575342465753,5.0
eucalyptus,"GA (NSGA-II, archived)",9,0.5068493150684932,7.0
eucalyptus,"GA (NSGA-II, archived)",9,0.5342465753424658,9.0
eucalyptus,"GA (NSGA-II, archived)",9,0.5616438356164384,13.0
eucalyptus,"GA (NSGA-II, archived)",9,0.5753424657534246,15.0
eucalyptus,CART (ccp path),9,0.2876712328767123,1.0
eucalyptus,CART (ccp path),9,0.684931506849315,19.0
eucalyptus,CART (ccp path),9,0.7534246575342466,35.0
eucalyptus,CART (ccp path),9,0.7808219178082192,47.0
eucalyptus,GA (NSGA-II),10,0.2876712328767123,1.0
eucalyptus,GA (NSGA-II),10,0.3150684931506849,3.0
eucalyptus,GA (NSGA-II),10,0.4931506849315068,5.0
eucalyptus,GA (NSGA-II),10,0.5068493150684932,9.0
eucalyptus,Random Search,10,0.2876712328767123,1.0
eucalyptus,Random Search,10,0.3561643835616438,3.0
eucalyptus,Random Search,10,0.4657534246575342,13.0
eucalyptus,"GA (NSGA-II, archived)",10,0.2876712328767123,1.0
eucalyptus,"GA (NSGA-II, archived)",10,0.4246575342465753,3.0
eucalyptus,"GA (NSGA-II, archived)",10,0.4931506849315068,5.0
eucalyptus,"GA (NSGA-II, archived)",10,0.5068493150684932,11.0
eucalyptus,CART (ccp path),10,0.2876712328767123,1.0
eucalyptus,CART (ccp path),10,0.6164383561643836,17.0
eucalyptus,CART (ccp path),10,0.6301369863013698,29.0
eucalyptus,CART (ccp path),10,0.6438356164383562,137.0
eucalyptus,GA (NSGA-II),11,0.28378378378378377,1.0
eucalyptus,GA (NSGA-II),11,0.3108108108108108,3.0
eucalyptus,GA (NSGA-II),11,0.5,5.0
eucalyptus,Random Search,11,0.28378378378378377,1.0
eucalyptus,Random Search,11,0.32432432432432434,3.0
eucalyptus,Random Search,11,0.43243243243243246,9.0
eucalyptus,Random Search,11,0.4594594594594595,17.0
eucalyptus,"GA (NSGA-II, archived)",11,0.28378378378378377,1.0
eucalyptus,"GA (NSGA-II, archived)",11,0.4189189189189189,3.0
eucalyptus,"GA (NSGA-II, archived)",11,0.4864864864864865,5.0
eucalyptus,CART (ccp path),11,0.28378378378378377,1.0
eucalyptus,CART (ccp path),11,0.581081081081081,15.0
eucalyptus,CART (ccp path),11,0.6216216216216216,29.0
eucalyptus,CART (ccp path),11,0.6351351351351351,43.0
eucalyptus,CART (ccp path),11,0.6486486486486487,63.0
eucalyptus,GA (NSGA-II),12,0.28378378378378377,1.0
eucalyptus,GA (NSGA-II),12,0.44594594594594594,3.0
eucalyptus,GA (NSGA-II),12,0.4864864864864865,5.0
eucalyptus,GA (NSGA-II),12,0.5675675675675675,11.0
eucalyptus,Random Search,12,0.28378378378378377,1.0
eucalyptus,Random Search,12,0.44594594594594594,3.0
eucalyptus,Random Search,12,0.4594594594594595,11.0
eucalyptus,Random Search,12,0.47297297297297297,17.0
eucalyptus,Random Search,12,0.527027027027027,35.0
eucalyptus,"GA (NSGA-II, archived)",12,0.28378378378378377,1.0
eucalyptus,"GA (NSGA-II, archived)",12,0.44594594594594594,3.0
eucalyptus,"GA (NSGA-II, archived)",12,0.4594594594594595,5.0
eucalyptus,"GA (NSGA-II, archived)",12,0.581081081081081,7.0
eucalyptus,"GA (NSGA-II, archived)",12,0.6081081081081081,9.0
eucalyptus,"GA (NSGA-II, archived)",12,0.6216216216216216,15.0
eucalyptus,CART (ccp path),12,0.28378378378378377,1.0
eucalyptus,CART (ccp path),12,0.7027027027027027,21.0
eucalyptus,GA (NSGA-II),13,0.2972972972972973,1.0
eucalyptus,GA (NSGA-II),13,0.44594594594594594,3.0
eucalyptus,GA (NSGA-II),13,0.4864864864864865,7.0
eucalyptus,GA (NSGA-II),13,0.5405405405405406,9.0
eucalyptus,GA (NSGA-II),13,0.581081081081081,11.0
eucalyptus,GA (NSGA-II),13,0.5945945945945946,13.0
eucalyptus,Random Search,13,0.2972972972972973,1.0
eucalyptus,Random Search,13,0.44594594594594594,3.0
eucalyptus,Random Search,13,0.47297297297297297,11.0
eucalyptus,Random Search,13,0.4864864864864865,33.0
eucalyptus,"GA (NSGA-II, archived)",13,0.2972972972972973,1.0
eucalyptus,"GA (NSGA-II, archived)",13,0.36486486486486486,3.0
eucalyptus,"GA (NSGA-II, archived)",13,0.4189189189189189,5.0
eucalyptus,"GA (NSGA-II, archived)",13,0.4594594594594595,15.0
eucalyptus,CART (ccp path),13,0.2972972972972973,1.0
eucalyptus,CART (ccp path),13,0.581081081081081,19.0
eucalyptus,CART (ccp path),13,0.6351351351351351,35.0
eucalyptus,CART (ccp path),13,0.6486486486486487,63.0
eucalyptus,CART (ccp path),13,0.6621621621621622,79.0
eucalyptus,GA (NSGA-II),14,0.2972972972972973,1.0
eucalyptus,GA (NSGA-II),14,0.3783783783783784,3.0
eucalyptus,GA (NSGA-II),14,0.4189189189189189,9.0
eucalyptus,GA (NSGA-II),14,0.4864864864864865,11.0
eucalyptus,Random Search,14,0.2972972972972973,1.0
eucalyptus,Random Search,14,0.4594594594594595,3.0
eucalyptus,Random Search,14,0.5540540540540541,39.0
eucalyptus,"GA (NSGA-II, archived)",14,0.2972972972972973,1.0
eucalyptus,"GA (NSGA-II, archived)",14,0.4189189189189189,3.0
eucalyptus,"GA (NSGA-II, archived)",14,0.527027027027027,5.0
eucalyptus,"GA (NSGA-II, archived)",14,0.5405405405405406,9.0
eucalyptus,"GA (NSGA-II, archived)",14,0.581081081081081,11.0
eucalyptus,CART (ccp path),14,0.2972972972972973,1.0
eucalyptus,CART (ccp path),14,0.6216216216216216,17.0
eucalyptus,CART (ccp path),14,0.6351351351351351,35.0
eucalyptus,CART (ccp path),14,0.6621621621621622,45.0
eucalyptus,GA (NSGA-II),15,0.2972972972972973,1.0
eucalyptus,GA (NSGA-II),15,0.47297297297297297,3.0
eucalyptus,GA (NSGA-II),15,0.4864864864864865,11.0
eucalyptus,GA (NSGA-II),15,0.5135135135135135,15.0
eucalyptus,Random Search,15,0.2972972972972973,1.0
eucalyptus,Random Search,15,0.44594594594594594,3.0
eucalyptus,Random Search,15,0.5135135135135135,25.0
eucalyptus,"GA (NSGA-II, archived)",15,0.2972972972972973,1.0
eucalyptus,"GA (NSGA-II, archived)",15,0.3918918918918919,3.0
eucalyptus,"GA (NSGA-II, archived)",15,0.5,5.0
eucalyptus,"GA (NSGA-II, archived)",15,0.527027027027027,7.0
eucalyptus,"GA (NSGA-II, archived)",15,0.5405405405405406,9.0
eucalyptus,CART (ccp path),15,0.2972972972972973,1.0
eucalyptus,CART (ccp path),15,0.6756756756756757,17.0
eucalyptus,CART (ccp path),15,0.6891891891891891,39.0
eucalyptus,GA (NSGA-II),16,0.2972972972972973,1.0
eucalyptus,GA (NSGA-II),16,0.44594594594594594,3.0
eucalyptus,GA (NSGA-II),16,0.47297297297297297,5.0
eucalyptus,GA (NSGA-II),16,0.5,7.0
eucalyptus,GA (NSGA-II),16,0.527027027027027,9.0
eucalyptus,Random Search,16,0.2972972972972973,1.0
eucalyptus,Random Search,16,0.44594594594594594,3.0
eucalyptus,Random Search,16,0.4594594594594595,5.0
eucalyptus,"GA (NSGA-II, archived)",16,0.2972972972972973,1.0
eucalyptus,"GA (NSGA-II, archived)",16,0.44594594594594594,3.0
eucalyptus,"GA (NSGA-II, archived)",16,0.4864864864864865,5.0
eucalyptus,"GA (NSGA-II, archived)",16,0.5,7.0
eucalyptus,"GA (NSGA-II, archived)",16,0.5135135135135135,9.0
eucalyptus,"GA (NSGA-II, archived)",16,0.5405405405405406,13.0
eucalyptus,"GA (NSGA-II, archived)",16,0.5540540540540541,15.0
eucalyptus,CART (ccp path),16,0.2972972972972973,1.0
eucalyptus,CART (ccp path),16,0.5540540540540541,15.0
eucalyptus,CART (ccp path),16,0.5675675675675675,31.0
eucalyptus,GA (NSGA-II),17,0.2876712328767123,1.0
eucalyptus,GA (NSGA-II),17,0.4657534246575342,3.0
eucalyptus,GA (NSGA-II),17,0.4931506849315068,5.0
eucalyptus,GA (NSGA-II),17,0.5342465753424658,9.0
eucalyptus,Random Search,17,0.2876712328767123,1.0
eucalyptus,Random Search,17,0.4657534246575342,3.0
eucalyptus,Random Search,17,0.547945205479452,11.0
eucalyptus,"GA (NSGA-II, archived)",17,0.2876712328767123,1.0
eucalyptus,"GA (NSGA-II, archived)",17,0.3150684931506849,3.0
eucalyptus,"GA (NSGA-II, archived)",17,0.5068493150684932,5.0
eucalyptus,"GA (NSGA-II, archived)",17,0.5342465753424658,9.0
eucalyptus,"GA (NSGA-II, archived)",17,0.5616438356164384,13.0
eucalyptus,"GA (NSGA-II, archived)",17,0.589041095890411,19.0
eucalyptus,"GA (NSGA-II, archived)",17,0.6164383561643836,25.0
eucalyptus,CART (ccp path),17,0.2876712328767123,1.0
eucalyptus,CART (ccp path),17,0.6438356164383562,19.0
eucalyptus,CART (ccp path),17,0.726027397260274,51.0
eucalyptus,GA (NSGA-II),18,0.2876712328767123,1.0
eucalyptus,GA (NSGA-II),18,0.4246575342465753,3.0
eucalyptus,GA (NSGA-II),18,0.5068493150684932,5.0
eucalyptus,GA (NSGA-II),18,0.5342465753424658,7.0
eucalyptus,GA (NSGA-II),18,0.6027397260273972,9.0
eucalyptus,GA (NSGA-II),18,0.6164383561643836,13.0
eucalyptus,Random Search,18,0.2876712328767123,1.0
eucalyptus,Random Search,18,0.3698630136986301,3.0
eucalyptus,Random Search,18,0.4246575342465753,5.0
eucalyptus,Random Search,18,0.4383561643835616,19.0
eucalyptus,Random Search,18,0.4657534246575342,21.0
eucalyptus,Random Search,18,0.6301369863013698,25.0
eucalyptus,"GA (NSGA-II, archived)",18,0.2876712328767123,1.0
eucalyptus,"GA (NSGA-II, archived)",18,0.4246575342465753,3.0
eucalyptus,"GA (NSGA-II, archived)",18,0.5068493150684932,5.0
eucalyptus,"GA (NSGA-II, archived)",18,0.5342465753424658,11.0
eucalyptus,CART (ccp path),18,0.2876712328767123,1.0
eucalyptus,CART (ccp path),18,0.589041095890411,15.0
eucalyptus,CART (ccp path),18,0.6712328767123288,59.0
eucalyptus,GA (NSGA-II),19,0.2876712328767123,1.0
eucalyptus,GA (NSGA-II),19,0.410958904109589,3.0
eucalyptus,GA (NSGA-II),19,0.5068493150684932,5.0
eucalyptus,GA (NSGA-II),19,0.5342465753424658,17.0
eucalyptus,GA (NSGA-II),19,0.547945205479452,19.0
eucalyptus,Random Search,19,0.2876712328767123,1.0
eucalyptus,Random Search,19,0.5205479452054794,3.0
eucalyptus,"GA (NSGA-II, archived)",19,0.2876712328767123,1.0
eucalyptus,"GA (NSGA-II, archived)",19,0.3835616438356164,3.0
eucalyptus,"GA (NSGA-II, archived)",19,0.4794520547945205,5.0
eucalyptus,"GA (NSGA-II, archived)",19,0.5205479452054794,7.0
eucalyptus,"GA (NSGA-II, archived)",19,0.547945205479452,11.0
eucalyptus,"GA (NSGA-II, archived)",19,0.5753424657534246,15.0
eucalyptus,CART (ccp path),19,0.2876712328767123,1.0
eucalyptus,CART (ccp path),19,0.6164383561643836,15.0
eucalyptus,CART (ccp path),19,0.6438356164383562,47.0
eucalyptus,GA (NSGA-II),20,0.2876712328767123,1.0
eucalyptus,GA (NSGA-II),20,0.3424657534246575,3.0
eucalyptus,GA (NSGA-II),20,0.4657534246575342,5.0
eucalyptus,GA (NSGA-II),20,0.5205479452054794,7.0
eucalyptus,GA (NSGA-II),20,0.547945205479452,13.0
eucalyptus,Random Search,20,0.2876712328767123,1.0
eucalyptus,Random Search,20,0.4383561643835616,3.0
eucalyptus,Random Search,20,0.5753424657534246,19.0
eucalyptus,"GA (NSGA-II, archived)",20,0.2876712328767123,1.0
eucalyptus,"GA (NSGA-II, archived)",20,0.4383561643835616,3.0
eucalyptus,"GA (NSGA-II, archived)",20,0.4657534246575342,5.0
eucalyptus,"GA (NSGA-II, archived)",20,0.4794520547945205,7.0
eucalyptus,"GA (NSGA-II, archived)",20,0.4931506849315068,11.0
eucalyptus,CART (ccp path),20,0.2876712328767123,1.0
eucalyptus,CART (ccp path),20,0.5616438356164384,17.0
eucalyptus,CART (ccp path),20,0.6027397260273972,35.0
eucalyptus,CART (ccp path),20,0.6438356164383562,53.0
eucalyptus,CART (ccp path),20,0.684931506849315,95.0
eucalyptus,CART (ccp path),20,0.6986301369863014,117.0
eucalyptus,GA (NSGA-II),21,0.28378378378378377,1.0
eucalyptus,GA (NSGA-II),21,0.44594594594594594,3.0
eucalyptus,GA (NSGA-II),21,0.527027027027027,9.0
eucalyptus,GA (NSGA-II),21,0.5540540540540541,11.0
eucalyptus,GA (NSGA-II),21,0.581081081081081,15.0
eucalyptus,Random Search,21,0.28378378378378377,1.0
eucalyptus,Random Search,21,0.44594594594594594,3.0
eucalyptus,Random Search,21,0.47297297297297297,17.0
eucalyptus,"GA (NSGA-II, archived)",21,0.28378378378378377,1.0
eucalyptus,"GA (NSGA-II, archived)",21,0.32432432432432434,3.0
eucalyptus,"GA (NSGA-II, archived)",21,0.5135135135135135,5.0
eucalyptus,"GA (NSGA-II, archived)",21,0.5405405405405406,11.0
eucalyptus,CART (ccp path),21,0.28378378378378377,1.0
eucalyptus,CART (ccp path),21,0.6216216216216216,17.0
eucalyptus,CART (ccp path),21,0.6486486486486487,61.0
eucalyptus,GA (NSGA-II),22,0.28378378378378377,1.0
eucalyptus,GA (NSGA-II),22,0.44594594594594594,3.0
eucalyptus,GA (NSGA-II),22,0.4594594594594595,5.0
eucalyptus,GA (NSGA-II),22,0.5135135135135135,7.0
eucalyptus,GA (NSGA-II),22,0.5675675675675675,9.0
eucalyptus,Random Search,22,0.28378378378378377,1.0
eucalyptus,Random Search,22,0.40540540540540543,3.0
eucalyptus,Random Search,22,0.47297297297297297,7.0
eucalyptus,Random Search,22,0.5135135135135135,13.0
eucalyptus,"GA (NSGA-II, archived)",22,0.28378378378378377,1.0
eucalyptus,"GA (NSGA-II, archived)",22,0.36486486486486486,3.0
eucalyptus,"GA (NSGA-II, archived)",22,0.4864864864864865,5.0
eucalyptus,"GA (NSGA-II, archived)",22,0.5,7.0
eucalyptus,"GA (NSGA-II, archived)",22,0.5405405405405406,13.0
eucalyptus,CART (ccp path),22,0.28378378378378377,1.0
eucalyptus,CART (ccp path),22,0.6351351351351351,17.0
eucalyptus,CART (ccp path),22,0.6621621621621622,51.0
eucalyptus,GA (NSGA-II),23,0.2972972972972973,1.0
eucalyptus,GA (NSGA-II),23,0.4189189189189189,3.0
eucalyptus,GA (NSGA-II),23,0.4864864864864865,5.0
eucalyptus,GA (NSGA-II),23,0.5135135135135135,7.0
eucalyptus,GA (NSGA-II),23,0.527027027027027,9.0
eucalyptus,GA (NSGA-II),23,0.5540540540540541,15.0
eucalyptus,Random Search,23,0.2972972972972973,1.0
eucalyptus,Random Search,23,0.40540540540540543,3.0
eucalyptus,Random Search,23,0.44594594594594594,13.0
eucalyptus,"GA (NSGA-II, archived)",23,0.2972972972972973,1.0
eucalyptus,"GA (NSGA-II, archived)",23,0.3783783783783784,3.0
eucalyptus,"GA (NSGA-II, archived)",23,0.47297297297297297,5.0
eucalyptus,"GA (NSGA-II, archived)",23,0.5135135135135135,7.0
eucalyptus,"GA (NSGA-II, archived)",23,0.527027027027027,9.0
eucalyptus,CART (ccp path),23,0.2972972972972973,1.0
eucalyptus,CART (ccp path),23,0.4864864864864865,19.0
eucalyptus,CART (ccp path),23,0.527027027027027,31.0
eucalyptus,CART (ccp path),23,0.5675675675675675,51.0
eucalyptus,CART (ccp path),23,0.5945945945945946,81.0
eucalyptus,GA (NSGA-II),24,0.2972972972972973,1.0
eucalyptus,GA (NSGA-II),24,0.4189189189189189,3.0
eucalyptus,GA (NSGA-II),24,0.43243243243243246,5.0
eucalyptus,GA (NSGA-II),24,0.527027027027027,33.0
eucalyptus,Random Search,24,0.2972972972972973,1.0
eucalyptus,Random Search,24,0.4189189189189189,3.0
eucalyptus,Random Search,24,0.4594594594594595,5.0
eucalyptus,Random Search,24,0.5,29.0
eucalyptus,"GA (NSGA-II, archived)",24,0.2972972972972973,1.0
eucalyptus,"GA (NSGA-II, archived)",24,0.3783783783783784,3.0
eucalyptus,"GA (NSGA-II, archived)",24,0.47297297297297297,5.0
eucalyptus,CART (ccp path),24,0.2972972972972973,1.0
eucalyptus,CART (ccp path),24,0.5945945945945946,21.0
eucalyptus,CART (ccp path),24,0.6081081081081081,37.0
eucalyptus,CART (ccp path),24,0.6216216216216216,77.0
eucalyptus,GA (NSGA-II),25,0.2972972972972973,1.0
eucalyptus,GA (NSGA-II),25,0.44594594594594594,3.0
eucalyptus,GA (NSGA-II),25,0.47297297297297297,5.0
eucalyptus,GA (NSGA-II),25,0.5135135135135135,7.0
eucalyptus,GA (NSGA-II),25,0.527027027027027,13.0
eucalyptus,Random Search,25,0.2972972972972973,1.0
eucalyptus,Random Search,25,0.44594594594594594,3.0
eucalyptus,Random Search,25,0.47297297297297297,7.0
eucalyptus,Random Search,25,0.5540540540540541,15.0
eucalyptus,"GA (NSGA-II, archived)",25,0.2972972972972973,1.0
eucalyptus,"GA (NSGA-II, archived)",25,0.44594594594594594,3.0
eucalyptus,"GA (NSGA-II, archived)",25,0.4864864864864865,5.0
eucalyptus,"GA (NSGA-II, archived)",25,0.527027027027027,11.0
eucalyptus,CART (ccp path),25,0.2972972972972973,1.0
eucalyptus,CART (ccp path),25,0.6486486486486487,15.0
eucalyptus,CART (ccp path),25,0.6891891891891891,43.0
eucalyptus,GA (NSGA-II),26,0.2972972972972973,1.0
eucalyptus,GA (NSGA-II),26,0.40540540540540543,3.0
eucalyptus,GA (NSGA-II),26,0.4864864864864865,5.0
eucalyptus,Random Search,26,0.2972972972972973,1.0
eucalyptus,Random Search,26,0.43243243243243246,3.0
eucalyptus,Random Search,26,0.527027027027027,13.0
eucalyptus,Random Search,26,0.5675675675675675,25.0
eucalyptus,"GA (NSGA-II, archived)",26,0.2972972972972973,1.0
eucalyptus,"GA (NSGA-II, archived)",26,0.43243243243243246,3.0
eucalyptus,"GA (NSGA-II, archived)",26,0.44594594594594594,9.0
eucalyptus,"GA (NSGA-II, archived)",26,0.5675675675675675,11.0
eucalyptus,CART (ccp path),26,0.2972972972972973,1.0
eucalyptus,CART (ccp path),26,0.6621621621621622,17.0
eucalyptus,CART (ccp path),26,0.6756756756756757,47.0
eucalyptus,CART (ccp path),26,0.6891891891891891,63.0
eucalyptus,GA (NSGA-II),27,0.2876712328767123,1.0
eucalyptus,GA (NSGA-II),27,0.4931506849315068,3.0
eucalyptus,Random Search,27,0.2876712328767123,1.0
eucalyptus,Random Search,27,0.4931506849315068,3.0
eucalyptus,Random Search,27,0.5205479452054794,7.0
eucalyptus,Random Search,27,0.5753424657534246,29.0
eucalyptus,"GA (NSGA-II, archived)",27,0.2876712328767123,1.0
eucalyptus,"GA (NSGA-II, archived)",27,0.3698630136986301,3.0
eucalyptus,"GA (NSGA-II, archived)",27,0.5068493150684932,5.0
eucalyptus,"GA (NSGA-II, archived)",27,0.5342465753424658,7.0
eucalyptus,"GA (NSGA-II, archived)",27,0.547945205479452,9.0
eucalyptus,CART (ccp path),27,0.2876712328767123,1.0
eucalyptus,CART (ccp path),27,0.6164383561643836,17.0
eucalyptus,CART (ccp path),27,0.6301369863013698,29.0
eucalyptus,CART (ccp path),27,0.6438356164383562,43.0
eucalyptus,GA (NSGA-II),28,0.2876712328767123,1.0
eucalyptus,GA (NSGA-II),28,0.4520547945205479,3.0
eucalyptus,GA (NSGA-II),28,0.5068493150684932,7.0
eucalyptus,GA (NSGA-II),28,0.5205479452054794,9.0
eucalyptus,GA (NSGA-II),28,0.547945205479452,13.0
eucalyptus,Random Search,28,0.2876712328767123,1.0
eucalyptus,Random Search,28,0.3835616438356164,3.0
eucalyptus,Random Search,28,0.3972602739726027,5.0
eucalyptus,Random Search,28,0.4520547945205479,7.0
eucalyptus,Random Search,28,0.5068493150684932,15.0
eucalyptus,Random Search,28,0.547945205479452,49.0
eucalyptus,"GA (NSGA-II, archived)",28,0.2876712328767123,1.0
eucalyptus,"GA (NSGA-II, archived)",28,0.4520547945205479,3.0
eucalyptus,"GA (NSGA-II, archived)",28,0.4931506849315068,5.0
eucalyptus,"GA (NSGA-II, archived)",28,0.5616438356164384,7.0
eucalyptus,"GA (NSGA-II, archived)",28,0.6027397260273972,9.0
eucalyptus,CART (ccp path),28,0.2876712328767123,1.0
eucalyptus,CART (ccp path),28,0.6438356164383562,15.0
eucalyptus,GA (NSGA-II),29,0.2876712328767123,1.0
eucalyptus,GA (NSGA-II),29,0.3972602739726027,3.0
eucalyptus,GA (NSGA-II),29,0.4246575342465753,5.0
eucalyptus,Random Search,29,0.2876712328767123,1.0
eucalyptus,Random Search,29,0.4520547945205479,3.0
eucalyptus,Random Search,29,0.4657534246575342,23.0
eucalyptus,"GA (NSGA-II, archived)",29,0.2876712328767123,1.0
eucalyptus,"GA (NSGA-II, archived)",29,0.4657534246575342,3.0
eucalyptus,"GA (NSGA-II, archived)",29,0.4931506849315068,9.0
eucalyptus,"GA (NSGA-II, archived)",29,0.5342465753424658,11.0
eucalyptus,CART (ccp path),29,0.2876712328767123,1.0
eucalyptus,CART (ccp path),29,0.6027397260273972,19.0
eucalyptus,CART (ccp path),29,0.6712328767123288,31.0
eucalyptus,CART (ccp path),29,0.684931506849315,53.0
eucalyptus,GA (NSGA-II),30,0.2876712328767123,1.0
eucalyptus,GA (NSGA-II),30,0.4383561643835616,3.0
eucalyptus,GA (NSGA-II),30,0.4794520547945205,9.0
eucalyptus,Random Search,30,0.2876712328767123,1.0
eucalyptus,Random Search,30,0.4383561643835616,3.0
eucalyptus,"GA (NSGA-II, archived)",30,0.2876712328767123,1.0
eucalyptus,"GA (NSGA-II, archived)",30,0.4383561643835616,3.0
eucalyptus,"GA (NSGA-II, archived)",30,0.4520547945205479,5.0
eucalyptus,"GA (NSGA-II, archived)",30,0.5068493150684932,7.0
eucalyptus,CART (ccp path),30,0.2876712328767123,1.0
eucalyptus,CART (ccp path),30,0.5753424657534246,15.0
eucalyptus,CART (ccp path),30,0.6575342465753424,29.0
eucalyptus,CART (ccp path),30,0.7123287671232876,47.0
eucalyptus,CART (ccp path),30,0.7397260273972602,67.0
blood_transfusion,GA (NSGA-II),1,0.76,1.0
blood_transfusion,GA (NSGA-II),1,0.7733333333333333,3.0
blood_transfusion,Random Search,1,0.76,1.0
blood_transfusion,Random Search,1,0.7733333333333333,3.0
blood_transfusion,"GA (NSGA-II, archived)",1,0.76,1.0
blood_transfusion,"GA (NSGA-II, archived)",1,0.7733333333333333,3.0
blood_transfusion,"GA (NSGA-II, archived)",1,0.7866666666666666,9.0
blood_transfusion,CART (ccp path),1,0.76,1.0
blood_transfusion,CART (ccp path),1,0.7866666666666666,11.0
blood_transfusion,CART (ccp path),1,0.8,25.0
blood_transfusion,GA (NSGA-II),2,0.76,1.0
blood_transfusion,GA (NSGA-II),2,0.7733333333333333,5.0
blood_transfusion,GA (NSGA-II),2,0.8266666666666667,7.0
blood_transfusion,Random Search,2,0.76,1.0
blood_transfusion,Random Search,2,0.7733333333333333,7.0
blood_transfusion,Random Search,2,0.8133333333333334,17.0
blood_transfusion,"GA (NSGA-II, archived)",2,0.76,1.0
blood_transfusion,CART (ccp path),2,0.76,1.0
blood_transfusion,CART (ccp path),2,0.8266666666666667,11.0
blood_transfusion,CART (ccp path),2,0.84,25.0
blood_transfusion,GA (NSGA-II),3,0.76,1.0
blood_transfusion,GA (NSGA-II),3,0.7866666666666666,3.0
blood_transfusion,Random Search,3,0.76,1.0
blood_transfusion,Random Search,3,0.7866666666666666,5.0
blood_transfusion,Random Search,3,0.8,7.0
blood_transfusion,"GA (NSGA-II, archived)",3,0.76,1.0
blood_transfusion,"GA (NSGA-II, archived)",3,0.7866666666666666,5.0
blood_transfusion,CART (ccp path),3,0.76,1.0
blood_transfusion,CART (ccp path),3,0.7733333333333333,45.0
blood_transfusion,CART (ccp path),3,0.7866666666666666,87.0
blood_transfusion,GA (NSGA-II),4,0.76,1.0
blood_transfusion,GA (NSGA-II),4,0.7866666666666666,11.0
blood_transfusion,Random Search,4,0.76,1.0
blood_transfusion,"GA (NSGA-II, archived)",4,0.76,1.0
blood_transfusion,CART (ccp path),4,0.76,1.0
blood_transfusion,CART (ccp path),4,0.7866666666666666,27.0
blood_transfusion,CART (ccp path),4,0.8,37.0
blood_transfusion,GA (NSGA-II),5,0.76,1.0
blood_transfusion,GA (NSGA-II),5,0.8133333333333334,7.0
blood_transfusion,Random Search,5,0.76,1.0
blood_transfusion,Random Search,5,0.8266666666666667,31.0
blood_transfusion,"GA (NSGA-II, archived)",5,0.76,1.0
blood_transfusion,"GA (NSGA-II, archived)",5,0.7733333333333333,3.0
blood_transfusion,"GA (NSGA-II, archived)",5,0.8,7.0
blood_transfusion,CART (ccp path),5,0.76,1.0
blood_transfusion,CART (ccp path),5,0.8133333333333334,23.0
blood_transfusion,CART (ccp path),5,0.8266666666666667,37.0
blood_transfusion,GA (NSGA-II),6,0.76,1.0
blood_transfusion,GA (NSGA-II),6,0.7733333333333333,3.0
blood_transfusion,GA (NSGA-II),6,0.7866666666666666,5.0
blood_transfusion,GA (NSGA-II),6,0.8,11.0
blood_transfusion,Random Search,6,0.76,1.0
blood_transfusion,Random Search,6,0.7733333333333333,5.0
blood_transfusion,"GA (NSGA-II, archived)",6,0.76,1.0
blood_transfusion,"GA (NSGA-II, archived)",6,0.7733333333333333,3.0
blood_transfusion,CART (ccp path),6,0.76,1.0
blood_transfusion,CART (ccp path),6,0.8,15.0
blood_transfusion,GA (NSGA-II),7,0.76,1.0
blood_transfusion,Random Search,7,0.76,1.0
blood_transfusion,Random Search,7,0.7733333333333333,5.0
blood_transfusion,Random Search,7,0.8133333333333334,17.0
blood_transfusion,"GA (NSGA-II, archived)",7,0.76,1.0
blood_transfusion,"GA (NSGA-II, archived)",7,0.7733333333333333,5.0
blood_transfusion,CART (ccp path),7,0.76,1.0
blood_transfusion,CART (ccp path),7,0.7733333333333333,13.0
blood_transfusion,GA (NSGA-II),8,0.76,1.0
blood_transfusion,GA (NSGA-II),8,0.7733333333333333,3.0
blood_transfusion,GA (NSGA-II),8,0.7866666666666666,5.0
blood_transfusion,GA (NSGA-II),8,0.8,11.0
blood_transfusion,Random Search,8,0.76,1.0
blood_transfusion,Random Search,8,0.7733333333333333,3.0
blood_transfusion,Random Search,8,0.7866666666666666,7.0
blood_transfusion,Random Search,8,0.8133333333333334,19.0
blood_transfusion,"GA (NSGA-II, archived)",8,0.76,1.0
blood_transfusion,"GA (NSGA-II, archived)",8,0.7733333333333333,3.0
blood_transfusion,"GA (NSGA-II, archived)",8,0.7866666666666666,5.0
blood_transfusion,CART (ccp path),8,0.76,1.0
blood_transfusion,CART (ccp path),8,0.8,15.0
blood_transfusion,GA (NSGA-II),9,0.7702702702702703,1.0
blood_transfusion,GA (NSGA-II),9,0.7837837837837838,3.0
blood_transfusion,Random Search,9,0.7702702702702703,1.0
blood_transfusion,"GA (NSGA-II, archived)",9,0.7702702702702703,1.0
blood_transfusion,"GA (NSGA-II, archived)",9,0.7837837837837838,5.0
blood_transfusion,"GA (NSGA-II, archived)",9,0.7972972972972973,7.0
blood_transfusion,CART (ccp path),9,0.7702702702702703,1.0
blood_transfusion,GA (NSGA-II),10,0.7702702702702703,1.0
blood_transfusion,GA (NSGA-II),10,0.7837837837837838,3.0
blood_transfusion,Random Search,10,0.7702702702702703,1.0
blood_transfusion,"GA (NSGA-II, archived)",10,0.7702702702702703,1.0
blood_transfusion,"GA (NSGA-II, archived)",10,0.7837837837837838,11.0
blood_transfusion,CART (ccp path),10,0.7702702702702703,1.0
blood_transfusion,CART (ccp path),10,0.7972972972972973,29.0
blood_transfusion,GA (NSGA-II),11,0.76,1.0
blood_transfusion,GA (NSGA-II),11,0.7866666666666666,3.0
blood_transfusion,GA (NSGA-II),11,0.84,9.0
blood_transfusion,Random Search,11,0.76,1.0
blood_transfusion,Random Search,11,0.7733333333333333,3.0
blood_transfusion,Random Search,11,0.7866666666666666,5.0
blood_transfusion,"GA (NSGA-II, archived)",11,0.76,1.0
blood_transfusion,"GA (NSGA-II, archived)",11,0.7866666666666666,3.0
blood_transfusion,"GA (NSGA-II, archived)",11,0.8266666666666667,11.0
blood_transfusion,CART (ccp path),11,0.76,1.0
blood_transfusion,CART (ccp path),11,0.8666666666666667,17.0
blood_transfusion,GA (NSGA-II),12,0.76,1.0
blood_transfusion,GA (NSGA-II),12,0.7733333333333333,15.0
blood_transfusion,Random Search,12,0.76,1.0
blood_transfusion,Random Search,12,0.7733333333333333,5.0
blood_transfusion,Random Search,12,0.7866666666666666,19.0
blood_transfusion,"GA (NSGA-II, archived)",12,0.76,1.0
blood_transfusion,"GA (NSGA-II, archived)",12,0.7733333333333333,15.0
blood_transfusion,CART (ccp path),12,0.76,1.0
blood_transfusion,GA (NSGA-II),13,0.76,1.0
blood_transfusion,GA (NSGA-II),13,0.7733333333333333,3.0
blood_transfusion,Random Search,13,0.76,1.0
blood_transfusion,Random Search,13,0.7866666666666666,9.0
blood_transfusion,Random Search,13,0.84,15.0
blood_transfusion,"GA (NSGA-II, archived)",13,0.76,1.0
blood_transfusion,"GA (NSGA-II, archived)",13,0.7733333333333333,5.0
blood_transfusion,CART (ccp path),13,0.76,1.0
blood_transfusion,CART (ccp path),13,0.7866666666666666,11.0
blood_transfusion,CART (ccp path),13,0.8133333333333334,29.0
blood_transfusion,GA (NSGA-II),14,0.76,1.0
blood_transfusion,Random Search,14,0.76,1.0
blood_transfusion,"GA (NSGA-II, archived)",14,0.76,1.0
blood_transfusion,"GA (NSGA-II, archived)",14,0.7733333333333333,13.0
blood_transfusion,CART (ccp path),14,0.76,1.0
blood_transfusion,CART (ccp path),14,0.7733333333333333,13.0
blood_transfusion,CART (ccp path),14,0.8,151.0
blood_transfusion,GA (NSGA-II),15,0.76,1.0
blood_transfusion,GA (NSGA-II),15,0.7866666666666666,5.0
blood_transfusion,Random Search,15,0.76,1.0
blood_transfusion,Random Search,15,0.7733333333333333,21.0
blood_transfusion,"GA (NSGA-II, archived)",15,0.76,1.0
blood_transfusion,"GA (NSGA-II, archived)",15,0.7866666666666666,5.0
blood_transfusion,CART (ccp path),15,0.76,1.0
blood_transfusion,CART (ccp path),15,0.7733333333333333,11.0
blood_transfusion,CART (ccp path),15,0.7866666666666666,27.0
blood_transfusion,GA (NSGA-II),16,0.76,1.0
blood_transfusion,GA (NSGA-II),16,0.7866666666666666,3.0
blood_transfusion,Random Search,16,0.76,1.0
blood_transfusion,Random Search,16,0.7866666666666666,3.0
blood_transfusion,"GA (NSGA-II, archived)",16,0.76,1.0
blood_transfusion,"GA (NSGA-II, archived)",16,0.7866666666666666,3.0
blood_transfusion,"GA (NSGA-II, archived)",16,0.8,11.0
blood_transfusion,CART (ccp path),16,0.76,1.0
blood_transfusion,CART (ccp path),16,0.7866666666666666,13.0
blood_transfusion,CART (ccp path),16,0.8133333333333334,29.0
blood_transfusion,GA (NSGA-II),17,0.76,1.0
blood_transfusion,Random Search,17,0.76,1.0
blood_transfusion,"GA (NSGA-II, archived)",17,0.76,1.0
blood_transfusion,"GA (NSGA-II, archived)",17,0.7733333333333333,7.0
blood_transfusion,CART (ccp path),17,0.76,1.0
blood_transfusion,GA (NSGA-II),18,0.76,1.0
blood_transfusion,GA (NSGA-II),18,0.7733333333333333,5.0
blood_transfusion,Random Search,18,0.76,1.0
blood_transfusion,Random Search,18,0.7733333333333333,15.0
blood_transfusion,Random Search,18,0.7866666666666666,17.0
blood_transfusion,"GA (NSGA-II, archived)",18,0.76,1.0
blood_transfusion,CART (ccp path),18,0.76,1.0
blood_transfusion,CART (ccp path),18,0.8,29.0
blood_transfusion,CART (ccp path),18,0.8133333333333334,87.0
blood_transfusion,GA (NSGA-II),19,0.7702702702702703,1.0
blood_transfusion,GA (NSGA-II),19,0.7972972972972973,3.0
blood_transfusion,Random Search,19,0.7702702702702703,1.0
blood_transfusion,Random Search,19,0.7837837837837838,3.0
blood_transfusion,"GA (NSGA-II, archived)",19,0.7702702702702703,1.0
blood_transfusion,"GA (NSGA-II, archived)",19,0.7837837837837838,3.0
blood_transfusion,CART (ccp path),19,0.7702702702702703,1.0
blood_transfusion,CART (ccp path),19,0.7972972972972973,31.0
blood_transfusion,GA (NSGA-II),20,0.7702702702702703,1.0
blood_transfusion,Random Search,20,0.7702702702702703,1.0
blood_transfusion,"GA (NSGA-II, archived)",20,0.7702702702702703,1.0
blood_transfusion,CART (ccp path),20,0.7702702702702703,1.0
blood_transfusion,GA (NSGA-II),21,0.76,1.0
blood_transfusion,GA (NSGA-II),21,0.7733333333333333,3.0
blood_transfusion,Random Search,21,0.76,1.0
blood_transfusion,Random Search,21,0.7733333333333333,5.0
blood_transfusion,"GA (NSGA-II, archived)",21,0.76,1.0
blood_transfusion,"GA (NSGA-II, archived)",21,0.7866666666666666,7.0
blood_transfusion,CART (ccp path),21,0.76,1.0
blood_transfusion,GA (NSGA-II),22,0.76,1.0
blood_transfusion,GA (NSGA-II),22,0.7866666666666666,3.0
blood_transfusion,GA (NSGA-II),22,0.8,9.0
blood_transfusion,GA (NSGA-II),22,0.8133333333333334,11.0
blood_transfusion,Random Search,22,0.76,1.0
blood_transfusion,Random Search,22,0.7733333333333333,5.0
blood_transfusion,Random Search,22,0.7866666666666666,13.0
blood_transfusion,"GA (NSGA-II, archived)",22,0.76,1.0
blood_transfusion,"GA (NSGA-II, archived)",22,0.7733333333333333,3.0
blood_transfusion,"GA (NSGA-II, archived)",22,0.7866666666666666,7.0
blood_transfusion,"GA (NSGA-II, archived)",22,0.8,9.0
blood_transfusion,CART (ccp path),22,0.76,1.0
blood_transfusion,CART (ccp path),22,0.7733333333333333,135.0
blood_transfusion,GA (NSGA-II),23,0.76,1.0
blood_transfusion,GA (NSGA-II),23,0.7866666666666666,9.0
blood_transfusion,Random Search,23,0.76,1.0
blood_transfusion,Random Search,23,0.7733333333333333,3.0
blood_transfusion,"GA (NSGA-II, archived)",23,0.76,1.0
blood_transfusion,"GA (NSGA-II, archived)",23,0.7733333333333333,3.0
blood_transfusion,CART (ccp path),23,0.76,1.0
blood_transfusion,GA (NSGA-II),24,0.76,1.0
blood_transfusion,Random Search,24,0.76,1.0
blood_transfusion,Random Search,24,0.7733333333333333,3.0
blood_transfusion,Random Search,24,0.8133333333333334,5.0
blood_transfusion,Random Search,24,0.8533333333333334,21.0
blood_transfusion,"GA (NSGA-II, archived)",24,0.76,1.0
blood_transfusion,"GA (NSGA-II, archived)",24,0.7733333333333333,3.0
blood_transfusion,CART (ccp path),24,0.76,1.0
blood_transfusion,CART (ccp path),24,0.8,19.0
blood_transfusion,GA (NSGA-II),25,0.76,1.0
blood_transfusion,GA (NSGA-II),25,0.8533333333333334,7.0
blood_transfusion,Random Search,25,0.76,1.0
blood_transfusion,Random Search,25,0.7733333333333333,7.0
blood_transfusion,Random Search,25,0.7866666666666666,29.0
blood_transfusion,"GA (NSGA-II, archived)",25,0.76,1.0
blood_transfusion,"GA (NSGA-II, archived)",25,0.7733333333333333,5.0
blood_transfusion,"GA (NSGA-II, archived)",25,0.8533333333333334,7.0
blood_transfusion,"GA (NSGA-II, archived)",25,0.8666666666666667,9.0
blood_transfusion,CART (ccp path),25,0.76,1.0
blood_transfusion,CART (ccp path),25,0.8533333333333334,13.0
blood_transfusion,CART (ccp path),25,0.8666666666666667,97.0
blood_transfusion,GA (NSGA-II),26,0.76,1.0
blood_transfusion,Random Search,26,0.76,1.0
blood_transfusion,"GA (NSGA-II, archived)",26,0.76,1.0
blood_transfusion,CART (ccp path),26,0.76,1.0
blood_transfusion,GA (NSGA-II),27,0.76,1.0
blood_transfusion,Random Search,27,0.76,1.0
blood_transfusion,Random Search,27,0.7733333333333333,13.0
blood_transfusion,Random Search,27,0.8133333333333334,15.0
blood_transfusion,Random Search,27,0.8266666666666667,17.0
blood_transfusion,"GA (NSGA-II, archived)",27,0.76,1.0
blood_transfusion,"GA (NSGA-II, archived)",27,0.8,11.0
blood_transfusion,"GA (NSGA-II, archived)",27,0.8133333333333334,15.0
blood_transfusion,CART (ccp path),27,0.76,1.0
blood_transfusion,CART (ccp path),27,0.7866666666666666,15.0
blood_transfusion,GA (NSGA-II),28,0.76,1.0
blood_transfusion,GA (NSGA-II),28,0.7733333333333333,3.0
blood_transfusion,GA (NSGA-II),28,0.7866666666666666,5.0
blood_transfusion,GA (NSGA-II),28,0.8,9.0
blood_transfusion,GA (NSGA-II),28,0.8133333333333334,19.0
blood_transfusion,Random Search,28,0.76,1.0
blood_transfusion,Random Search,28,0.7733333333333333,5.0
blood_transfusion,Random Search,28,0.7866666666666666,25.0
blood_transfusion,"GA (NSGA-II, archived)",28,0.76,1.0
blood_transfusion,"GA (NSGA-II, archived)",28,0.7733333333333333,3.0
blood_transfusion,"GA (NSGA-II, archived)",28,0.8,13.0
blood_transfusion,CART (ccp path),28,0.76,1.0
blood_transfusion,CART (ccp path),28,0.8133333333333334,13.0
blood_transfusion,GA (NSGA-II),29,0.7702702702702703,1.0
blood_transfusion,GA (NSGA-II),29,0.7837837837837838,9.0
blood_transfusion,Random Search,29,0.7702702702702703,1.0
blood_transfusion,Random Search,29,0.7837837837837838,15.0
blood_transfusion,"GA (NSGA-II, archived)",29,0.7702702702702703,1.0
blood_transfusion,CART (ccp path),29,0.7702702702702703,1.0
blood_transfusion,GA (NSGA-II),30,0.7702702702702703,1.0
blood_transfusion,GA (NSGA-II),30,0.7972972972972973,5.0
blood_transfusion,Random Search,30,0.7702702702702703,1.0
blood_transfusion,Random Search,30,0.7837837837837838,13.0
blood_transfusion,"GA (NSGA-II, archived)",30,0.7702702702702703,1.0
blood_transfusion,CART (ccp path),30,0.7702702702702703,1.0
blood_transfusion,CART (ccp path),30,0.7972972972972973,15.0
diabetes_pima,GA (NSGA-II),1,0.6493506493506493,1.0
diabetes_pima,GA (NSGA-II),1,0.6753246753246753,3.0
diabetes_pima,GA (NSGA-II),1,0.7012987012987013,5.0
diabetes_pima,Random Search,1,0.6493506493506493,1.0
diabetes_pima,Random Search,1,0.6623376623376623,3.0
diabetes_pima,Random Search,1,0.7142857142857143,21.0
diabetes_pima,"GA (NSGA-II, archived)",1,0.6493506493506493,1.0
diabetes_pima,"GA (NSGA-II, archived)",1,0.6753246753246753,3.0
diabetes_pima,"GA (NSGA-II, archived)",1,0.6883116883116883,5.0
diabetes_pima,"GA (NSGA-II, archived)",1,0.7272727272727273,7.0
diabetes_pima,CART (ccp path),1,0.6493506493506493,1.0
diabetes_pima,CART (ccp path),1,0.7272727272727273,9.0
diabetes_pima,CART (ccp path),1,0.7402597402597403,71.0
diabetes_pima,GA (NSGA-II),2,0.6493506493506493,1.0
diabetes_pima,GA (NSGA-II),2,0.7142857142857143,3.0
diabetes_pima,GA (NSGA-II),2,0.7272727272727273,5.0
diabetes_pima,Random Search,2,0.6493506493506493,1.0
diabetes_pima,Random Search,2,0.7272727272727273,3.0
diabetes_pima,Random Search,2,0.7402597402597403,17.0
diabetes_pima,"GA (NSGA-II, archived)",2,0.6493506493506493,1.0
diabetes_pima,"GA (NSGA-II, archived)",2,0.7012987012987013,3.0
diabetes_pima,CART (ccp path),2,0.6493506493506493,1.0
diabetes_pima,CART (ccp path),2,0.6883116883116883,11.0
diabetes_pima,GA (NSGA-II),3,0.6493506493506493,1.0
diabetes_pima,GA (NSGA-II),3,0.7922077922077922,3.0
diabetes_pima,Random Search,3,0.6493506493506493,1.0
diabetes_pima,Random Search,3,0.7922077922077922,3.0
diabetes_pima,Random Search,3,0.8051948051948052,11.0
diabetes_pima,"GA (NSGA-II, archived)",3,0.6493506493506493,1.0
diabetes_pima,"GA (NSGA-II, archived)",3,0.7922077922077922,3.0
diabetes_pima,"GA (NSGA-II, archived)",3,0.8311688311688312,5.0
diabetes_pima,CART (ccp path),3,0.6493506493506493,1.0
diabetes_pima,CART (ccp path),3,0.7402597402597403,11.0
diabetes_pima,GA (NSGA-II),4,0.6493506493506493,1.0
diabetes_pima,GA (NSGA-II),4,0.7402597402597403,3.0
diabetes_pima,Random Search,4,0.6493506493506493,1.0
diabetes_pima,Random Search,4,0.7272727272727273,3.0
diabetes_pima,Random Search,4,0.7532467532467533,5.0
diabetes_pima,"GA (NSGA-II, archived)",4,0.6493506493506493,1.0
diabetes_pima,"GA (NSGA-II, archived)",4,0.7142857142857143,3.0
diabetes_pima,"GA (NSGA-II, archived)",4,0.7662337662337663,21.0
diabetes_pima,CART (ccp path),4,0.6493506493506493,1.0
diabetes_pima,CART (ccp path),4,0.7012987012987013,11.0
diabetes_pima,CART (ccp path),4,0.7922077922077922,25.0
diabetes_pima,CART (ccp path),4,0.8311688311688312,37.0
diabetes_pima,GA (NSGA-II),5,0.6493506493506493,1.0
diabetes_pima,GA (NSGA-II),5,0.7012987012987013,3.0
diabetes_pima,GA (NSGA-II),5,0.7402597402597403,9.0
diabetes_pima,GA (NSGA-II),5,0.7532467532467533,13.0
diabetes_pima,Random Search,5,0.6493506493506493,1.0
diabetes_pima,Random Search,5,0.7142857142857143,5.0
diabetes_pima,Random Search,5,0.7272727272727273,9.0
diabetes_pima,"GA (NSGA-II, archived)",5,0.6493506493506493,1.0
diabetes_pima,"GA (NSGA-II, archived)",5,0.7142857142857143,3.0
diabetes_pima,CART (ccp path),5,0.6493506493506493,1.0
diabetes_pima,CART (ccp path),5,0.7012987012987013,11.0
diabetes_pima,CART (ccp path),5,0.7402597402597403,47.0
diabetes_pima,CART (ccp path),5,0.7532467532467533,57.0
diabetes_pima,GA (NSGA-II),6,0.6493506493506493,1.0
diabetes_pima,GA (NSGA-II),6,0.7532467532467533,3.0
diabetes_pima,GA (NSGA-II),6,0.7662337662337663,7.0
diabetes_pima,Random Search,6,0.6493506493506493,1.0
diabetes_pima,Random Search,6,0.7272727272727273,3.0
diabetes_pima,Random Search,6,0.7792207792207793,13.0
diabetes_pima,"GA (NSGA-II, archived)",6,0.6493506493506493,1.0
diabetes_pima,"GA (NSGA-II, archived)",6,0.7272727272727273,3.0
diabetes_pima,"GA (NSGA-II, archived)",6,0.7662337662337663,7.0
diabetes_pima,CART (ccp path),6,0.6493506493506493,1.0
diabetes_pima,CART (ccp path),6,0.7142857142857143,33.0
diabetes_pima,CART (ccp path),6,0.7662337662337663,57.0
diabetes_pima,GA (NSGA-II),7,0.6493506493506493,1.0
diabetes_pima,GA (NSGA-II),7,0.7662337662337663,3.0
diabetes_pima,GA (NSGA-II),7,0.8051948051948052,7.0
diabetes_pima,Random Search,7,0.6493506493506493,1.0
diabetes_pima,Random Search,7,0.7662337662337663,3.0
diabetes_pima,"GA (NSGA-II, archived)",7,0.6493506493506493,1.0
diabetes_pima,"GA (NSGA-II, archived)",7,0.7272727272727273,3.0
diabetes_pima,"GA (NSGA-II, archived)",7,0.7532467532467533,5.0
diabetes_pima,"GA (NSGA-II, archived)",7,0.7662337662337663,13.0
diabetes_pima,CART (ccp path),7,0.6493506493506493,1.0
diabetes_pima,CART (ccp path),7,0.7402597402597403,13.0
diabetes_pima,CART (ccp path),7,0.7532467532467533,23.0
diabetes_pima,CART (ccp path),7,0.7662337662337663,61.0
diabetes_pima,GA (NSGA-II),8,0.6493506493506493,1.0
diabetes_pima,GA (NSGA-II),8,0.7532467532467533,3.0
diabetes_pima,GA (NSGA-II),8,0.7662337662337663,9.0
diabetes_pima,Random Search,8,0.6493506493506493,1.0
diabetes_pima,Random Search,8,0.7662337662337663,3.0
diabetes_pima,"GA (NSGA-II, archived)",8,0.6493506493506493,1.0
diabetes_pima,"GA (NSGA-II, archived)",8,0.7662337662337663,3.0
diabetes_pima,CART (ccp path),8,0.6493506493506493,1.0
diabetes_pima,CART (ccp path),8,0.7402597402597403,11.0
diabetes_pima,CART (ccp path),8,0.7532467532467533,29.0
diabetes_pima,CART (ccp path),8,0.7662337662337663,43.0
diabetes_pima,GA (NSGA-II),9,0.6578947368421053,1.0
diabetes_pima,GA (NSGA-II),9,0.8157894736842105,3.0
diabetes_pima,GA (NSGA-II),9,0.8289473684210527,5.0
diabetes_pima,Random Search,9,0.6578947368421053,1.0
diabetes_pima,Random Search,9,0.8157894736842105,3.0
diabetes_pima,"GA (NSGA-II, archived)",9,0.6578947368421053,1.0
diabetes_pima,"GA (NSGA-II, archived)",9,0.8157894736842105,3.0
diabetes_pima,CART (ccp path),9,0.6578947368421053,1.0
diabetes_pima,CART (ccp path),9,0.8421052631578947,11.0
diabetes_pima,GA (NSGA-II),10,0.6578947368421053,1.0
diabetes_pima,GA (NSGA-II),10,0.6710526315789473,3.0
diabetes_pima,GA (NSGA-II),10,0.6842105263157895,7.0
diabetes_pima,Random Search,10,0.6578947368421053,1.0
diabetes_pima,Random Search,10,0.7105263157894737,3.0
diabetes_pima,"GA (NSGA-II, archived)",10,0.6578947368421053,1.0
diabetes_pima,"GA (NSGA-II, archived)",10,0.6973684210526315,3.0
diabetes_pima,"GA (NSGA-II, archived)",10,0.7105263157894737,13.0
diabetes_pima,CART (ccp path),10,0.6578947368421053,1.0
diabetes_pima,CART (ccp path),10,0.6710526315789473,11.0
diabetes_pima,CART (ccp path),10,0.6973684210526315,31.0
diabetes_pima,GA (NSGA-II),11,0.6493506493506493,1.0
diabetes_pima,GA (NSGA-II),11,0.8181818181818182,3.0
diabetes_pima,Random Search,11,0.6493506493506493,1.0
diabetes_pima,Random Search,11,0.8051948051948052,3.0
diabetes_pima,Random Search,11,0.8181818181818182,7.0
diabetes_pima,"GA (NSGA-II, archived)",11,0.6493506493506493,1.0
diabetes_pima,"GA (NSGA-II, archived)",11,0.7532467532467533,3.0
diabetes_pima,"GA (NSGA-II, archived)",11,0.7662337662337663,7.0
diabetes_pima,CART (ccp path),11,0.6493506493506493,1.0
diabetes_pima,CART (ccp path),11,0.7142857142857143,11.0
diabetes_pima,CART (ccp path),11,0.7402597402597403,21.0
diabetes_pima,CART (ccp path),11,0.7662337662337663,37.0
diabetes_pima,GA (NSGA-II),12,0.6493506493506493,1.0
diabetes_pima,GA (NSGA-II),12,0.6883116883116883,3.0
diabetes_pima,Random Search,12,0.6493506493506493,1.0
diabetes_pima,Random Search,12,0.7012987012987013,3.0
diabetes_pima,"GA (NSGA-II, archived)",12,0.6493506493506493,1.0
diabetes_pima,"GA (NSGA-II, archived)",12,0.6883116883116883,3.0
diabetes_pima,CART (ccp path),12,0.6493506493506493,1.0
diabetes_pima,CART (ccp path),12,0.7012987012987013,13.0
diabetes_pima,CART (ccp path),12,0.7142857142857143,33.0
diabetes_pima,CART (ccp path),12,0.7402597402597403,47.0
diabetes_pima,GA (NSGA-II),13,0.6493506493506493,1.0
diabetes_pima,GA (NSGA-II),13,0.7792207792207793,3.0
diabetes_pima,Random Search,13,0.6493506493506493,1.0
diabetes_pima,Random Search,13,0.7272727272727273,3.0
diabetes_pima,"GA (NSGA-II, archived)",13,0.6493506493506493,1.0
diabetes_pima,"GA (NSGA-II, archived)",13,0.7792207792207793,3.0
diabetes_pima,CART (ccp path),13,0.6493506493506493,1.0
diabetes_pima,CART (ccp path),13,0.7792207792207793,11.0
diabetes_pima,CART (ccp path),13,0.7922077922077922,23.0
diabetes_pima,CART (ccp path),13,0.8051948051948052,43.0
diabetes_pima,GA (NSGA-II),14,0.6493506493506493,1.0
diabetes_pima,GA (NSGA-II),14,0.7532467532467533,3.0
diabetes_pima,GA (NSGA-II),14,0.7662337662337663,5.0
diabetes_pima,Random Search,14,0.6493506493506493,1.0
diabetes_pima,Random Search,14,0.7272727272727273,3.0
diabetes_pima,Random Search,14,0.7532467532467533,21.0
diabetes_pima,"GA (NSGA-II, archived)",14,0.6493506493506493,1.0
diabetes_pima,"GA (NSGA-II, archived)",14,0.7532467532467533,3.0
diabetes_pima,CART (ccp path),14,0.6493506493506493,1.0
diabetes_pima,CART (ccp path),14,0.7532467532467533,13.0
diabetes_pima,CART (ccp path),14,0.8051948051948052,25.0
diabetes_pima,GA (NSGA-II),15,0.6493506493506493,1.0
diabetes_pima,GA (NSGA-II),15,0.7272727272727273,3.0
diabetes_pima,Random Search,15,0.6493506493506493,1.0
diabetes_pima,Random Search,15,0.7792207792207793,3.0
diabetes_pima,"GA (NSGA-II, archived)",15,0.6493506493506493,1.0
diabetes_pima,"GA (NSGA-II, archived)",15,0.7792207792207793,3.0
diabetes_pima,CART (ccp path),15,0.6493506493506493,1.0
diabetes_pima,CART (ccp path),15,0.6623376623376623,11.0
diabetes_pima,CART (ccp path),15,0.7142857142857143,23.0
diabetes_pima,CART (ccp path),15,0.7532467532467533,49.0
diabetes_pima,GA (NSGA-II),16,0.6493506493506493,1.0
diabetes_pima,GA (NSGA-II),16,0.7142857142857143,3.0
diabetes_pima,GA (NSGA-II),16,0.7792207792207793,5.0
diabetes_pima,Random Search,16,0.6493506493506493,1.0
diabetes_pima,Random Search,16,0.7532467532467533,3.0
diabetes_pima,Random Search,16,0.7662337662337663,13.0
diabetes_pima,"GA (NSGA-II, archived)",16,0.6493506493506493,1.0
diabetes_pima,"GA (NSGA-II, archived)",16,0.7662337662337663,3.0
diabetes_pima,"GA (NSGA-II, archived)",16,0.7792207792207793,7.0
diabetes_pima,CART (ccp path),16,0.6493506493506493,1.0
diabetes_pima,CART (ccp path),16,0.8051948051948052,11.0
diabetes_pima,CART (ccp path),16,0.8181818181818182,65.0
diabetes_pima,GA (NSGA-II),17,0.6493506493506493,1.0
diabetes_pima,GA (NSGA-II),17,0.7012987012987013,3.0
diabetes_pima,GA (NSGA-II),17,0.7272727272727273,5.0
diabetes_pima,GA (NSGA-II),17,0.7792207792207793,29.0
diabetes_pima,Random Search,17,0.6493506493506493,1.0
diabetes_pima,Random Search,17,0.7272727272727273,3.0
diabetes_pima,"GA (NSGA-II, archived)",17,0.6493506493506493,1.0
diabetes_pima,"GA (NSGA-II, archived)",17,0.7272727272727273,3.0
diabetes_pima,"GA (NSGA-II, archived)",17,0.7662337662337663,7.0
diabetes_pima,CART (ccp path),17,0.6493506493506493,1.0
diabetes_pima,CART (ccp path),17,0.7012987012987013,13.0
diabetes_pima,GA (NSGA-II),18,0.6493506493506493,1.0
diabetes_pima,GA (NSGA-II),18,0.7402597402597403,3.0
diabetes_pima,Random Search,18,0.6493506493506493,1.0
diabetes_pima,Random Search,18,0.7272727272727273,3.0
diabetes_pima,Random Search,18,0.7792207792207793,7.0
diabetes_pima,"GA (NSGA-II, archived)",18,0.6493506493506493,1.0
diabetes_pima,"GA (NSGA-II, archived)",18,0.7272727272727273,3.0
diabetes_pima,CART (ccp path),18,0.6493506493506493,1.0
diabetes_pima,CART (ccp path),18,0.7662337662337663,11.0
diabetes_pima,GA (NSGA-II),19,0.6578947368421053,1.0
diabetes_pima,GA (NSGA-II),19,0.7105263157894737,3.0
diabetes_pima,Random Search,19,0.6578947368421053,1.0
diabetes_pima,Random Search,19,0.6710526315789473,3.0
diabetes_pima,"GA (NSGA-II, archived)",19,0.6578947368421053,1.0
diabetes_pima,"GA (NSGA-II, archived)",19,0.7105263157894737,5.0
diabetes_pima,CART (ccp path),19,0.6578947368421053,1.0
diabetes_pima,CART (ccp path),19,0.7631578947368421,11.0
diabetes_pima,GA (NSGA-II),20,0.6578947368421053,1.0
diabetes_pima,GA (NSGA-II),20,0.7236842105263158,3.0
diabetes_pima,GA (NSGA-II),20,0.7763157894736842,7.0
diabetes_pima,Random Search,20,0.6578947368421053,1.0
diabetes_pima,Random Search,20,0.7368421052631579,3.0
diabetes_pima,Random Search,20,0.7631578947368421,23.0
diabetes_pima,"GA (NSGA-II, archived)",20,0.6578947368421053,1.0
diabetes_pima,"GA (NSGA-II, archived)",20,0.7236842105263158,3.0
diabetes_pima,"GA (NSGA-II, archived)",20,0.7631578947368421,5.0
diabetes_pima,CART (ccp path),20,0.6578947368421053,1.0
diabetes_pima,CART (ccp path),20,0.7763157894736842,9.0
diabetes_pima,GA (NSGA-II),21,0.6493506493506493,1.0
diabetes_pima,GA (NSGA-II),21,0.7272727272727273,3.0
diabetes_pima,Random Search,21,0.6493506493506493,1.0
diabetes_pima,Random Search,21,0.7012987012987013,3.0
diabetes_pima,Random Search,21,0.7142857142857143,5.0
diabetes_pima,Random Search,21,0.7402597402597403,21.0
diabetes_pima,"GA (NSGA-II, archived)",21,0.6493506493506493,1.0
diabetes_pima,"GA (NSGA-II, archived)",21,0.7012987012987013,3.0
diabetes_pima,"GA (NSGA-II, archived)",21,0.7272727272727273,5.0
diabetes_pima,"GA (NSGA-II, archived)",21,0.7402597402597403,13.0
diabetes_pima,CART (ccp path),21,0.6493506493506493,1.0
diabetes_pima,CART (ccp path),21,0.7012987012987013,11.0
diabetes_pima,CART (ccp path),21,0.7142857142857143,23.0
diabetes_pima,GA (NSGA-II),22,0.6493506493506493,1.0
diabetes_pima,GA (NSGA-II),22,0.7792207792207793,3.0
diabetes_pima,Random Search,22,0.6493506493506493,1.0
diabetes_pima,Random Search,22,0.7532467532467533,3.0
diabetes_pima,Random Search,22,0.7922077922077922,45.0
diabetes_pima,"GA (NSGA-II, archived)",22,0.6493506493506493,1.0
diabetes_pima,"GA (NSGA-II, archived)",22,0.7532467532467533,3.0
diabetes_pima,CART (ccp path),22,0.6493506493506493,1.0
diabetes_pima,CART (ccp path),22,0.7402597402597403,13.0
diabetes_pima,GA (NSGA-II),23,0.6493506493506493,1.0
diabetes_pima,GA (NSGA-II),23,0.7922077922077922,3.0
diabetes_pima,Random Search,23,0.6493506493506493,1.0
diabetes_pima,Random Search,23,0.6623376623376623,3.0
diabetes_pima,"GA (NSGA-II, archived)",23,0.6493506493506493,1.0
diabetes_pima,"GA (NSGA-II, archived)",23,0.7922077922077922,3.0
diabetes_pima,CART (ccp path),23,0.6493506493506493,1.0
diabetes_pima,CART (ccp path),23,0.7922077922077922,11.0
diabetes_pima,GA (NSGA-II),24,0.6493506493506493,1.0
diabetes_pima,GA (NSGA-II),24,0.7532467532467533,3.0
diabetes_pima,GA (NSGA-II),24,0.7792207792207793,9.0
diabetes_pima,Random Search,24,0.6493506493506493,1.0
diabetes_pima,Random Search,24,0.7272727272727273,3.0
diabetes_pima,Random Search,24,0.7402597402597403,41.0
diabetes_pima,"GA (NSGA-II, archived)",24,0.6493506493506493,1.0
diabetes_pima,"GA (NSGA-II, archived)",24,0.7532467532467533,3.0
diabetes_pima,CART (ccp path),24,0.6493506493506493,1.0
diabetes_pima,CART (ccp path),24,0.8051948051948052,13.0
diabetes_pima,CART (ccp path),24,0.8441558441558441,41.0
diabetes_pima,GA (NSGA-II),25,0.6493506493506493,1.0
diabetes_pima,GA (NSGA-II),25,0.7532467532467533,3.0
diabetes_pima,GA (NSGA-II),25,0.7662337662337663,7.0
diabetes_pima,Random Search,25,0.6493506493506493,1.0
diabetes_pima,Random Search,25,0.7142857142857143,3.0
diabetes_pima,Random Search,25,0.7532467532467533,5.0
diabetes_pima,Random Search,25,0.7792207792207793,19.0
diabetes_pima,"GA (NSGA-II, archived)",25,0.6493506493506493,1.0
diabetes_pima,"GA (NSGA-II, archived)",25,0.7142857142857143,3.0
diabetes_pima,"GA (NSGA-II, archived)",25,0.7402597402597403,5.0
diabetes_pima,CART (ccp path),25,0.6493506493506493,1.0
diabetes_pima,CART (ccp path),25,0.7532467532467533,11.0
diabetes_pima,CART (ccp path),25,0.7662337662337663,31.0
diabetes_pima,GA (NSGA-II),26,0.6493506493506493,1.0
diabetes_pima,GA (NSGA-II),26,0.7012987012987013,3.0
diabetes_pima,Random Search,26,0.6493506493506493,1.0
diabetes_pima,Random Search,26,0.6883116883116883,3.0
diabetes_pima,"GA (NSGA-II, archived)",26,0.6493506493506493,1.0
diabetes_pima,"GA (NSGA-II, archived)",26,0.6883116883116883,3.0
diabetes_pima,CART (ccp path),26,0.6493506493506493,1.0
diabetes_pima,CART (ccp path),26,0.7142857142857143,11.0
diabetes_pima,CART (ccp path),26,0.7402597402597403,23.0
diabetes_pima,GA (NSGA-II),27,0.6493506493506493,1.0
diabetes_pima,GA (NSGA-II),27,0.7402597402597403,3.0
diabetes_pima,GA (NSGA-II),27,0.7532467532467533,5.0
diabetes_pima,GA (NSGA-II),27,0.7662337662337663,7.0
diabetes_pima,Random Search,27,0.6493506493506493,1.0
diabetes_pima,Random Search,27,0.7272727272727273,3.0
diabetes_pima,Random Search,27,0.7402597402597403,7.0
diabetes_pima,"GA (NSGA-II, archived)",27,0.6493506493506493,1.0
diabetes_pima,"GA (NSGA-II, archived)",27,0.7272727272727273,3.0
diabetes_pima,"GA (NSGA-II, archived)",27,0.7532467532467533,7.0
diabetes_pima,CART (ccp path),27,0.6493506493506493,1.0
diabetes_pima,CART (ccp path),27,0.7532467532467533,11.0
diabetes_pima,CART (ccp path),27,0.7662337662337663,61.0
diabetes_pima,CART (ccp path),27,0.7792207792207793,77.0
diabetes_pima,GA (NSGA-II),28,0.6493506493506493,1.0
diabetes_pima,GA (NSGA-II),28,0.7922077922077922,3.0
diabetes_pima,Random Search,28,0.6493506493506493,1.0
diabetes_pima,Random Search,28,0.7922077922077922,3.0
diabetes_pima,"GA (NSGA-II, archived)",28,0.6493506493506493,1.0
diabetes_pima,"GA (NSGA-II, archived)",28,0.7792207792207793,3.0
diabetes_pima,"GA (NSGA-II, archived)",28,0.7922077922077922,9.0
diabetes_pima,CART (ccp path),28,0.6493506493506493,1.0
diabetes_pima,CART (ccp path),28,0.7402597402597403,11.0
diabetes_pima,GA (NSGA-II),29,0.6578947368421053,1.0
diabetes_pima,GA (NSGA-II),29,0.75,3.0
diabetes_pima,GA (NSGA-II),29,0.7631578947368421,5.0
diabetes_pima,Random Search,29,0.6578947368421053,1.0
diabetes_pima,Random Search,29,0.7236842105263158,3.0
diabetes_pima,"GA (NSGA-II, archived)",29,0.6578947368421053,1.0
diabetes_pima,"GA (NSGA-II, archived)",29,0.7105263157894737,3.0
diabetes_pima,"GA (NSGA-II, archived)",29,0.7236842105263158,7.0
diabetes_pima,CART (ccp path),29,0.6578947368421053,1.0
diabetes_pima,CART (ccp path),29,0.7894736842105263,11.0
diabetes_pima,GA (NSGA-II),30,0.6578947368421053,1.0
diabetes_pima,GA (NSGA-II),30,0.7236842105263158,3.0
diabetes_pima,Random Search,30,0.6578947368421053,1.0
diabetes_pima,Random Search,30,0.7368421052631579,3.0
diabetes_pima,Random Search,30,0.7763157894736842,37.0
diabetes_pima,"GA (NSGA-II, archived)",30,0.6578947368421053,1.0
diabetes_pima,"GA (NSGA-II, archived)",30,0.7368421052631579,3.0
diabetes_pima,CART (ccp path),30,0.6578947368421053,1.0
diabetes_pima,CART (ccp path),30,0.7631578947368421,11.0
diabetes_pima,CART (ccp path),30,0.7894736842105263,21.0
analcatdata_dmft,GA (NSGA-II),1,0.2,1.0
analcatdata_dmft,Random Search,1,0.2,1.0
analcatdata_dmft,Random Search,1,0.25,5.0
analcatdata_dmft,Random Search,1,0.2625,7.0
analcatdata_dmft,"GA (NSGA-II, archived)",1,0.2,1.0
analcatdata_dmft,"GA (NSGA-II, archived)",1,0.2375,9.0
analcatdata_dmft,CART (ccp path),1,0.2,1.0
analcatdata_dmft,CART (ccp path),1,0.225,47.0
analcatdata_dmft,GA (NSGA-II),2,0.2,1.0
analcatdata_dmft,GA (NSGA-II),2,0.225,3.0
analcatdata_dmft,GA (NSGA-II),2,0.2625,7.0
analcatdata_dmft,GA (NSGA-II),2,0.2875,11.0
analcatdata_dmft,Random Search,2,0.2,1.0
analcatdata_dmft,Random Search,2,0.2125,3.0
analcatdata_dmft,"GA (NSGA-II, archived)",2,0.2,1.0
analcatdata_dmft,"GA (NSGA-II, archived)",2,0.25,17.0
analcatdata_dmft,CART (ccp path),2,0.2,1.0
analcatdata_dmft,CART (ccp path),2,0.2125,127.0
analcatdata_dmft,CART (ccp path),2,0.2375,173.0
analcatdata_dmft,CART (ccp path),2,0.25,225.0
analcatdata_dmft,GA (NSGA-II),3,0.2,1.0
analcatdata_dmft,Random Search,3,0.2,1.0
analcatdata_dmft,Random Search,3,0.2125,11.0
analcatdata_dmft,Random Search,3,0.275,13.0
analcatdata_dmft,"GA (NSGA-II, archived)",3,0.2,1.0
analcatdata_dmft,"GA (NSGA-II, archived)",3,0.25,5.0
analcatdata_dmft,CART (ccp path),3,0.2,1.0
analcatdata_dmft,GA (NSGA-II),4,0.2,1.0
analcatdata_dmft,GA (NSGA-II),4,0.2125,5.0
analcatdata_dmft,GA (NSGA-II),4,0.2375,13.0
analcatdata_dmft,Random Search,4,0.2,1.0
analcatdata_dmft,Random Search,4,0.25,3.0
analcatdata_dmft,Random Search,4,0.2625,25.0
analcatdata_dmft,"GA (NSGA-II, archived)",4,0.2,1.0
analcatdata_dmft,"GA (NSGA-II, archived)",4,0.25,3.0
analcatdata_dmft,"GA (NSGA-II, archived)",4,0.2625,11.0
analcatdata_dmft,CART (ccp path),4,0.2,1.0
analcatdata_dmft,CART (ccp path),4,0.225,23.0
analcatdata_dmft,CART (ccp path),4,0.2375,107.0
analcatdata_dmft,GA (NSGA-II),5,0.2,1.0
analcatdata_dmft,GA (NSGA-II),5,0.2125,3.0
analcatdata_dmft,GA (NSGA-II),5,0.225,5.0
analcatdata_dmft,GA (NSGA-II),5,0.275,9.0
analcatdata_dmft,Random Search,5,0.2,1.0
analcatdata_dmft,Random Search,5,0.2125,13.0
analcatdata_dmft,"GA (NSGA-II, archived)",5,0.2,1.0
analcatdata_dmft,"GA (NSGA-II, archived)",5,0.2125,11.0
analcatdata_dmft,"GA (NSGA-II, archived)",5,0.225,17.0
analcatdata_dmft,"GA (NSGA-II, archived)",5,0.2375,23.0
analcatdata_dmft,CART (ccp path),5,0.2,1.0
analcatdata_dmft,CART (ccp path),5,0.225,33.0
analcatdata_dmft,CART (ccp path),5,0.3,61.0
analcatdata_dmft,GA (NSGA-II),6,0.1875,1.0
analcatdata_dmft,GA (NSGA-II),6,0.2125,3.0
analcatdata_dmft,GA (NSGA-II),6,0.225,7.0
analcatdata_dmft,Random Search,6,0.1875,1.0
analcatdata_dmft,Random Search,6,0.2125,3.0
analcatdata_dmft,Random Search,6,0.3,13.0
analcatdata_dmft,"GA (NSGA-II, archived)",6,0.1875,1.0
analcatdata_dmft,"GA (NSGA-II, archived)",6,0.225,3.0
analcatdata_dmft,"GA (NSGA-II, archived)",6,0.2375,5.0
analcatdata_dmft,CART (ccp path),6,0.1875,1.0
analcatdata_dmft,CART (ccp path),6,0.2125,33.0
analcatdata_dmft,CART (ccp path),6,0.2625,53.0
analcatdata_dmft,CART (ccp path),6,0.275,239.0
analcatdata_dmft,GA (NSGA-II),7,0.1875,1.0
analcatdata_dmft,GA (NSGA-II),7,0.2625,5.0
analcatdata_dmft,Random Search,7,0.1875,1.0
analcatdata_dmft,Random Search,7,0.2,5.0
analcatdata_dmft,Random Search,7,0.225,25.0
analcatdata_dmft,"GA (NSGA-II, archived)",7,0.1875,1.0
analcatdata_dmft,CART (ccp path),7,0.1875,1.0
analcatdata_dmft,CART (ccp path),7,0.2,41.0
analcatdata_dmft,GA (NSGA-II),8,0.189873417721519,1.0
analcatdata_dmft,GA (NSGA-II),8,0.20253164556962025,3.0
analcatdata_dmft,GA (NSGA-II),8,0.21518987341772153,7.0
analcatdata_dmft,GA (NSGA-II),8,0.24050632911392406,9.0
analcatdata_dmft,Random Search,8,0.189873417721519,1.0
analcatdata_dmft,Random Search,8,0.21518987341772153,3.0
analcatdata_dmft,"GA (NSGA-II, archived)",8,0.189873417721519,1.0
analcatdata_dmft,"GA (NSGA-II, archived)",8,0.20253164556962025,5.0
analcatdata_dmft,"GA (NSGA-II, archived)",8,0.24050632911392406,9.0
analcatdata_dmft,CART (ccp path),8,0.189873417721519,1.0
analcatdata_dmft,CART (ccp path),8,0.20253164556962025,213.0
analcatdata_dmft,GA (NSGA-II),9,0.189873417721519,1.0
analcatdata_dmft,GA (NSGA-II),9,0.21518987341772153,3.0
analcatdata_dmft,GA (NSGA-II),9,0.25316455696202533,5.0
analcatdata_dmft,GA (NSGA-II),9,0.26582278481012656,9.0
analcatdata_dmft,Random Search,9,0.189873417721519,1.0
analcatdata_dmft,Random Search,9,0.24050632911392406,11.0
analcatdata_dmft,"GA (NSGA-II, archived)",9,0.189873417721519,1.0
analcatdata_dmft,"GA (NSGA-II, archived)",9,0.21518987341772153,3.0
analcatdata_dmft,"GA (NSGA-II, archived)",9,0.25316455696202533,5.0
analcatdata_dmft,"GA (NSGA-II, archived)",9,0.26582278481012656,7.0
analcatdata_dmft,CART (ccp path),9,0.189873417721519,1.0
analcatdata_dmft,CART (ccp path),9,0.20253164556962025,29.0
analcatdata_dmft,CART (ccp path),9,0.22784810126582278,49.0
analcatdata_dmft,GA (NSGA-II),10,0.189873417721519,1.0
analcatdata_dmft,GA (NSGA-II),10,0.21518987341772153,5.0
analcatdata_dmft,Random Search,10,0.189873417721519,1.0
analcatdata_dmft,Random Search,10,0.21518987341772153,5.0
analcatdata_dmft,"GA (NSGA-II, archived)",10,0.189873417721519,1.0
analcatdata_dmft,"GA (NSGA-II, archived)",10,0.21518987341772153,5.0
analcatdata_dmft,CART (ccp path),10,0.189873417721519,1.0
analcatdata_dmft,CART (ccp path),10,0.20253164556962025,61.0
analcatdata_dmft,GA (NSGA-II),11,0.2,1.0
analcatdata_dmft,GA (NSGA-II),11,0.2125,9.0
analcatdata_dmft,Random Search,11,0.2,1.0
analcatdata_dmft,Random Search,11,0.2125,3.0
analcatdata_dmft,Random Search,11,0.2375,5.0
analcatdata_dmft,Random Search,11,0.3125,15.0
analcatdata_dmft,"GA (NSGA-II, archived)",11,0.2,1.0
analcatdata_dmft,"GA (NSGA-II, archived)",11,0.25,3.0
analcatdata_dmft,CART (ccp path),11,0.2,1.0
analcatdata_dmft,CART (ccp path),11,0.2375,51.0
analcatdata_dmft,GA (NSGA-II),12,0.2,1.0
analcatdata_dmft,GA (NSGA-II),12,0.2125,3.0
analcatdata_dmft,Random Search,12,0.2,1.0
analcatdata_dmft,Random Search,12,0.2125,9.0
analcatdata_dmft,"GA (NSGA-II, archived)",12,0.2,1.0
analcatdata_dmft,CART (ccp path),12,0.2,1.0
analcatdata_dmft,CART (ccp path),12,0.2125,97.0
analcatdata_dmft,CART (ccp path),12,0.2625,129.0
analcatdata_dmft,GA (NSGA-II),13,0.2,1.0
analcatdata_dmft,Random Search,13,0.2,1.0
analcatdata_dmft,"GA (NSGA-II, archived)",13,0.2,1.0
analcatdata_dmft,CART (ccp path),13,0.2,1.0
analcatdata_dmft,CART (ccp path),13,0.2125,75.0
analcatdata_dmft,CART (ccp path),13,0.25,97.0
analcatdata_dmft,GA (NSGA-II),14,0.2,1.0
analcatdata_dmft,GA (NSGA-II),14,0.25,5.0
analcatdata_dmft,Random Search,14,0.2,1.0
analcatdata_dmft,Random Search,14,0.225,3.0
analcatdata_dmft,Random Search,14,0.2625,5.0
analcatdata_dmft,"GA (NSGA-II, archived)",14,0.2,1.0
analcatdata_dmft,"GA (NSGA-II, archived)",14,0.2125,5.0
analcatdata_dmft,"GA (NSGA-II, archived)",14,0.2375,15.0
analcatdata_dmft,"GA (NSGA-II, archived)",14,0.25,17.0
analcatdata_dmft,CART (ccp path),14,0.2,1.0
analcatdata_dmft,CART (ccp path),14,0.225,41.0
analcatdata_dmft,CART (ccp path),14,0.2625,63.0
analcatdata_dmft,GA (NSGA-II),15,0.2,1.0
analcatdata_dmft,GA (NSGA-II),15,0.2875,5.0
analcatdata_dmft,Random Search,15,0.2,1.0
analcatdata_dmft,Random Search,15,0.3,5.0
analcatdata_dmft,Random Search,15,0.3125,7.0
analcatdata_dmft,"GA (NSGA-II, archived)",15,0.2,1.0
analcatdata_dmft,"GA (NSGA-II, archived)",15,0.2125,3.0
analcatdata_dmft,"GA (NSGA-II, archived)",15,0.325,7.0
analcatdata_dmft,CART (ccp path),15,0.2,1.0
analcatdata_dmft,CART (ccp path),15,0.275,75.0
analcatdata_dmft,GA (NSGA-II),16,0.1875,1.0
analcatdata_dmft,GA (NSGA-II),16,0.2125,3.0
analcatdata_dmft,GA (NSGA-II),16,0.225,9.0
analcatdata_dmft,GA (NSGA-II),16,0.25,11.0
analcatdata_dmft,GA (NSGA-II),16,0.275,15.0
analcatdata_dmft,Random Search,16,0.1875,1.0
analcatdata_dmft,Random Search,16,0.2125,3.0
analcatdata_dmft,Random Search,16,0.2625,17.0
analcatdata_dmft,"GA (NSGA-II, archived)",16,0.1875,1.0
analcatdata_dmft,"GA (NSGA-II, archived)",16,0.2125,3.0
analcatdata_dmft,"GA (NSGA-II, archived)",16,0.2875,5.0
analcatdata_dmft,CART (ccp path),16,0.1875,1.0
analcatdata_dmft,CART (ccp path),16,0.2,61.0
analcatdata_dmft,CART (ccp path),16,0.2125,169.0
analcatdata_dmft,GA (NSGA-II),17,0.1875,1.0
analcatdata_dmft,GA (NSGA-II),17,0.2125,3.0
analcatdata_dmft,GA (NSGA-II),17,0.25,5.0
analcatdata_dmft,GA (NSGA-II),17,0.2625,15.0
analcatdata_dmft,Random Search,17,0.1875,1.0
analcatdata_dmft,Random Search,17,0.2125,3.0
analcatdata_dmft,Random Search,17,0.25,5.0
analcatdata_dmft,"GA (NSGA-II, archived)",17,0.1875,1.0
analcatdata_dmft,"GA (NSGA-II, archived)",17,0.25,3.0
analcatdata_dmft,"GA (NSGA-II, archived)",17,0.2625,7.0
analcatdata_dmft,CART (ccp path),17,0.1875,1.0
analcatdata_dmft,CART (ccp path),17,0.2125,39.0
analcatdata_dmft,GA (NSGA-II),18,0.189873417721519,1.0
analcatdata_dmft,GA (NSGA-II),18,0.20253164556962025,3.0
analcatdata_dmft,GA (NSGA-II),18,0.24050632911392406,15.0
analcatdata_dmft,Random Search,18,0.189873417721519,1.0
analcatdata_dmft,Random Search,18,0.21518987341772153,5.0
analcatdata_dmft,Random Search,18,0.22784810126582278,11.0
analcatdata_dmft,"GA (NSGA-II, archived)",18,0.189873417721519,1.0
analcatdata_dmft,"GA (NSGA-II, archived)",18,0.20253164556962025,3.0
analcatdata_dmft,"GA (NSGA-II, archived)",18,0.25316455696202533,7.0
analcatdata_dmft,CART (ccp path),18,0.189873417721519,1.0
analcatdata_dmft,CART (ccp path),18,0.22784810126582278,63.0
analcatdata_dmft,CART (ccp path),18,0.25316455696202533,87.0
analcatdata_dmft,CART (ccp path),18,0.26582278481012656,191.0
analcatdata_dmft,GA (NSGA-II),19,0.189873417721519,1.0
analcatdata_dmft,GA (NSGA-II),19,0.22784810126582278,3.0
analcatdata_dmft,Random Search,19,0.189873417721519,1.0
analcatdata_dmft,Random Search,19,0.21518987341772153,9.0
analcatdata_dmft,"GA (NSGA-II, archived)",19,0.189873417721519,1.0
analcatdata_dmft,"GA (NSGA-II, archived)",19,0.20253164556962025,5.0
analcatdata_dmft,CART (ccp path),19,0.189873417721519,1.0
analcatdata_dmft,CART (ccp path),19,0.20253164556962025,255.0
analcatdata_dmft,GA (NSGA-II),20,0.189873417721519,1.0
analcatdata_dmft,GA (NSGA-II),20,0.22784810126582278,3.0
analcatdata_dmft,GA (NSGA-II),20,0.24050632911392406,5.0
analcatdata_dmft,GA (NSGA-II),20,0.25316455696202533,7.0
analcatdata_dmft,Random Search,20,0.189873417721519,1.0
analcatdata_dmft,Random Search,20,0.21518987341772153,3.0
analcatdata_dmft,Random Search,20,0.24050632911392406,9.0
analcatdata_dmft,Random Search,20,0.27848101265822783,19.0
analcatdata_dmft,"GA (NSGA-II, archived)",20,0.189873417721519,1.0
analcatdata_dmft,"GA (NSGA-II, archived)",20,0.20253164556962025,3.0
analcatdata_dmft,"GA (NSGA-II, archived)",20,0.21518987341772153,5.0
analcatdata_dmft,CART (ccp path),20,0.189873417721519,1.0
analcatdata_dmft,CART (ccp path),20,0.20253164556962025,27.0
analcatdata_dmft,CART (ccp path),20,0.26582278481012656,53.0
analcatdata_dmft,GA (NSGA-II),21,0.2,1.0
analcatdata_dmft,GA (NSGA-II),21,0.25,5.0
analcatdata_dmft,Random Search,21,0.2,1.0
analcatdata_dmft,"GA (NSGA-II, archived)",21,0.2,1.0
analcatdata_dmft,"GA (NSGA-II, archived)",21,0.225,3.0
analcatdata_dmft,CART (ccp path),21,0.2,1.0
analcatdata_dmft,CART (ccp path),21,0.225,45.0
analcatdata_dmft,GA (NSGA-II),22,0.2,1.0
analcatdata_dmft,GA (NSGA-II),22,0.2625,5.0
analcatdata_dmft,Random Search,22,0.2,1.0
analcatdata_dmft,Random Search,22,0.2125,3.0
analcatdata_dmft,Random Search,22,0.275,5.0
analcatdata_dmft,"GA (NSGA-II, archived)",22,0.2,1.0
analcatdata_dmft,"GA (NSGA-II, archived)",22,0.275,9.0
analcatdata_dmft,CART (ccp path),22,0.2,1.0
analcatdata_dmft,GA (NSGA-II),23,0.2,1.0
analcatdata_dmft,Random Search,23,0.2,1.0
analcatdata_dmft,Random Search,23,0.225,3.0
analcatdata_dmft,Random Search,23,0.2375,5.0
analcatdata_dmft,"GA (NSGA-II, archived)",23,0.2,1.0
analcatdata_dmft,"GA (NSGA-II, archived)",23,0.2125,7.0
analcatdata_dmft,"GA (NSGA-II, archived)",23,0.25,9.0
analcatdata_dmft,CART (ccp path),23,0.2,1.0
analcatdata_dmft,CART (ccp path),23,0.25,39.0
analcatdata_dmft,GA (NSGA-II),24,0.2,1.0
analcatdata_dmft,GA (NSGA-II),24,0.2125,3.0
analcatdata_dmft,GA (NSGA-II),24,0.2875,5.0
analcatdata_dmft,Random Search,24,0.2,1.0
analcatdata_dmft,Random Search,24,0.2625,5.0
analcatdata_dmft,Random Search,24,0.3,23.0
analcatdata_dmft,"GA (NSGA-II, archived)",24,0.2,1.0
analcatdata_dmft,"GA (NSGA-II, archived)",24,0.2375,3.0
analcatdata_dmft,CART (ccp path),24,0.2,1.0
analcatdata_dmft,CART (ccp path),24,0.225,19.0
analcatdata_dmft,CART (ccp path),24,0.2625,85.0
analcatdata_dmft,GA (NSGA-II),25,0.2,1.0
analcatdata_dmft,GA (NSGA-II),25,0.225,3.0
analcatdata_dmft,Random Search,25,0.2,1.0
analcatdata_dmft,Random Search,25,0.225,3.0
analcatdata_dmft,Random Search,25,0.25,7.0
analcatdata_dmft,"GA (NSGA-II, archived)",25,0.2,1.0
analcatdata_dmft,"GA (NSGA-II, archived)",25,0.275,7.0
analcatdata_dmft,CART (ccp path),25,0.2,1.0
analcatdata_dmft,CART (ccp path),25,0.2125,43.0
analcatdata_dmft,CART (ccp path),25,0.25,59.0
analcatdata_dmft,CART (ccp path),25,0.275,129.0
analcatdata_dmft,GA (NSGA-II),26,0.1875,1.0
analcatdata_dmft,GA (NSGA-II),26,0.2125,3.0
analcatdata_dmft,GA (NSGA-II),26,0.225,5.0
analcatdata_dmft,Random Search,26,0.1875,1.0
analcatdata_dmft,Random Search,26,0.2375,3.0
analcatdata_dmft,"GA (NSGA-II, archived)",26,0.1875,1.0
analcatdata_dmft,"GA (NSGA-II, archived)",26,0.225,9.0
analcatdata_dmft,"GA (NSGA-II, archived)",26,0.2375,11.0
analcatdata_dmft,"GA (NSGA-II, archived)",26,0.25,17.0
analcatdata_dmft,CART (ccp path),26,0.1875,1.0
analcatdata_dmft,CART (ccp path),26,0.2125,139.0
analcatdata_dmft,GA (NSGA-II),27,0.1875,1.0
analcatdata_dmft,GA (NSGA-II),27,0.2125,3.0
analcatdata_dmft,Random Search,27,0.1875,1.0
analcatdata_dmft,Random Search,27,0.2375,5.0
analcatdata_dmft,Random Search,27,0.25,11.0
analcatdata_dmft,"GA (NSGA-II, archived)",27,0.1875,1.0
analcatdata_dmft,"GA (NSGA-II, archived)",27,0.2125,11.0
analcatdata_dmft,CART (ccp path),27,0.1875,1.0
analcatdata_dmft,CART (ccp path),27,0.2,115.0
analcatdata_dmft,GA (NSGA-II),28,0.189873417721519,1.0
analcatdata_dmft,Random Search,28,0.189873417721519,1.0
analcatdata_dmft,Random Search,28,0.20253164556962025,3.0
analcatdata_dmft,Random Search,28,0.21518987341772153,11.0
analcatdata_dmft,"GA (NSGA-II, archived)",28,0.189873417721519,1.0
analcatdata_dmft,"GA (NSGA-II, archived)",28,0.20253164556962025,3.0
analcatdata_dmft,"GA (NSGA-II, archived)",28,0.26582278481012656,5.0
analcatdata_dmft,CART (ccp path),28,0.189873417721519,1.0
analcatdata_dmft,CART (ccp path),28,0.26582278481012656,19.0
analcatdata_dmft,GA (NSGA-II),29,0.189873417721519,1.0
analcatdata_dmft,Random Search,29,0.189873417721519,1.0
analcatdata_dmft,Random Search,29,0.20253164556962025,7.0
analcatdata_dmft,"GA (NSGA-II, archived)",29,0.189873417721519,1.0
analcatdata_dmft,"GA (NSGA-II, archived)",29,0.22784810126582278,7.0
analcatdata_dmft,CART (ccp path),29,0.189873417721519,1.0
analcatdata_dmft,GA (NSGA-II),30,0.189873417721519,1.0
analcatdata_dmft,GA (NSGA-II),30,0.21518987341772153,3.0
analcatdata_dmft,GA (NSGA-II),30,0.24050632911392406,5.0
analcatdata_dmft,GA (NSGA-II),30,0.27848101265822783,7.0
analcatdata_dmft,GA (NSGA-II),30,0.3037974683544304,11.0
analcatdata_dmft,Random Search,30,0.189873417721519,1.0
analcatdata_dmft,Random Search,30,0.25316455696202533,5.0
analcatdata_dmft,Random Search,30,0.3037974683544304,21.0
analcatdata_dmft,Random Search,30,0.31645569620253167,47.0
analcatdata_dmft,"GA (NSGA-II, archived)",30,0.189873417721519,1.0
analcatdata_dmft,"GA (NSGA-II, archived)",30,0.25316455696202533,3.0
analcatdata_dmft,CART (ccp path),30,0.189873417721519,1.0
analcatdata_dmft,CART (ccp path),30,0.20253164556962025,31.0
analcatdata_dmft,CART (ccp path),30,0.21518987341772153,81.0
vehicle,GA (NSGA-II),1,0.25882352941176473,1.0
vehicle,GA (NSGA-II),1,0.36470588235294116,3.0
vehicle,GA (NSGA-II),1,0.5411764705882353,5.0
vehicle,GA (NSGA-II),1,0.5647058823529412,9.0
vehicle,GA (NSGA-II),1,0.6,11.0
vehicle,Random Search,1,0.25882352941176473,1.0
vehicle,Random Search,1,0.4,3.0
vehicle,Random Search,1,0.47058823529411764,5.0
vehicle,Random Search,1,0.5647058823529412,13.0
vehicle,Random Search,1,0.6,25.0
vehicle,"GA (NSGA-II, archived)",1,0.25882352941176473,1.0
vehicle,"GA (NSGA-II, archived)",1,0.4,3.0
vehicle,"GA (NSGA-II, archived)",1,0.49411764705882355,5.0
vehicle,"GA (NSGA-II, archived)",1,0.5882352941176471,7.0
vehicle,"GA (NSGA-II, archived)",1,0.6,11.0
vehicle,"GA (NSGA-II, archived)",1,0.6235294117647059,15.0
vehicle,CART (ccp path),1,0.25882352941176473,1.0
vehicle,CART (ccp path),1,0.6705882352941176,17.0
vehicle,CART (ccp path),1,0.6941176470588235,45.0
vehicle,GA (NSGA-II),2,0.25882352941176473,1.0
vehicle,GA (NSGA-II),2,0.4235294117647059,3.0
vehicle,GA (NSGA-II),2,0.5058823529411764,5.0
vehicle,GA (NSGA-II),2,0.611764705882353,7.0
vehicle,GA (NSGA-II),2,0.6470588235294118,9.0
vehicle,GA (NSGA-II),2,0.6705882352941176,11.0
vehicle,GA (NSGA-II),2,0.6823529411764706,17.0
vehicle,GA (NSGA-II),2,0.6941176470588235,23.0
vehicle,Random Search,2,0.25882352941176473,1.0
vehicle,Random Search,2,0.3411764705882353,3.0
vehicle,Random Search,2,0.4470588235294118,5.0
vehicle,Random Search,2,0.4823529411764706,9.0
vehicle,Random Search,2,0.49411764705882355,15.0
vehicle,Random Search,2,0.611764705882353,35.0
vehicle,"GA (NSGA-II, archived)",2,0.25882352941176473,1.0
vehicle,"GA (NSGA-II, archived)",2,0.4,3.0
vehicle,"GA (NSGA-II, archived)",2,0.5176470588235295,5.0
vehicle,"GA (NSGA-II, archived)",2,0.5294117647058824,7.0
vehicle,"GA (NSGA-II, archived)",2,0.5529411764705883,11.0
vehicle,"GA (NSGA-II, archived)",2,0.5647058823529412,21.0
vehicle,"GA (NSGA-II, archived)",2,0.5764705882352941,23.0
vehicle,CART (ccp path),2,0.25882352941176473,1.0
vehicle,CART (ccp path),2,0.6588235294117647,17.0
vehicle,CART (ccp path),2,0.6705882352941176,27.0
vehicle,CART (ccp path),2,0.7294117647058823,39.0
vehicle,GA (NSGA-II),3,0.25882352941176473,1.0
vehicle,GA (NSGA-II),3,0.38823529411764707,3.0
vehicle,GA (NSGA-II),3,0.5764705882352941,5.0
vehicle,GA (NSGA-II),3,0.6235294117647059,11.0
vehicle,GA (NSGA-II),3,0.6470588235294118,15.0
vehicle,Random Search,3,0.25882352941176473,1.0
vehicle,Random Search,3,0.38823529411764707,3.0
vehicle,Random Search,3,0.4,7.0
vehicle,Random Search,3,0.47058823529411764,9.0
vehicle,Random Search,3,0.5176470588235295,25.0
vehicle,Random Search,3,0.5411764705882353,27.0
vehicle,Random Search,3,0.5647058823529412,37.0
vehicle,"GA (NSGA-II, archived)",3,0.25882352941176473,1.0
vehicle,"GA (NSGA-II, archived)",3,0.4,3.0
vehicle,"GA (NSGA-II, archived)",3,0.4470588235294118,5.0
vehicle,"GA (NSGA-II, archived)",3,0.5058823529411764,7.0
vehicle,"GA (NSGA-II, archived)",3,0.5176470588235295,9.0
vehicle,"GA (NSGA-II, archived)",3,0.5529411764705883,11.0
vehicle,CART (ccp path),3,0.25882352941176473,1.0
vehicle,CART (ccp path),3,0.6705882352941176,17.0
vehicle,CART (ccp path),3,0.7058823529411765,27.0
vehicle,CART (ccp path),3,0.7294117647058823,37.0
vehicle,CART (ccp path),3,0.7411764705882353,55.0
vehicle,CART (ccp path),3,0.7529411764705882,71.0
vehicle,CART (ccp path),3,0.7647058823529411,89.0
vehicle,GA (NSGA-II),4,0.25882352941176473,1.0
vehicle,GA (NSGA-II),4,0.4,3.0
vehicle,GA (NSGA-II),4,0.47058823529411764,5.0
vehicle,GA (NSGA-II),4,0.5058823529411764,7.0
vehicle,GA (NSGA-II),4,0.5294117647058824,9.0
vehicle,GA (NSGA-II),4,0.5529411764705883,13.0
vehicle,GA (NSGA-II),4,0.5647058823529412,15.0
vehicle,GA (NSGA-II),4,0.6470588235294118,21.0
vehicle,Random Search,4,0.25882352941176473,1.0
vehicle,Random Search,4,0.38823529411764707,3.0
vehicle,Random Search,4,0.4823529411764706,5.0
vehicle,Random Search,4,0.5411764705882353,15.0
vehicle,Random Search,4,0.5764705882352941,37.0
vehicle,Random Search,4,0.6235294117647059,43.0
vehicle,"GA (NSGA-II, archived)",4,0.25882352941176473,1.0
vehicle,"GA (NSGA-II, archived)",4,0.38823529411764707,3.0
vehicle,"GA (NSGA-II, archived)",4,0.4823529411764706,5.0
vehicle,"GA (NSGA-II, archived)",4,0.5058823529411764,9.0
vehicle,"GA (NSGA-II, archived)",4,0.5529411764705883,11.0
vehicle,"GA (NSGA-II, archived)",4,0.5764705882352941,13.0
vehicle,CART (ccp path),4,0.25882352941176473,1.0
vehicle,CART (ccp path),4,0.6705882352941176,17.0
vehicle,CART (ccp path),4,0.7058823529411765,31.0
vehicle,CART (ccp path),4,0.7176470588235294,89.0
vehicle,CART (ccp path),4,0.7294117647058823,133.0
vehicle,GA (NSGA-II),5,0.25882352941176473,1.0
vehicle,GA (NSGA-II),5,0.32941176470588235,3.0
vehicle,GA (NSGA-II),5,0.4235294117647059,5.0
vehicle,GA (NSGA-II),5,0.4470588235294118,7.0
vehicle,GA (NSGA-II),5,0.4823529411764706,11.0
vehicle,Random Search,5,0.25882352941176473,1.0
vehicle,Random Search,5,0.3176470588235294,3.0
vehicle,Random Search,5,0.3411764705882353,5.0
vehicle,Random Search,5,0.4235294117647059,7.0
vehicle,Random Search,5,0.5058823529411764,13.0
vehicle,Random Search,5,0.5294117647058824,15.0
vehicle,Random Search,5,0.5882352941176471,57.0
vehicle,"GA (NSGA-II, archived)",5,0.25882352941176473,1.0
vehicle,"GA (NSGA-II, archived)",5,0.3058823529411765,3.0
vehicle,"GA (NSGA-II, archived)",5,0.5529411764705883,5.0
vehicle,"GA (NSGA-II, archived)",5,0.6,7.0
vehicle,"GA (NSGA-II, archived)",5,0.611764705882353,11.0
vehicle,CART (ccp path),5,0.25882352941176473,1.0
vehicle,CART (ccp path),5,0.6352941176470588,17.0
vehicle,CART (ccp path),5,0.6588235294117647,43.0
vehicle,CART (ccp path),5,0.6941176470588235,57.0
vehicle,GA (NSGA-II),6,0.25882352941176473,1.0
vehicle,GA (NSGA-II),6,0.27058823529411763,3.0
vehicle,GA (NSGA-II),6,0.4470588235294118,5.0
vehicle,GA (NSGA-II),6,0.6470588235294118,7.0
vehicle,Random Search,6,0.25882352941176473,1.0
vehicle,Random Search,6,0.3764705882352941,3.0
vehicle,Random Search,6,0.4588235294117647,9.0
vehicle,Random Search,6,0.5176470588235295,11.0
vehicle,Random Search,6,0.5529411764705883,21.0
vehicle,Random Search,6,0.6470588235294118,29.0
vehicle,"GA (NSGA-II, archived)",6,0.25882352941176473,1.0
vehicle,"GA (NSGA-II, archived)",6,0.4,3.0
vehicle,"GA (NSGA-II, archived)",6,0.5176470588235295,5.0
vehicle,"GA (NSGA-II, archived)",6,0.5294117647058824,7.0
vehicle,"GA (NSGA-II, archived)",6,0.5411764705882353,9.0
vehicle,"GA (NSGA-II, archived)",6,0.5764705882352941,15.0
vehicle,CART (ccp path),6,0.25882352941176473,1.0
vehicle,CART (ccp path),6,0.6588235294117647,15.0
vehicle,CART (ccp path),6,0.7294117647058823,27.0
vehicle,CART (ccp path),6,0.788235294117647,51.0
vehicle,CART (ccp path),6,0.8,109.0
vehicle,CART (ccp path),6,0.8117647058823529,137.0
vehicle,GA (NSGA-II),7,0.2619047619047619,1.0
vehicle,GA (NSGA-II),7,0.39285714285714285,3.0
vehicle,GA (NSGA-II),7,0.4523809523809524,5.0
vehicle,GA (NSGA-II),7,0.5476190476190477,7.0
vehicle,GA (NSGA-II),7,0.5595238095238095,9.0
vehicle,GA (NSGA-II),7,0.5714285714285714,23.0
vehicle,Random Search,7,0.2619047619047619,1.0
vehicle,Random Search,7,0.38095238095238093,3.0
vehicle,Random Search,7,0.4523809523809524,5.0
vehicle,Random Search,7,0.5476190476190477,7.0
vehicle,Random Search,7,0.5952380952380952,19.0
vehicle,Random Search,7,0.6904761904761905,33.0
vehicle,"GA (NSGA-II, archived)",7,0.2619047619047619,1.0
vehicle,"GA (NSGA-II, archived)",7,0.39285714285714285,3.0
vehicle,"GA (NSGA-II, archived)",7,0.5476190476190477,5.0
vehicle,"GA (NSGA-II, archived)",7,0.6190476190476191,7.0
vehicle,"GA (NSGA-II, archived)",7,0.6309523809523809,9.0
vehicle,CART (ccp path),7,0.2619047619047619,1.0
vehicle,CART (ccp path),7,0.6785714285714286,17.0
vehicle,CART (ccp path),7,0.7142857142857143,39.0
vehicle,CART (ccp path),7,0.75,51.0
vehicle,CART (ccp path),7,0.7738095238095238,65.0
vehicle,CART (ccp path),7,0.7857142857142857,109.0
vehicle,CART (ccp path),7,0.7976190476190477,121.0
vehicle,GA (NSGA-II),8,0.25,1.0
vehicle,GA (NSGA-II),8,0.3333333333333333,3.0
vehicle,GA (NSGA-II),8,0.4880952380952381,5.0
vehicle,GA (NSGA-II),8,0.5476190476190477,7.0
vehicle,GA (NSGA-II),8,0.5714285714285714,9.0
vehicle,GA (NSGA-II),8,0.6071428571428571,11.0
vehicle,Random Search,8,0.25,1.0
vehicle,Random Search,8,0.39285714285714285,3.0
vehicle,Random Search,8,0.5238095238095238,5.0
vehicle,Random Search,8,0.6071428571428571,29.0
vehicle,"GA (NSGA-II, archived)",8,0.25,1.0
vehicle,"GA (NSGA-II, archived)",8,0.35714285714285715,3.0
vehicle,"GA (NSGA-II, archived)",8,0.4523809523809524,5.0
vehicle,"GA (NSGA-II, archived)",8,0.5119047619047619,7.0
vehicle,"GA (NSGA-II, archived)",8,0.5952380952380952,9.0
vehicle,"GA (NSGA-II, archived)",8,0.6190476190476191,13.0
vehicle,CART (ccp path),8,0.25,1.0
vehicle,CART (ccp path),8,0.6547619047619048,19.0
vehicle,CART (ccp path),8,0.6904761904761905,45.0
vehicle,CART (ccp path),8,0.7023809523809523,81.0
vehicle,CART (ccp path),8,0.7619047619047619,97.0
vehicle,GA (NSGA-II),9,0.25,1.0
vehicle,GA (NSGA-II),9,0.36904761904761907,3.0
vehicle,GA (NSGA-II),9,0.5238095238095238,5.0
vehicle,GA (NSGA-II),9,0.5714285714285714,7.0
vehicle,GA (NSGA-II),9,0.6190476190476191,9.0
vehicle,Random Search,9,0.25,1.0
vehicle,Random Search,9,0.38095238095238093,3.0
vehicle,Random Search,9,0.5,7.0
vehicle,Random Search,9,0.5238095238095238,17.0
vehicle,Random Search,9,0.5476190476190477,39.0
vehicle,"GA (NSGA-II, archived)",9,0.25,1.0
vehicle,"GA (NSGA-II, archived)",9,0.38095238095238093,3.0
vehicle,"GA (NSGA-II, archived)",9,0.5,5.0
vehicle,"GA (NSGA-II, archived)",9,0.6071428571428571,7.0
vehicle,"GA (NSGA-II, archived)",9,0.6309523809523809,9.0
vehicle,"GA (NSGA-II, archived)",9,0.6785714285714286,13.0
vehicle,CART (ccp path),9,0.25,1.0
vehicle,CART (ccp path),9,0.6904761904761905,17.0
vehicle,CART (ccp path),9,0.7023809523809523,29.0
vehicle,CART (ccp path),9,0.7261904761904762,55.0
vehicle,GA (NSGA-II),10,0.2619047619047619,1.0
vehicle,GA (NSGA-II),10,0.32142857142857145,3.0
vehicle,GA (NSGA-II),10,0.5119047619047619,5.0
vehicle,GA (NSGA-II),10,0.6190476190476191,7.0
vehicle,GA (NSGA-II),10,0.7261904761904762,13.0
vehicle,Random Search,10,0.2619047619047619,1.0
vehicle,Random Search,10,0.40476190476190477,3.0
vehicle,Random Search,10,0.4166666666666667,5.0
vehicle,Random Search,10,0.5,7.0
vehicle,Random Search,10,0.5476190476190477,17.0
vehicle,Random Search,10,0.5833333333333334,39.0
vehicle,"GA (NSGA-II, archived)",10,0.2619047619047619,1.0
vehicle,"GA (NSGA-II, archived)",10,0.36904761904761907,3.0
vehicle,"GA (NSGA-II, archived)",10,0.4642857142857143,5.0
vehicle,"GA (NSGA-II, archived)",10,0.6190476190476191,7.0
vehicle,CART (ccp path),10,0.2619047619047619,1.0
vehicle,CART (ccp path),10,0.6190476190476191,15.0
vehicle,CART (ccp path),10,0.7142857142857143,27.0
vehicle,CART (ccp path),10,0.7380952380952381,113.0
vehicle,GA (NSGA-II),11,0.25882352941176473,1.0
vehicle,GA (NSGA-II),11,0.4117647058823529,3.0
vehicle,GA (NSGA-II),11,0.4470588235294118,7.0
vehicle,GA (NSGA-II),11,0.4588235294117647,11.0
vehicle,GA (NSGA-II),11,0.5764705882352941,13.0
vehicle,Random Search,11,0.25882352941176473,1.0
vehicle,Random Search,11,0.3764705882352941,3.0
vehicle,Random Search,11,0.4823529411764706,5.0
vehicle,Random Search,11,0.5176470588235295,13.0
vehicle,Random Search,11,0.5647058823529412,19.0
vehicle,Random Search,11,0.6470588235294118,39.0
vehicle,"GA (NSGA-II, archived)",11,0.25882352941176473,1.0
vehicle,"GA (NSGA-II, archived)",11,0.3764705882352941,3.0
vehicle,"GA (NSGA-II, archived)",11,0.49411764705882355,5.0
vehicle,"GA (NSGA-II, archived)",11,0.5294117647058824,7.0
vehicle,"GA (NSGA-II, archived)",11,0.5529411764705883,11.0
vehicle,"GA (NSGA-II, archived)",11,0.6,15.0
vehicle,CART (ccp path),11,0.25882352941176473,1.0
vehicle,CART (ccp path),11,0.7176470588235294,17.0
vehicle,CART (ccp path),11,0.7294117647058823,27.0
vehicle,CART (ccp path),11,0.7529411764705882,39.0
vehicle,GA (NSGA-II),12,0.25882352941176473,1.0
vehicle,GA (NSGA-II),12,0.4117647058823529,3.0
vehicle,GA (NSGA-II),12,0.5176470588235295,5.0
vehicle,GA (NSGA-II),12,0.5294117647058824,9.0
vehicle,GA (NSGA-II),12,0.5411764705882353,13.0
vehicle,GA (NSGA-II),12,0.5529411764705883,17.0
vehicle,Random Search,12,0.25882352941176473,1.0
vehicle,Random Search,12,0.4117647058823529,3.0
vehicle,Random Search,12,0.43529411764705883,5.0
vehicle,Random Search,12,0.4823529411764706,9.0
vehicle,Random Search,12,0.5647058823529412,19.0
vehicle,Random Search,12,0.5764705882352941,21.0
vehicle,"GA (NSGA-II, archived)",12,0.25882352941176473,1.0
vehicle,"GA (NSGA-II, archived)",12,0.4,3.0
vehicle,"GA (NSGA-II, archived)",12,0.5647058823529412,5.0
vehicle,"GA (NSGA-II, archived)",12,0.5882352941176471,7.0
vehicle,"GA (NSGA-II, archived)",12,0.6,43.0
vehicle,CART (ccp path),12,0.25882352941176473,1.0
vehicle,CART (ccp path),12,0.6823529411764706,17.0
vehicle,CART (ccp path),12,0.7058823529411765,45.0
vehicle,CART (ccp path),12,0.7176470588235294,59.0
vehicle,CART (ccp path),12,0.7294117647058823,111.0
vehicle,CART (ccp path),12,0.788235294117647,125.0
vehicle,GA (NSGA-II),13,0.25882352941176473,1.0
vehicle,GA (NSGA-II),13,0.4,3.0
vehicle,GA (NSGA-II),13,0.47058823529411764,5.0
vehicle,GA (NSGA-II),13,0.5176470588235295,7.0
vehicle,GA (NSGA-II),13,0.6470588235294118,9.0
vehicle,GA (NSGA-II),13,0.6588235294117647,17.0
vehicle,Random Search,13,0.25882352941176473,1.0
vehicle,Random Search,13,0.38823529411764707,3.0
vehicle,Random Search,13,0.49411764705882355,7.0
vehicle,Random Search,13,0.6,17.0
vehicle,Random Search,13,0.611764705882353,27.0
vehicle,"GA (NSGA-II, archived)",13,0.25882352941176473,1.0
vehicle,"GA (NSGA-II, archived)",13,0.4,3.0
vehicle,"GA (NSGA-II, archived)",13,0.5176470588235295,5.0
vehicle,"GA (NSGA-II, archived)",13,0.6,7.0
vehicle,"GA (NSGA-II, archived)",13,0.611764705882353,11.0
vehicle,CART (ccp path),13,0.25882352941176473,1.0
vehicle,CART (ccp path),13,0.6941176470588235,19.0
vehicle,CART (ccp path),13,0.8,31.0
vehicle,GA (NSGA-II),14,0.25882352941176473,1.0
vehicle,GA (NSGA-II),14,0.38823529411764707,3.0
vehicle,GA (NSGA-II),14,0.5294117647058824,5.0
vehicle,GA (NSGA-II),14,0.5647058823529412,7.0
vehicle,GA (NSGA-II),14,0.5764705882352941,11.0
vehicle,GA (NSGA-II),14,0.5882352941176471,13.0
vehicle,Random Search,14,0.25882352941176473,1.0
vehicle,Random Search,14,0.3411764705882353,3.0
vehicle,Random Search,14,0.4,5.0
vehicle,Random Search,14,0.47058823529411764,13.0
vehicle,Random Search,14,0.5647058823529412,21.0
vehicle,"GA (NSGA-II, archived)",14,0.25882352941176473,1.0
vehicle,"GA (NSGA-II, archived)",14,0.3764705882352941,3.0
vehicle,"GA (NSGA-II, archived)",14,0.4470588235294118,5.0
vehicle,"GA (NSGA-II, archived)",14,0.5176470588235295,9.0
vehicle,"GA (NSGA-II, archived)",14,0.5294117647058824,17.0
vehicle,"GA (NSGA-II, archived)",14,0.5647058823529412,19.0
vehicle,"GA (NSGA-II, archived)",14,0.6,21.0
vehicle,"GA (NSGA-II, archived)",14,0.6352941176470588,37.0
vehicle,CART (ccp path),14,0.25882352941176473,1.0
vehicle,CART (ccp path),14,0.6352941176470588,17.0
vehicle,CART (ccp path),14,0.6470588235294118,45.0
vehicle,CART (ccp path),14,0.6705882352941176,61.0
vehicle,GA (NSGA-II),15,0.25882352941176473,1.0
vehicle,GA (NSGA-II),15,0.35294117647058826,3.0
vehicle,GA (NSGA-II),15,0.4235294117647059,5.0
vehicle,GA (NSGA-II),15,0.47058823529411764,7.0
vehicle,GA (NSGA-II),15,0.5176470588235295,9.0
vehicle,GA (NSGA-II),15,0.5764705882352941,13.0
vehicle,Random Search,15,0.25882352941176473,1.0
vehicle,Random Search,15,0.35294117647058826,3.0
vehicle,Random Search,15,0.4470588235294118,5.0
vehicle,Random Search,15,0.4823529411764706,17.0
vehicle,Random Search,15,0.5294117647058824,37.0
vehicle,"GA (NSGA-II, archived)",15,0.25882352941176473,1.0
vehicle,"GA (NSGA-II, archived)",15,0.4117647058823529,3.0
vehicle,"GA (NSGA-II, archived)",15,0.4235294117647059,7.0
vehicle,"GA (NSGA-II, archived)",15,0.5647058823529412,9.0
vehicle,"GA (NSGA-II, archived)",15,0.5764705882352941,15.0
vehicle,"GA (NSGA-II, archived)",15,0.6,19.0
vehicle,"GA (NSGA-II, archived)",15,0.6235294117647059,25.0
vehicle,CART (ccp path),15,0.25882352941176473,1.0
vehicle,CART (ccp path),15,0.6235294117647059,17.0
vehicle,CART (ccp path),15,0.6352941176470588,27.0
vehicle,CART (ccp path),15,0.6470588235294118,43.0
vehicle,CART (ccp path),15,0.6823529411764706,55.0
vehicle,CART (ccp path),15,0.6941176470588235,85.0
vehicle,GA (NSGA-II),16,0.25882352941176473,1.0
vehicle,GA (NSGA-II),16,0.3411764705882353,3.0
vehicle,GA (NSGA-II),16,0.38823529411764707,5.0
vehicle,GA (NSGA-II),16,0.5176470588235295,7.0
vehicle,GA (NSGA-II),16,0.5529411764705883,9.0
vehicle,GA (NSGA-II),16,0.6352941176470588,13.0
vehicle,Random Search,16,0.25882352941176473,1.0
vehicle,Random Search,16,0.4117647058823529,3.0
vehicle,Random Search,16,0.4235294117647059,5.0
vehicle,Random Search,16,0.43529411764705883,21.0
vehicle,Random Search,16,0.5176470588235295,25.0
vehicle,Random Search,16,0.6352941176470588,33.0
vehicle,"GA (NSGA-II, archived)",16,0.25882352941176473,1.0
vehicle,"GA (NSGA-II, archived)",16,0.4235294117647059,3.0
vehicle,"GA (NSGA-II, archived)",16,0.5058823529411764,5.0
vehicle,"GA (NSGA-II, archived)",16,0.6470588235294118,11.0
vehicle,CART (ccp path),16,0.25882352941176473,1.0
vehicle,CART (ccp path),16,0.6588235294117647,19.0
vehicle,CART (ccp path),16,0.6705882352941176,31.0
vehicle,CART (ccp path),16,0.6823529411764706,65.0
vehicle,GA (NSGA-II),17,0.2619047619047619,1.0
vehicle,GA (NSGA-II),17,0.38095238095238093,3.0
vehicle,GA (NSGA-II),17,0.4880952380952381,5.0
vehicle,GA (NSGA-II),17,0.5833333333333334,7.0
vehicle,Random Search,17,0.2619047619047619,1.0
vehicle,Random Search,17,0.40476190476190477,3.0
vehicle,Random Search,17,0.42857142857142855,5.0
vehicle,Random Search,17,0.44047619047619047,13.0
vehicle,Random Search,17,0.47619047619047616,17.0
vehicle,Random Search,17,0.5714285714285714,21.0
vehicle,"GA (NSGA-II, archived)",17,0.2619047619047619,1.0
vehicle,"GA (NSGA-II, archived)",17,0.40476190476190477,3.0
vehicle,"GA (NSGA-II, archived)",17,0.4642857142857143,5.0
vehicle,"GA (NSGA-II, archived)",17,0.47619047619047616,7.0
vehicle,"GA (NSGA-II, archived)",17,0.5,9.0
vehicle,"GA (NSGA-II, archived)",17,0.5476190476190477,11.0
vehicle,"GA (NSGA-II, archived)",17,0.5952380952380952,13.0
vehicle,"GA (NSGA-II, archived)",17,0.6071428571428571,27.0
vehicle,"GA (NSGA-II, archived)",17,0.6190476190476191,41.0
vehicle,CART (ccp path),17,0.2619047619047619,1.0
vehicle,CART (ccp path),17,0.5952380952380952,17.0
vehicle,CART (ccp path),17,0.6547619047619048,29.0
vehicle,CART (ccp path),17,0.6785714285714286,45.0
vehicle,CART (ccp path),17,0.7023809523809523,67.0
vehicle,GA (NSGA-II),18,0.25,1.0
vehicle,GA (NSGA-II),18,0.39285714285714285,3.0
vehicle,GA (NSGA-II),18,0.47619047619047616,5.0
vehicle,GA (NSGA-II),18,0.5,7.0
vehicle,GA (NSGA-II),18,0.5238095238095238,9.0
vehicle,GA (NSGA-II),18,0.5476190476190477,15.0
vehicle,Random Search,18,0.25,1.0
vehicle,Random Search,18,0.38095238095238093,3.0
vehicle,Random Search,18,0.40476190476190477,9.0
vehicle,Random Search,18,0.5238095238095238,13.0
vehicle,Random Search,18,0.5595238095238095,37.0
vehicle,"GA (NSGA-II, archived)",18,0.25,1.0
vehicle,"GA (NSGA-II, archived)",18,0.35714285714285715,3.0
vehicle,"GA (NSGA-II, archived)",18,0.4880952380952381,5.0
vehicle,"GA (NSGA-II, archived)",18,0.5238095238095238,7.0
vehicle,"GA (NSGA-II, archived)",18,0.6071428571428571,9.0
vehicle,CART (ccp path),18,0.25,1.0
vehicle,CART (ccp path),18,0.6428571428571429,15.0
vehicle,CART (ccp path),18,0.6785714285714286,27.0
vehicle,CART (ccp path),18,0.7380952380952381,39.0
vehicle,GA (NSGA-II),19,0.25,1.0
vehicle,GA (NSGA-II),19,0.39285714285714285,3.0
vehicle,GA (NSGA-II),19,0.5714285714285714,5.0
vehicle,Random Search,19,0.25,1.0
vehicle,Random Search,19,0.42857142857142855,3.0
vehicle,Random Search,19,0.4642857142857143,5.0
vehicle,Random Search,19,0.5,9.0
vehicle,Random Search,19,0.5595238095238095,17.0
vehicle,Random Search,19,0.5952380952380952,27.0
vehicle,"GA (NSGA-II, archived)",19,0.25,1.0
vehicle,"GA (NSGA-II, archived)",19,0.4166666666666667,3.0
vehicle,"GA (NSGA-II, archived)",19,0.5,5.0
vehicle,"GA (NSGA-II, archived)",19,0.5595238095238095,7.0
vehicle,"GA (NSGA-II, archived)",19,0.5833333333333334,9.0
vehicle,"GA (NSGA-II, archived)",19,0.6071428571428571,11.0
vehicle,"GA (NSGA-II, archived)",19,0.6190476190476191,15.0
vehicle,CART (ccp path),19,0.25,1.0
vehicle,CART (ccp path),19,0.6309523809523809,17.0
vehicle,CART (ccp path),19,0.6666666666666666,31.0
vehicle,CART (ccp path),19,0.7380952380952381,41.0
vehicle,GA (NSGA-II),20,0.2619047619047619,1.0
vehicle,GA (NSGA-II),20,0.39285714285714285,3.0
vehicle,GA (NSGA-II),20,0.5238095238095238,5.0
vehicle,GA (NSGA-II),20,0.6190476190476191,7.0
vehicle,GA (NSGA-II),20,0.6666666666666666,13.0
vehicle,Random Search,20,0.2619047619047619,1.0
vehicle,Random Search,20,0.39285714285714285,3.0
vehicle,Random Search,20,0.4166666666666667,5.0
vehicle,Random Search,20,0.4642857142857143,7.0
vehicle,Random Search,20,0.5714285714285714,17.0
vehicle,Random Search,20,0.6190476190476191,19.0
vehicle,"GA (NSGA-II, archived)",20,0.2619047619047619,1.0
vehicle,"GA (NSGA-II, archived)",20,0.35714285714285715,3.0
vehicle,"GA (NSGA-II, archived)",20,0.4523809523809524,5.0
vehicle,"GA (NSGA-II, archived)",20,0.4642857142857143,7.0
vehicle,"GA (NSGA-II, archived)",20,0.5,9.0
vehicle,"GA (NSGA-II, archived)",20,0.5476190476190477,11.0
vehicle,CART (ccp path),20,0.2619047619047619,1.0
vehicle,CART (ccp path),20,0.7023809523809523,19.0
vehicle,GA (NSGA-II),21,0.25882352941176473,1.0
vehicle,GA (NSGA-II),21,0.4,3.0
vehicle,GA (NSGA-II),21,0.49411764705882355,5.0
vehicle,GA (NSGA-II),21,0.5411764705882353,7.0
vehicle,GA (NSGA-II),21,0.6,9.0
vehicle,GA (NSGA-II),21,0.611764705882353,17.0
vehicle,Random Search,21,0.25882352941176473,1.0
vehicle,Random Search,21,0.38823529411764707,3.0
vehicle,Random Search,21,0.43529411764705883,5.0
vehicle,Random Search,21,0.4588235294117647,9.0
vehicle,Random Search,21,0.5058823529411764,17.0
vehicle,Random Search,21,0.5764705882352941,43.0
vehicle,"GA (NSGA-II, archived)",21,0.25882352941176473,1.0
vehicle,"GA (NSGA-II, archived)",21,0.4,3.0
vehicle,"GA (NSGA-II, archived)",21,0.5176470588235295,5.0
vehicle,"GA (NSGA-II, archived)",21,0.5882352941176471,7.0
vehicle,"GA (NSGA-II, archived)",21,0.6235294117647059,15.0
vehicle,"GA (NSGA-II, archived)",21,0.6352941176470588,19.0
vehicle,CART (ccp path),21,0.25882352941176473,1.0
vehicle,CART (ccp path),21,0.6705882352941176,17.0
vehicle,CART (ccp path),21,0.6823529411764706,71.0
vehicle,CART (ccp path),21,0.6941176470588235,111.0
vehicle,CART (ccp path),21,0.7058823529411765,125.0
vehicle,GA (NSGA-II),22,0.25882352941176473,1.0
vehicle,GA (NSGA-II),22,0.38823529411764707,3.0
vehicle,GA (NSGA-II),22,0.5058823529411764,5.0
vehicle,Random Search,22,0.25882352941176473,1.0
vehicle,Random Search,22,0.4,3.0
vehicle,Random Search,22,0.49411764705882355,7.0
vehicle,Random Search,22,0.5058823529411764,13.0
vehicle,Random Search,22,0.5176470588235295,23.0
vehicle,Random Search,22,0.5882352941176471,61.0
vehicle,"GA (NSGA-II, archived)",22,0.25882352941176473,1.0
vehicle,"GA (NSGA-II, archived)",22,0.4117647058823529,3.0
vehicle,"GA (NSGA-II, archived)",22,0.5176470588235295,5.0
vehicle,"GA (NSGA-II, archived)",22,0.611764705882353,7.0
vehicle,"GA (NSGA-II, archived)",22,0.6235294117647059,9.0
vehicle,"GA (NSGA-II, archived)",22,0.6352941176470588,25.0
vehicle,CART (ccp path),22,0.25882352941176473,1.0
vehicle,CART (ccp path),22,0.611764705882353,17.0
vehicle,CART (ccp path),22,0.6235294117647059,29.0
vehicle,CART (ccp path),22,0.6823529411764706,49.0
vehicle,CART (ccp path),22,0.6941176470588235,79.0
vehicle,GA (NSGA-II),23,0.25882352941176473,1.0
vehicle,GA (NSGA-II),23,0.3764705882352941,3.0
vehicle,GA (NSGA-II),23,0.5058823529411764,5.0
vehicle,GA (NSGA-II),23,0.5176470588235295,7.0
vehicle,GA (NSGA-II),23,0.5529411764705883,15.0
vehicle,GA (NSGA-II),23,0.611764705882353,29.0
vehicle,Random Search,23,0.25882352941176473,1.0
vehicle,Random Search,23,0.4235294117647059,3.0
vehicle,Random Search,23,0.5647058823529412,9.0
vehicle,Random Search,23,0.5764705882352941,21.0
vehicle,Random Search,23,0.6,39.0
vehicle,"GA (NSGA-II, archived)",23,0.25882352941176473,1.0
vehicle,"GA (NSGA-II, archived)",23,0.38823529411764707,3.0
vehicle,"GA (NSGA-II, archived)",23,0.4588235294117647,5.0
vehicle,"GA (NSGA-II, archived)",23,0.6235294117647059,7.0
vehicle,CART (ccp path),23,0.25882352941176473,1.0
vehicle,CART (ccp path),23,0.7058823529411765,17.0
vehicle,CART (ccp path),23,0.7294117647058823,41.0
vehicle,CART (ccp path),23,0.7647058823529411,61.0
vehicle,CART (ccp path),23,0.7764705882352941,73.0
vehicle,CART (ccp path),23,0.8,89.0
vehicle,CART (ccp path),23,0.8117647058823529,99.0
vehicle,GA (NSGA-II),24,0.25882352941176473,1.0
vehicle,GA (NSGA-II),24,0.36470588235294116,3.0
vehicle,GA (NSGA-II),24,0.38823529411764707,5.0
vehicle,GA (NSGA-II),24,0.4470588235294118,7.0
vehicle,GA (NSGA-II),24,0.4823529411764706,13.0
vehicle,GA (NSGA-II),24,0.5294117647058824,15.0
vehicle,Random Search,24,0.25882352941176473,1.0
vehicle,Random Search,24,0.32941176470588235,3.0
vehicle,Random Search,24,0.38823529411764707,5.0
vehicle,Random Search,24,0.4823529411764706,13.0
vehicle,Random Search,24,0.5294117647058824,33.0
vehicle,Random Search,24,0.5411764705882353,57.0
vehicle,"GA (NSGA-II, archived)",24,0.25882352941176473,1.0
vehicle,"GA (NSGA-II, archived)",24,0.32941176470588235,3.0
vehicle,"GA (NSGA-II, archived)",24,0.4588235294117647,5.0
vehicle,"GA (NSGA-II, archived)",24,0.49411764705882355,7.0
vehicle,CART (ccp path),24,0.25882352941176473,1.0
vehicle,CART (ccp path),24,0.6588235294117647,17.0
vehicle,CART (ccp path),24,0.6705882352941176,27.0
vehicle,CART (ccp path),24,0.6823529411764706,39.0
vehicle,CART (ccp path),24,0.7411764705882353,75.0
vehicle,GA (NSGA-II),25,0.25882352941176473,1.0
vehicle,GA (NSGA-II),25,0.4235294117647059,3.0
vehicle,GA (NSGA-II),25,0.5411764705882353,5.0
vehicle,GA (NSGA-II),25,0.6352941176470588,11.0
vehicle,Random Search,25,0.25882352941176473,1.0
vehicle,Random Search,25,0.4,3.0
vehicle,Random Search,25,0.4470588235294118,5.0
vehicle,Random Search,25,0.47058823529411764,7.0
vehicle,Random Search,25,0.6235294117647059,13.0
vehicle,"GA (NSGA-II, archived)",25,0.25882352941176473,1.0
vehicle,"GA (NSGA-II, archived)",25,0.43529411764705883,3.0
vehicle,"GA (NSGA-II, archived)",25,0.49411764705882355,7.0
vehicle,"GA (NSGA-II, archived)",25,0.5176470588235295,11.0
vehicle,"GA (NSGA-II, archived)",25,0.5294117647058824,21.0
vehicle,CART (ccp path),25,0.25882352941176473,1.0
vehicle,CART (ccp path),25,0.6705882352941176,15.0
vehicle,CART (ccp path),25,0.7058823529411765,37.0
vehicle,CART (ccp path),25,0.7647058823529411,61.0
vehicle,CART (ccp path),25,0.788235294117647,87.0
vehicle,CART (ccp path),25,0.8117647058823529,125.0
vehicle,CART (ccp path),25,0.8235294117647058,153.0
vehicle,GA (NSGA-II),26,0.25882352941176473,1.0
vehicle,GA (NSGA-II),26,0.4,3.0
vehicle,GA (NSGA-II),26,0.4823529411764706,5.0
vehicle,GA (NSGA-II),26,0.5176470588235295,7.0
vehicle,GA (NSGA-II),26,0.6352941176470588,9.0
vehicle,GA (NSGA-II),26,0.6705882352941176,15.0
vehicle,GA (NSGA-II),26,0.7176470588235294,17.0
vehicle,Random Search,26,0.25882352941176473,1.0
vehicle,Random Search,26,0.4,3.0
vehicle,Random Search,26,0.4470588235294118,5.0
vehicle,Random Search,26,0.5294117647058824,7.0
vehicle,Random Search,26,0.5764705882352941,25.0
vehicle,Random Search,26,0.6235294117647059,35.0
vehicle,"GA (NSGA-II, archived)",26,0.25882352941176473,1.0
vehicle,"GA (NSGA-II, archived)",26,0.4,3.0
vehicle,"GA (NSGA-II, archived)",26,0.47058823529411764,5.0
vehicle,"GA (NSGA-II, archived)",26,0.6235294117647059,7.0
vehicle,CART (ccp path),26,0.25882352941176473,1.0
vehicle,CART (ccp path),26,0.7176470588235294,15.0
vehicle,CART (ccp path),26,0.7647058823529411,27.0
vehicle,GA (NSGA-II),27,0.2619047619047619,1.0
vehicle,GA (NSGA-II),27,0.40476190476190477,3.0
vehicle,GA (NSGA-II),27,0.4880952380952381,5.0
vehicle,GA (NSGA-II),27,0.5119047619047619,7.0
vehicle,GA (NSGA-II),27,0.6190476190476191,9.0
vehicle,GA (NSGA-II),27,0.6309523809523809,11.0
vehicle,Random Search,27,0.2619047619047619,1.0
vehicle,Random Search,27,0.40476190476190477,3.0
vehicle,Random Search,27,0.47619047619047616,5.0
vehicle,Random Search,27,0.5,9.0
vehicle,Random Search,27,0.5714285714285714,23.0
vehicle,Random Search,27,0.6785714285714286,29.0
vehicle,"GA (NSGA-II, archived)",27,0.2619047619047619,1.0
vehicle,"GA (NSGA-II, archived)",27,0.39285714285714285,3.0
vehicle,"GA (NSGA-II, archived)",27,0.5238095238095238,5.0
vehicle,"GA (NSGA-II, archived)",27,0.5714285714285714,13.0
vehicle,"GA (NSGA-II, archived)",27,0.5952380952380952,17.0
vehicle,CART (ccp path),27,0.2619047619047619,1.0
vehicle,CART (ccp path),27,0.7261904761904762,17.0
vehicle,CART (ccp path),27,0.8095238095238095,43.0
vehicle,CART (ccp path),27,0.8452380952380952,85.0
vehicle,GA (NSGA-II),28,0.25,1.0
vehicle,GA (NSGA-II),28,0.36904761904761907,3.0
vehicle,GA (NSGA-II),28,0.4880952380952381,5.0
vehicle,GA (NSGA-II),28,0.5952380952380952,7.0
vehicle,GA (NSGA-II),28,0.6071428571428571,9.0
vehicle,Random Search,28,0.25,1.0
vehicle,Random Search,28,0.40476190476190477,3.0
vehicle,Random Search,28,0.44047619047619047,5.0
vehicle,Random Search,28,0.4642857142857143,17.0
vehicle,Random Search,28,0.5357142857142857,19.0
vehicle,"GA (NSGA-II, archived)",28,0.25,1.0
vehicle,"GA (NSGA-II, archived)",28,0.40476190476190477,3.0
vehicle,"GA (NSGA-II, archived)",28,0.5119047619047619,5.0
vehicle,"GA (NSGA-II, archived)",28,0.5357142857142857,9.0
vehicle,"GA (NSGA-II, archived)",28,0.5714285714285714,13.0
vehicle,"GA (NSGA-II, archived)",28,0.5833333333333334,15.0
vehicle,"GA (NSGA-II, archived)",28,0.5952380952380952,33.0
vehicle,CART (ccp path),28,0.25,1.0
vehicle,CART (ccp path),28,0.6547619047619048,15.0
vehicle,CART (ccp path),28,0.6904761904761905,27.0
vehicle,CART (ccp path),28,0.7023809523809523,41.0
vehicle,CART (ccp path),28,0.7142857142857143,65.0
vehicle,CART (ccp path),28,0.7380952380952381,137.0
vehicle,GA (NSGA-II),29,0.25,1.0
vehicle,GA (NSGA-II),29,0.36904761904761907,3.0
vehicle,GA (NSGA-II),29,0.4880952380952381,5.0
vehicle,GA (NSGA-II),29,0.5119047619047619,7.0
vehicle,GA (NSGA-II),29,0.5714285714285714,9.0
vehicle,Random Search,29,0.25,1.0
vehicle,Random Search,29,0.39285714285714285,3.0
vehicle,Random Search,29,0.42857142857142855,5.0
vehicle,Random Search,29,0.5,7.0
vehicle,Random Search,29,0.5595238095238095,43.0
vehicle,Random Search,29,0.5833333333333334,65.0
vehicle,"GA (NSGA-II, archived)",29,0.25,1.0
vehicle,"GA (NSGA-II, archived)",29,0.36904761904761907,3.0
vehicle,"GA (NSGA-II, archived)",29,0.4880952380952381,5.0
vehicle,"GA (NSGA-II, archived)",29,0.5714285714285714,7.0
vehicle,"GA (NSGA-II, archived)",29,0.5833333333333334,21.0
vehicle,CART (ccp path),29,0.25,1.0
vehicle,CART (ccp path),29,0.6547619047619048,17.0
vehicle,CART (ccp path),29,0.6785714285714286,27.0
vehicle,CART (ccp path),29,0.7142857142857143,39.0
vehicle,GA (NSGA-II),30,0.2619047619047619,1.0
vehicle,GA (NSGA-II),30,0.38095238095238093,3.0
vehicle,GA (NSGA-II),30,0.5,5.0
vehicle,GA (NSGA-II),30,0.5238095238095238,7.0
vehicle,GA (NSGA-II),30,0.5714285714285714,9.0
vehicle,GA (NSGA-II),30,0.6071428571428571,13.0
vehicle,GA (NSGA-II),30,0.6190476190476191,15.0
vehicle,GA (NSGA-II),30,0.6666666666666666,27.0
vehicle,Random Search,30,0.2619047619047619,1.0
vehicle,Random Search,30,0.36904761904761907,3.0
vehicle,Random Search,30,0.39285714285714285,5.0
vehicle,Random Search,30,0.40476190476190477,11.0
vehicle,Random Search,30,0.4642857142857143,17.0
vehicle,Random Search,30,0.4880952380952381,19.0
vehicle,Random Search,30,0.6428571428571429,21.0
vehicle,"GA (NSGA-II, archived)",30,0.2619047619047619,1.0
vehicle,"GA (NSGA-II, archived)",30,0.39285714285714285,3.0
vehicle,"GA (NSGA-II, archived)",30,0.5238095238095238,5.0
vehicle,"GA (NSGA-II, archived)",30,0.5357142857142857,9.0
vehicle,"GA (NSGA-II, archived)",30,0.5476190476190477,15.0
vehicle,CART (ccp path),30,0.2619047619047619,1.0
vehicle,CART (ccp path),30,0.6428571428571429,15.0
vehicle,CART (ccp path),30,0.7142857142857143,29.0
vehicle,CART (ccp path),30,0.7380952380952381,45.0
tic_tac_toe,GA (NSGA-II),1,0.65625,1.0
tic_tac_toe,GA (NSGA-II),1,0.7395833333333334,7.0
tic_tac_toe,GA (NSGA-II),1,0.7604166666666666,11.0
tic_tac_toe,GA (NSGA-II),1,0.78125,13.0
tic_tac_toe,GA (NSGA-II),1,0.7916666666666666,21.0
tic_tac_toe,Random Search,1,0.65625,1.0
tic_tac_toe,Random Search,1,0.6666666666666666,7.0
tic_tac_toe,Random Search,1,0.7291666666666666,17.0
tic_tac_toe,"GA (NSGA-II, archived)",1,0.65625,1.0
tic_tac_toe,"GA (NSGA-II, archived)",1,0.6666666666666666,5.0
tic_tac_toe,"GA (NSGA-II, archived)",1,0.6979166666666666,7.0
tic_tac_toe,"GA (NSGA-II, archived)",1,0.71875,11.0
tic_tac_toe,CART (ccp path),1,0.65625,1.0
tic_tac_toe,CART (ccp path),1,0.78125,17.0
tic_tac_toe,CART (ccp path),1,0.84375,83.0
tic_tac_toe,CART (ccp path),1,0.875,103.0
tic_tac_toe,CART (ccp path),1,0.90625,121.0
tic_tac_toe,GA (NSGA-II),2,0.65625,1.0
tic_tac_toe,GA (NSGA-II),2,0.71875,7.0
tic_tac_toe,GA (NSGA-II),2,0.7395833333333334,11.0
tic_tac_toe,GA (NSGA-II),2,0.7604166666666666,15.0
tic_tac_toe,Random Search,2,0.65625,1.0
tic_tac_toe,Random Search,2,0.6770833333333334,7.0
tic_tac_toe,"GA (NSGA-II, archived)",2,0.65625,1.0
tic_tac_toe,"GA (NSGA-II, archived)",2,0.6979166666666666,5.0
tic_tac_toe,"GA (NSGA-II, archived)",2,0.71875,7.0
tic_tac_toe,CART (ccp path),2,0.65625,1.0
tic_tac_toe,CART (ccp path),2,0.8229166666666666,21.0
tic_tac_toe,CART (ccp path),2,0.8541666666666666,83.0
tic_tac_toe,CART (ccp path),2,0.8645833333333334,123.0
tic_tac_toe,CART (ccp path),2,0.875,173.0
tic_tac_toe,GA (NSGA-II),3,0.65625,1.0
tic_tac_toe,GA (NSGA-II),3,0.7083333333333334,5.0
tic_tac_toe,GA (NSGA-II),3,0.7395833333333334,7.0
tic_tac_toe,Random Search,3,0.65625,1.0
tic_tac_toe,Random Search,3,0.7708333333333334,7.0
tic_tac_toe,"GA (NSGA-II, archived)",3,0.65625,1.0
tic_tac_toe,"GA (NSGA-II, archived)",3,0.6979166666666666,5.0
tic_tac_toe,"GA (NSGA-II, archived)",3,0.7395833333333334,7.0
tic_tac_toe,CART (ccp path),3,0.65625,1.0
tic_tac_toe,CART (ccp path),3,0.84375,17.0
tic_tac_toe,CART (ccp path),3,0.8541666666666666,31.0
tic_tac_toe,CART (ccp path),3,0.8645833333333334,123.0
tic_tac_toe,CART (ccp path),3,0.8854166666666666,135.0
tic_tac_toe,CART (ccp path),3,0.9166666666666666,157.0
tic_tac_toe,GA (NSGA-II),4,0.65625,1.0
tic_tac_toe,GA (NSGA-II),4,0.6770833333333334,5.0
tic_tac_toe,GA (NSGA-II),4,0.7291666666666666,7.0
tic_tac_toe,Random Search,4,0.65625,1.0
tic_tac_toe,Random Search,4,0.6770833333333334,5.0
tic_tac_toe,Random Search,4,0.8125,9.0
tic_tac_toe,"GA (NSGA-II, archived)",4,0.65625,1.0
tic_tac_toe,"GA (NSGA-II, archived)",4,0.6666666666666666,5.0
tic_tac_toe,"GA (NSGA-II, archived)",4,0.7708333333333334,7.0
tic_tac_toe,CART (ccp path),4,0.65625,1.0
tic_tac_toe,CART (ccp path),4,0.7291666666666666,13.0
tic_tac_toe,CART (ccp path),4,0.8020833333333334,43.0
tic_tac_toe,CART (ccp path),4,0.8333333333333334,63.0
tic_tac_toe,CART (ccp path),4,0.8645833333333334,103.0
tic_tac_toe,GA (NSGA-II),5,0.65625,1.0
tic_tac_toe,GA (NSGA-II),5,0.6979166666666666,7.0
tic_tac_toe,GA (NSGA-II),5,0.7708333333333334,11.0
tic_tac_toe,Random Search,5,0.65625,1.0
tic_tac_toe,Random Search,5,0.7395833333333334,5.0
tic_tac_toe,"GA (NSGA-II, archived)",5,0.65625,1.0
tic_tac_toe,"GA (NSGA-II, archived)",5,0.71875,5.0
tic_tac_toe,"GA (NSGA-II, archived)",5,0.75,11.0
tic_tac_toe,"GA (NSGA-II, archived)",5,0.7604166666666666,17.0
tic_tac_toe,"GA (NSGA-II, archived)",5,0.7708333333333334,23.0
tic_tac_toe,CART (ccp path),5,0.65625,1.0
tic_tac_toe,CART (ccp path),5,0.78125,19.0
tic_tac_toe,CART (ccp path),5,0.7916666666666666,35.0
tic_tac_toe,CART (ccp path),5,0.8125,99.0
tic_tac_toe,CART (ccp path),5,0.8541666666666666,119.0
tic_tac_toe,CART (ccp path),5,0.8645833333333334,129.0
tic_tac_toe,GA (NSGA-II),6,0.65625,1.0
tic_tac_toe,GA (NSGA-II),6,0.71875,5.0
tic_tac_toe,GA (NSGA-II),6,0.7395833333333334,7.0
tic_tac_toe,Random Search,6,0.65625,1.0
tic_tac_toe,Random Search,6,0.7083333333333334,5.0
tic_tac_toe,Random Search,6,0.8020833333333334,17.0
tic_tac_toe,"GA (NSGA-II, archived)",6,0.65625,1.0
tic_tac_toe,"GA (NSGA-II, archived)",6,0.71875,5.0
tic_tac_toe,"GA (NSGA-II, archived)",6,0.75,7.0
tic_tac_toe,"GA (NSGA-II, archived)",6,0.78125,11.0
tic_tac_toe,"GA (NSGA-II, archived)",6,0.7916666666666666,13.0
tic_tac_toe,"GA (NSGA-II, archived)",6,0.8333333333333334,15.0
tic_tac_toe,"GA (NSGA-II, archived)",6,0.8541666666666666,19.0
tic_tac_toe,CART (ccp path),6,0.65625,1.0
tic_tac_toe,CART (ccp path),6,0.8333333333333334,19.0
tic_tac_toe,CART (ccp path),6,0.8541666666666666,33.0
tic_tac_toe,CART (ccp path),6,0.875,153.0
tic_tac_toe,GA (NSGA-II),7,0.6458333333333334,1.0
tic_tac_toe,GA (NSGA-II),7,0.6666666666666666,5.0
tic_tac_toe,GA (NSGA-II),7,0.6770833333333334,7.0
tic_tac_toe,GA (NSGA-II),7,0.7083333333333334,9.0
tic_tac_toe,GA (NSGA-II),7,0.7395833333333334,11.0
tic_tac_toe,Random Search,7,0.6458333333333334,1.0
tic_tac_toe,Random Search,7,0.6875,5.0
tic_tac_toe,Random Search,7,0.7083333333333334,21.0
tic_tac_toe,"GA (NSGA-II, archived)",7,0.6458333333333334,1.0
tic_tac_toe,"GA (NSGA-II, archived)",7,0.65625,5.0
tic_tac_toe,"GA (NSGA-II, archived)",7,0.6770833333333334,7.0
tic_tac_toe,CART (ccp path),7,0.6458333333333334,1.0
tic_tac_toe,CART (ccp path),7,0.75,21.0
tic_tac_toe,CART (ccp path),7,0.7708333333333334,41.0
tic_tac_toe,CART (ccp path),7,0.78125,57.0
tic_tac_toe,CART (ccp path),7,0.8125,95.0
tic_tac_toe,CART (ccp path),7,0.8229166666666666,105.0
tic_tac_toe,CART (ccp path),7,0.875,113.0
tic_tac_toe,CART (ccp path),7,0.8854166666666666,141.0
tic_tac_toe,GA (NSGA-II),8,0.6458333333333334,1.0
tic_tac_toe,GA (NSGA-II),8,0.7395833333333334,7.0
tic_tac_toe,GA (NSGA-II),8,0.75,11.0
tic_tac_toe,Random Search,8,0.6458333333333334,1.0
tic_tac_toe,Random Search,8,0.71875,5.0
tic_tac_toe,Random Search,8,0.75,19.0
tic_tac_toe,Random Search,8,0.7604166666666666,25.0
tic_tac_toe,"GA (NSGA-II, archived)",8,0.6458333333333334,1.0
tic_tac_toe,"GA (NSGA-II, archived)",8,0.6875,5.0
tic_tac_toe,CART (ccp path),8,0.6458333333333334,1.0
tic_tac_toe,CART (ccp path),8,0.7916666666666666,17.0
tic_tac_toe,CART (ccp path),8,0.8125,57.0
tic_tac_toe,CART (ccp path),8,0.84375,81.0
tic_tac_toe,CART (ccp path),8,0.8541666666666666,99.0
tic_tac_toe,CART (ccp path),8,0.875,111.0
tic_tac_toe,CART (ccp path),8,0.8958333333333334,117.0
tic_tac_toe,CART (ccp path),8,0.90625,123.0
tic_tac_toe,GA (NSGA-II),9,0.6526315789473685,1.0
tic_tac_toe,GA (NSGA-II),9,0.6736842105263158,5.0
tic_tac_toe,GA (NSGA-II),9,0.7157894736842105,7.0
tic_tac_toe,GA (NSGA-II),9,0.7368421052631579,11.0
tic_tac_toe,Random Search,9,0.6526315789473685,1.0
tic_tac_toe,Random Search,9,0.6736842105263158,5.0
tic_tac_toe,Random Search,9,0.7684210526315789,9.0
tic_tac_toe,Random Search,9,0.7894736842105263,19.0
tic_tac_toe,"GA (NSGA-II, archived)",9,0.6526315789473685,1.0
tic_tac_toe,"GA (NSGA-II, archived)",9,0.6631578947368421,5.0
tic_tac_toe,"GA (NSGA-II, archived)",9,0.6842105263157895,9.0
tic_tac_toe,"GA (NSGA-II, archived)",9,0.6947368421052632,15.0
tic_tac_toe,CART (ccp path),9,0.6526315789473685,1.0
tic_tac_toe,CART (ccp path),9,0.7578947368421053,17.0
tic_tac_toe,CART (ccp path),9,0.8210526315789474,41.0
tic_tac_toe,CART (ccp path),9,0.8421052631578947,67.0
tic_tac_toe,CART (ccp path),9,0.8631578947368421,119.0
tic_tac_toe,GA (NSGA-II),10,0.6526315789473685,1.0
tic_tac_toe,GA (NSGA-II),10,0.6736842105263158,5.0
tic_tac_toe,GA (NSGA-II),10,0.7263157894736842,11.0
tic_tac_toe,GA (NSGA-II),10,0.7368421052631579,19.0
tic_tac_toe,GA (NSGA-II),10,0.7578947368421053,23.0
tic_tac_toe,GA (NSGA-II),10,0.7684210526315789,25.0
tic_tac_toe,Random Search,10,0.6526315789473685,1.0
tic_tac_toe,Random Search,10,0.6842105263157895,5.0
tic_tac_toe,Random Search,10,0.7578947368421053,15.0
tic_tac_toe,"GA (NSGA-II, archived)",10,0.6526315789473685,1.0
tic_tac_toe,"GA (NSGA-II, archived)",10,0.7157894736842105,5.0
tic_tac_toe,"GA (NSGA-II, archived)",10,0.7578947368421053,7.0
tic_tac_toe,"GA (NSGA-II, archived)",10,0.7789473684210526,11.0
tic_tac_toe,"GA (NSGA-II, archived)",10,0.8,17.0
tic_tac_toe,CART (ccp path),10,0.6526315789473685,1.0
tic_tac_toe,CART (ccp path),10,0.8210526315789474,17.0
tic_tac_toe,CART (ccp path),10,0.8421052631578947,35.0
tic_tac_toe,CART (ccp path),10,0.8526315789473684,59.0
tic_tac_toe,CART (ccp path),10,0.8631578947368421,79.0
tic_tac_toe,CART (ccp path),10,0.8947368421052632,97.0
tic_tac_toe,CART (ccp path),10,0.9263157894736842,111.0
tic_tac_toe,GA (NSGA-II),11,0.65625,1.0
tic_tac_toe,GA (NSGA-II),11,0.7083333333333334,5.0
tic_tac_toe,GA (NSGA-II),11,0.7395833333333334,9.0
tic_tac_toe,Random Search,11,0.65625,1.0
tic_tac_toe,Random Search,11,0.6770833333333334,5.0
tic_tac_toe,Random Search,11,0.7291666666666666,15.0
tic_tac_toe,"GA (NSGA-II, archived)",11,0.65625,1.0
tic_tac_toe,"GA (NSGA-II, archived)",11,0.6979166666666666,5.0
tic_tac_toe,"GA (NSGA-II, archived)",11,0.7291666666666666,7.0
tic_tac_toe,CART (ccp path),11,0.65625,1.0
tic_tac_toe,CART (ccp path),11,0.8125,17.0
tic_tac_toe,CART (ccp path),11,0.84375,35.0
tic_tac_toe,CART (ccp path),11,0.8854166666666666,107.0
tic_tac_toe,CART (ccp path),11,0.8958333333333334,131.0
tic_tac_toe,GA (NSGA-II),12,0.65625,1.0
tic_tac_toe,GA (NSGA-II),12,0.6875,5.0
tic_tac_toe,GA (NSGA-II),12,0.6979166666666666,9.0
tic_tac_toe,GA (NSGA-II),12,0.75,15.0
tic_tac_toe,Random Search,12,0.65625,1.0
tic_tac_toe,Random Search,12,0.7083333333333334,5.0
tic_tac_toe,Random Search,12,0.7291666666666666,13.0
tic_tac_toe,"GA (NSGA-II, archived)",12,0.65625,1.0
tic_tac_toe,"GA (NSGA-II, archived)",12,0.6875,5.0
tic_tac_toe,"GA (NSGA-II, archived)",12,0.6979166666666666,7.0
tic_tac_toe,"GA (NSGA-II, archived)",12,0.7291666666666666,9.0
tic_tac_toe,"GA (NSGA-II, archived)",12,0.7604166666666666,11.0
tic_tac_toe,CART (ccp path),12,0.65625,1.0
tic_tac_toe,CART (ccp path),12,0.8020833333333334,19.0
tic_tac_toe,CART (ccp path),12,0.875,71.0
tic_tac_toe,CART (ccp path),12,0.8958333333333334,87.0
tic_tac_toe,GA (NSGA-II),13,0.65625,1.0
tic_tac_toe,Random Search,13,0.65625,1.0
tic_tac_toe,Random Search,13,0.7083333333333334,17.0
tic_tac_toe,Random Search,13,0.7604166666666666,33.0
tic_tac_toe,"GA (NSGA-II, archived)",13,0.65625,1.0
tic_tac_toe,"GA (NSGA-II, archived)",13,0.7083333333333334,7.0
tic_tac_toe,"GA (NSGA-II, archived)",13,0.7291666666666666,23.0
tic_tac_toe,CART (ccp path),13,0.65625,1.0
tic_tac_toe,CART (ccp path),13,0.78125,17.0
tic_tac_toe,CART (ccp path),13,0.8125,77.0
tic_tac_toe,CART (ccp path),13,0.8333333333333334,89.0
tic_tac_toe,CART (ccp path),13,0.8541666666666666,103.0
tic_tac_toe,GA (NSGA-II),14,0.65625,1.0
tic_tac_toe,GA (NSGA-II),14,0.75,5.0
tic_tac_toe,GA (NSGA-II),14,0.7708333333333334,11.0
tic_tac_toe,GA (NSGA-II),14,0.8125,15.0
tic_tac_toe,Random Search,14,0.65625,1.0
tic_tac_toe,Random Search,14,0.6875,5.0
tic_tac_toe,Random Search,14,0.7083333333333334,7.0
tic_tac_toe,Random Search,14,0.7604166666666666,17.0
tic_tac_toe,Random Search,14,0.8333333333333334,21.0
tic_tac_toe,"GA (NSGA-II, archived)",14,0.65625,1.0
tic_tac_toe,"GA (NSGA-II, archived)",14,0.6979166666666666,5.0
tic_tac_toe,"GA (NSGA-II, archived)",14,0.7916666666666666,7.0
tic_tac_toe,"GA (NSGA-II, archived)",14,0.8229166666666666,13.0
tic_tac_toe,CART (ccp path),14,0.65625,1.0
tic_tac_toe,CART (ccp path),14,0.7708333333333334,19.0
tic_tac_toe,CART (ccp path),14,0.7916666666666666,35.0
tic_tac_toe,CART (ccp path),14,0.8229166666666666,51.0
tic_tac_toe,CART (ccp path),14,0.8541666666666666,123.0
tic_tac_toe,GA (NSGA-II),15,0.65625,1.0
tic_tac_toe,GA (NSGA-II),15,0.8125,5.0
tic_tac_toe,Random Search,15,0.65625,1.0
tic_tac_toe,Random Search,15,0.6666666666666666,7.0
tic_tac_toe,Random Search,15,0.6875,9.0
tic_tac_toe,Random Search,15,0.7395833333333334,15.0
tic_tac_toe,Random Search,15,0.8645833333333334,23.0
tic_tac_toe,"GA (NSGA-II, archived)",15,0.65625,1.0
tic_tac_toe,"GA (NSGA-II, archived)",15,0.8125,5.0
tic_tac_toe,CART (ccp path),15,0.65625,1.0
tic_tac_toe,CART (ccp path),15,0.8645833333333334,17.0
tic_tac_toe,CART (ccp path),15,0.875,37.0
tic_tac_toe,CART (ccp path),15,0.8854166666666666,65.0
tic_tac_toe,CART (ccp path),15,0.8958333333333334,81.0
tic_tac_toe,CART (ccp path),15,0.9270833333333334,99.0
tic_tac_toe,CART (ccp path),15,0.9375,115.0
tic_tac_toe,GA (NSGA-II),16,0.65625,1.0
tic_tac_toe,GA (NSGA-II),16,0.6875,9.0
tic_tac_toe,GA (NSGA-II),16,0.71875,15.0
tic_tac_toe,GA (NSGA-II),16,0.7395833333333334,17.0
tic_tac_toe,Random Search,16,0.65625,1.0
tic_tac_toe,Random Search,16,0.7083333333333334,13.0
tic_tac_toe,"GA (NSGA-II, archived)",16,0.65625,1.0
tic_tac_toe,"GA (NSGA-II, archived)",16,0.7291666666666666,7.0
tic_tac_toe,CART (ccp path),16,0.65625,1.0
tic_tac_toe,CART (ccp path),16,0.84375,21.0
tic_tac_toe,CART (ccp path),16,0.8645833333333334,131.0
tic_tac_toe,CART (ccp path),16,0.8854166666666666,143.0
tic_tac_toe,GA (NSGA-II),17,0.6458333333333334,1.0
tic_tac_toe,GA (NSGA-II),17,0.6770833333333334,5.0
tic_tac_toe,GA (NSGA-II),17,0.7395833333333334,7.0
tic_tac_toe,Random Search,17,0.6458333333333334,1.0
tic_tac_toe,Random Search,17,0.6875,5.0
tic_tac_toe,Random Search,17,0.71875,11.0
tic_tac_toe,"GA (NSGA-II, archived)",17,0.6458333333333334,1.0
tic_tac_toe,"GA (NSGA-II, archived)",17,0.6875,5.0
tic_tac_toe,CART (ccp path),17,0.6458333333333334,1.0
tic_tac_toe,CART (ccp path),17,0.8229166666666666,17.0
tic_tac_toe,CART (ccp path),17,0.8541666666666666,77.0
tic_tac_toe,CART (ccp path),17,0.8958333333333334,89.0
tic_tac_toe,GA (NSGA-II),18,0.6458333333333334,1.0
tic_tac_toe,GA (NSGA-II),18,0.7291666666666666,5.0
tic_tac_toe,GA (NSGA-II),18,0.75,7.0
tic_tac_toe,GA (NSGA-II),18,0.7708333333333334,9.0
tic_tac_toe,Random Search,18,0.6458333333333334,1.0
tic_tac_toe,Random Search,18,0.6770833333333334,5.0
tic_tac_toe,Random Search,18,0.6875,19.0
tic_tac_toe,Random Search,18,0.6979166666666666,27.0
tic_tac_toe,"GA (NSGA-II, archived)",18,0.6458333333333334,1.0
tic_tac_toe,"GA (NSGA-II, archived)",18,0.6875,5.0
tic_tac_toe,"GA (NSGA-II, archived)",18,0.7395833333333334,7.0
tic_tac_toe,"GA (NSGA-II, archived)",18,0.7708333333333334,23.0
tic_tac_toe,CART (ccp path),18,0.6458333333333334,1.0
tic_tac_toe,CART (ccp path),18,0.7604166666666666,17.0
tic_tac_toe,CART (ccp path),18,0.8125,41.0
tic_tac_toe,CART (ccp path),18,0.8229166666666666,59.0
tic_tac_toe,CART (ccp path),18,0.84375,139.0
tic_tac_toe,GA (NSGA-II),19,0.6526315789473685,1.0
tic_tac_toe,GA (NSGA-II),19,0.6842105263157895,5.0
tic_tac_toe,GA (NSGA-II),19,0.7263157894736842,7.0
tic_tac_toe,GA (NSGA-II),19,0.7578947368421053,11.0
tic_tac_toe,GA (NSGA-II),19,0.7684210526315789,13.0
tic_tac_toe,Random Search,19,0.6526315789473685,1.0
tic_tac_toe,Random Search,19,0.7473684210526316,5.0
tic_tac_toe,Random Search,19,0.7578947368421053,11.0
tic_tac_toe,"GA (NSGA-II, archived)",19,0.6526315789473685,1.0
tic_tac_toe,"GA (NSGA-II, archived)",19,0.7473684210526316,9.0
tic_tac_toe,"GA (NSGA-II, archived)",19,0.7894736842105263,13.0
tic_tac_toe,CART (ccp path),19,0.6526315789473685,1.0
tic_tac_toe,CART (ccp path),19,0.8,17.0
tic_tac_toe,CART (ccp path),19,0.8421052631578947,43.0
tic_tac_toe,CART (ccp path),19,0.8526315789473684,65.0
tic_tac_toe,CART (ccp path),19,0.8631578947368421,127.0
tic_tac_toe,CART (ccp path),19,0.8736842105263158,137.0
tic_tac_toe,GA (NSGA-II),20,0.6526315789473685,1.0
tic_tac_toe,GA (NSGA-II),20,0.6736842105263158,5.0
tic_tac_toe,GA (NSGA-II),20,0.7052631578947368,7.0
tic_tac_toe,Random Search,20,0.6526315789473685,1.0
tic_tac_toe,Random Search,20,0.6736842105263158,5.0
tic_tac_toe,"GA (NSGA-II, archived)",20,0.6526315789473685,1.0
tic_tac_toe,"GA (NSGA-II, archived)",20,0.6631578947368421,5.0
tic_tac_toe,"GA (NSGA-II, archived)",20,0.7684210526315789,7.0
tic_tac_toe,CART (ccp path),20,0.6526315789473685,1.0
tic_tac_toe,CART (ccp path),20,0.8,19.0
tic_tac_toe,CART (ccp path),20,0.8105263157894737,79.0
tic_tac_toe,CART (ccp path),20,0.8210526315789474,89.0
tic_tac_toe,CART (ccp path),20,0.8736842105263158,109.0
tic_tac_toe,GA (NSGA-II),21,0.65625,1.0
tic_tac_toe,GA (NSGA-II),21,0.6875,5.0
tic_tac_toe,GA (NSGA-II),21,0.7708333333333334,9.0
tic_tac_toe,Random Search,21,0.65625,1.0
tic_tac_toe,Random Search,21,0.6979166666666666,5.0
tic_tac_toe,Random Search,21,0.7083333333333334,7.0
tic_tac_toe,Random Search,21,0.7604166666666666,9.0
tic_tac_toe,Random Search,21,0.7708333333333334,15.0
tic_tac_toe,"GA (NSGA-II, archived)",21,0.65625,1.0
tic_tac_toe,"GA (NSGA-II, archived)",21,0.7083333333333334,5.0
tic_tac_toe,"GA (NSGA-II, archived)",21,0.71875,15.0
tic_tac_toe,CART (ccp path),21,0.65625,1.0
tic_tac_toe,CART (ccp path),21,0.8020833333333334,15.0
tic_tac_toe,CART (ccp path),21,0.84375,63.0
tic_tac_toe,CART (ccp path),21,0.8645833333333334,81.0
tic_tac_toe,CART (ccp path),21,0.875,95.0
tic_tac_toe,CART (ccp path),21,0.90625,115.0
tic_tac_toe,CART (ccp path),21,0.9166666666666666,123.0
tic_tac_toe,CART (ccp path),21,0.9270833333333334,141.0
tic_tac_toe,CART (ccp path),21,0.9375,151.0
tic_tac_toe,GA (NSGA-II),22,0.65625,1.0
tic_tac_toe,GA (NSGA-II),22,0.7604166666666666,5.0
tic_tac_toe,Random Search,22,0.65625,1.0
tic_tac_toe,Random Search,22,0.6666666666666666,7.0
tic_tac_toe,Random Search,22,0.7395833333333334,19.0
tic_tac_toe,"GA (NSGA-II, archived)",22,0.65625,1.0
tic_tac_toe,"GA (NSGA-II, archived)",22,0.7604166666666666,7.0
tic_tac_toe,"GA (NSGA-II, archived)",22,0.78125,11.0
tic_tac_toe,"GA (NSGA-II, archived)",22,0.8020833333333334,17.0
tic_tac_toe,CART (ccp path),22,0.65625,1.0
tic_tac_toe,CART (ccp path),22,0.7916666666666666,17.0
tic_tac_toe,CART (ccp path),22,0.8020833333333334,39.0
tic_tac_toe,CART (ccp path),22,0.8125,55.0
tic_tac_toe,CART (ccp path),22,0.8229166666666666,77.0
tic_tac_toe,CART (ccp path),22,0.8333333333333334,103.0
tic_tac_toe,CART (ccp path),22,0.8645833333333334,119.0
tic_tac_toe,CART (ccp path),22,0.875,137.0
tic_tac_toe,GA (NSGA-II),23,0.65625,1.0
tic_tac_toe,GA (NSGA-II),23,0.78125,7.0
tic_tac_toe,GA (NSGA-II),23,0.7916666666666666,17.0
tic_tac_toe,Random Search,23,0.65625,1.0
tic_tac_toe,Random Search,23,0.7708333333333334,5.0
tic_tac_toe,"GA (NSGA-II, archived)",23,0.65625,1.0
tic_tac_toe,"GA (NSGA-II, archived)",23,0.7708333333333334,5.0
tic_tac_toe,"GA (NSGA-II, archived)",23,0.78125,9.0
tic_tac_toe,"GA (NSGA-II, archived)",23,0.8125,13.0
tic_tac_toe,CART (ccp path),23,0.65625,1.0
tic_tac_toe,CART (ccp path),23,0.8541666666666666,17.0
tic_tac_toe,CART (ccp path),23,0.8854166666666666,35.0
tic_tac_toe,CART (ccp path),23,0.8958333333333334,63.0
tic_tac_toe,CART (ccp path),23,0.9166666666666666,97.0
tic_tac_toe,CART (ccp path),23,0.9375,105.0
tic_tac_toe,CART (ccp path),23,0.9479166666666666,129.0
tic_tac_toe,GA (NSGA-II),24,0.65625,1.0
tic_tac_toe,GA (NSGA-II),24,0.6770833333333334,9.0
tic_tac_toe,Random Search,24,0.65625,1.0
tic_tac_toe,Random Search,24,0.6666666666666666,5.0
tic_tac_toe,Random Search,24,0.6979166666666666,21.0
tic_tac_toe,"GA (NSGA-II, archived)",24,0.65625,1.0
tic_tac_toe,"GA (NSGA-II, archived)",24,0.6666666666666666,5.0
tic_tac_toe,"GA (NSGA-II, archived)",24,0.6875,11.0
tic_tac_toe,CART (ccp path),24,0.65625,1.0
tic_tac_toe,CART (ccp path),24,0.8125,17.0
tic_tac_toe,GA (NSGA-II),25,0.65625,1.0
tic_tac_toe,GA (NSGA-II),25,0.7083333333333334,5.0
tic_tac_toe,GA (NSGA-II),25,0.71875,7.0
tic_tac_toe,GA (NSGA-II),25,0.7604166666666666,9.0
tic_tac_toe,Random Search,25,0.65625,1.0
tic_tac_toe,Random Search,25,0.6875,5.0
tic_tac_toe,Random Search,25,0.75,7.0
tic_tac_toe,Random Search,25,0.7604166666666666,9.0
tic_tac_toe,"GA (NSGA-II, archived)",25,0.65625,1.0
tic_tac_toe,"GA (NSGA-II, archived)",25,0.6875,5.0
tic_tac_toe,"GA (NSGA-II, archived)",25,0.7604166666666666,9.0
tic_tac_toe,CART (ccp path),25,0.65625,1.0
tic_tac_toe,CART (ccp path),25,0.84375,15.0
tic_tac_toe,GA (NSGA-II),26,0.65625,1.0
tic_tac_toe,GA (NSGA-II),26,0.71875,7.0
tic_tac_toe,Random Search,26,0.65625,1.0
tic_tac_toe,Random Search,26,0.6979166666666666,11.0
tic_tac_toe,Random Search,26,0.7083333333333334,15.0
tic_tac_toe,Random Search,26,0.71875,17.0
tic_tac_toe,Random Search,26,0.7395833333333334,29.0
tic_tac_toe,"GA (NSGA-II, archived)",26,0.65625,1.0
tic_tac_toe,"GA (NSGA-II, archived)",26,0.6666666666666666,5.0
tic_tac_toe,"GA (NSGA-II, archived)",26,0.7291666666666666,7.0
tic_tac_toe,"GA (NSGA-II, archived)",26,0.7395833333333334,19.0
tic_tac_toe,"GA (NSGA-II, archived)",26,0.78125,23.0
tic_tac_toe,CART (ccp path),26,0.65625,1.0
tic_tac_toe,CART (ccp path),26,0.7708333333333334,15.0
tic_tac_toe,CART (ccp path),26,0.8541666666666666,41.0
tic_tac_toe,CART (ccp path),26,0.8645833333333334,75.0
tic_tac_toe,CART (ccp path),26,0.875,109.0
tic_tac_toe,CART (ccp path),26,0.8854166666666666,123.0
tic_tac_toe,GA (NSGA-II),27,0.6458333333333334,1.0
tic_tac_toe,GA (NSGA-II),27,0.6875,5.0
tic_tac_toe,GA (NSGA-II),27,0.7708333333333334,7.0
tic_tac_toe,Random Search,27,0.6458333333333334,1.0
tic_tac_toe,Random Search,27,0.7291666666666666,5.0
tic_tac_toe,Random Search,27,0.7708333333333334,9.0
tic_tac_toe,Random Search,27,0.8125,23.0
tic_tac_toe,"GA (NSGA-II, archived)",27,0.6458333333333334,1.0
tic_tac_toe,"GA (NSGA-II, archived)",27,0.6875,5.0
tic_tac_toe,"GA (NSGA-II, archived)",27,0.7708333333333334,7.0
tic_tac_toe,CART (ccp path),27,0.6458333333333334,1.0
tic_tac_toe,CART (ccp path),27,0.8229166666666666,17.0
tic_tac_toe,CART (ccp path),27,0.8333333333333334,31.0
tic_tac_toe,CART (ccp path),27,0.875,61.0
tic_tac_toe,CART (ccp path),27,0.9166666666666666,125.0
tic_tac_toe,CART (ccp path),27,0.9375,133.0
tic_tac_toe,CART (ccp path),27,0.9583333333333334,143.0
tic_tac_toe,GA (NSGA-II),28,0.6458333333333334,1.0
tic_tac_toe,GA (NSGA-II),28,0.71875,7.0
tic_tac_toe,GA (NSGA-II),28,0.7604166666666666,9.0
tic_tac_toe,Random Search,28,0.6458333333333334,1.0
tic_tac_toe,Random Search,28,0.65625,5.0
tic_tac_toe,Random Search,28,0.7291666666666666,13.0
tic_tac_toe,Random Search,28,0.75,45.0
tic_tac_toe,"GA (NSGA-II, archived)",28,0.6458333333333334,1.0
tic_tac_toe,"GA (NSGA-II, archived)",28,0.7291666666666666,7.0
tic_tac_toe,"GA (NSGA-II, archived)",28,0.7395833333333334,15.0
tic_tac_toe,CART (ccp path),28,0.6458333333333334,1.0
tic_tac_toe,CART (ccp path),28,0.8020833333333334,17.0
tic_tac_toe,CART (ccp path),28,0.8541666666666666,43.0
tic_tac_toe,CART (ccp path),28,0.8958333333333334,67.0
tic_tac_toe,CART (ccp path),28,0.9375,91.0
tic_tac_toe,GA (NSGA-II),29,0.6526315789473685,1.0
tic_tac_toe,GA (NSGA-II),29,0.7473684210526316,5.0
tic_tac_toe,GA (NSGA-II),29,0.7789473684210526,7.0
tic_tac_toe,GA (NSGA-II),29,0.8,11.0
tic_tac_toe,Random Search,29,0.6526315789473685,1.0
tic_tac_toe,Random Search,29,0.7157894736842105,5.0
tic_tac_toe,Random Search,29,0.7684210526315789,15.0
tic_tac_toe,"GA (NSGA-II, archived)",29,0.6526315789473685,1.0
tic_tac_toe,"GA (NSGA-II, archived)",29,0.7473684210526316,5.0
tic_tac_toe,"GA (NSGA-II, archived)",29,0.7684210526315789,7.0
tic_tac_toe,"GA (NSGA-II, archived)",29,0.8210526315789474,11.0
tic_tac_toe,"GA (NSGA-II, archived)",29,0.8315789473684211,15.0
tic_tac_toe,CART (ccp path),29,0.6526315789473685,1.0
tic_tac_toe,CART (ccp path),29,0.7684210526315789,15.0
tic_tac_toe,CART (ccp path),29,0.8315789473684211,35.0
tic_tac_toe,CART (ccp path),29,0.8526315789473684,109.0
tic_tac_toe,CART (ccp path),29,0.8631578947368421,143.0
tic_tac_toe,GA (NSGA-II),30,0.6526315789473685,1.0
tic_tac_toe,GA (NSGA-II),30,0.6736842105263158,5.0
tic_tac_toe,GA (NSGA-II),30,0.7263157894736842,7.0
tic_tac_toe,Random Search,30,0.6526315789473685,1.0
tic_tac_toe,Random Search,30,0.6736842105263158,5.0
tic_tac_toe,Random Search,30,0.6842105263157895,15.0
tic_tac_toe,Random Search,30,0.6947368421052632,29.0
tic_tac_toe,"GA (NSGA-II, archived)",30,0.6526315789473685,1.0
tic_tac_toe,"GA (NSGA-II, archived)",30,0.6842105263157895,7.0
tic_tac_toe,CART (ccp path),30,0.6526315789473685,1.0
tic_tac_toe,CART (ccp path),30,0.7473684210526316,21.0
tic_tac_toe,CART (ccp path),30,0.7789473684210526,65.0
tic_tac_toe,CART (ccp path),30,0.8,89.0
vowel,GA (NSGA-II),1,0.09090909090909091,1.0
vowel,GA (NSGA-II),1,0.1717171717171717,3.0
vowel,GA (NSGA-II),1,0.25252525252525254,5.0
vowel,GA (NSGA-II),1,0.2727272727272727,7.0
vowel,GA (NSGA-II),1,0.36363636363636365,9.0
vowel,GA (NSGA-II),1,0.3939393939393939,11.0
vowel,GA (NSGA-II),1,0.41414141414141414,27.0
vowel,GA (NSGA-II),1,0.42424242424242425,31.0
vowel,Random Search,1,0.09090909090909091,1.0
vowel,Random Search,1,0.18181818181818182,3.0
vowel,Random Search,1,0.21212121212121213,5.0
vowel,Random Search,1,0.23232323232323232,11.0
vowel,Random Search,1,0.29292929292929293,13.0
vowel,Random Search,1,0.32323232323232326,45.0
vowel,Random Search,1,0.36363636363636365,59.0
vowel,"GA (NSGA-II, archived)",1,0.09090909090909091,1.0
vowel,"GA (NSGA-II, archived)",1,0.1717171717171717,3.0
vowel,"GA (NSGA-II, archived)",1,0.2222222222222222,5.0
vowel,"GA (NSGA-II, archived)",1,0.2727272727272727,7.0
vowel,"GA (NSGA-II, archived)",1,0.30303030303030304,9.0
vowel,"GA (NSGA-II, archived)",1,0.32323232323232326,11.0
vowel,"GA (NSGA-II, archived)",1,0.3333333333333333,15.0
vowel,CART (ccp path),1,0.09090909090909091,1.0
vowel,CART (ccp path),1,0.5555555555555556,21.0
vowel,CART (ccp path),1,0.7070707070707071,37.0
vowel,CART (ccp path),1,0.7171717171717171,71.0
vowel,CART (ccp path),1,0.7575757575757576,91.0
vowel,CART (ccp path),1,0.7878787878787878,107.0
vowel,CART (ccp path),1,0.8080808080808081,127.0
vowel,GA (NSGA-II),2,0.09090909090909091,1.0
vowel,GA (NSGA-II),2,0.18181818181818182,3.0
vowel,GA (NSGA-II),2,0.25252525252525254,5.0
vowel,GA (NSGA-II),2,0.31313131313131315,7.0
vowel,GA (NSGA-II),2,0.32323232323232326,9.0
vowel,GA (NSGA-II),2,0.35353535353535354,13.0
vowel,Random Search,2,0.09090909090909091,1.0
vowel,Random Search,2,0.1717171717171717,3.0
vowel,Random Search,2,0.1919191919191919,7.0
vowel,Random Search,2,0.23232323232323232,9.0
vowel,Random Search,2,0.26262626262626265,13.0
vowel,Random Search,2,0.32323232323232326,19.0
vowel,Random Search,2,0.3434343434343434,35.0
vowel,Random Search,2,0.3838383838383838,45.0
vowel,"GA (NSGA-II, archived)",2,0.09090909090909091,1.0
vowel,"GA (NSGA-II, archived)",2,0.1717171717171717,3.0
vowel,"GA (NSGA-II, archived)",2,0.20202020202020202,5.0
vowel,"GA (NSGA-II, archived)",2,0.2727272727272727,7.0
vowel,"GA (NSGA-II, archived)",2,0.32323232323232326,9.0
vowel,"GA (NSGA-II, archived)",2,0.3333333333333333,33.0
vowel,"GA (NSGA-II, archived)",2,0.35353535353535354,49.0
vowel,CART (ccp path),2,0.09090909090909091,1.0
vowel,CART (ccp path),2,0.4444444444444444,17.0
vowel,CART (ccp path),2,0.494949494949495,31.0
vowel,CART (ccp path),2,0.5555555555555556,47.0
vowel,CART (ccp path),2,0.6060606060606061,67.0
vowel,CART (ccp path),2,0.6666666666666666,83.0
vowel,CART (ccp path),2,0.696969696969697,99.0
vowel,CART (ccp path),2,0.7070707070707071,121.0
vowel,CART (ccp path),2,0.7575757575757576,135.0
vowel,CART (ccp path),2,0.7676767676767676,153.0
vowel,GA (NSGA-II),3,0.09090909090909091,1.0
vowel,GA (NSGA-II),3,0.18181818181818182,3.0
vowel,GA (NSGA-II),3,0.25252525252525254,5.0
vowel,GA (NSGA-II),3,0.2727272727272727,7.0
vowel,GA (NSGA-II),3,0.29292929292929293,9.0
vowel,GA (NSGA-II),3,0.35353535353535354,13.0
vowel,GA (NSGA-II),3,0.3838383838383838,15.0
vowel,Random Search,3,0.09090909090909091,1.0
vowel,Random Search,3,0.18181818181818182,3.0
vowel,Random Search,3,0.25252525252525254,7.0
vowel,Random Search,3,0.30303030303030304,15.0
vowel,Random Search,3,0.31313131313131315,21.0
vowel,Random Search,3,0.3333333333333333,43.0
vowel,"GA (NSGA-II, archived)",3,0.09090909090909091,1.0
vowel,"GA (NSGA-II, archived)",3,0.16161616161616163,3.0
vowel,"GA (NSGA-II, archived)",3,0.24242424242424243,5.0
vowel,"GA (NSGA-II, archived)",3,0.30303030303030304,7.0
vowel,"GA (NSGA-II, archived)",3,0.36363636363636365,9.0
vowel,"GA (NSGA-II, archived)",3,0.3838383838383838,11.0
vowel,"GA (NSGA-II, archived)",3,0.40404040404040403,13.0
vowel,"GA (NSGA-II, archived)",3,0.48484848484848486,15.0
vowel,CART (ccp path),3,0.09090909090909091,1.0
vowel,CART (ccp path),3,0.494949494949495,17.0
vowel,CART (ccp path),3,0.5454545454545454,31.0
vowel,CART (ccp path),3,0.6464646464646465,49.0
vowel,CART (ccp path),3,0.6868686868686869,79.0
vowel,CART (ccp path),3,0.7272727272727273,133.0
vowel,CART (ccp path),3,0.7676767676767676,157.0
vowel,CART (ccp path),3,0.7878787878787878,173.0
vowel,GA (NSGA-II),4,0.09090909090909091,1.0
vowel,GA (NSGA-II),4,0.1717171717171717,3.0
vowel,GA (NSGA-II),4,0.2222222222222222,5.0
vowel,GA (NSGA-II),4,0.31313131313131315,7.0
vowel,GA (NSGA-II),4,0.32323232323232326,9.0
vowel,GA (NSGA-II),4,0.3434343434343434,11.0
vowel,GA (NSGA-II),4,0.36363636363636365,13.0
vowel,GA (NSGA-II),4,0.37373737373737376,17.0
vowel,GA (NSGA-II),4,0.40404040404040403,23.0
vowel,Random Search,4,0.09090909090909091,1.0
vowel,Random Search,4,0.18181818181818182,3.0
vowel,Random Search,4,0.1919191919191919,5.0
vowel,Random Search,4,0.21212121212121213,7.0
vowel,Random Search,4,0.31313131313131315,19.0
vowel,Random Search,4,0.35353535353535354,29.0
vowel,Random Search,4,0.36363636363636365,45.0
vowel,"GA (NSGA-II, archived)",4,0.09090909090909091,1.0
vowel,"GA (NSGA-II, archived)",4,0.18181818181818182,3.0
vowel,"GA (NSGA-II, archived)",4,0.26262626262626265,5.0
vowel,"GA (NSGA-II, archived)",4,0.30303030303030304,7.0
vowel,"GA (NSGA-II, archived)",4,0.3333333333333333,9.0
vowel,"GA (NSGA-II, archived)",4,0.3434343434343434,19.0
vowel,"GA (NSGA-II, archived)",4,0.35353535353535354,21.0
vowel,CART (ccp path),4,0.09090909090909091,1.0
vowel,CART (ccp path),4,0.5151515151515151,23.0
vowel,CART (ccp path),4,0.5656565656565656,39.0
vowel,CART (ccp path),4,0.5858585858585859,53.0
vowel,CART (ccp path),4,0.6262626262626263,69.0
vowel,CART (ccp path),4,0.6666666666666666,87.0
vowel,CART (ccp path),4,0.7272727272727273,103.0
vowel,CART (ccp path),4,0.7575757575757576,119.0
vowel,CART (ccp path),4,0.7878787878787878,145.0
vowel,GA (NSGA-II),5,0.09090909090909091,1.0
vowel,GA (NSGA-II),5,0.18181818181818182,3.0
vowel,GA (NSGA-II),5,0.26262626262626265,5.0
vowel,GA (NSGA-II),5,0.31313131313131315,7.0
vowel,GA (NSGA-II),5,0.3434343434343434,9.0
vowel,Random Search,5,0.09090909090909091,1.0
vowel,Random Search,5,0.18181818181818182,3.0
vowel,Random Search,5,0.23232323232323232,5.0
vowel,Random Search,5,0.25252525252525254,7.0
vowel,Random Search,5,0.36363636363636365,13.0
vowel,"GA (NSGA-II, archived)",5,0.09090909090909091,1.0
vowel,"GA (NSGA-II, archived)",5,0.1717171717171717,3.0
vowel,"GA (NSGA-II, archived)",5,0.26262626262626265,5.0
vowel,"GA (NSGA-II, archived)",5,0.2828282828282828,7.0
vowel,"GA (NSGA-II, archived)",5,0.29292929292929293,9.0
vowel,"GA (NSGA-II, archived)",5,0.30303030303030304,11.0
vowel,"GA (NSGA-II, archived)",5,0.32323232323232326,23.0
vowel,"GA (NSGA-II, archived)",5,0.35353535353535354,25.0
vowel,CART (ccp path),5,0.09090909090909091,1.0
vowel,CART (ccp path),5,0.48484848484848486,19.0
vowel,CART (ccp path),5,0.6060606060606061,33.0
vowel,CART (ccp path),5,0.6161616161616161,49.0
vowel,CART (ccp path),5,0.6363636363636364,69.0
vowel,CART (ccp path),5,0.7272727272727273,87.0
vowel,CART (ccp path),5,0.7676767676767676,107.0
vowel,CART (ccp path),5,0.7777777777777778,125.0
vowel,CART (ccp path),5,0.8080808080808081,139.0
vowel,CART (ccp path),5,0.8282828282828283,157.0
vowel,GA (NSGA-II),6,0.09090909090909091,1.0
vowel,GA (NSGA-II),6,0.1717171717171717,3.0
vowel,GA (NSGA-II),6,0.24242424242424243,5.0
vowel,GA (NSGA-II),6,0.2727272727272727,7.0
vowel,GA (NSGA-II),6,0.30303030303030304,13.0
vowel,GA (NSGA-II),6,0.3434343434343434,21.0
vowel,Random Search,6,0.09090909090909091,1.0
vowel,Random Search,6,0.1717171717171717,3.0
vowel,Random Search,6,0.21212121212121213,5.0
vowel,Random Search,6,0.23232323232323232,11.0
vowel,Random Search,6,0.31313131313131315,13.0
vowel,Random Search,6,0.3434343434343434,33.0
vowel,"GA (NSGA-II, archived)",6,0.09090909090909091,1.0
vowel,"GA (NSGA-II, archived)",6,0.1717171717171717,3.0
vowel,"GA (NSGA-II, archived)",6,0.24242424242424243,5.0
vowel,"GA (NSGA-II, archived)",6,0.29292929292929293,7.0
vowel,"GA (NSGA-II, archived)",6,0.30303030303030304,11.0
vowel,"GA (NSGA-II, archived)",6,0.32323232323232326,15.0
vowel,CART (ccp path),6,0.09090909090909091,1.0
vowel,CART (ccp path),6,0.47474747474747475,17.0
vowel,CART (ccp path),6,0.5656565656565656,37.0
vowel,CART (ccp path),6,0.6060606060606061,55.0
vowel,CART (ccp path),6,0.6464646464646465,89.0
vowel,CART (ccp path),6,0.6868686868686869,107.0
vowel,CART (ccp path),6,0.7171717171717171,129.0
vowel,CART (ccp path),6,0.7272727272727273,149.0
vowel,CART (ccp path),6,0.7575757575757576,167.0
vowel,CART (ccp path),6,0.7777777777777778,187.0
vowel,GA (NSGA-II),7,0.09090909090909091,1.0
vowel,GA (NSGA-II),7,0.18181818181818182,3.0
vowel,GA (NSGA-II),7,0.25252525252525254,5.0
vowel,GA (NSGA-II),7,0.32323232323232326,7.0
vowel,GA (NSGA-II),7,0.35353535353535354,9.0
vowel,GA (NSGA-II),7,0.37373737373737376,17.0
vowel,Random Search,7,0.09090909090909091,1.0
vowel,Random Search,7,0.16161616161616163,3.0
vowel,Random Search,7,0.23232323232323232,5.0
vowel,Random Search,7,0.25252525252525254,7.0
vowel,Random Search,7,0.26262626262626265,15.0
vowel,Random Search,7,0.31313131313131315,27.0
vowel,Random Search,7,0.41414141414141414,57.0
vowel,"GA (NSGA-II, archived)",7,0.09090909090909091,1.0
vowel,"GA (NSGA-II, archived)",7,0.18181818181818182,3.0
vowel,"GA (NSGA-II, archived)",7,0.2222222222222222,5.0
vowel,"GA (NSGA-II, archived)",7,0.26262626262626265,9.0
vowel,"GA (NSGA-II, archived)",7,0.30303030303030304,11.0
vowel,"GA (NSGA-II, archived)",7,0.32323232323232326,13.0
vowel,"GA (NSGA-II, archived)",7,0.35353535353535354,15.0
vowel,"GA (NSGA-II, archived)",7,0.37373737373737376,17.0
vowel,"GA (NSGA-II, archived)",7,0.41414141414141414,33.0
vowel,"GA (NSGA-II, archived)",7,0.4444444444444444,39.0
vowel,CART (ccp path),7,0.09090909090909091,1.0
vowel,CART (ccp path),7,0.4444444444444444,17.0
vowel,CART (ccp path),7,0.5252525252525253,35.0
vowel,CART (ccp path),7,0.5454545454545454,49.0
vowel,CART (ccp path),7,0.6262626262626263,69.0
vowel,CART (ccp path),7,0.7070707070707071,89.0
vowel,CART (ccp path),7,0.7373737373737373,103.0
vowel,CART (ccp path),7,0.7676767676767676,123.0
vowel,CART (ccp path),7,0.7777777777777778,143.0
vowel,CART (ccp path),7,0.8080808080808081,157.0
vowel,GA (NSGA-II),8,0.09090909090909091,1.0
vowel,GA (NSGA-II),8,0.16161616161616163,3.0
vowel,GA (NSGA-II),8,0.25252525252525254,5.0
vowel,GA (NSGA-II),8,0.30303030303030304,9.0
vowel,GA (NSGA-II),8,0.31313131313131315,27.0
vowel,GA (NSGA-II),8,0.32323232323232326,29.0
vowel,GA (NSGA-II),8,0.37373737373737376,57.0
vowel,GA (NSGA-II),8,0.3939393939393939,65.0
vowel,Random Search,8,0.09090909090909091,1.0
vowel,Random Search,8,0.16161616161616163,3.0
vowel,Random Search,8,0.18181818181818182,5.0
vowel,Random Search,8,0.25252525252525254,11.0
vowel,Random Search,8,0.2828282828282828,29.0
vowel,Random Search,8,0.35353535353535354,51.0
vowel,"GA (NSGA-II, archived)",8,0.09090909090909091,1.0
vowel,"GA (NSGA-II, archived)",8,0.18181818181818182,3.0
vowel,"GA (NSGA-II, archived)",8,0.24242424242424243,5.0
vowel,"GA (NSGA-II, archived)",8,0.2828282828282828,7.0
vowel,"GA (NSGA-II, archived)",8,0.30303030303030304,9.0
vowel,"GA (NSGA-II, archived)",8,0.3434343434343434,11.0
vowel,"GA (NSGA-II, archived)",8,0.35353535353535354,13.0
vowel,CART (ccp path),8,0.09090909090909091,1.0
vowel,CART (ccp path),8,0.41414141414141414,17.0
vowel,CART (ccp path),8,0.5757575757575758,37.0
vowel,CART (ccp path),8,0.6060606060606061,55.0
vowel,CART (ccp path),8,0.6868686868686869,73.0
vowel,CART (ccp path),8,0.7070707070707071,89.0
vowel,CART (ccp path),8,0.7373737373737373,103.0
vowel,CART (ccp path),8,0.7474747474747475,171.0
vowel,GA (NSGA-II),9,0.09090909090909091,1.0
vowel,GA (NSGA-II),9,0.15151515151515152,3.0
vowel,GA (NSGA-II),9,0.20202020202020202,5.0
vowel,GA (NSGA-II),9,0.25252525252525254,7.0
vowel,GA (NSGA-II),9,0.2727272727272727,11.0
vowel,GA (NSGA-II),9,0.30303030303030304,13.0
vowel,GA (NSGA-II),9,0.3333333333333333,27.0
vowel,Random Search,9,0.09090909090909091,1.0
vowel,Random Search,9,0.15151515151515152,3.0
vowel,Random Search,9,0.20202020202020202,5.0
vowel,Random Search,9,0.2222222222222222,13.0
vowel,Random Search,9,0.26262626262626265,17.0
vowel,Random Search,9,0.2828282828282828,19.0
vowel,Random Search,9,0.35353535353535354,55.0
vowel,"GA (NSGA-II, archived)",9,0.09090909090909091,1.0
vowel,"GA (NSGA-II, archived)",9,0.15151515151515152,3.0
vowel,"GA (NSGA-II, archived)",9,0.24242424242424243,5.0
vowel,"GA (NSGA-II, archived)",9,0.30303030303030304,7.0
vowel,"GA (NSGA-II, archived)",9,0.31313131313131315,11.0
vowel,"GA (NSGA-II, archived)",9,0.3838383838383838,15.0
vowel,"GA (NSGA-II, archived)",9,0.3939393939393939,23.0
vowel,CART (ccp path),9,0.09090909090909091,1.0
vowel,CART (ccp path),9,0.47474747474747475,21.0
vowel,CART (ccp path),9,0.5656565656565656,37.0
vowel,CART (ccp path),9,0.5959595959595959,55.0
vowel,CART (ccp path),9,0.6464646464646465,73.0
vowel,CART (ccp path),9,0.6565656565656566,91.0
vowel,CART (ccp path),9,0.6767676767676768,127.0
vowel,CART (ccp path),9,0.6868686868686869,187.0
vowel,GA (NSGA-II),10,0.09090909090909091,1.0
vowel,GA (NSGA-II),10,0.18181818181818182,3.0
vowel,GA (NSGA-II),10,0.26262626262626265,5.0
vowel,GA (NSGA-II),10,0.30303030303030304,7.0
vowel,GA (NSGA-II),10,0.35353535353535354,9.0
vowel,GA (NSGA-II),10,0.37373737373737376,15.0
vowel,GA (NSGA-II),10,0.40404040404040403,23.0
vowel,GA (NSGA-II),10,0.41414141414141414,27.0
vowel,Random Search,10,0.09090909090909091,1.0
vowel,Random Search,10,0.18181818181818182,3.0
vowel,Random Search,10,0.1919191919191919,5.0
vowel,Random Search,10,0.20202020202020202,9.0
vowel,Random Search,10,0.26262626262626265,13.0
vowel,Random Search,10,0.2727272727272727,17.0
vowel,Random Search,10,0.2828282828282828,25.0
vowel,Random Search,10,0.30303030303030304,31.0
vowel,Random Search,10,0.3333333333333333,43.0
vowel,Random Search,10,0.3838383838383838,61.0
vowel,"GA (NSGA-II, archived)",10,0.09090909090909091,1.0
vowel,"GA (NSGA-II, archived)",10,0.18181818181818182,3.0
vowel,"GA (NSGA-II, archived)",10,0.21212121212121213,5.0
vowel,"GA (NSGA-II, archived)",10,0.30303030303030304,7.0
vowel,"GA (NSGA-II, archived)",10,0.3434343434343434,11.0
vowel,"GA (NSGA-II, archived)",10,0.35353535353535354,13.0
vowel,"GA (NSGA-II, archived)",10,0.41414141414141414,25.0
vowel,CART (ccp path),10,0.09090909090909091,1.0
vowel,CART (ccp path),10,0.5454545454545454,21.0
vowel,CART (ccp path),10,0.6565656565656566,37.0
vowel,CART (ccp path),10,0.6666666666666666,51.0
vowel,CART (ccp path),10,0.696969696969697,69.0
vowel,CART (ccp path),10,0.7373737373737373,105.0
vowel,CART (ccp path),10,0.7474747474747475,119.0
vowel,CART (ccp path),10,0.797979797979798,139.0
vowel,CART (ccp path),10,0.8484848484848485,161.0
vowel,GA (NSGA-II),11,0.09090909090909091,1.0
vowel,GA (NSGA-II),11,0.1717171717171717,3.0
vowel,GA (NSGA-II),11,0.26262626262626265,5.0
vowel,GA (NSGA-II),11,0.29292929292929293,7.0
vowel,GA (NSGA-II),11,0.32323232323232326,9.0
vowel,GA (NSGA-II),11,0.3434343434343434,13.0
vowel,Random Search,11,0.09090909090909091,1.0
vowel,Random Search,11,0.1717171717171717,3.0
vowel,Random Search,11,0.23232323232323232,5.0
vowel,Random Search,11,0.24242424242424243,9.0
vowel,Random Search,11,0.2727272727272727,17.0
vowel,Random Search,11,0.37373737373737376,27.0
vowel,"GA (NSGA-II, archived)",11,0.09090909090909091,1.0
vowel,"GA (NSGA-II, archived)",11,0.18181818181818182,3.0
vowel,"GA (NSGA-II, archived)",11,0.2727272727272727,5.0
vowel,"GA (NSGA-II, archived)",11,0.3333333333333333,7.0
vowel,"GA (NSGA-II, archived)",11,0.40404040404040403,9.0
vowel,"GA (NSGA-II, archived)",11,0.42424242424242425,23.0
vowel,CART (ccp path),11,0.09090909090909091,1.0
vowel,CART (ccp path),11,0.46464646464646464,17.0
vowel,CART (ccp path),11,0.5454545454545454,33.0
vowel,CART (ccp path),11,0.6060606060606061,49.0
vowel,CART (ccp path),11,0.6262626262626263,65.0
vowel,CART (ccp path),11,0.6666666666666666,89.0
vowel,CART (ccp path),11,0.7272727272727273,109.0
vowel,CART (ccp path),11,0.7373737373737373,127.0
vowel,GA (NSGA-II),12,0.09090909090909091,1.0
vowel,GA (NSGA-II),12,0.1717171717171717,3.0
vowel,GA (NSGA-II),12,0.25252525252525254,5.0
vowel,GA (NSGA-II),12,0.2727272727272727,7.0
vowel,GA (NSGA-II),12,0.3333333333333333,9.0
vowel,GA (NSGA-II),12,0.3434343434343434,11.0
vowel,Random Search,12,0.09090909090909091,1.0
vowel,Random Search,12,0.1717171717171717,3.0
vowel,Random Search,12,0.21212121212121213,5.0
vowel,Random Search,12,0.25252525252525254,7.0
vowel,Random Search,12,0.2727272727272727,9.0
vowel,Random Search,12,0.2828282828282828,15.0
vowel,Random Search,12,0.30303030303030304,27.0
vowel,Random Search,12,0.31313131313131315,39.0
vowel,"GA (NSGA-II, archived)",12,0.09090909090909091,1.0
vowel,"GA (NSGA-II, archived)",12,0.18181818181818182,3.0
vowel,"GA (NSGA-II, archived)",12,0.26262626262626265,5.0
vowel,"GA (NSGA-II, archived)",12,0.3939393939393939,9.0
vowel,"GA (NSGA-II, archived)",12,0.41414141414141414,13.0
vowel,CART (ccp path),12,0.09090909090909091,1.0
vowel,CART (ccp path),12,0.45454545454545453,21.0
vowel,CART (ccp path),12,0.6060606060606061,39.0
vowel,CART (ccp path),12,0.6565656565656566,71.0
vowel,CART (ccp path),12,0.7070707070707071,87.0
vowel,CART (ccp path),12,0.7676767676767676,103.0
vowel,GA (NSGA-II),13,0.09090909090909091,1.0
vowel,GA (NSGA-II),13,0.18181818181818182,3.0
vowel,GA (NSGA-II),13,0.26262626262626265,5.0
vowel,GA (NSGA-II),13,0.3434343434343434,7.0
vowel,GA (NSGA-II),13,0.37373737373737376,9.0
vowel,GA (NSGA-II),13,0.3939393939393939,13.0
vowel,GA (NSGA-II),13,0.45454545454545453,17.0
vowel,Random Search,13,0.09090909090909091,1.0
vowel,Random Search,13,0.18181818181818182,3.0
vowel,Random Search,13,0.23232323232323232,7.0
vowel,Random Search,13,0.2727272727272727,15.0
vowel,Random Search,13,0.35353535353535354,17.0
vowel,Random Search,13,0.37373737373737376,27.0
vowel,"GA (NSGA-II, archived)",13,0.09090909090909091,1.0
vowel,"GA (NSGA-II, archived)",13,0.18181818181818182,3.0
vowel,"GA (NSGA-II, archived)",13,0.26262626262626265,5.0
vowel,"GA (NSGA-II, archived)",13,0.29292929292929293,7.0
vowel,"GA (NSGA-II, archived)",13,0.35353535353535354,9.0
vowel,"GA (NSGA-II, archived)",13,0.3939393939393939,23.0
vowel,"GA (NSGA-II, archived)",13,0.41414141414141414,27.0
vowel,CART (ccp path),13,0.09090909090909091,1.0
vowel,CART (ccp path),13,0.5050505050505051,17.0
vowel,CART (ccp path),13,0.5353535353535354,33.0
vowel,CART (ccp path),13,0.5858585858585859,47.0
vowel,CART (ccp path),13,0.6666666666666666,71.0
vowel,CART (ccp path),13,0.7373737373737373,105.0
vowel,CART (ccp path),13,0.7575757575757576,119.0
vowel,CART (ccp path),13,0.797979797979798,143.0
vowel,GA (NSGA-II),14,0.09090909090909091,1.0
vowel,GA (NSGA-II),14,0.18181818181818182,3.0
vowel,GA (NSGA-II),14,0.24242424242424243,5.0
vowel,GA (NSGA-II),14,0.25252525252525254,7.0
vowel,GA (NSGA-II),14,0.26262626262626265,9.0
vowel,GA (NSGA-II),14,0.32323232323232326,11.0
vowel,GA (NSGA-II),14,0.35353535353535354,15.0
vowel,GA (NSGA-II),14,0.36363636363636365,39.0
vowel,Random Search,14,0.09090909090909091,1.0
vowel,Random Search,14,0.1717171717171717,3.0
vowel,Random Search,14,0.21212121212121213,5.0
vowel,Random Search,14,0.24242424242424243,13.0
vowel,Random Search,14,0.31313131313131315,19.0
vowel,Random Search,14,0.41414141414141414,57.0
vowel,"GA (NSGA-II, archived)",14,0.09090909090909091,1.0
vowel,"GA (NSGA-II, archived)",14,0.16161616161616163,3.0
vowel,"GA (NSGA-II, archived)",14,0.2222222222222222,5.0
vowel,"GA (NSGA-II, archived)",14,0.2727272727272727,7.0
vowel,"GA (NSGA-II, archived)",14,0.29292929292929293,9.0
vowel,"GA (NSGA-II, archived)",14,0.36363636363636365,11.0
vowel,"GA (NSGA-II, archived)",14,0.3838383838383838,15.0
vowel,CART (ccp path),14,0.09090909090909091,1.0
vowel,CART (ccp path),14,0.45454545454545453,19.0
vowel,CART (ccp path),14,0.5454545454545454,37.0
vowel,CART (ccp path),14,0.6565656565656566,53.0
vowel,CART (ccp path),14,0.6666666666666666,67.0
vowel,CART (ccp path),14,0.6868686868686869,91.0
vowel,CART (ccp path),14,0.696969696969697,135.0
vowel,CART (ccp path),14,0.7272727272727273,153.0
vowel,CART (ccp path),14,0.7474747474747475,173.0
vowel,GA (NSGA-II),15,0.09090909090909091,1.0
vowel,GA (NSGA-II),15,0.18181818181818182,3.0
vowel,GA (NSGA-II),15,0.20202020202020202,5.0
vowel,GA (NSGA-II),15,0.2828282828282828,7.0
vowel,GA (NSGA-II),15,0.32323232323232326,9.0
vowel,GA (NSGA-II),15,0.35353535353535354,15.0
vowel,Random Search,15,0.09090909090909091,1.0
vowel,Random Search,15,0.16161616161616163,3.0
vowel,Random Search,15,0.21212121212121213,5.0
vowel,Random Search,15,0.26262626262626265,9.0
vowel,Random Search,15,0.3333333333333333,23.0
vowel,Random Search,15,0.36363636363636365,55.0
vowel,Random Search,15,0.3838383838383838,61.0
vowel,"GA (NSGA-II, archived)",15,0.09090909090909091,1.0
vowel,"GA (NSGA-II, archived)",15,0.1717171717171717,3.0
vowel,"GA (NSGA-II, archived)",15,0.25252525252525254,5.0
vowel,"GA (NSGA-II, archived)",15,0.2727272727272727,7.0
vowel,"GA (NSGA-II, archived)",15,0.29292929292929293,9.0
vowel,"GA (NSGA-II, archived)",15,0.37373737373737376,11.0
vowel,"GA (NSGA-II, archived)",15,0.40404040404040403,15.0
vowel,"GA (NSGA-II, archived)",15,0.41414141414141414,17.0
vowel,"GA (NSGA-II, archived)",15,0.43434343434343436,19.0
vowel,"GA (NSGA-II, archived)",15,0.45454545454545453,27.0
vowel,CART (ccp path),15,0.09090909090909091,1.0
vowel,CART (ccp path),15,0.48484848484848486,21.0
vowel,CART (ccp path),15,0.5858585858585859,39.0
vowel,CART (ccp path),15,0.7171717171717171,57.0
vowel,CART (ccp path),15,0.7575757575757576,73.0
vowel,GA (NSGA-II),16,0.09090909090909091,1.0
vowel,GA (NSGA-II),16,0.18181818181818182,3.0
vowel,GA (NSGA-II),16,0.21212121212121213,5.0
vowel,GA (NSGA-II),16,0.25252525252525254,7.0
vowel,GA (NSGA-II),16,0.31313131313131315,9.0
vowel,GA (NSGA-II),16,0.32323232323232326,13.0
vowel,GA (NSGA-II),16,0.3434343434343434,19.0
vowel,GA (NSGA-II),16,0.35353535353535354,47.0
vowel,Random Search,16,0.09090909090909091,1.0
vowel,Random Search,16,0.15151515151515152,3.0
vowel,Random Search,16,0.23232323232323232,5.0
vowel,Random Search,16,0.2727272727272727,11.0
vowel,Random Search,16,0.2828282828282828,25.0
vowel,Random Search,16,0.36363636363636365,59.0
vowel,"GA (NSGA-II, archived)",16,0.09090909090909091,1.0
vowel,"GA (NSGA-II, archived)",16,0.16161616161616163,3.0
vowel,"GA (NSGA-II, archived)",16,0.21212121212121213,5.0
vowel,"GA (NSGA-II, archived)",16,0.30303030303030304,7.0
vowel,"GA (NSGA-II, archived)",16,0.3333333333333333,21.0
vowel,"GA (NSGA-II, archived)",16,0.3434343434343434,41.0
vowel,CART (ccp path),16,0.09090909090909091,1.0
vowel,CART (ccp path),16,0.494949494949495,21.0
vowel,CART (ccp path),16,0.696969696969697,39.0
vowel,CART (ccp path),16,0.7272727272727273,57.0
vowel,CART (ccp path),16,0.7676767676767676,71.0
vowel,CART (ccp path),16,0.797979797979798,89.0
vowel,CART (ccp path),16,0.8484848484848485,105.0
vowel,CART (ccp path),16,0.8585858585858586,159.0
vowel,GA (NSGA-II),17,0.09090909090909091,1.0
vowel,GA (NSGA-II),17,0.18181818181818182,3.0
vowel,GA (NSGA-II),17,0.2727272727272727,5.0
vowel,GA (NSGA-II),17,0.30303030303030304,7.0
vowel,Random Search,17,0.09090909090909091,1.0
vowel,Random Search,17,0.18181818181818182,3.0
vowel,Random Search,17,0.2222222222222222,7.0
vowel,Random Search,17,0.2828282828282828,13.0
vowel,Random Search,17,0.35353535353535354,27.0
vowel,"GA (NSGA-II, archived)",17,0.09090909090909091,1.0
vowel,"GA (NSGA-II, archived)",17,0.18181818181818182,3.0
vowel,"GA (NSGA-II, archived)",17,0.2727272727272727,5.0
vowel,"GA (NSGA-II, archived)",17,0.2828282828282828,7.0
vowel,"GA (NSGA-II, archived)",17,0.29292929292929293,9.0
vowel,"GA (NSGA-II, archived)",17,0.32323232323232326,11.0
vowel,"GA (NSGA-II, archived)",17,0.35353535353535354,27.0
vowel,"GA (NSGA-II, archived)",17,0.37373737373737376,37.0
vowel,CART (ccp path),17,0.09090909090909091,1.0
vowel,CART (ccp path),17,0.5050505050505051,19.0
vowel,CART (ccp path),17,0.5757575757575758,33.0
vowel,CART (ccp path),17,0.6161616161616161,53.0
vowel,CART (ccp path),17,0.6464646464646465,69.0
vowel,CART (ccp path),17,0.6868686868686869,89.0
vowel,CART (ccp path),17,0.7272727272727273,123.0
vowel,CART (ccp path),17,0.7373737373737373,169.0
vowel,GA (NSGA-II),18,0.09090909090909091,1.0
vowel,GA (NSGA-II),18,0.1717171717171717,3.0
vowel,GA (NSGA-II),18,0.2727272727272727,5.0
vowel,GA (NSGA-II),18,0.2828282828282828,7.0
vowel,GA (NSGA-II),18,0.31313131313131315,9.0
vowel,GA (NSGA-II),18,0.3333333333333333,11.0
vowel,GA (NSGA-II),18,0.35353535353535354,13.0
vowel,GA (NSGA-II),18,0.37373737373737376,19.0
vowel,Random Search,18,0.09090909090909091,1.0
vowel,Random Search,18,0.18181818181818182,3.0
vowel,Random Search,18,0.1919191919191919,5.0
vowel,Random Search,18,0.2222222222222222,7.0
vowel,Random Search,18,0.26262626262626265,11.0
vowel,Random Search,18,0.29292929292929293,21.0
vowel,Random Search,18,0.3434343434343434,23.0
vowel,"GA (NSGA-II, archived)",18,0.09090909090909091,1.0
vowel,"GA (NSGA-II, archived)",18,0.16161616161616163,3.0
vowel,"GA (NSGA-II, archived)",18,0.21212121212121213,5.0
vowel,"GA (NSGA-II, archived)",18,0.2727272727272727,7.0
vowel,"GA (NSGA-II, archived)",18,0.2828282828282828,9.0
vowel,"GA (NSGA-II, archived)",18,0.29292929292929293,11.0
vowel,"GA (NSGA-II, archived)",18,0.30303030303030304,13.0
vowel,"GA (NSGA-II, archived)",18,0.31313131313131315,15.0
vowel,"GA (NSGA-II, archived)",18,0.32323232323232326,17.0
vowel,"GA (NSGA-II, archived)",18,0.3434343434343434,29.0
vowel,CART (ccp path),18,0.09090909090909091,1.0
vowel,CART (ccp path),18,0.5050505050505051,21.0
vowel,CART (ccp path),18,0.5757575757575758,37.0
vowel,CART (ccp path),18,0.6464646464646465,55.0
vowel,CART (ccp path),18,0.6666666666666666,71.0
vowel,CART (ccp path),18,0.6868686868686869,89.0
vowel,CART (ccp path),18,0.7070707070707071,111.0
vowel,CART (ccp path),18,0.7676767676767676,133.0
vowel,CART (ccp path),18,0.7878787878787878,147.0
vowel,GA (NSGA-II),19,0.09090909090909091,1.0
vowel,GA (NSGA-II),19,0.1717171717171717,3.0
vowel,GA (NSGA-II),19,0.25252525252525254,5.0
vowel,GA (NSGA-II),19,0.31313131313131315,7.0
vowel,GA (NSGA-II),19,0.3838383838383838,11.0
vowel,GA (NSGA-II),19,0.3939393939393939,17.0
vowel,GA (NSGA-II),19,0.41414141414141414,23.0
vowel,GA (NSGA-II),19,0.43434343434343436,29.0
vowel,Random Search,19,0.09090909090909091,1.0
vowel,Random Search,19,0.18181818181818182,3.0
vowel,Random Search,19,0.2222222222222222,7.0
vowel,Random Search,19,0.2828282828282828,11.0
vowel,Random Search,19,0.3434343434343434,39.0
vowel,"GA (NSGA-II, archived)",19,0.09090909090909091,1.0
vowel,"GA (NSGA-II, archived)",19,0.1717171717171717,3.0
vowel,"GA (NSGA-II, archived)",19,0.24242424242424243,5.0
vowel,"GA (NSGA-II, archived)",19,0.2727272727272727,7.0
vowel,"GA (NSGA-II, archived)",19,0.32323232323232326,9.0
vowel,"GA (NSGA-II, archived)",19,0.37373737373737376,11.0
vowel,"GA (NSGA-II, archived)",19,0.3939393939393939,13.0
vowel,CART (ccp path),19,0.09090909090909091,1.0
vowel,CART (ccp path),19,0.45454545454545453,19.0
vowel,CART (ccp path),19,0.5959595959595959,37.0
vowel,CART (ccp path),19,0.6262626262626263,55.0
vowel,CART (ccp path),19,0.6767676767676768,71.0
vowel,CART (ccp path),19,0.7070707070707071,91.0
vowel,CART (ccp path),19,0.7373737373737373,107.0
vowel,CART (ccp path),19,0.7575757575757576,129.0
vowel,CART (ccp path),19,0.7676767676767676,169.0
vowel,GA (NSGA-II),20,0.09090909090909091,1.0
vowel,GA (NSGA-II),20,0.1717171717171717,3.0
vowel,GA (NSGA-II),20,0.25252525252525254,5.0
vowel,GA (NSGA-II),20,0.29292929292929293,7.0
vowel,GA (NSGA-II),20,0.32323232323232326,9.0
vowel,GA (NSGA-II),20,0.3333333333333333,27.0
vowel,GA (NSGA-II),20,0.37373737373737376,35.0
vowel,Random Search,20,0.09090909090909091,1.0
vowel,Random Search,20,0.1717171717171717,3.0
vowel,Random Search,20,0.20202020202020202,5.0
vowel,Random Search,20,0.23232323232323232,7.0
vowel,Random Search,20,0.30303030303030304,9.0
vowel,Random Search,20,0.35353535353535354,21.0
vowel,"GA (NSGA-II, archived)",20,0.09090909090909091,1.0
vowel,"GA (NSGA-II, archived)",20,0.1717171717171717,3.0
vowel,"GA (NSGA-II, archived)",20,0.24242424242424243,5.0
vowel,"GA (NSGA-II, archived)",20,0.30303030303030304,7.0
vowel,"GA (NSGA-II, archived)",20,0.32323232323232326,9.0
vowel,"GA (NSGA-II, archived)",20,0.3434343434343434,15.0
vowel,CART (ccp path),20,0.09090909090909091,1.0
vowel,CART (ccp path),20,0.48484848484848486,19.0
vowel,CART (ccp path),20,0.5858585858585859,35.0
vowel,CART (ccp path),20,0.6161616161616161,55.0
vowel,CART (ccp path),20,0.6464646464646465,71.0
vowel,CART (ccp path),20,0.6565656565656566,91.0
vowel,CART (ccp path),20,0.6666666666666666,107.0
vowel,CART (ccp path),20,0.696969696969697,123.0
vowel,CART (ccp path),20,0.7373737373737373,139.0
vowel,CART (ccp path),20,0.7474747474747475,161.0
vowel,GA (NSGA-II),21,0.09090909090909091,1.0
vowel,GA (NSGA-II),21,0.18181818181818182,3.0
vowel,GA (NSGA-II),21,0.21212121212121213,5.0
vowel,GA (NSGA-II),21,0.26262626262626265,7.0
vowel,GA (NSGA-II),21,0.2828282828282828,9.0
vowel,GA (NSGA-II),21,0.30303030303030304,11.0
vowel,GA (NSGA-II),21,0.37373737373737376,17.0
vowel,GA (NSGA-II),21,0.41414141414141414,27.0
vowel,GA (NSGA-II),21,0.43434343434343436,41.0
vowel,Random Search,21,0.09090909090909091,1.0
vowel,Random Search,21,0.18181818181818182,3.0
vowel,Random Search,21,0.21212121212121213,5.0
vowel,Random Search,21,0.24242424242424243,9.0
vowel,Random Search,21,0.2727272727272727,13.0
vowel,Random Search,21,0.2828282828282828,15.0
vowel,Random Search,21,0.32323232323232326,29.0
vowel,"GA (NSGA-II, archived)",21,0.09090909090909091,1.0
vowel,"GA (NSGA-II, archived)",21,0.1717171717171717,3.0
vowel,"GA (NSGA-II, archived)",21,0.24242424242424243,5.0
vowel,"GA (NSGA-II, archived)",21,0.2828282828282828,7.0
vowel,"GA (NSGA-II, archived)",21,0.3434343434343434,9.0
vowel,"GA (NSGA-II, archived)",21,0.37373737373737376,21.0
vowel,"GA (NSGA-II, archived)",21,0.3838383838383838,23.0
vowel,CART (ccp path),21,0.09090909090909091,1.0
vowel,CART (ccp path),21,0.5454545454545454,19.0
vowel,CART (ccp path),21,0.6060606060606061,37.0
vowel,CART (ccp path),21,0.6161616161616161,57.0
vowel,CART (ccp path),21,0.6767676767676768,73.0
vowel,CART (ccp path),21,0.696969696969697,89.0
vowel,CART (ccp path),21,0.7373737373737373,105.0
vowel,CART (ccp path),21,0.7575757575757576,141.0
vowel,CART (ccp path),21,0.7676767676767676,157.0
vowel,CART (ccp path),21,0.7777777777777778,171.0
vowel,GA (NSGA-II),22,0.09090909090909091,1.0
vowel,GA (NSGA-II),22,0.16161616161616163,3.0
vowel,GA (NSGA-II),22,0.20202020202020202,5.0
vowel,GA (NSGA-II),22,0.26262626262626265,7.0
vowel,GA (NSGA-II),22,0.3434343434343434,9.0
vowel,GA (NSGA-II),22,0.35353535353535354,23.0
vowel,GA (NSGA-II),22,0.36363636363636365,25.0
vowel,Random Search,22,0.09090909090909091,1.0
vowel,Random Search,22,0.16161616161616163,3.0
vowel,Random Search,22,0.1919191919191919,5.0
vowel,Random Search,22,0.2222222222222222,9.0
vowel,Random Search,22,0.25252525252525254,25.0
vowel,Random Search,22,0.3434343434343434,79.0
vowel,"GA (NSGA-II, archived)",22,0.09090909090909091,1.0
vowel,"GA (NSGA-II, archived)",22,0.18181818181818182,3.0
vowel,"GA (NSGA-II, archived)",22,0.21212121212121213,5.0
vowel,"GA (NSGA-II, archived)",22,0.25252525252525254,7.0
vowel,"GA (NSGA-II, archived)",22,0.30303030303030304,9.0
vowel,"GA (NSGA-II, archived)",22,0.31313131313131315,13.0
vowel,CART (ccp path),22,0.09090909090909091,1.0
vowel,CART (ccp path),22,0.41414141414141414,21.0
vowel,CART (ccp path),22,0.5454545454545454,39.0
vowel,CART (ccp path),22,0.6161616161616161,53.0
vowel,CART (ccp path),22,0.6868686868686869,71.0
vowel,CART (ccp path),22,0.7272727272727273,91.0
vowel,CART (ccp path),22,0.7474747474747475,107.0
vowel,CART (ccp path),22,0.7676767676767676,129.0
vowel,CART (ccp path),22,0.7777777777777778,151.0
vowel,GA (NSGA-II),23,0.09090909090909091,1.0
vowel,GA (NSGA-II),23,0.1414141414141414,3.0
vowel,GA (NSGA-II),23,0.20202020202020202,5.0
vowel,GA (NSGA-II),23,0.23232323232323232,7.0
vowel,GA (NSGA-II),23,0.2727272727272727,9.0
vowel,GA (NSGA-II),23,0.2828282828282828,13.0
vowel,GA (NSGA-II),23,0.29292929292929293,17.0
vowel,GA (NSGA-II),23,0.31313131313131315,23.0
vowel,GA (NSGA-II),23,0.3434343434343434,25.0
vowel,Random Search,23,0.09090909090909091,1.0
vowel,Random Search,23,0.1717171717171717,3.0
vowel,Random Search,23,0.1919191919191919,5.0
vowel,Random Search,23,0.23232323232323232,11.0
vowel,Random Search,23,0.2727272727272727,23.0
vowel,Random Search,23,0.29292929292929293,33.0
vowel,Random Search,23,0.4444444444444444,39.0
vowel,"GA (NSGA-II, archived)",23,0.09090909090909091,1.0
vowel,"GA (NSGA-II, archived)",23,0.18181818181818182,3.0
vowel,"GA (NSGA-II, archived)",23,0.25252525252525254,5.0
vowel,"GA (NSGA-II, archived)",23,0.2727272727272727,7.0
vowel,"GA (NSGA-II, archived)",23,0.29292929292929293,9.0
vowel,"GA (NSGA-II, archived)",23,0.3434343434343434,17.0
vowel,"GA (NSGA-II, archived)",23,0.3939393939393939,21.0
vowel,CART (ccp path),23,0.09090909090909091,1.0
vowel,CART (ccp path),23,0.47474747474747475,21.0
vowel,CART (ccp path),23,0.5858585858585859,37.0
vowel,CART (ccp path),23,0.6464646464646465,75.0
vowel,CART (ccp path),23,0.7070707070707071,95.0
vowel,CART (ccp path),23,0.7474747474747475,119.0
vowel,CART (ccp path),23,0.8080808080808081,137.0
vowel,GA (NSGA-II),24,0.09090909090909091,1.0
vowel,GA (NSGA-II),24,0.18181818181818182,3.0
vowel,GA (NSGA-II),24,0.25252525252525254,5.0
vowel,GA (NSGA-II),24,0.29292929292929293,7.0
vowel,GA (NSGA-II),24,0.30303030303030304,9.0
vowel,GA (NSGA-II),24,0.32323232323232326,19.0
vowel,Random Search,24,0.09090909090909091,1.0
vowel,Random Search,24,0.18181818181818182,3.0
vowel,Random Search,24,0.2222222222222222,7.0
vowel,Random Search,24,0.26262626262626265,13.0
vowel,Random Search,24,0.36363636363636365,25.0
vowel,"GA (NSGA-II, archived)",24,0.09090909090909091,1.0
vowel,"GA (NSGA-II, archived)",24,0.1717171717171717,3.0
vowel,"GA (NSGA-II, archived)",24,0.21212121212121213,5.0
vowel,"GA (NSGA-II, archived)",24,0.23232323232323232,9.0
vowel,"GA (NSGA-II, archived)",24,0.29292929292929293,11.0
vowel,"GA (NSGA-II, archived)",24,0.32323232323232326,15.0
vowel,CART (ccp path),24,0.09090909090909091,1.0
vowel,CART (ccp path),24,0.46464646464646464,17.0
vowel,CART (ccp path),24,0.5252525252525253,33.0
vowel,CART (ccp path),24,0.5959595959595959,47.0
vowel,CART (ccp path),24,0.6262626262626263,65.0
vowel,CART (ccp path),24,0.6565656565656566,99.0
vowel,CART (ccp path),24,0.6767676767676768,155.0
vowel,CART (ccp path),24,0.6868686868686869,171.0
vowel,GA (NSGA-II),25,0.09090909090909091,1.0
vowel,GA (NSGA-II),25,0.1717171717171717,3.0
vowel,GA (NSGA-II),25,0.24242424242424243,5.0
vowel,GA (NSGA-II),25,0.2828282828282828,7.0
vowel,GA (NSGA-II),25,0.3333333333333333,9.0
vowel,GA (NSGA-II),25,0.40404040404040403,19.0
vowel,Random Search,25,0.09090909090909091,1.0
vowel,Random Search,25,0.1717171717171717,3.0
vowel,Random Search,25,0.21212121212121213,5.0
vowel,Random Search,25,0.2222222222222222,7.0
vowel,Random Search,25,0.2828282828282828,13.0
vowel,Random Search,25,0.37373737373737376,35.0
vowel,"GA (NSGA-II, archived)",25,0.09090909090909091,1.0
vowel,"GA (NSGA-II, archived)",25,0.1717171717171717,3.0
vowel,"GA (NSGA-II, archived)",25,0.21212121212121213,5.0
vowel,"GA (NSGA-II, archived)",25,0.2828282828282828,7.0
vowel,"GA (NSGA-II, archived)",25,0.3434343434343434,9.0
vowel,"GA (NSGA-II, archived)",25,0.37373737373737376,11.0
vowel,"GA (NSGA-II, archived)",25,0.3838383838383838,13.0
vowel,"GA (NSGA-II, archived)",25,0.3939393939393939,17.0
vowel,"GA (NSGA-II, archived)",25,0.45454545454545453,31.0
vowel,CART (ccp path),25,0.09090909090909091,1.0
vowel,CART (ccp path),25,0.4444444444444444,17.0
vowel,CART (ccp path),25,0.5555555555555556,33.0
vowel,CART (ccp path),25,0.6060606060606061,49.0
vowel,CART (ccp path),25,0.6767676767676768,73.0
vowel,CART (ccp path),25,0.696969696969697,87.0
vowel,CART (ccp path),25,0.7070707070707071,105.0
vowel,CART (ccp path),25,0.7272727272727273,125.0
vowel,CART (ccp path),25,0.7474747474747475,139.0
vowel,CART (ccp path),25,0.7878787878787878,157.0
vowel,CART (ccp path),25,0.797979797979798,173.0
vowel,GA (NSGA-II),26,0.09090909090909091,1.0
vowel,GA (NSGA-II),26,0.1717171717171717,3.0
vowel,GA (NSGA-II),26,0.24242424242424243,5.0
vowel,GA (NSGA-II),26,0.31313131313131315,7.0
vowel,GA (NSGA-II),26,0.3434343434343434,9.0
vowel,GA (NSGA-II),26,0.35353535353535354,11.0
vowel,GA (NSGA-II),26,0.41414141414141414,19.0
vowel,GA (NSGA-II),26,0.42424242424242425,21.0
vowel,GA (NSGA-II),26,0.43434343434343436,23.0
vowel,Random Search,26,0.09090909090909091,1.0
vowel,Random Search,26,0.18181818181818182,3.0
vowel,Random Search,26,0.25252525252525254,5.0
vowel,Random Search,26,0.2828282828282828,13.0
vowel,Random Search,26,0.31313131313131315,23.0
vowel,Random Search,26,0.3434343434343434,27.0
vowel,Random Search,26,0.3838383838383838,41.0
vowel,Random Search,26,0.494949494949495,67.0
vowel,"GA (NSGA-II, archived)",26,0.09090909090909091,1.0
vowel,"GA (NSGA-II, archived)",26,0.1717171717171717,3.0
vowel,"GA (NSGA-II, archived)",26,0.25252525252525254,5.0
vowel,"GA (NSGA-II, archived)",26,0.30303030303030304,7.0
vowel,"GA (NSGA-II, archived)",26,0.3434343434343434,17.0
vowel,"GA (NSGA-II, archived)",26,0.36363636363636365,21.0
vowel,"GA (NSGA-II, archived)",26,0.37373737373737376,23.0
vowel,"GA (NSGA-II, archived)",26,0.3838383838383838,25.0
vowel,"GA (NSGA-II, archived)",26,0.3939393939393939,27.0
vowel,CART (ccp path),26,0.09090909090909091,1.0
vowel,CART (ccp path),26,0.48484848484848486,19.0
vowel,CART (ccp path),26,0.6060606060606061,35.0
vowel,CART (ccp path),26,0.6262626262626263,51.0
vowel,CART (ccp path),26,0.6363636363636364,67.0
vowel,CART (ccp path),26,0.6868686868686869,85.0
vowel,CART (ccp path),26,0.7272727272727273,105.0
vowel,CART (ccp path),26,0.7474747474747475,121.0
vowel,CART (ccp path),26,0.7575757575757576,159.0
vowel,GA (NSGA-II),27,0.09090909090909091,1.0
vowel,GA (NSGA-II),27,0.18181818181818182,3.0
vowel,GA (NSGA-II),27,0.2727272727272727,5.0
vowel,GA (NSGA-II),27,0.31313131313131315,7.0
vowel,GA (NSGA-II),27,0.32323232323232326,11.0
vowel,Random Search,27,0.09090909090909091,1.0
vowel,Random Search,27,0.18181818181818182,3.0
vowel,Random Search,27,0.2222222222222222,5.0
vowel,Random Search,27,0.24242424242424243,13.0
vowel,Random Search,27,0.26262626262626265,15.0
vowel,Random Search,27,0.32323232323232326,17.0
vowel,Random Search,27,0.3333333333333333,35.0
vowel,"GA (NSGA-II, archived)",27,0.09090909090909091,1.0
vowel,"GA (NSGA-II, archived)",27,0.18181818181818182,3.0
vowel,"GA (NSGA-II, archived)",27,0.23232323232323232,5.0
vowel,"GA (NSGA-II, archived)",27,0.25252525252525254,7.0
vowel,"GA (NSGA-II, archived)",27,0.29292929292929293,9.0
vowel,"GA (NSGA-II, archived)",27,0.3434343434343434,13.0
vowel,"GA (NSGA-II, archived)",27,0.37373737373737376,15.0
vowel,"GA (NSGA-II, archived)",27,0.40404040404040403,17.0
vowel,"GA (NSGA-II, archived)",27,0.42424242424242425,23.0
vowel,"GA (NSGA-II, archived)",27,0.45454545454545453,31.0
vowel,CART (ccp path),27,0.09090909090909091,1.0
vowel,CART (ccp path),27,0.41414141414141414,17.0
vowel,CART (ccp path),27,0.5555555555555556,35.0
vowel,CART (ccp path),27,0.6161616161616161,53.0
vowel,CART (ccp path),27,0.6464646464646465,67.0
vowel,CART (ccp path),27,0.6767676767676768,85.0
vowel,CART (ccp path),27,0.696969696969697,103.0
vowel,CART (ccp path),27,0.7272727272727273,119.0
vowel,CART (ccp path),27,0.7474747474747475,137.0
vowel,CART (ccp path),27,0.797979797979798,157.0
vowel,GA (NSGA-II),28,0.09090909090909091,1.0
vowel,GA (NSGA-II),28,0.1717171717171717,3.0
vowel,GA (NSGA-II),28,0.26262626262626265,5.0
vowel,GA (NSGA-II),28,0.30303030303030304,11.0
vowel,GA (NSGA-II),28,0.32323232323232326,15.0
vowel,GA (NSGA-II),28,0.3939393939393939,23.0
vowel,GA (NSGA-II),28,0.41414141414141414,27.0
vowel,Random Search,28,0.09090909090909091,1.0
vowel,Random Search,28,0.18181818181818182,3.0
vowel,Random Search,28,0.24242424242424243,5.0
vowel,Random Search,28,0.25252525252525254,7.0
vowel,Random Search,28,0.26262626262626265,11.0
vowel,Random Search,28,0.2727272727272727,17.0
vowel,Random Search,28,0.31313131313131315,23.0
vowel,Random Search,28,0.35353535353535354,47.0
vowel,"GA (NSGA-II, archived)",28,0.09090909090909091,1.0
vowel,"GA (NSGA-II, archived)",28,0.18181818181818182,3.0
vowel,"GA (NSGA-II, archived)",28,0.24242424242424243,5.0
vowel,"GA (NSGA-II, archived)",28,0.26262626262626265,7.0
vowel,"GA (NSGA-II, archived)",28,0.31313131313131315,13.0
vowel,"GA (NSGA-II, archived)",28,0.32323232323232326,17.0
vowel,"GA (NSGA-II, archived)",28,0.37373737373737376,21.0
vowel,"GA (NSGA-II, archived)",28,0.3838383838383838,23.0
vowel,CART (ccp path),28,0.09090909090909091,1.0
vowel,CART (ccp path),28,0.5151515151515151,19.0
vowel,CART (ccp path),28,0.5252525252525253,37.0
vowel,CART (ccp path),28,0.5959595959595959,55.0
vowel,CART (ccp path),28,0.6565656565656566,71.0
vowel,CART (ccp path),28,0.696969696969697,87.0
vowel,CART (ccp path),28,0.7373737373737373,107.0
vowel,CART (ccp path),28,0.7474747474747475,123.0
vowel,CART (ccp path),28,0.7777777777777778,139.0
vowel,CART (ccp path),28,0.8080808080808081,161.0
vowel,GA (NSGA-II),29,0.09090909090909091,1.0
vowel,GA (NSGA-II),29,0.18181818181818182,3.0
vowel,GA (NSGA-II),29,0.2727272727272727,5.0
vowel,GA (NSGA-II),29,0.29292929292929293,7.0
vowel,GA (NSGA-II),29,0.30303030303030304,13.0
vowel,GA (NSGA-II),29,0.32323232323232326,15.0
vowel,GA (NSGA-II),29,0.3333333333333333,21.0
vowel,Random Search,29,0.09090909090909091,1.0
vowel,Random Search,29,0.1717171717171717,3.0
vowel,Random Search,29,0.23232323232323232,5.0
vowel,Random Search,29,0.25252525252525254,13.0
vowel,Random Search,29,0.3434343434343434,15.0
vowel,Random Search,29,0.3838383838383838,55.0
vowel,"GA (NSGA-II, archived)",29,0.09090909090909091,1.0
vowel,"GA (NSGA-II, archived)",29,0.1717171717171717,3.0
vowel,"GA (NSGA-II, archived)",29,0.25252525252525254,5.0
vowel,"GA (NSGA-II, archived)",29,0.31313131313131315,7.0
vowel,"GA (NSGA-II, archived)",29,0.3434343434343434,9.0
vowel,"GA (NSGA-II, archived)",29,0.3939393939393939,11.0
vowel,"GA (NSGA-II, archived)",29,0.42424242424242425,15.0
vowel,"GA (NSGA-II, archived)",29,0.46464646464646464,27.0
vowel,CART (ccp path),29,0.09090909090909091,1.0
vowel,CART (ccp path),29,0.5151515151515151,19.0
vowel,CART (ccp path),29,0.5858585858585859,37.0
vowel,CART (ccp path),29,0.6767676767676768,55.0
vowel,CART (ccp path),29,0.7474747474747475,75.0
vowel,CART (ccp path),29,0.7575757575757576,177.0
vowel,GA (NSGA-II),30,0.09090909090909091,1.0
vowel,GA (NSGA-II),30,0.1717171717171717,3.0
vowel,GA (NSGA-II),30,0.25252525252525254,5.0
vowel,GA (NSGA-II),30,0.29292929292929293,7.0
vowel,GA (NSGA-II),30,0.31313131313131315,11.0
vowel,GA (NSGA-II),30,0.3333333333333333,25.0
vowel,Random Search,30,0.09090909090909091,1.0
vowel,Random Search,30,0.18181818181818182,3.0
vowel,Random Search,30,0.21212121212121213,5.0
vowel,Random Search,30,0.23232323232323232,9.0
vowel,Random Search,30,0.29292929292929293,17.0
vowel,Random Search,30,0.3333333333333333,29.0
vowel,Random Search,30,0.37373737373737376,49.0
vowel,"GA (NSGA-II, archived)",30,0.09090909090909091,1.0
vowel,"GA (NSGA-II, archived)",30,0.16161616161616163,3.0
vowel,"GA (NSGA-II, archived)",30,0.23232323232323232,5.0
vowel,"GA (NSGA-II, archived)",30,0.2727272727272727,7.0
vowel,"GA (NSGA-II, archived)",30,0.2828282828282828,11.0
vowel,"GA (NSGA-II, archived)",30,0.29292929292929293,39.0
vowel,CART (ccp path),30,0.09090909090909091,1.0
vowel,CART (ccp path),30,0.4444444444444444,19.0
vowel,CART (ccp path),30,0.6060606060606061,35.0
vowel,CART (ccp path),30,0.696969696969697,53.0
vowel,CART (ccp path),30,0.7575757575757576,69.0
vowel,CART (ccp path),30,0.7676767676767676,87.0
vowel,CART (ccp path),30,0.7777777777777778,115.0
vowel,CART (ccp path),30,0.7878787878787878,137.0
vowel,CART (ccp path),30,0.8181818181818182,155.0
credit_g,GA (NSGA-II),1,0.7,1.0
credit_g,GA (NSGA-II),1,0.71,3.0
credit_g,GA (NSGA-II),1,0.77,5.0
credit_g,GA (NSGA-II),1,0.78,7.0
credit_g,Random Search,1,0.7,1.0
credit_g,Random Search,1,0.76,9.0
credit_g,"GA (NSGA-II, archived)",1,0.7,1.0
credit_g,"GA (NSGA-II, archived)",1,0.72,5.0
credit_g,CART (ccp path),1,0.7,1.0
credit_g,CART (ccp path),1,0.74,89.0
credit_g,CART (ccp path),1,0.79,115.0
credit_g,GA (NSGA-II),2,0.7,1.0
credit_g,GA (NSGA-II),2,0.72,7.0
credit_g,Random Search,2,0.7,1.0
credit_g,Random Search,2,0.71,19.0
credit_g,"GA (NSGA-II, archived)",2,0.7,1.0
credit_g,CART (ccp path),2,0.7,1.0
credit_g,GA (NSGA-II),3,0.7,1.0
credit_g,GA (NSGA-II),3,0.74,3.0
credit_g,Random Search,3,0.7,1.0
credit_g,Random Search,3,0.73,3.0
credit_g,Random Search,3,0.75,19.0
credit_g,"GA (NSGA-II, archived)",3,0.7,1.0
credit_g,"GA (NSGA-II, archived)",3,0.73,9.0
credit_g,CART (ccp path),3,0.7,1.0
credit_g,CART (ccp path),3,0.75,23.0
credit_g,CART (ccp path),3,0.77,35.0
credit_g,GA (NSGA-II),4,0.7,1.0
credit_g,Random Search,4,0.7,1.0
credit_g,"GA (NSGA-II, archived)",4,0.7,1.0
credit_g,CART (ccp path),4,0.7,1.0
credit_g,CART (ccp path),4,0.78,15.0
credit_g,CART (ccp path),4,0.8,27.0
credit_g,GA (NSGA-II),5,0.7,1.0
credit_g,GA (NSGA-II),5,0.71,3.0
credit_g,Random Search,5,0.7,1.0
credit_g,Random Search,5,0.71,7.0
credit_g,Random Search,5,0.74,13.0
credit_g,"GA (NSGA-II, archived)",5,0.7,1.0
credit_g,"GA (NSGA-II, archived)",5,0.71,3.0
credit_g,"GA (NSGA-II, archived)",5,0.75,7.0
credit_g,CART (ccp path),5,0.7,1.0
credit_g,CART (ccp path),5,0.71,13.0
credit_g,CART (ccp path),5,0.73,33.0
credit_g,CART (ccp path),5,0.74,93.0
credit_g,CART (ccp path),5,0.76,109.0
credit_g,GA (NSGA-II),6,0.7,1.0
credit_g,Random Search,6,0.7,1.0
credit_g,Random Search,6,0.75,13.0
credit_g,"GA (NSGA-II, archived)",6,0.7,1.0
credit_g,"GA (NSGA-II, archived)",6,0.72,3.0
credit_g,"GA (NSGA-II, archived)",6,0.75,5.0
credit_g,CART (ccp path),6,0.7,1.0
credit_g,CART (ccp path),6,0.77,17.0
credit_g,GA (NSGA-II),7,0.7,1.0
credit_g,Random Search,7,0.7,1.0
credit_g,Random Search,7,0.72,29.0
credit_g,"GA (NSGA-II, archived)",7,0.7,1.0
credit_g,"GA (NSGA-II, archived)",7,0.72,5.0
credit_g,CART (ccp path),7,0.7,1.0
credit_g,CART (ccp path),7,0.76,13.0
credit_g,GA (NSGA-II),8,0.7,1.0
credit_g,GA (NSGA-II),8,0.71,5.0
credit_g,Random Search,8,0.7,1.0
credit_g,Random Search,8,0.72,39.0
credit_g,"GA (NSGA-II, archived)",8,0.7,1.0
credit_g,"GA (NSGA-II, archived)",8,0.72,7.0
credit_g,CART (ccp path),8,0.7,1.0
credit_g,CART (ccp path),8,0.74,19.0
credit_g,GA (NSGA-II),9,0.7,1.0
credit_g,GA (NSGA-II),9,0.71,7.0
credit_g,Random Search,9,0.7,1.0
credit_g,Random Search,9,0.74,7.0
credit_g,"GA (NSGA-II, archived)",9,0.7,1.0
credit_g,CART (ccp path),9,0.7,1.0
credit_g,CART (ccp path),9,0.73,19.0
credit_g,CART (ccp path),9,0.74,31.0
credit_g,GA (NSGA-II),10,0.7,1.0
credit_g,GA (NSGA-II),10,0.72,3.0
credit_g,Random Search,10,0.7,1.0
credit_g,Random Search,10,0.71,9.0
credit_g,"GA (NSGA-II, archived)",10,0.7,1.0
credit_g,"GA (NSGA-II, archived)",10,0.74,7.0
credit_g,CART (ccp path),10,0.7,1.0
credit_g,CART (ccp path),10,0.75,15.0
credit_g,CART (ccp path),10,0.76,37.0
credit_g,GA (NSGA-II),11,0.7,1.0
credit_g,GA (NSGA-II),11,0.71,7.0
credit_g,GA (NSGA-II),11,0.73,9.0
credit_g,Random Search,11,0.7,1.0
credit_g,Random Search,11,0.72,5.0
credit_g,Random Search,11,0.74,7.0
credit_g,"GA (NSGA-II, archived)",11,0.7,1.0
credit_g,"GA (NSGA-II, archived)",11,0.76,5.0
credit_g,CART (ccp path),11,0.7,1.0
credit_g,CART (ccp path),11,0.72,21.0
credit_g,CART (ccp path),11,0.73,41.0
credit_g,GA (NSGA-II),12,0.7,1.0
credit_g,GA (NSGA-II),12,0.74,3.0
credit_g,Random Search,12,0.7,1.0
credit_g,"GA (NSGA-II, archived)",12,0.7,1.0
credit_g,"GA (NSGA-II, archived)",12,0.72,3.0
credit_g,"GA (NSGA-II, archived)",12,0.73,9.0
credit_g,CART (ccp path),12,0.7,1.0
credit_g,GA (NSGA-II),13,0.7,1.0
credit_g,GA (NSGA-II),13,0.72,7.0
credit_g,Random Search,13,0.7,1.0
credit_g,Random Search,13,0.71,7.0
credit_g,Random Search,13,0.73,15.0
credit_g,"GA (NSGA-II, archived)",13,0.7,1.0
credit_g,"GA (NSGA-II, archived)",13,0.72,3.0
credit_g,CART (ccp path),13,0.7,1.0
credit_g,CART (ccp path),13,0.73,17.0
credit_g,CART (ccp path),13,0.76,29.0
credit_g,GA (NSGA-II),14,0.7,1.0
credit_g,GA (NSGA-II),14,0.72,5.0
credit_g,Random Search,14,0.7,1.0
credit_g,Random Search,14,0.71,5.0
credit_g,Random Search,14,0.73,13.0
credit_g,"GA (NSGA-II, archived)",14,0.7,1.0
credit_g,CART (ccp path),14,0.7,1.0
credit_g,CART (ccp path),14,0.73,13.0
credit_g,CART (ccp path),14,0.75,121.0
credit_g,GA (NSGA-II),15,0.7,1.0
credit_g,GA (NSGA-II),15,0.72,3.0
credit_g,Random Search,15,0.7,1.0
credit_g,Random Search,15,0.73,3.0
credit_g,"GA (NSGA-II, archived)",15,0.7,1.0
credit_g,"GA (NSGA-II, archived)",15,0.74,3.0
credit_g,CART (ccp path),15,0.7,1.0
credit_g,CART (ccp path),15,0.74,129.0
credit_g,GA (NSGA-II),16,0.7,1.0
credit_g,GA (NSGA-II),16,0.73,3.0
credit_g,GA (NSGA-II),16,0.75,5.0
credit_g,Random Search,16,0.7,1.0
credit_g,Random Search,16,0.72,3.0
credit_g,Random Search,16,0.77,15.0
credit_g,"GA (NSGA-II, archived)",16,0.7,1.0
credit_g,"GA (NSGA-II, archived)",16,0.73,3.0
credit_g,"GA (NSGA-II, archived)",16,0.74,5.0
credit_g,"GA (NSGA-II, archived)",16,0.75,7.0
credit_g,CART (ccp path),16,0.7,1.0
credit_g,CART (ccp path),16,0.78,19.0
credit_g,CART (ccp path),16,0.79,35.0
credit_g,GA (NSGA-II),17,0.7,1.0
credit_g,GA (NSGA-II),17,0.71,3.0
credit_g,GA (NSGA-II),17,0.72,7.0
credit_g,Random Search,17,0.7,1.0
credit_g,Random Search,17,0.72,3.0
credit_g,Random Search,17,0.76,25.0
credit_g,"GA (NSGA-II, archived)",17,0.7,1.0
credit_g,"GA (NSGA-II, archived)",17,0.71,3.0
credit_g,"GA (NSGA-II, archived)",17,0.72,7.0
credit_g,CART (ccp path),17,0.7,1.0
credit_g,CART (ccp path),17,0.78,13.0
credit_g,CART (ccp path),17,0.79,33.0
credit_g,GA (NSGA-II),18,0.7,1.0
credit_g,GA (NSGA-II),18,0.71,3.0
credit_g,GA (NSGA-II),18,0.73,5.0
credit_g,Random Search,18,0.7,1.0
credit_g,Random Search,18,0.72,3.0
credit_g,"GA (NSGA-II, archived)",18,0.7,1.0
credit_g,CART (ccp path),18,0.7,1.0
credit_g,CART (ccp path),18,0.8,17.0
credit_g,GA (NSGA-II),19,0.7,1.0
credit_g,GA (NSGA-II),19,0.71,3.0
credit_g,GA (NSGA-II),19,0.72,7.0
credit_g,Random Search,19,0.7,1.0
credit_g,Random Search,19,0.72,29.0
credit_g,"GA (NSGA-II, archived)",19,0.7,1.0
credit_g,CART (ccp path),19,0.7,1.0
credit_g,CART (ccp path),19,0.76,19.0
credit_g,CART (ccp path),19,0.81,51.0
credit_g,GA (NSGA-II),20,0.7,1.0
credit_g,GA (NSGA-II),20,0.72,3.0
credit_g,GA (NSGA-II),20,0.74,9.0
credit_g,Random Search,20,0.7,1.0
credit_g,Random Search,20,0.72,3.0
credit_g,Random Search,20,0.74,33.0
credit_g,"GA (NSGA-II, archived)",20,0.7,1.0
credit_g,CART (ccp path),20,0.7,1.0
credit_g,CART (ccp path),20,0.72,17.0
credit_g,CART (ccp path),20,0.74,63.0
credit_g,CART (ccp path),20,0.75,173.0
credit_g,GA (NSGA-II),21,0.7,1.0
credit_g,GA (NSGA-II),21,0.76,3.0
credit_g,GA (NSGA-II),21,0.79,5.0
credit_g,Random Search,21,0.7,1.0
credit_g,Random Search,21,0.73,9.0
credit_g,Random Search,21,0.75,13.0
credit_g,"GA (NSGA-II, archived)",21,0.7,1.0
credit_g,"GA (NSGA-II, archived)",21,0.71,3.0
credit_g,"GA (NSGA-II, archived)",21,0.77,5.0
credit_g,"GA (NSGA-II, archived)",21,0.78,11.0
credit_g,CART (ccp path),21,0.7,1.0
credit_g,CART (ccp path),21,0.79,23.0
credit_g,GA (NSGA-II),22,0.7,1.0
credit_g,GA (NSGA-II),22,0.71,3.0
credit_g,GA (NSGA-II),22,0.74,5.0
credit_g,Random Search,22,0.7,1.0
credit_g,Random Search,22,0.71,3.0
credit_g,Random Search,22,0.76,13.0
credit_g,Random Search,22,0.77,25.0
credit_g,"GA (NSGA-II, archived)",22,0.7,1.0
credit_g,"GA (NSGA-II, archived)",22,0.71,3.0
credit_g,"GA (NSGA-II, archived)",22,0.74,5.0
credit_g,CART (ccp path),22,0.7,1.0
credit_g,CART (ccp path),22,0.8,19.0
credit_g,GA (NSGA-II),23,0.7,1.0
credit_g,GA (NSGA-II),23,0.71,5.0
credit_g,Random Search,23,0.7,1.0
credit_g,Random Search,23,0.73,5.0
credit_g,"GA (NSGA-II, archived)",23,0.7,1.0
credit_g,"GA (NSGA-II, archived)",23,0.71,3.0
credit_g,CART (ccp path),23,0.7,1.0
credit_g,CART (ccp path),23,0.71,17.0
credit_g,CART (ccp path),23,0.72,31.0
credit_g,GA (NSGA-II),24,0.7,1.0
credit_g,GA (NSGA-II),24,0.73,3.0
credit_g,Random Search,24,0.7,1.0
credit_g,Random Search,24,0.77,21.0
credit_g,"GA (NSGA-II, archived)",24,0.7,1.0
credit_g,CART (ccp path),24,0.7,1.0
credit_g,CART (ccp path),24,0.79,17.0
credit_g,CART (ccp path),24,0.84,33.0
credit_g,GA (NSGA-II),25,0.7,1.0
credit_g,GA (NSGA-II),25,0.73,7.0
credit_g,Random Search,25,0.7,1.0
credit_g,"GA (NSGA-II, archived)",25,0.7,1.0
credit_g,"GA (NSGA-II, archived)",25,0.71,7.0
credit_g,CART (ccp path),25,0.7,1.0
credit_g,CART (ccp path),25,0.75,17.0
credit_g,CART (ccp path),25,0.76,65.0
credit_g,CART (ccp path),25,0.77,91.0
credit_g,GA (NSGA-II),26,0.7,1.0
credit_g,GA (NSGA-II),26,0.71,5.0
credit_g,GA (NSGA-II),26,0.74,11.0
credit_g,Random Search,26,0.7,1.0
credit_g,Random Search,26,0.71,13.0
credit_g,"GA (NSGA-II, archived)",26,0.7,1.0
credit_g,"GA (NSGA-II, archived)",26,0.71,5.0
credit_g,"GA (NSGA-II, archived)",26,0.72,7.0
credit_g,CART (ccp path),26,0.7,1.0
credit_g,CART (ccp path),26,0.72,33.0
credit_g,GA (NSGA-II),27,0.7,1.0
credit_g,GA (NSGA-II),27,0.75,3.0
credit_g,GA (NSGA-II),27,0.77,5.0
credit_g,GA (NSGA-II),27,0.78,7.0
credit_g,Random Search,27,0.7,1.0
credit_g,Random Search,27,0.75,3.0
credit_g,"GA (NSGA-II, archived)",27,0.7,1.0
credit_g,"GA (NSGA-II, archived)",27,0.74,3.0
credit_g,CART (ccp path),27,0.7,1.0
credit_g,CART (ccp path),27,0.74,17.0
credit_g,CART (ccp path),27,0.76,43.0
credit_g,GA (NSGA-II),28,0.7,1.0
credit_g,Random Search,28,0.7,1.0
credit_g,Random Search,28,0.74,13.0
credit_g,Random Search,28,0.75,41.0
credit_g,"GA (NSGA-II, archived)",28,0.7,1.0
credit_g,CART (ccp path),28,0.7,1.0
credit_g,CART (ccp path),28,0.74,19.0
credit_g,GA (NSGA-II),29,0.7,1.0
credit_g,GA (NSGA-II),29,0.73,3.0
credit_g,Random Search,29,0.7,1.0
credit_g,"GA (NSGA-II, archived)",29,0.7,1.0
credit_g,CART (ccp path),29,0.7,1.0
credit_g,GA (NSGA-II),30,0.7,1.0
credit_g,Random Search,30,0.7,1.0
credit_g,Random Search,30,0.71,11.0
credit_g,Random Search,30,0.72,15.0
credit_g,"GA (NSGA-II, archived)",30,0.7,1.0
credit_g,"GA (NSGA-II, archived)",30,0.72,3.0
credit_g,CART (ccp path),30,0.7,1.0
credit_g,CART (ccp path),30,0.73,15.0
credit_g,CART (ccp path),30,0.74,123.0
qsar_biodeg,GA (NSGA-II),1,0.660377358490566,1.0
qsar_biodeg,GA (NSGA-II),1,0.7169811320754716,3.0
qsar_biodeg,GA (NSGA-II),1,0.7547169811320755,5.0
qsar_biodeg,GA (NSGA-II),1,0.7641509433962265,13.0
qsar_biodeg,Random Search,1,0.660377358490566,1.0
qsar_biodeg,Random Search,1,0.7264150943396226,3.0
qsar_biodeg,Random Search,1,0.7358490566037735,9.0
qsar_biodeg,"GA (NSGA-II, archived)",1,0.660377358490566,1.0
qsar_biodeg,"GA (NSGA-II, archived)",1,0.7547169811320755,3.0
qsar_biodeg,"GA (NSGA-II, archived)",1,0.7830188679245284,5.0
qsar_biodeg,"GA (NSGA-II, archived)",1,0.7924528301886793,7.0
qsar_biodeg,CART (ccp path),1,0.660377358490566,1.0
qsar_biodeg,CART (ccp path),1,0.8113207547169812,15.0
qsar_biodeg,CART (ccp path),1,0.8207547169811321,25.0
qsar_biodeg,GA (NSGA-II),2,0.660377358490566,1.0
qsar_biodeg,GA (NSGA-II),2,0.7547169811320755,3.0
qsar_biodeg,GA (NSGA-II),2,0.7735849056603774,7.0
qsar_biodeg,GA (NSGA-II),2,0.7830188679245284,11.0
qsar_biodeg,Random Search,2,0.660377358490566,1.0
qsar_biodeg,Random Search,2,0.7641509433962265,3.0
qsar_biodeg,"GA (NSGA-II, archived)",2,0.660377358490566,1.0
qsar_biodeg,"GA (NSGA-II, archived)",2,0.7169811320754716,3.0
qsar_biodeg,"GA (NSGA-II, archived)",2,0.7358490566037735,5.0
qsar_biodeg,"GA (NSGA-II, archived)",2,0.7547169811320755,7.0
qsar_biodeg,"GA (NSGA-II, archived)",2,0.7641509433962265,9.0
qsar_biodeg,CART (ccp path),2,0.660377358490566,1.0
qsar_biodeg,CART (ccp path),2,0.7452830188679245,11.0
qsar_biodeg,CART (ccp path),2,0.7547169811320755,37.0
qsar_biodeg,CART (ccp path),2,0.7641509433962265,51.0
qsar_biodeg,CART (ccp path),2,0.7830188679245284,61.0
qsar_biodeg,GA (NSGA-II),3,0.660377358490566,1.0
qsar_biodeg,GA (NSGA-II),3,0.6981132075471698,5.0
qsar_biodeg,GA (NSGA-II),3,0.7358490566037735,9.0
qsar_biodeg,Random Search,3,0.660377358490566,1.0
qsar_biodeg,Random Search,3,0.6981132075471698,3.0
qsar_biodeg,Random Search,3,0.7169811320754716,7.0
qsar_biodeg,Random Search,3,0.7452830188679245,33.0
qsar_biodeg,"GA (NSGA-II, archived)",3,0.660377358490566,1.0
qsar_biodeg,"GA (NSGA-II, archived)",3,0.6792452830188679,5.0
qsar_biodeg,"GA (NSGA-II, archived)",3,0.7075471698113207,7.0
qsar_biodeg,"GA (NSGA-II, archived)",3,0.7735849056603774,15.0
qsar_biodeg,CART (ccp path),3,0.660377358490566,1.0
qsar_biodeg,CART (ccp path),3,0.7452830188679245,11.0
qsar_biodeg,CART (ccp path),3,0.8301886792452831,21.0
qsar_biodeg,GA (NSGA-II),4,0.660377358490566,1.0
qsar_biodeg,GA (NSGA-II),4,0.7264150943396226,3.0
qsar_biodeg,GA (NSGA-II),4,0.7924528301886793,9.0
qsar_biodeg,Random Search,4,0.660377358490566,1.0
qsar_biodeg,Random Search,4,0.7547169811320755,3.0
qsar_biodeg,Random Search,4,0.839622641509434,11.0
qsar_biodeg,"GA (NSGA-II, archived)",4,0.660377358490566,1.0
qsar_biodeg,"GA (NSGA-II, archived)",4,0.8018867924528302,3.0
qsar_biodeg,CART (ccp path),4,0.660377358490566,1.0
qsar_biodeg,CART (ccp path),4,0.8962264150943396,15.0
qsar_biodeg,CART (ccp path),4,0.9150943396226415,27.0
qsar_biodeg,GA (NSGA-II),5,0.660377358490566,1.0
qsar_biodeg,GA (NSGA-II),5,0.6886792452830188,3.0
qsar_biodeg,GA (NSGA-II),5,0.7641509433962265,7.0
qsar_biodeg,GA (NSGA-II),5,0.7830188679245284,13.0
qsar_biodeg,GA (NSGA-II),5,0.8018867924528302,17.0
qsar_biodeg,Random Search,5,0.660377358490566,1.0
qsar_biodeg,Random Search,5,0.7169811320754716,3.0
qsar_biodeg,Random Search,5,0.7547169811320755,5.0
qsar_biodeg,Random Search,5,0.7641509433962265,13.0
qsar_biodeg,Random Search,5,0.7924528301886793,17.0
qsar_biodeg,"GA (NSGA-II, archived)",5,0.660377358490566,1.0
qsar_biodeg,"GA (NSGA-II, archived)",5,0.7169811320754716,3.0
qsar_biodeg,"GA (NSGA-II, archived)",5,0.7547169811320755,5.0
qsar_biodeg,"GA (NSGA-II, archived)",5,0.7735849056603774,7.0
qsar_biodeg,"GA (NSGA-II, archived)",5,0.7830188679245284,11.0
qsar_biodeg,CART (ccp path),5,0.660377358490566,1.0
qsar_biodeg,CART (ccp path),5,0.7830188679245284,11.0
qsar_biodeg,CART (ccp path),5,0.8207547169811321,23.0
qsar_biodeg,CART (ccp path),5,0.839622641509434,33.0
qsar_biodeg,CART (ccp path),5,0.8490566037735849,47.0
qsar_biodeg,CART (ccp path),5,0.8584905660377359,79.0
qsar_biodeg,GA (NSGA-II),6,0.6571428571428571,1.0
qsar_biodeg,GA (NSGA-II),6,0.7714285714285715,3.0
qsar_biodeg,GA (NSGA-II),6,0.8095238095238095,7.0
qsar_biodeg,Random Search,6,0.6571428571428571,1.0
qsar_biodeg,Random Search,6,0.6761904761904762,3.0
qsar_biodeg,Random Search,6,0.7142857142857143,13.0
qsar_biodeg,Random Search,6,0.7428571428571429,21.0
qsar_biodeg,Random Search,6,0.7714285714285715,29.0
qsar_biodeg,"GA (NSGA-II, archived)",6,0.6571428571428571,1.0
qsar_biodeg,"GA (NSGA-II, archived)",6,0.7714285714285715,3.0
qsar_biodeg,CART (ccp path),6,0.6571428571428571,1.0
qsar_biodeg,CART (ccp path),6,0.7714285714285715,13.0
qsar_biodeg,CART (ccp path),6,0.7904761904761904,23.0
qsar_biodeg,CART (ccp path),6,0.8,35.0
qsar_biodeg,CART (ccp path),6,0.8095238095238095,47.0
qsar_biodeg,GA (NSGA-II),7,0.6666666666666666,1.0
qsar_biodeg,GA (NSGA-II),7,0.7714285714285715,3.0
qsar_biodeg,GA (NSGA-II),7,0.8095238095238095,5.0
qsar_biodeg,GA (NSGA-II),7,0.819047619047619,11.0
qsar_biodeg,GA (NSGA-II),7,0.8285714285714286,13.0
qsar_biodeg,Random Search,7,0.6666666666666666,1.0
qsar_biodeg,Random Search,7,0.8285714285714286,3.0
qsar_biodeg,"GA (NSGA-II, archived)",7,0.6666666666666666,1.0
qsar_biodeg,"GA (NSGA-II, archived)",7,0.780952380952381,3.0
qsar_biodeg,"GA (NSGA-II, archived)",7,0.7904761904761904,9.0
qsar_biodeg,CART (ccp path),7,0.6666666666666666,1.0
qsar_biodeg,CART (ccp path),7,0.8380952380952381,11.0
qsar_biodeg,CART (ccp path),7,0.8476190476190476,51.0
qsar_biodeg,GA (NSGA-II),8,0.6666666666666666,1.0
qsar_biodeg,GA (NSGA-II),8,0.7619047619047619,3.0
qsar_biodeg,GA (NSGA-II),8,0.7714285714285715,11.0
qsar_biodeg,GA (NSGA-II),8,0.7904761904761904,15.0
qsar_biodeg,Random Search,8,0.6666666666666666,1.0
qsar_biodeg,Random Search,8,0.780952380952381,3.0
qsar_biodeg,Random Search,8,0.8095238095238095,23.0
qsar_biodeg,"GA (NSGA-II, archived)",8,0.6666666666666666,1.0
qsar_biodeg,"GA (NSGA-II, archived)",8,0.7714285714285715,3.0
qsar_biodeg,"GA (NSGA-II, archived)",8,0.8095238095238095,5.0
qsar_biodeg,CART (ccp path),8,0.6666666666666666,1.0
qsar_biodeg,CART (ccp path),8,0.8095238095238095,13.0
qsar_biodeg,CART (ccp path),8,0.8571428571428571,25.0
qsar_biodeg,GA (NSGA-II),9,0.6666666666666666,1.0
qsar_biodeg,GA (NSGA-II),9,0.7047619047619048,3.0
qsar_biodeg,GA (NSGA-II),9,0.7523809523809524,5.0
qsar_biodeg,GA (NSGA-II),9,0.7904761904761904,7.0
qsar_biodeg,Random Search,9,0.6666666666666666,1.0
qsar_biodeg,Random Search,9,0.6857142857142857,3.0
qsar_biodeg,Random Search,9,0.7047619047619048,5.0
qsar_biodeg,Random Search,9,0.7238095238095238,7.0
qsar_biodeg,Random Search,9,0.7333333333333333,13.0
qsar_biodeg,Random Search,9,0.7904761904761904,21.0
qsar_biodeg,"GA (NSGA-II, archived)",9,0.6666666666666666,1.0
qsar_biodeg,"GA (NSGA-II, archived)",9,0.6857142857142857,3.0
qsar_biodeg,"GA (NSGA-II, archived)",9,0.780952380952381,7.0
qsar_biodeg,"GA (NSGA-II, archived)",9,0.8,11.0
qsar_biodeg,"GA (NSGA-II, archived)",9,0.8285714285714286,15.0
qsar_biodeg,CART (ccp path),9,0.6666666666666666,1.0
qsar_biodeg,CART (ccp path),9,0.8,11.0
qsar_biodeg,CART (ccp path),9,0.819047619047619,21.0
qsar_biodeg,CART (ccp path),9,0.8285714285714286,31.0
qsar_biodeg,CART (ccp path),9,0.8380952380952381,43.0
qsar_biodeg,GA (NSGA-II),10,0.6666666666666666,1.0
qsar_biodeg,GA (NSGA-II),10,0.7523809523809524,3.0
qsar_biodeg,GA (NSGA-II),10,0.7904761904761904,7.0
qsar_biodeg,GA (NSGA-II),10,0.8095238095238095,9.0
qsar_biodeg,Random Search,10,0.6666666666666666,1.0
qsar_biodeg,Random Search,10,0.6761904761904762,3.0
qsar_biodeg,Random Search,10,0.7619047619047619,5.0
qsar_biodeg,"GA (NSGA-II, archived)",10,0.6666666666666666,1.0
qsar_biodeg,"GA (NSGA-II, archived)",10,0.780952380952381,3.0
qsar_biodeg,"GA (NSGA-II, archived)",10,0.8,5.0
qsar_biodeg,"GA (NSGA-II, archived)",10,0.8285714285714286,7.0
qsar_biodeg,"GA (NSGA-II, archived)",10,0.8380952380952381,15.0
qsar_biodeg,CART (ccp path),10,0.6666666666666666,1.0
qsar_biodeg,CART (ccp path),10,0.8285714285714286,15.0
qsar_biodeg,CART (ccp path),10,0.8666666666666667,29.0
qsar_biodeg,GA (NSGA-II),11,0.660377358490566,1.0
qsar_biodeg,GA (NSGA-II),11,0.7169811320754716,3.0
qsar_biodeg,GA (NSGA-II),11,0.7264150943396226,5.0
qsar_biodeg,GA (NSGA-II),11,0.7547169811320755,7.0
qsar_biodeg,GA (NSGA-II),11,0.7830188679245284,11.0
qsar_biodeg,Random Search,11,0.660377358490566,1.0
qsar_biodeg,Random Search,11,0.6886792452830188,3.0
qsar_biodeg,Random Search,11,0.7641509433962265,9.0
qsar_biodeg,"GA (NSGA-II, archived)",11,0.660377358490566,1.0
qsar_biodeg,"GA (NSGA-II, archived)",11,0.6792452830188679,3.0
qsar_biodeg,"GA (NSGA-II, archived)",11,0.7075471698113207,5.0
qsar_biodeg,"GA (NSGA-II, archived)",11,0.7358490566037735,11.0
qsar_biodeg,CART (ccp path),11,0.660377358490566,1.0
qsar_biodeg,CART (ccp path),11,0.7358490566037735,11.0
qsar_biodeg,CART (ccp path),11,0.7547169811320755,21.0
qsar_biodeg,CART (ccp path),11,0.7641509433962265,33.0
qsar_biodeg,CART (ccp path),11,0.7830188679245284,61.0
qsar_biodeg,GA (NSGA-II),12,0.660377358490566,1.0
qsar_biodeg,GA (NSGA-II),12,0.8207547169811321,3.0
qsar_biodeg,Random Search,12,0.660377358490566,1.0
qsar_biodeg,Random Search,12,0.7358490566037735,3.0
qsar_biodeg,Random Search,12,0.8113207547169812,7.0
qsar_biodeg,"GA (NSGA-II, archived)",12,0.660377358490566,1.0
qsar_biodeg,"GA (NSGA-II, archived)",12,0.7830188679245284,3.0
qsar_biodeg,"GA (NSGA-II, archived)",12,0.7924528301886793,5.0
qsar_biodeg,"GA (NSGA-II, archived)",12,0.8018867924528302,9.0
qsar_biodeg,"GA (NSGA-II, archived)",12,0.8113207547169812,11.0
qsar_biodeg,CART (ccp path),12,0.660377358490566,1.0
qsar_biodeg,CART (ccp path),12,0.8301886792452831,11.0
qsar_biodeg,CART (ccp path),12,0.8490566037735849,37.0
qsar_biodeg,CART (ccp path),12,0.8584905660377359,75.0
qsar_biodeg,GA (NSGA-II),13,0.660377358490566,1.0
qsar_biodeg,GA (NSGA-II),13,0.7358490566037735,3.0
qsar_biodeg,GA (NSGA-II),13,0.8113207547169812,5.0
qsar_biodeg,Random Search,13,0.660377358490566,1.0
qsar_biodeg,Random Search,13,0.7358490566037735,3.0
qsar_biodeg,Random Search,13,0.8207547169811321,27.0
qsar_biodeg,"GA (NSGA-II, archived)",13,0.660377358490566,1.0
qsar_biodeg,"GA (NSGA-II, archived)",13,0.6886792452830188,3.0
qsar_biodeg,"GA (NSGA-II, archived)",13,0.7735849056603774,5.0
qsar_biodeg,"GA (NSGA-II, archived)",13,0.8113207547169812,7.0
qsar_biodeg,"GA (NSGA-II, archived)",13,0.839622641509434,9.0
qsar_biodeg,CART (ccp path),13,0.660377358490566,1.0
qsar_biodeg,CART (ccp path),13,0.8679245283018868,13.0
qsar_biodeg,CART (ccp path),13,0.8962264150943396,25.0
qsar_biodeg,GA (NSGA-II),14,0.660377358490566,1.0
qsar_biodeg,GA (NSGA-II),14,0.7358490566037735,3.0
qsar_biodeg,GA (NSGA-II),14,0.7735849056603774,7.0
qsar_biodeg,GA (NSGA-II),14,0.8018867924528302,9.0
qsar_biodeg,GA (NSGA-II),14,0.8207547169811321,21.0
qsar_biodeg,Random Search,14,0.660377358490566,1.0
qsar_biodeg,Random Search,14,0.7169811320754716,9.0
qsar_biodeg,Random Search,14,0.7547169811320755,11.0
qsar_biodeg,"GA (NSGA-II, archived)",14,0.660377358490566,1.0
qsar_biodeg,"GA (NSGA-II, archived)",14,0.6981132075471698,3.0
qsar_biodeg,"GA (NSGA-II, archived)",14,0.7169811320754716,5.0
qsar_biodeg,"GA (NSGA-II, archived)",14,0.7641509433962265,7.0
qsar_biodeg,CART (ccp path),14,0.660377358490566,1.0
qsar_biodeg,CART (ccp path),14,0.7830188679245284,13.0
qsar_biodeg,CART (ccp path),14,0.8301886792452831,25.0
qsar_biodeg,GA (NSGA-II),15,0.660377358490566,1.0
qsar_biodeg,GA (NSGA-II),15,0.7264150943396226,3.0
qsar_biodeg,GA (NSGA-II),15,0.7641509433962265,5.0
qsar_biodeg,GA (NSGA-II),15,0.7735849056603774,7.0
qsar_biodeg,Random Search,15,0.660377358490566,1.0
qsar_biodeg,Random Search,15,0.6981132075471698,3.0
qsar_biodeg,Random Search,15,0.7547169811320755,7.0
qsar_biodeg,Random Search,15,0.7641509433962265,27.0
qsar_biodeg,"GA (NSGA-II, archived)",15,0.660377358490566,1.0
qsar_biodeg,"GA (NSGA-II, archived)",15,0.7169811320754716,3.0
qsar_biodeg,"GA (NSGA-II, archived)",15,0.7452830188679245,5.0
qsar_biodeg,"GA (NSGA-II, archived)",15,0.8018867924528302,9.0
qsar_biodeg,"GA (NSGA-II, archived)",15,0.8207547169811321,19.0
qsar_biodeg,CART (ccp path),15,0.660377358490566,1.0
qsar_biodeg,CART (ccp path),15,0.7735849056603774,13.0
qsar_biodeg,CART (ccp path),15,0.8018867924528302,23.0
qsar_biodeg,CART (ccp path),15,0.8113207547169812,41.0
qsar_biodeg,CART (ccp path),15,0.8207547169811321,71.0
qsar_biodeg,CART (ccp path),15,0.8301886792452831,95.0
qsar_biodeg,CART (ccp path),15,0.839622641509434,107.0
qsar_biodeg,GA (NSGA-II),16,0.6571428571428571,1.0
qsar_biodeg,GA (NSGA-II),16,0.7047619047619048,3.0
qsar_biodeg,GA (NSGA-II),16,0.7333333333333333,5.0
qsar_biodeg,GA (NSGA-II),16,0.8095238095238095,7.0
qsar_biodeg,Random Search,16,0.6571428571428571,1.0
qsar_biodeg,Random Search,16,0.7142857142857143,3.0
qsar_biodeg,Random Search,16,0.7428571428571429,15.0
qsar_biodeg,"GA (NSGA-II, archived)",16,0.6571428571428571,1.0
qsar_biodeg,"GA (NSGA-II, archived)",16,0.7142857142857143,3.0
qsar_biodeg,"GA (NSGA-II, archived)",16,0.7619047619047619,5.0
qsar_biodeg,"GA (NSGA-II, archived)",16,0.780952380952381,7.0
qsar_biodeg,CART (ccp path),16,0.6571428571428571,1.0
qsar_biodeg,CART (ccp path),16,0.7714285714285715,11.0
qsar_biodeg,CART (ccp path),16,0.780952380952381,23.0
qsar_biodeg,CART (ccp path),16,0.8285714285714286,41.0
qsar_biodeg,GA (NSGA-II),17,0.6666666666666666,1.0
qsar_biodeg,GA (NSGA-II),17,0.7047619047619048,3.0
qsar_biodeg,GA (NSGA-II),17,0.8285714285714286,5.0
qsar_biodeg,Random Search,17,0.6666666666666666,1.0
qsar_biodeg,Random Search,17,0.7523809523809524,3.0
qsar_biodeg,Random Search,17,0.7714285714285715,5.0
qsar_biodeg,Random Search,17,0.8095238095238095,15.0
qsar_biodeg,Random Search,17,0.8380952380952381,19.0
qsar_biodeg,"GA (NSGA-II, archived)",17,0.6666666666666666,1.0
qsar_biodeg,"GA (NSGA-II, archived)",17,0.7333333333333333,3.0
qsar_biodeg,"GA (NSGA-II, archived)",17,0.7619047619047619,5.0
qsar_biodeg,CART (ccp path),17,0.6666666666666666,1.0
qsar_biodeg,CART (ccp path),17,0.8380952380952381,11.0
qsar_biodeg,CART (ccp path),17,0.9047619047619048,25.0
qsar_biodeg,CART (ccp path),17,0.9142857142857143,37.0
qsar_biodeg,CART (ccp path),17,0.9238095238095239,71.0
qsar_biodeg,GA (NSGA-II),18,0.6666666666666666,1.0
qsar_biodeg,GA (NSGA-II),18,0.7428571428571429,3.0
qsar_biodeg,GA (NSGA-II),18,0.7619047619047619,5.0
qsar_biodeg,GA (NSGA-II),18,0.8,7.0
qsar_biodeg,Random Search,18,0.6666666666666666,1.0
qsar_biodeg,Random Search,18,0.8,3.0
qsar_biodeg,"GA (NSGA-II, archived)",18,0.6666666666666666,1.0
qsar_biodeg,"GA (NSGA-II, archived)",18,0.7238095238095238,3.0
qsar_biodeg,"GA (NSGA-II, archived)",18,0.7428571428571429,5.0
qsar_biodeg,"GA (NSGA-II, archived)",18,0.7714285714285715,7.0
qsar_biodeg,"GA (NSGA-II, archived)",18,0.8,11.0
qsar_biodeg,CART (ccp path),18,0.6666666666666666,1.0
qsar_biodeg,CART (ccp path),18,0.8285714285714286,11.0
qsar_biodeg,CART (ccp path),18,0.8571428571428571,21.0
qsar_biodeg,CART (ccp path),18,0.8666666666666667,45.0
qsar_biodeg,GA (NSGA-II),19,0.6666666666666666,1.0
qsar_biodeg,GA (NSGA-II),19,0.7428571428571429,3.0
qsar_biodeg,GA (NSGA-II),19,0.7714285714285715,5.0
qsar_biodeg,GA (NSGA-II),19,0.780952380952381,7.0
qsar_biodeg,GA (NSGA-II),19,0.7904761904761904,11.0
qsar_biodeg,Random Search,19,0.6666666666666666,1.0
qsar_biodeg,Random Search,19,0.7619047619047619,3.0
qsar_biodeg,"GA (NSGA-II, archived)",19,0.6666666666666666,1.0
qsar_biodeg,"GA (NSGA-II, archived)",19,0.7714285714285715,3.0
qsar_biodeg,"GA (NSGA-II, archived)",19,0.780952380952381,5.0
qsar_biodeg,"GA (NSGA-II, archived)",19,0.8,7.0
qsar_biodeg,CART (ccp path),19,0.6666666666666666,1.0
qsar_biodeg,CART (ccp path),19,0.8666666666666667,11.0
qsar_biodeg,GA (NSGA-II),20,0.6666666666666666,1.0
qsar_biodeg,GA (NSGA-II),20,0.8095238095238095,3.0
qsar_biodeg,GA (NSGA-II),20,0.819047619047619,7.0
qsar_biodeg,Random Search,20,0.6666666666666666,1.0
qsar_biodeg,Random Search,20,0.819047619047619,3.0
qsar_biodeg,Random Search,20,0.8380952380952381,7.0
qsar_biodeg,"GA (NSGA-II, archived)",20,0.6666666666666666,1.0
qsar_biodeg,"GA (NSGA-II, archived)",20,0.780952380952381,3.0
qsar_biodeg,"GA (NSGA-II, archived)",20,0.8095238095238095,5.0
qsar_biodeg,"GA (NSGA-II, archived)",20,0.819047619047619,7.0
qsar_biodeg,"GA (NSGA-II, archived)",20,0.8380952380952381,11.0
qsar_biodeg,"GA (NSGA-II, archived)",20,0.8476190476190476,19.0
qsar_biodeg,CART (ccp path),20,0.6666666666666666,1.0
qsar_biodeg,CART (ccp path),20,0.8476190476190476,11.0
qsar_biodeg,CART (ccp path),20,0.8571428571428571,41.0
qsar_biodeg,GA (NSGA-II),21,0.660377358490566,1.0
qsar_biodeg,GA (NSGA-II),21,0.7169811320754716,3.0
qsar_biodeg,GA (NSGA-II),21,0.7264150943396226,5.0
qsar_biodeg,GA (NSGA-II),21,0.8018867924528302,9.0
qsar_biodeg,Random Search,21,0.660377358490566,1.0
qsar_biodeg,Random Search,21,0.7735849056603774,3.0
qsar_biodeg,"GA (NSGA-II, archived)",21,0.660377358490566,1.0
qsar_biodeg,"GA (NSGA-II, archived)",21,0.7735849056603774,3.0
qsar_biodeg,CART (ccp path),21,0.660377358490566,1.0
qsar_biodeg,CART (ccp path),21,0.7735849056603774,11.0
qsar_biodeg,CART (ccp path),21,0.8113207547169812,21.0
qsar_biodeg,CART (ccp path),21,0.8301886792452831,33.0
qsar_biodeg,CART (ccp path),21,0.8490566037735849,51.0
qsar_biodeg,GA (NSGA-II),22,0.660377358490566,1.0
qsar_biodeg,GA (NSGA-II),22,0.7641509433962265,3.0
qsar_biodeg,GA (NSGA-II),22,0.8018867924528302,5.0
qsar_biodeg,GA (NSGA-II),22,0.8113207547169812,7.0
qsar_biodeg,Random Search,22,0.660377358490566,1.0
qsar_biodeg,Random Search,22,0.7452830188679245,3.0
qsar_biodeg,Random Search,22,0.8113207547169812,5.0
qsar_biodeg,"GA (NSGA-II, archived)",22,0.660377358490566,1.0
qsar_biodeg,"GA (NSGA-II, archived)",22,0.6698113207547169,3.0
qsar_biodeg,"GA (NSGA-II, archived)",22,0.6981132075471698,5.0
qsar_biodeg,"GA (NSGA-II, archived)",22,0.7830188679245284,11.0
qsar_biodeg,CART (ccp path),22,0.660377358490566,1.0
qsar_biodeg,CART (ccp path),22,0.839622641509434,11.0
qsar_biodeg,CART (ccp path),22,0.8679245283018868,23.0
qsar_biodeg,GA (NSGA-II),23,0.660377358490566,1.0
qsar_biodeg,GA (NSGA-II),23,0.6886792452830188,5.0
qsar_biodeg,GA (NSGA-II),23,0.7830188679245284,7.0
qsar_biodeg,GA (NSGA-II),23,0.8018867924528302,11.0
qsar_biodeg,Random Search,23,0.660377358490566,1.0
qsar_biodeg,Random Search,23,0.6698113207547169,3.0
qsar_biodeg,Random Search,23,0.7169811320754716,5.0
qsar_biodeg,Random Search,23,0.7641509433962265,17.0
qsar_biodeg,"GA (NSGA-II, archived)",23,0.660377358490566,1.0
qsar_biodeg,"GA (NSGA-II, archived)",23,0.6792452830188679,3.0
qsar_biodeg,"GA (NSGA-II, archived)",23,0.7358490566037735,5.0
qsar_biodeg,"GA (NSGA-II, archived)",23,0.7547169811320755,7.0
qsar_biodeg,"GA (NSGA-II, archived)",23,0.7641509433962265,9.0
qsar_biodeg,"GA (NSGA-II, archived)",23,0.7735849056603774,11.0
qsar_biodeg,CART (ccp path),23,0.660377358490566,1.0
qsar_biodeg,CART (ccp path),23,0.8018867924528302,11.0
qsar_biodeg,CART (ccp path),23,0.8207547169811321,23.0
qsar_biodeg,CART (ccp path),23,0.839622641509434,31.0
qsar_biodeg,GA (NSGA-II),24,0.660377358490566,1.0
qsar_biodeg,GA (NSGA-II),24,0.7452830188679245,3.0
qsar_biodeg,GA (NSGA-II),24,0.7641509433962265,5.0
qsar_biodeg,GA (NSGA-II),24,0.7924528301886793,7.0
qsar_biodeg,GA (NSGA-II),24,0.8207547169811321,11.0
qsar_biodeg,Random Search,24,0.660377358490566,1.0
qsar_biodeg,Random Search,24,0.7452830188679245,3.0
qsar_biodeg,Random Search,24,0.7641509433962265,7.0
qsar_biodeg,Random Search,24,0.8301886792452831,27.0
qsar_biodeg,"GA (NSGA-II, archived)",24,0.660377358490566,1.0
qsar_biodeg,"GA (NSGA-II, archived)",24,0.7358490566037735,3.0
qsar_biodeg,"GA (NSGA-II, archived)",24,0.7547169811320755,5.0
qsar_biodeg,"GA (NSGA-II, archived)",24,0.8679245283018868,9.0
qsar_biodeg,"GA (NSGA-II, archived)",24,0.8773584905660378,11.0
qsar_biodeg,CART (ccp path),24,0.660377358490566,1.0
qsar_biodeg,CART (ccp path),24,0.8301886792452831,11.0
qsar_biodeg,CART (ccp path),24,0.8584905660377359,29.0
qsar_biodeg,CART (ccp path),24,0.8679245283018868,55.0
qsar_biodeg,CART (ccp path),24,0.8867924528301887,85.0
qsar_biodeg,GA (NSGA-II),25,0.660377358490566,1.0
qsar_biodeg,GA (NSGA-II),25,0.7452830188679245,3.0
qsar_biodeg,GA (NSGA-II),25,0.7641509433962265,5.0
qsar_biodeg,GA (NSGA-II),25,0.7830188679245284,7.0
qsar_biodeg,GA (NSGA-II),25,0.8207547169811321,11.0
qsar_biodeg,Random Search,25,0.660377358490566,1.0
qsar_biodeg,Random Search,25,0.7830188679245284,3.0
qsar_biodeg,Random Search,25,0.7924528301886793,21.0
qsar_biodeg,"GA (NSGA-II, archived)",25,0.660377358490566,1.0
qsar_biodeg,"GA (NSGA-II, archived)",25,0.7264150943396226,3.0
qsar_biodeg,"GA (NSGA-II, archived)",25,0.7547169811320755,5.0
qsar_biodeg,CART (ccp path),25,0.660377358490566,1.0
qsar_biodeg,CART (ccp path),25,0.8018867924528302,13.0
qsar_biodeg,CART (ccp path),25,0.8113207547169812,25.0
qsar_biodeg,GA (NSGA-II),26,0.6571428571428571,1.0
qsar_biodeg,GA (NSGA-II),26,0.7047619047619048,3.0
qsar_biodeg,GA (NSGA-II),26,0.7523809523809524,5.0
qsar_biodeg,GA (NSGA-II),26,0.7714285714285715,7.0
qsar_biodeg,Random Search,26,0.6571428571428571,1.0
qsar_biodeg,Random Search,26,0.6857142857142857,3.0
qsar_biodeg,Random Search,26,0.7523809523809524,5.0
qsar_biodeg,Random Search,26,0.7619047619047619,13.0
qsar_biodeg,"GA (NSGA-II, archived)",26,0.6571428571428571,1.0
qsar_biodeg,"GA (NSGA-II, archived)",26,0.7333333333333333,3.0
qsar_biodeg,"GA (NSGA-II, archived)",26,0.7619047619047619,7.0
qsar_biodeg,"GA (NSGA-II, archived)",26,0.7904761904761904,9.0
qsar_biodeg,CART (ccp path),26,0.6571428571428571,1.0
qsar_biodeg,CART (ccp path),26,0.8095238095238095,11.0
qsar_biodeg,GA (NSGA-II),27,0.6666666666666666,1.0
qsar_biodeg,GA (NSGA-II),27,0.7333333333333333,3.0
qsar_biodeg,GA (NSGA-II),27,0.780952380952381,5.0
qsar_biodeg,Random Search,27,0.6666666666666666,1.0
qsar_biodeg,Random Search,27,0.7333333333333333,3.0
qsar_biodeg,Random Search,27,0.7428571428571429,5.0
qsar_biodeg,Random Search,27,0.819047619047619,13.0
qsar_biodeg,"GA (NSGA-II, archived)",27,0.6666666666666666,1.0
qsar_biodeg,"GA (NSGA-II, archived)",27,0.7619047619047619,3.0
qsar_biodeg,"GA (NSGA-II, archived)",27,0.780952380952381,7.0
qsar_biodeg,"GA (NSGA-II, archived)",27,0.8,13.0
qsar_biodeg,CART (ccp path),27,0.6666666666666666,1.0
qsar_biodeg,CART (ccp path),27,0.7904761904761904,13.0
qsar_biodeg,CART (ccp path),27,0.8285714285714286,21.0
qsar_biodeg,GA (NSGA-II),28,0.6666666666666666,1.0
qsar_biodeg,GA (NSGA-II),28,0.7428571428571429,3.0
qsar_biodeg,GA (NSGA-II),28,0.7904761904761904,5.0
qsar_biodeg,GA (NSGA-II),28,0.8,7.0
qsar_biodeg,GA (NSGA-II),28,0.8285714285714286,9.0
qsar_biodeg,GA (NSGA-II),28,0.8380952380952381,13.0
qsar_biodeg,Random Search,28,0.6666666666666666,1.0
qsar_biodeg,Random Search,28,0.7428571428571429,3.0
qsar_biodeg,Random Search,28,0.780952380952381,5.0
qsar_biodeg,"GA (NSGA-II, archived)",28,0.6666666666666666,1.0
qsar_biodeg,"GA (NSGA-II, archived)",28,0.7523809523809524,3.0
qsar_biodeg,"GA (NSGA-II, archived)",28,0.819047619047619,5.0
qsar_biodeg,"GA (NSGA-II, archived)",28,0.8761904761904762,15.0
qsar_biodeg,CART (ccp path),28,0.6666666666666666,1.0
qsar_biodeg,CART (ccp path),28,0.7714285714285715,11.0
qsar_biodeg,CART (ccp path),28,0.8095238095238095,25.0
qsar_biodeg,CART (ccp path),28,0.8571428571428571,51.0
qsar_biodeg,CART (ccp path),28,0.8666666666666667,73.0
qsar_biodeg,GA (NSGA-II),29,0.6666666666666666,1.0
qsar_biodeg,GA (NSGA-II),29,0.6857142857142857,3.0
qsar_biodeg,GA (NSGA-II),29,0.7619047619047619,5.0
qsar_biodeg,GA (NSGA-II),29,0.7714285714285715,7.0
qsar_biodeg,GA (NSGA-II),29,0.8285714285714286,9.0
qsar_biodeg,Random Search,29,0.6666666666666666,1.0
qsar_biodeg,Random Search,29,0.7523809523809524,3.0
qsar_biodeg,Random Search,29,0.780952380952381,11.0
qsar_biodeg,"GA (NSGA-II, archived)",29,0.6666666666666666,1.0
qsar_biodeg,"GA (NSGA-II, archived)",29,0.7714285714285715,3.0
qsar_biodeg,"GA (NSGA-II, archived)",29,0.780952380952381,5.0
qsar_biodeg,"GA (NSGA-II, archived)",29,0.8,9.0
qsar_biodeg,"GA (NSGA-II, archived)",29,0.819047619047619,13.0
qsar_biodeg,CART (ccp path),29,0.6666666666666666,1.0
qsar_biodeg,CART (ccp path),29,0.7523809523809524,11.0
qsar_biodeg,CART (ccp path),29,0.7904761904761904,31.0
qsar_biodeg,CART (ccp path),29,0.8380952380952381,51.0
qsar_biodeg,CART (ccp path),29,0.8476190476190476,61.0
qsar_biodeg,CART (ccp path),29,0.8571428571428571,87.0
qsar_biodeg,GA (NSGA-II),30,0.6666666666666666,1.0
qsar_biodeg,GA (NSGA-II),30,0.7428571428571429,3.0
qsar_biodeg,GA (NSGA-II),30,0.7714285714285715,5.0
qsar_biodeg,GA (NSGA-II),30,0.8095238095238095,7.0
qsar_biodeg,Random Search,30,0.6666666666666666,1.0
qsar_biodeg,Random Search,30,0.7047619047619048,3.0
qsar_biodeg,Random Search,30,0.7428571428571429,5.0
qsar_biodeg,Random Search,30,0.7619047619047619,7.0
qsar_biodeg,"GA (NSGA-II, archived)",30,0.6666666666666666,1.0
qsar_biodeg,"GA (NSGA-II, archived)",30,0.7047619047619048,3.0
qsar_biodeg,CART (ccp path),30,0.6666666666666666,1.0
qsar_biodeg,CART (ccp path),30,0.7904761904761904,11.0
qsar_biodeg,CART (ccp path),30,0.8285714285714286,27.0
qsar_biodeg,CART (ccp path),30,0.8380952380952381,45.0
pc1,GA (NSGA-II),1,0.9369369369369369,1.0
pc1,Random Search,1,0.9369369369369369,1.0
pc1,Random Search,1,0.9459459459459459,19.0
pc1,"GA (NSGA-II, archived)",1,0.9369369369369369,1.0
pc1,CART (ccp path),1,0.9369369369369369,1.0
pc1,CART (ccp path),1,0.9459459459459459,13.0
pc1,CART (ccp path),1,0.954954954954955,41.0
pc1,GA (NSGA-II),2,0.9369369369369369,1.0
pc1,Random Search,2,0.9369369369369369,1.0
pc1,Random Search,2,0.9459459459459459,3.0
pc1,"GA (NSGA-II, archived)",2,0.9369369369369369,1.0
pc1,CART (ccp path),2,0.9369369369369369,1.0
pc1,CART (ccp path),2,0.9459459459459459,9.0
pc1,GA (NSGA-II),3,0.9279279279279279,1.0
pc1,Random Search,3,0.9279279279279279,1.0
pc1,"GA (NSGA-II, archived)",3,0.9279279279279279,1.0
pc1,CART (ccp path),3,0.9279279279279279,1.0
pc1,CART (ccp path),3,0.9369369369369369,23.0
pc1,CART (ccp path),3,0.9459459459459459,55.0
pc1,GA (NSGA-II),4,0.9279279279279279,1.0
pc1,GA (NSGA-II),4,0.9369369369369369,5.0
pc1,Random Search,4,0.9279279279279279,1.0
pc1,Random Search,4,0.9459459459459459,49.0
pc1,"GA (NSGA-II, archived)",4,0.9279279279279279,1.0
pc1,CART (ccp path),4,0.9279279279279279,1.0
pc1,CART (ccp path),4,0.9369369369369369,9.0
pc1,CART (ccp path),4,0.954954954954955,17.0
pc1,CART (ccp path),4,0.963963963963964,43.0
pc1,GA (NSGA-II),5,0.9279279279279279,1.0
pc1,GA (NSGA-II),5,0.9459459459459459,3.0
pc1,Random Search,5,0.9279279279279279,1.0
pc1,Random Search,5,0.963963963963964,3.0
pc1,"GA (NSGA-II, archived)",5,0.9279279279279279,1.0
pc1,"GA (NSGA-II, archived)",5,0.9459459459459459,5.0
pc1,CART (ccp path),5,0.9279279279279279,1.0
pc1,CART (ccp path),5,0.963963963963964,11.0
pc1,GA (NSGA-II),6,0.9279279279279279,1.0
pc1,Random Search,6,0.9279279279279279,1.0
pc1,"GA (NSGA-II, archived)",6,0.9279279279279279,1.0
pc1,CART (ccp path),6,0.9279279279279279,1.0
pc1,CART (ccp path),6,0.9369369369369369,13.0
pc1,GA (NSGA-II),7,0.9279279279279279,1.0
pc1,GA (NSGA-II),7,0.9369369369369369,3.0
pc1,Random Search,7,0.9279279279279279,1.0
pc1,"GA (NSGA-II, archived)",7,0.9279279279279279,1.0
pc1,CART (ccp path),7,0.9279279279279279,1.0
pc1,CART (ccp path),7,0.9369369369369369,13.0
pc1,GA (NSGA-II),8,0.9279279279279279,1.0
pc1,Random Search,8,0.9279279279279279,1.0
pc1,"GA (NSGA-II, archived)",8,0.9279279279279279,1.0
pc1,CART (ccp path),8,0.9279279279279279,1.0
pc1,GA (NSGA-II),9,0.9279279279279279,1.0
pc1,GA (NSGA-II),9,0.9369369369369369,3.0
pc1,Random Search,9,0.9279279279279279,1.0
pc1,"GA (NSGA-II, archived)",9,0.9279279279279279,1.0
pc1,CART (ccp path),9,0.9279279279279279,1.0
pc1,GA (NSGA-II),10,0.9363636363636364,1.0
pc1,GA (NSGA-II),10,0.9454545454545454,3.0
pc1,Random Search,10,0.9363636363636364,1.0
pc1,Random Search,10,0.9454545454545454,3.0
pc1,"GA (NSGA-II, archived)",10,0.9363636363636364,1.0
pc1,"GA (NSGA-II, archived)",10,0.9454545454545454,3.0
pc1,CART (ccp path),10,0.9363636363636364,1.0
pc1,CART (ccp path),10,0.9454545454545454,11.0
pc1,CART (ccp path),10,0.9636363636363636,17.0
pc1,GA (NSGA-II),11,0.9369369369369369,1.0
pc1,Random Search,11,0.9369369369369369,1.0
pc1,"GA (NSGA-II, archived)",11,0.9369369369369369,1.0
pc1,CART (ccp path),11,0.9369369369369369,1.0
pc1,GA (NSGA-II),12,0.9369369369369369,1.0
pc1,Random Search,12,0.9369369369369369,1.0
pc1,"GA (NSGA-II, archived)",12,0.9369369369369369,1.0
pc1,CART (ccp path),12,0.9369369369369369,1.0
pc1,CART (ccp path),12,0.9459459459459459,57.0
pc1,GA (NSGA-II),13,0.9279279279279279,1.0
pc1,Random Search,13,0.9279279279279279,1.0
pc1,Random Search,13,0.9369369369369369,7.0
pc1,"GA (NSGA-II, archived)",13,0.9279279279279279,1.0
pc1,"GA (NSGA-II, archived)",13,0.9459459459459459,3.0
pc1,CART (ccp path),13,0.9279279279279279,1.0
pc1,GA (NSGA-II),14,0.9279279279279279,1.0
pc1,Random Search,14,0.9279279279279279,1.0
pc1,Random Search,14,0.9369369369369369,7.0
pc1,"GA (NSGA-II, archived)",14,0.9279279279279279,1.0
pc1,CART (ccp path),14,0.9279279279279279,1.0
pc1,GA (NSGA-II),15,0.9279279279279279,1.0
pc1,Random Search,15,0.9279279279279279,1.0
pc1,"GA (NSGA-II, archived)",15,0.9279279279279279,1.0
pc1,CART (ccp path),15,0.9279279279279279,1.0
pc1,CART (ccp path),15,0.9369369369369369,11.0
pc1,CART (ccp path),15,0.9459459459459459,15.0
pc1,GA (NSGA-II),16,0.9279279279279279,1.0
pc1,Random Search,16,0.9279279279279279,1.0
pc1,Random Search,16,0.9369369369369369,7.0
pc1,"GA (NSGA-II, archived)",16,0.9279279279279279,1.0
pc1,"GA (NSGA-II, archived)",16,0.9369369369369369,3.0
pc1,CART (ccp path),16,0.9279279279279279,1.0
pc1,CART (ccp path),16,0.9369369369369369,11.0
pc1,CART (ccp path),16,0.9459459459459459,15.0
pc1,GA (NSGA-II),17,0.9279279279279279,1.0
pc1,Random Search,17,0.9279279279279279,1.0
pc1,"GA (NSGA-II, archived)",17,0.9279279279279279,1.0
pc1,CART (ccp path),17,0.9279279279279279,1.0
pc1,CART (ccp path),17,0.9369369369369369,11.0
pc1,GA (NSGA-II),18,0.9279279279279279,1.0
pc1,GA (NSGA-II),18,0.9369369369369369,5.0
pc1,Random Search,18,0.9279279279279279,1.0
pc1,Random Search,18,0.9369369369369369,3.0
pc1,"GA (NSGA-II, archived)",18,0.9279279279279279,1.0
pc1,"GA (NSGA-II, archived)",18,0.9369369369369369,3.0
pc1,CART (ccp path),18,0.9279279279279279,1.0
pc1,CART (ccp path),18,0.9459459459459459,5.0
pc1,GA (NSGA-II),19,0.9279279279279279,1.0
pc1,GA (NSGA-II),19,0.9459459459459459,3.0
pc1,Random Search,19,0.9279279279279279,1.0
pc1,Random Search,19,0.9369369369369369,3.0
pc1,"GA (NSGA-II, archived)",19,0.9279279279279279,1.0
pc1,CART (ccp path),19,0.9279279279279279,1.0
pc1,CART (ccp path),19,0.9369369369369369,5.0
pc1,CART (ccp path),19,0.9459459459459459,13.0
pc1,GA (NSGA-II),20,0.9363636363636364,1.0
pc1,Random Search,20,0.9363636363636364,1.0
pc1,"GA (NSGA-II, archived)",20,0.9363636363636364,1.0
pc1,CART (ccp path),20,0.9363636363636364,1.0
pc1,CART (ccp path),20,0.9545454545454546,11.0
pc1,GA (NSGA-II),21,0.9369369369369369,1.0
pc1,GA (NSGA-II),21,0.9459459459459459,7.0
pc1,Random Search,21,0.9369369369369369,1.0
pc1,"GA (NSGA-II, archived)",21,0.9369369369369369,1.0
pc1,CART (ccp path),21,0.9369369369369369,1.0
pc1,CART (ccp path),21,0.9459459459459459,11.0
pc1,GA (NSGA-II),22,0.9369369369369369,1.0
pc1,Random Search,22,0.9369369369369369,1.0
pc1,"GA (NSGA-II, archived)",22,0.9369369369369369,1.0
pc1,CART (ccp path),22,0.9369369369369369,1.0
pc1,GA (NSGA-II),23,0.9279279279279279,1.0
pc1,GA (NSGA-II),23,0.9459459459459459,3.0
pc1,Random Search,23,0.9279279279279279,1.0
pc1,Random Search,23,0.9369369369369369,7.0
pc1,"GA (NSGA-II, archived)",23,0.9279279279279279,1.0
pc1,"GA (NSGA-II, archived)",23,0.9369369369369369,5.0
pc1,CART (ccp path),23,0.9279279279279279,1.0
pc1,CART (ccp path),23,0.9369369369369369,53.0
pc1,GA (NSGA-II),24,0.9279279279279279,1.0
pc1,Random Search,24,0.9279279279279279,1.0
pc1,Random Search,24,0.9369369369369369,5.0
pc1,"GA (NSGA-II, archived)",24,0.9279279279279279,1.0
pc1,CART (ccp path),24,0.9279279279279279,1.0
pc1,GA (NSGA-II),25,0.9279279279279279,1.0
pc1,Random Search,25,0.9279279279279279,1.0
pc1,Random Search,25,0.9369369369369369,15.0
pc1,"GA (NSGA-II, archived)",25,0.9279279279279279,1.0
pc1,CART (ccp path),25,0.9279279279279279,1.0
pc1,GA (NSGA-II),26,0.9279279279279279,1.0
pc1,Random Search,26,0.9279279279279279,1.0
pc1,"GA (NSGA-II, archived)",26,0.9279279279279279,1.0
pc1,CART (ccp path),26,0.9279279279279279,1.0
pc1,CART (ccp path),26,0.9369369369369369,13.0
pc1,CART (ccp path),26,0.9459459459459459,19.0
pc1,GA (NSGA-II),27,0.9279279279279279,1.0
pc1,GA (NSGA-II),27,0.9459459459459459,5.0
pc1,Random Search,27,0.9279279279279279,1.0
pc1,"GA (NSGA-II, archived)",27,0.9279279279279279,1.0
pc1,CART (ccp path),27,0.9279279279279279,1.0
pc1,CART (ccp path),27,0.954954954954955,11.0
pc1,GA (NSGA-II),28,0.9279279279279279,1.0
pc1,Random Search,28,0.9279279279279279,1.0
pc1,"GA (NSGA-II, archived)",28,0.9279279279279279,1.0
pc1,CART (ccp path),28,0.9279279279279279,1.0
pc1,CART (ccp path),28,0.9369369369369369,13.0
pc1,GA (NSGA-II),29,0.9279279279279279,1.0
pc1,GA (NSGA-II),29,0.9369369369369369,3.0
pc1,Random Search,29,0.9279279279279279,1.0
pc1,Random Search,29,0.9369369369369369,3.0
pc1,"GA (NSGA-II, archived)",29,0.9279279279279279,1.0
pc1,"GA (NSGA-II, archived)",29,0.9369369369369369,3.0
pc1,CART (ccp path),29,0.9279279279279279,1.0
pc1,CART (ccp path),29,0.9369369369369369,5.0
pc1,CART (ccp path),29,0.954954954954955,13.0
pc1,GA (NSGA-II),30,0.9363636363636364,1.0
pc1,GA (NSGA-II),30,0.9454545454545454,5.0
pc1,Random Search,30,0.9363636363636364,1.0
pc1,Random Search,30,0.9454545454545454,3.0
pc1,"GA (NSGA-II, archived)",30,0.9363636363636364,1.0
pc1,"GA (NSGA-II, archived)",30,0.9454545454545454,3.0
pc1,CART (ccp path),30,0.9363636363636364,1.0
pc1,CART (ccp path),30,0.9454545454545454,15.0
banknote,GA (NSGA-II),1,0.5579710144927537,1.0
banknote,GA (NSGA-II),1,0.8478260869565217,3.0
banknote,GA (NSGA-II),1,0.8840579710144928,5.0
banknote,GA (NSGA-II),1,0.9057971014492754,7.0
banknote,GA (NSGA-II),1,0.9492753623188406,11.0
banknote,Random Search,1,0.5579710144927537,1.0
banknote,Random Search,1,0.8333333333333334,3.0
banknote,Random Search,1,0.8768115942028986,9.0
banknote,Random Search,1,0.8840579710144928,11.0
banknote,Random Search,1,0.9130434782608695,25.0
banknote,"GA (NSGA-II, archived)",1,0.5579710144927537,1.0
banknote,"GA (NSGA-II, archived)",1,0.8623188405797102,3.0
banknote,"GA (NSGA-II, archived)",1,0.8985507246376812,5.0
banknote,"GA (NSGA-II, archived)",1,0.9420289855072463,17.0
banknote,"GA (NSGA-II, archived)",1,0.9492753623188406,25.0
banknote,CART (ccp path),1,0.5579710144927537,1.0
banknote,CART (ccp path),1,0.8840579710144928,5.0
banknote,CART (ccp path),1,0.9057971014492754,7.0
banknote,CART (ccp path),1,0.9420289855072463,9.0
banknote,CART (ccp path),1,0.9492753623188406,17.0
banknote,CART (ccp path),1,0.9710144927536232,27.0
banknote,GA (NSGA-II),2,0.5579710144927537,1.0
banknote,GA (NSGA-II),2,0.855072463768116,3.0
banknote,GA (NSGA-II),2,0.8695652173913043,5.0
banknote,GA (NSGA-II),2,0.9057971014492754,7.0
banknote,Random Search,2,0.5579710144927537,1.0
banknote,Random Search,2,0.8840579710144928,3.0
banknote,Random Search,2,0.9492753623188406,15.0
banknote,"GA (NSGA-II, archived)",2,0.5579710144927537,1.0
banknote,"GA (NSGA-II, archived)",2,0.8695652173913043,3.0
banknote,"GA (NSGA-II, archived)",2,0.9057971014492754,5.0
banknote,"GA (NSGA-II, archived)",2,0.9347826086956522,7.0
banknote,"GA (NSGA-II, archived)",2,0.9420289855072463,13.0
banknote,CART (ccp path),2,0.5579710144927537,1.0
banknote,CART (ccp path),2,0.8768115942028986,5.0
banknote,CART (ccp path),2,0.8913043478260869,7.0
banknote,CART (ccp path),2,0.927536231884058,13.0
banknote,CART (ccp path),2,0.9347826086956522,19.0
banknote,CART (ccp path),2,0.9855072463768116,31.0
banknote,CART (ccp path),2,0.9927536231884058,37.0
banknote,GA (NSGA-II),3,0.5547445255474452,1.0
banknote,GA (NSGA-II),3,0.8540145985401459,3.0
banknote,GA (NSGA-II),3,0.8978102189781022,5.0
banknote,GA (NSGA-II),3,0.9051094890510949,7.0
banknote,GA (NSGA-II),3,0.9197080291970803,9.0
banknote,GA (NSGA-II),3,0.9343065693430657,11.0
banknote,GA (NSGA-II),3,0.948905109489051,13.0
banknote,Random Search,3,0.5547445255474452,1.0
banknote,Random Search,3,0.8321167883211679,3.0
banknote,Random Search,3,0.8613138686131386,7.0
banknote,Random Search,3,0.8759124087591241,15.0
banknote,Random Search,3,0.8905109489051095,23.0
banknote,Random Search,3,0.948905109489051,27.0
banknote,"GA (NSGA-II, archived)",3,0.5547445255474452,1.0
banknote,"GA (NSGA-II, archived)",3,0.8248175182481752,3.0
banknote,"GA (NSGA-II, archived)",3,0.8905109489051095,5.0
banknote,"GA (NSGA-II, archived)",3,0.9051094890510949,7.0
banknote,"GA (NSGA-II, archived)",3,0.9197080291970803,13.0
banknote,CART (ccp path),3,0.5547445255474452,1.0
banknote,CART (ccp path),3,0.9051094890510949,5.0
banknote,CART (ccp path),3,0.927007299270073,9.0
banknote,CART (ccp path),3,0.9416058394160584,13.0
banknote,CART (ccp path),3,0.9708029197080292,23.0
banknote,CART (ccp path),3,0.9781021897810219,43.0
banknote,GA (NSGA-II),4,0.5547445255474452,1.0
banknote,GA (NSGA-II),4,0.8029197080291971,3.0
banknote,GA (NSGA-II),4,0.8905109489051095,5.0
banknote,Random Search,4,0.5547445255474452,1.0
banknote,Random Search,4,0.8175182481751825,3.0
banknote,Random Search,4,0.8467153284671532,9.0
banknote,Random Search,4,0.8832116788321168,13.0
banknote,Random Search,4,0.8905109489051095,19.0
banknote,Random Search,4,0.9416058394160584,31.0
banknote,"GA (NSGA-II, archived)",4,0.5547445255474452,1.0
banknote,"GA (NSGA-II, archived)",4,0.7956204379562044,3.0
banknote,"GA (NSGA-II, archived)",4,0.8394160583941606,5.0
banknote,"GA (NSGA-II, archived)",4,0.8613138686131386,7.0
banknote,"GA (NSGA-II, archived)",4,0.8832116788321168,11.0
banknote,CART (ccp path),4,0.5547445255474452,1.0
banknote,CART (ccp path),4,0.8540145985401459,5.0
banknote,CART (ccp path),4,0.8686131386861314,7.0
banknote,CART (ccp path),4,0.8978102189781022,13.0
banknote,CART (ccp path),4,0.9197080291970803,19.0
banknote,CART (ccp path),4,0.9343065693430657,21.0
banknote,CART (ccp path),4,0.9635036496350365,27.0
banknote,CART (ccp path),4,0.9708029197080292,33.0
banknote,GA (NSGA-II),5,0.5547445255474452,1.0
banknote,GA (NSGA-II),5,0.8394160583941606,3.0
banknote,GA (NSGA-II),5,0.9051094890510949,5.0
banknote,GA (NSGA-II),5,0.9416058394160584,9.0
banknote,Random Search,5,0.5547445255474452,1.0
banknote,Random Search,5,0.8394160583941606,3.0
banknote,Random Search,5,0.9124087591240876,5.0
banknote,Random Search,5,0.9343065693430657,23.0
banknote,Random Search,5,0.9562043795620438,39.0
banknote,"GA (NSGA-II, archived)",5,0.5547445255474452,1.0
banknote,"GA (NSGA-II, archived)",5,0.8394160583941606,3.0
banknote,"GA (NSGA-II, archived)",5,0.8978102189781022,5.0
banknote,"GA (NSGA-II, archived)",5,0.9051094890510949,9.0
banknote,CART (ccp path),5,0.5547445255474452,1.0
banknote,CART (ccp path),5,0.9051094890510949,5.0
banknote,CART (ccp path),5,0.948905109489051,7.0
banknote,CART (ccp path),5,0.9635036496350365,13.0
banknote,CART (ccp path),5,0.9708029197080292,17.0
banknote,CART (ccp path),5,0.9927007299270073,23.0
banknote,GA (NSGA-II),6,0.5547445255474452,1.0
banknote,GA (NSGA-II),6,0.8832116788321168,3.0
banknote,GA (NSGA-II),6,0.9051094890510949,5.0
banknote,GA (NSGA-II),6,0.9562043795620438,9.0
banknote,Random Search,6,0.5547445255474452,1.0
banknote,Random Search,6,0.9124087591240876,3.0
banknote,Random Search,6,0.9343065693430657,7.0
banknote,Random Search,6,0.9635036496350365,11.0
banknote,Random Search,6,0.9708029197080292,27.0
banknote,"GA (NSGA-II, archived)",6,0.5547445255474452,1.0
banknote,"GA (NSGA-II, archived)",6,0.8978102189781022,3.0
banknote,"GA (NSGA-II, archived)",6,0.9124087591240876,5.0
banknote,"GA (NSGA-II, archived)",6,0.9562043795620438,7.0
banknote,CART (ccp path),6,0.5547445255474452,1.0
banknote,CART (ccp path),6,0.927007299270073,5.0
banknote,CART (ccp path),6,0.9562043795620438,9.0
banknote,CART (ccp path),6,0.9854014598540146,13.0
banknote,CART (ccp path),6,0.9927007299270073,29.0
banknote,GA (NSGA-II),7,0.5547445255474452,1.0
banknote,GA (NSGA-II),7,0.8540145985401459,3.0
banknote,GA (NSGA-II),7,0.8905109489051095,5.0
banknote,GA (NSGA-II),7,0.9343065693430657,15.0
banknote,GA (NSGA-II),7,0.9416058394160584,17.0
banknote,Random Search,7,0.5547445255474452,1.0
banknote,Random Search,7,0.8540145985401459,3.0
banknote,Random Search,7,0.8978102189781022,7.0
banknote,Random Search,7,0.9051094890510949,9.0
banknote,Random Search,7,0.9124087591240876,17.0
banknote,Random Search,7,0.9416058394160584,35.0
banknote,"GA (NSGA-II, archived)",7,0.5547445255474452,1.0
banknote,"GA (NSGA-II, archived)",7,0.8394160583941606,3.0
banknote,"GA (NSGA-II, archived)",7,0.9051094890510949,5.0
banknote,"GA (NSGA-II, archived)",7,0.9416058394160584,9.0
banknote,CART (ccp path),7,0.5547445255474452,1.0
banknote,CART (ccp path),7,0.9124087591240876,5.0
banknote,CART (ccp path),7,0.9343065693430657,9.0
banknote,CART (ccp path),7,0.948905109489051,13.0
banknote,CART (ccp path),7,0.9708029197080292,21.0
banknote,CART (ccp path),7,0.9854014598540146,25.0
banknote,CART (ccp path),7,0.9927007299270073,31.0
banknote,GA (NSGA-II),8,0.5547445255474452,1.0
banknote,GA (NSGA-II),8,0.8321167883211679,3.0
banknote,GA (NSGA-II),8,0.8686131386861314,5.0
banknote,GA (NSGA-II),8,0.9051094890510949,9.0
banknote,Random Search,8,0.5547445255474452,1.0
banknote,Random Search,8,0.8175182481751825,3.0
banknote,Random Search,8,0.8759124087591241,21.0
banknote,Random Search,8,0.8832116788321168,45.0
banknote,"GA (NSGA-II, archived)",8,0.5547445255474452,1.0
banknote,"GA (NSGA-II, archived)",8,0.8029197080291971,3.0
banknote,"GA (NSGA-II, archived)",8,0.8394160583941606,5.0
banknote,"GA (NSGA-II, archived)",8,0.8759124087591241,7.0
banknote,"GA (NSGA-II, archived)",8,0.9051094890510949,9.0
banknote,"GA (NSGA-II, archived)",8,0.9124087591240876,15.0
banknote,CART (ccp path),8,0.5547445255474452,1.0
banknote,CART (ccp path),8,0.8686131386861314,5.0
banknote,CART (ccp path),8,0.9051094890510949,9.0
banknote,CART (ccp path),8,0.9197080291970803,19.0
banknote,CART (ccp path),8,0.9343065693430657,27.0
banknote,CART (ccp path),8,0.948905109489051,31.0
banknote,GA (NSGA-II),9,0.5547445255474452,1.0
banknote,GA (NSGA-II),9,0.8540145985401459,3.0
banknote,GA (NSGA-II),9,0.9124087591240876,5.0
banknote,GA (NSGA-II),9,0.9197080291970803,9.0
banknote,Random Search,9,0.5547445255474452,1.0
banknote,Random Search,9,0.8467153284671532,3.0
banknote,Random Search,9,0.8540145985401459,5.0
banknote,Random Search,9,0.9197080291970803,9.0
banknote,Random Search,9,0.9343065693430657,43.0
banknote,"GA (NSGA-II, archived)",9,0.5547445255474452,1.0
banknote,"GA (NSGA-II, archived)",9,0.781021897810219,3.0
banknote,"GA (NSGA-II, archived)",9,0.9197080291970803,5.0
banknote,"GA (NSGA-II, archived)",9,0.9562043795620438,11.0
banknote,CART (ccp path),9,0.5547445255474452,1.0
banknote,CART (ccp path),9,0.927007299270073,5.0
banknote,CART (ccp path),9,0.948905109489051,9.0
banknote,CART (ccp path),9,0.9562043795620438,13.0
banknote,CART (ccp path),9,0.9781021897810219,27.0
banknote,CART (ccp path),9,0.9927007299270073,29.0
banknote,GA (NSGA-II),10,0.5547445255474452,1.0
banknote,GA (NSGA-II),10,0.8394160583941606,3.0
banknote,GA (NSGA-II),10,0.8467153284671532,5.0
banknote,GA (NSGA-II),10,0.9343065693430657,9.0
banknote,GA (NSGA-II),10,0.948905109489051,11.0
banknote,GA (NSGA-II),10,0.9635036496350365,15.0
banknote,Random Search,10,0.5547445255474452,1.0
banknote,Random Search,10,0.8321167883211679,3.0
banknote,Random Search,10,0.8540145985401459,5.0
banknote,Random Search,10,0.8832116788321168,25.0
banknote,Random Search,10,0.927007299270073,43.0
banknote,"GA (NSGA-II, archived)",10,0.5547445255474452,1.0
banknote,"GA (NSGA-II, archived)",10,0.8248175182481752,3.0
banknote,"GA (NSGA-II, archived)",10,0.8832116788321168,5.0
banknote,"GA (NSGA-II, archived)",10,0.927007299270073,7.0
banknote,CART (ccp path),10,0.5547445255474452,1.0
banknote,CART (ccp path),10,0.9051094890510949,5.0
banknote,CART (ccp path),10,0.9124087591240876,7.0
banknote,CART (ccp path),10,0.927007299270073,9.0
banknote,CART (ccp path),10,0.948905109489051,13.0
banknote,CART (ccp path),10,0.9562043795620438,15.0
banknote,CART (ccp path),10,0.9854014598540146,29.0
banknote,GA (NSGA-II),11,0.5579710144927537,1.0
banknote,GA (NSGA-II),11,0.8768115942028986,3.0
banknote,GA (NSGA-II),11,0.927536231884058,5.0
banknote,GA (NSGA-II),11,0.9347826086956522,7.0
banknote,Random Search,11,0.5579710144927537,1.0
banknote,Random Search,11,0.8768115942028986,3.0
banknote,Random Search,11,0.9057971014492754,5.0
banknote,Random Search,11,0.9347826086956522,17.0
banknote,Random Search,11,0.9565217391304348,23.0
banknote,"GA (NSGA-II, archived)",11,0.5579710144927537,1.0
banknote,"GA (NSGA-II, archived)",11,0.8695652173913043,3.0
banknote,"GA (NSGA-II, archived)",11,0.9130434782608695,5.0
banknote,"GA (NSGA-II, archived)",11,0.9347826086956522,7.0
banknote,"GA (NSGA-II, archived)",11,0.9420289855072463,9.0
banknote,"GA (NSGA-II, archived)",11,0.9492753623188406,11.0
banknote,CART (ccp path),11,0.5579710144927537,1.0
banknote,CART (ccp path),11,0.927536231884058,5.0
banknote,CART (ccp path),11,0.9492753623188406,9.0
banknote,CART (ccp path),11,0.9565217391304348,13.0
banknote,CART (ccp path),11,0.9710144927536232,23.0
banknote,CART (ccp path),11,0.9855072463768116,31.0
banknote,GA (NSGA-II),12,0.5579710144927537,1.0
banknote,GA (NSGA-II),12,0.8188405797101449,3.0
banknote,GA (NSGA-II),12,0.8405797101449275,5.0
banknote,GA (NSGA-II),12,0.8840579710144928,7.0
banknote,Random Search,12,0.5579710144927537,1.0
banknote,Random Search,12,0.8188405797101449,3.0
banknote,Random Search,12,0.8840579710144928,5.0
banknote,Random Search,12,0.9202898550724637,11.0
banknote,Random Search,12,0.927536231884058,37.0
banknote,"GA (NSGA-II, archived)",12,0.5579710144927537,1.0
banknote,"GA (NSGA-II, archived)",12,0.8043478260869565,3.0
banknote,"GA (NSGA-II, archived)",12,0.8623188405797102,5.0
banknote,"GA (NSGA-II, archived)",12,0.9057971014492754,7.0
banknote,"GA (NSGA-II, archived)",12,0.9130434782608695,9.0
banknote,"GA (NSGA-II, archived)",12,0.9492753623188406,11.0
banknote,"GA (NSGA-II, archived)",12,0.9565217391304348,15.0
banknote,CART (ccp path),12,0.5579710144927537,1.0
banknote,CART (ccp path),12,0.8623188405797102,5.0
banknote,CART (ccp path),12,0.8695652173913043,7.0
banknote,CART (ccp path),12,0.927536231884058,13.0
banknote,CART (ccp path),12,0.9420289855072463,19.0
banknote,CART (ccp path),12,0.9927536231884058,31.0
banknote,GA (NSGA-II),13,0.5547445255474452,1.0
banknote,GA (NSGA-II),13,0.8759124087591241,3.0
banknote,GA (NSGA-II),13,0.948905109489051,7.0
banknote,GA (NSGA-II),13,0.9635036496350365,17.0
banknote,Random Search,13,0.5547445255474452,1.0
banknote,Random Search,13,0.8759124087591241,3.0
banknote,Random Search,13,0.8905109489051095,9.0
banknote,Random Search,13,0.9635036496350365,15.0
banknote,Random Search,13,0.9708029197080292,23.0
banknote,"GA (NSGA-II, archived)",13,0.5547445255474452,1.0
banknote,"GA (NSGA-II, archived)",13,0.8686131386861314,3.0
banknote,"GA (NSGA-II, archived)",13,0.8832116788321168,5.0
banknote,"GA (NSGA-II, archived)",13,0.8905109489051095,7.0
banknote,"GA (NSGA-II, archived)",13,0.927007299270073,9.0
banknote,"GA (NSGA-II, archived)",13,0.948905109489051,17.0
banknote,"GA (NSGA-II, archived)",13,0.9635036496350365,21.0
banknote,CART (ccp path),13,0.5547445255474452,1.0
banknote,CART (ccp path),13,0.8978102189781022,5.0
banknote,CART (ccp path),13,0.9343065693430657,7.0
banknote,CART (ccp path),13,0.948905109489051,9.0
banknote,CART (ccp path),13,0.9708029197080292,15.0
banknote,CART (ccp path),13,0.9781021897810219,19.0
banknote,CART (ccp path),13,0.9854014598540146,29.0
banknote,GA (NSGA-II),14,0.5547445255474452,1.0
banknote,GA (NSGA-II),14,0.9051094890510949,3.0
banknote,GA (NSGA-II),14,0.9416058394160584,9.0
banknote,GA (NSGA-II),14,0.948905109489051,11.0
banknote,Random Search,14,0.5547445255474452,1.0
banknote,Random Search,14,0.9051094890510949,3.0
banknote,Random Search,14,0.9124087591240876,7.0
banknote,Random Search,14,0.9416058394160584,37.0
banknote,"GA (NSGA-II, archived)",14,0.5547445255474452,1.0
banknote,"GA (NSGA-II, archived)",14,0.9051094890510949,3.0
banknote,"GA (NSGA-II, archived)",14,0.9197080291970803,7.0
banknote,"GA (NSGA-II, archived)",14,0.9343065693430657,9.0
banknote,"GA (NSGA-II, archived)",14,0.9635036496350365,13.0
banknote,CART (ccp path),14,0.5547445255474452,1.0
banknote,CART (ccp path),14,0.9051094890510949,5.0
banknote,CART (ccp path),14,0.9416058394160584,7.0
banknote,CART (ccp path),14,0.9635036496350365,13.0
banknote,CART (ccp path),14,0.9781021897810219,17.0
banknote,CART (ccp path),14,0.9927007299270073,19.0
banknote,CART (ccp path),14,1.0,25.0
banknote,GA (NSGA-II),15,0.5547445255474452,1.0
banknote,GA (NSGA-II),15,0.7883211678832117,3.0
banknote,GA (NSGA-II),15,0.9343065693430657,5.0
banknote,GA (NSGA-II),15,0.9416058394160584,11.0
banknote,GA (NSGA-II),15,0.948905109489051,13.0
banknote,Random Search,15,0.5547445255474452,1.0
banknote,Random Search,15,0.8029197080291971,3.0
banknote,Random Search,15,0.8759124087591241,5.0
banknote,Random Search,15,0.9635036496350365,27.0
banknote,"GA (NSGA-II, archived)",15,0.5547445255474452,1.0
banknote,"GA (NSGA-II, archived)",15,0.7883211678832117,3.0
banknote,"GA (NSGA-II, archived)",15,0.8540145985401459,5.0
banknote,"GA (NSGA-II, archived)",15,0.8832116788321168,7.0
banknote,"GA (NSGA-II, archived)",15,0.9197080291970803,9.0
banknote,"GA (NSGA-II, archived)",15,0.927007299270073,25.0
banknote,"GA (NSGA-II, archived)",15,0.9416058394160584,29.0
banknote,CART (ccp path),15,0.5547445255474452,1.0
banknote,CART (ccp path),15,0.8905109489051095,5.0
banknote,CART (ccp path),15,0.9124087591240876,9.0
banknote,CART (ccp path),15,0.948905109489051,13.0
banknote,CART (ccp path),15,0.9635036496350365,27.0
banknote,CART (ccp path),15,0.9708029197080292,31.0
banknote,GA (NSGA-II),16,0.5547445255474452,1.0
banknote,GA (NSGA-II),16,0.7883211678832117,3.0
banknote,GA (NSGA-II),16,0.8759124087591241,5.0
banknote,GA (NSGA-II),16,0.9197080291970803,7.0
banknote,Random Search,16,0.5547445255474452,1.0
banknote,Random Search,16,0.7737226277372263,3.0
banknote,Random Search,16,0.8540145985401459,7.0
banknote,Random Search,16,0.8613138686131386,11.0
banknote,Random Search,16,0.8686131386861314,17.0
banknote,Random Search,16,0.9124087591240876,19.0
banknote,Random Search,16,0.948905109489051,21.0
banknote,"GA (NSGA-II, archived)",16,0.5547445255474452,1.0
banknote,"GA (NSGA-II, archived)",16,0.8175182481751825,3.0
banknote,"GA (NSGA-II, archived)",16,0.8978102189781022,5.0
banknote,"GA (NSGA-II, archived)",16,0.9124087591240876,13.0
banknote,CART (ccp path),16,0.5547445255474452,1.0
banknote,CART (ccp path),16,0.8759124087591241,5.0
banknote,CART (ccp path),16,0.8832116788321168,7.0
banknote,CART (ccp path),16,0.8978102189781022,9.0
banknote,CART (ccp path),16,0.927007299270073,15.0
banknote,CART (ccp path),16,0.948905109489051,19.0
banknote,CART (ccp path),16,0.9927007299270073,29.0
banknote,GA (NSGA-II),17,0.5547445255474452,1.0
banknote,GA (NSGA-II),17,0.8832116788321168,3.0
banknote,GA (NSGA-II),17,0.8978102189781022,5.0
banknote,GA (NSGA-II),17,0.9197080291970803,9.0
banknote,Random Search,17,0.5547445255474452,1.0
banknote,Random Search,17,0.8686131386861314,3.0
banknote,Random Search,17,0.9124087591240876,9.0
banknote,Random Search,17,0.9197080291970803,25.0
banknote,Random Search,17,0.9635036496350365,29.0
banknote,"GA (NSGA-II, archived)",17,0.5547445255474452,1.0
banknote,"GA (NSGA-II, archived)",17,0.8613138686131386,3.0
banknote,"GA (NSGA-II, archived)",17,0.8832116788321168,5.0
banknote,"GA (NSGA-II, archived)",17,0.9124087591240876,7.0
banknote,CART (ccp path),17,0.5547445255474452,1.0
banknote,CART (ccp path),17,0.8832116788321168,5.0
banknote,CART (ccp path),17,0.8905109489051095,7.0
banknote,CART (ccp path),17,0.927007299270073,9.0
banknote,CART (ccp path),17,0.9343065693430657,15.0
banknote,CART (ccp path),17,0.9708029197080292,29.0
banknote,CART (ccp path),17,0.9781021897810219,31.0
banknote,GA (NSGA-II),18,0.5547445255474452,1.0
banknote,GA (NSGA-II),18,0.8540145985401459,3.0
banknote,GA (NSGA-II),18,0.9197080291970803,5.0
banknote,GA (NSGA-II),18,0.9562043795620438,9.0
banknote,GA (NSGA-II),18,0.9854014598540146,11.0
banknote,Random Search,18,0.5547445255474452,1.0
banknote,Random Search,18,0.7883211678832117,3.0
banknote,Random Search,18,0.8467153284671532,5.0
banknote,Random Search,18,0.9051094890510949,13.0
banknote,Random Search,18,0.9343065693430657,23.0
banknote,Random Search,18,0.9562043795620438,47.0
banknote,"GA (NSGA-II, archived)",18,0.5547445255474452,1.0
banknote,"GA (NSGA-II, archived)",18,0.8613138686131386,3.0
banknote,"GA (NSGA-II, archived)",18,0.9124087591240876,5.0
banknote,"GA (NSGA-II, archived)",18,0.9197080291970803,27.0
banknote,CART (ccp path),18,0.5547445255474452,1.0
banknote,CART (ccp path),18,0.9124087591240876,5.0
banknote,CART (ccp path),18,0.9343065693430657,7.0
banknote,CART (ccp path),18,0.9635036496350365,13.0
banknote,CART (ccp path),18,0.9708029197080292,17.0
banknote,CART (ccp path),18,0.9927007299270073,27.0
banknote,GA (NSGA-II),19,0.5547445255474452,1.0
banknote,GA (NSGA-II),19,0.7956204379562044,3.0
banknote,GA (NSGA-II),19,0.8613138686131386,5.0
banknote,GA (NSGA-II),19,0.8978102189781022,7.0
banknote,GA (NSGA-II),19,0.9343065693430657,9.0
banknote,Random Search,19,0.5547445255474452,1.0
banknote,Random Search,19,0.8102189781021898,3.0
banknote,Random Search,19,0.8394160583941606,7.0
banknote,Random Search,19,0.8613138686131386,15.0
banknote,Random Search,19,0.8686131386861314,21.0
banknote,Random Search,19,0.927007299270073,25.0
banknote,Random Search,19,0.9343065693430657,49.0
banknote,"GA (NSGA-II, archived)",19,0.5547445255474452,1.0
banknote,"GA (NSGA-II, archived)",19,0.8029197080291971,3.0
banknote,"GA (NSGA-II, archived)",19,0.8175182481751825,5.0
banknote,"GA (NSGA-II, archived)",19,0.8613138686131386,11.0
banknote,"GA (NSGA-II, archived)",19,0.9051094890510949,13.0
banknote,"GA (NSGA-II, archived)",19,0.927007299270073,15.0
banknote,CART (ccp path),19,0.5547445255474452,1.0
banknote,CART (ccp path),19,0.8321167883211679,5.0
banknote,CART (ccp path),19,0.8832116788321168,7.0
banknote,CART (ccp path),19,0.9124087591240876,9.0
banknote,CART (ccp path),19,0.9416058394160584,17.0
banknote,CART (ccp path),19,0.948905109489051,19.0
banknote,CART (ccp path),19,0.9562043795620438,23.0
banknote,GA (NSGA-II),20,0.5547445255474452,1.0
banknote,GA (NSGA-II),20,0.8613138686131386,3.0
banknote,GA (NSGA-II),20,0.9124087591240876,5.0
banknote,GA (NSGA-II),20,0.9343065693430657,7.0
banknote,GA (NSGA-II),20,0.9562043795620438,21.0
banknote,Random Search,20,0.5547445255474452,1.0
banknote,Random Search,20,0.8832116788321168,3.0
banknote,Random Search,20,0.9416058394160584,9.0
banknote,"GA (NSGA-II, archived)",20,0.5547445255474452,1.0
banknote,"GA (NSGA-II, archived)",20,0.8759124087591241,3.0
banknote,"GA (NSGA-II, archived)",20,0.8978102189781022,7.0
banknote,"GA (NSGA-II, archived)",20,0.9051094890510949,11.0
banknote,"GA (NSGA-II, archived)",20,0.9124087591240876,15.0
banknote,CART (ccp path),20,0.5547445255474452,1.0
banknote,CART (ccp path),20,0.9343065693430657,5.0
banknote,CART (ccp path),20,0.9416058394160584,9.0
banknote,CART (ccp path),20,0.948905109489051,13.0
banknote,CART (ccp path),20,0.9708029197080292,19.0
banknote,CART (ccp path),20,0.9854014598540146,29.0
banknote,CART (ccp path),20,0.9927007299270073,37.0
banknote,GA (NSGA-II),21,0.5579710144927537,1.0
banknote,GA (NSGA-II),21,0.8405797101449275,3.0
banknote,GA (NSGA-II),21,0.8478260869565217,5.0
banknote,GA (NSGA-II),21,0.8840579710144928,7.0
banknote,GA (NSGA-II),21,0.9130434782608695,9.0
banknote,GA (NSGA-II),21,0.9347826086956522,17.0
banknote,GA (NSGA-II),21,0.9420289855072463,19.0
banknote,Random Search,21,0.5579710144927537,1.0
banknote,Random Search,21,0.8333333333333334,3.0
banknote,Random Search,21,0.8695652173913043,7.0
banknote,Random Search,21,0.8913043478260869,11.0
banknote,Random Search,21,0.9347826086956522,21.0
banknote,"GA (NSGA-II, archived)",21,0.5579710144927537,1.0
banknote,"GA (NSGA-II, archived)",21,0.8333333333333334,3.0
banknote,"GA (NSGA-II, archived)",21,0.8478260869565217,5.0
banknote,"GA (NSGA-II, archived)",21,0.8913043478260869,7.0
banknote,CART (ccp path),21,0.5579710144927537,1.0
banknote,CART (ccp path),21,0.855072463768116,5.0
banknote,CART (ccp path),21,0.8840579710144928,7.0
banknote,CART (ccp path),21,0.9347826086956522,13.0
banknote,CART (ccp path),21,0.9710144927536232,27.0
banknote,CART (ccp path),21,0.9927536231884058,31.0
banknote,GA (NSGA-II),22,0.5579710144927537,1.0
banknote,GA (NSGA-II),22,0.8768115942028986,3.0
banknote,GA (NSGA-II),22,0.9130434782608695,5.0
banknote,GA (NSGA-II),22,0.9492753623188406,15.0
banknote,Random Search,22,0.5579710144927537,1.0
banknote,Random Search,22,0.8840579710144928,3.0
banknote,Random Search,22,0.9057971014492754,7.0
banknote,Random Search,22,0.9637681159420289,15.0
banknote,"GA (NSGA-II, archived)",22,0.5579710144927537,1.0
banknote,"GA (NSGA-II, archived)",22,0.8768115942028986,3.0
banknote,"GA (NSGA-II, archived)",22,0.8913043478260869,5.0
banknote,"GA (NSGA-II, archived)",22,0.9130434782608695,7.0
banknote,"GA (NSGA-II, archived)",22,0.9492753623188406,9.0
banknote,"GA (NSGA-II, archived)",22,0.9637681159420289,11.0
banknote,CART (ccp path),22,0.5579710144927537,1.0
banknote,CART (ccp path),22,0.927536231884058,5.0
banknote,CART (ccp path),22,0.9637681159420289,9.0
banknote,CART (ccp path),22,0.9782608695652174,13.0
banknote,GA (NSGA-II),23,0.5547445255474452,1.0
banknote,GA (NSGA-II),23,0.8321167883211679,3.0
banknote,GA (NSGA-II),23,0.8978102189781022,5.0
banknote,GA (NSGA-II),23,0.9197080291970803,9.0
banknote,GA (NSGA-II),23,0.9416058394160584,13.0
banknote,Random Search,23,0.5547445255474452,1.0
banknote,Random Search,23,0.8175182481751825,3.0
banknote,Random Search,23,0.8686131386861314,5.0
banknote,Random Search,23,0.927007299270073,21.0
banknote,"GA (NSGA-II, archived)",23,0.5547445255474452,1.0
banknote,"GA (NSGA-II, archived)",23,0.8029197080291971,3.0
banknote,"GA (NSGA-II, archived)",23,0.8832116788321168,5.0
banknote,"GA (NSGA-II, archived)",23,0.8905109489051095,9.0
banknote,"GA (NSGA-II, archived)",23,0.9124087591240876,15.0
banknote,CART (ccp path),23,0.5547445255474452,1.0
banknote,CART (ccp path),23,0.8905109489051095,5.0
banknote,CART (ccp path),23,0.927007299270073,7.0
banknote,CART (ccp path),23,0.9416058394160584,17.0
banknote,CART (ccp path),23,0.9635036496350365,19.0
banknote,CART (ccp path),23,0.9927007299270073,25.0
banknote,CART (ccp path),23,1.0,29.0
banknote,GA (NSGA-II),24,0.5547445255474452,1.0
banknote,GA (NSGA-II),24,0.8905109489051095,3.0
banknote,GA (NSGA-II),24,0.9124087591240876,5.0
banknote,GA (NSGA-II),24,0.9197080291970803,7.0
banknote,GA (NSGA-II),24,0.9416058394160584,11.0
banknote,Random Search,24,0.5547445255474452,1.0
banknote,Random Search,24,0.8394160583941606,3.0
banknote,Random Search,24,0.8759124087591241,5.0
banknote,Random Search,24,0.8905109489051095,9.0
banknote,Random Search,24,0.9051094890510949,15.0
banknote,"GA (NSGA-II, archived)",24,0.5547445255474452,1.0
banknote,"GA (NSGA-II, archived)",24,0.8759124087591241,3.0
banknote,"GA (NSGA-II, archived)",24,0.8905109489051095,5.0
banknote,"GA (NSGA-II, archived)",24,0.9051094890510949,7.0
banknote,"GA (NSGA-II, archived)",24,0.9197080291970803,9.0
banknote,CART (ccp path),24,0.5547445255474452,1.0
banknote,CART (ccp path),24,0.8978102189781022,5.0
banknote,CART (ccp path),24,0.9124087591240876,7.0
banknote,CART (ccp path),24,0.9343065693430657,9.0
banknote,CART (ccp path),24,0.9635036496350365,13.0
banknote,CART (ccp path),24,0.9781021897810219,29.0
banknote,CART (ccp path),24,0.9854014598540146,35.0
banknote,GA (NSGA-II),25,0.5547445255474452,1.0
banknote,GA (NSGA-II),25,0.8467153284671532,3.0
banknote,GA (NSGA-II),25,0.8978102189781022,5.0
banknote,GA (NSGA-II),25,0.9051094890510949,9.0
banknote,GA (NSGA-II),25,0.9197080291970803,11.0
banknote,Random Search,25,0.5547445255474452,1.0
banknote,Random Search,25,0.8321167883211679,3.0
banknote,Random Search,25,0.8613138686131386,5.0
banknote,Random Search,25,0.9124087591240876,11.0
banknote,Random Search,25,0.9197080291970803,19.0
banknote,Random Search,25,0.9416058394160584,27.0
banknote,Random Search,25,0.9635036496350365,29.0
banknote,"GA (NSGA-II, archived)",25,0.5547445255474452,1.0
banknote,"GA (NSGA-II, archived)",25,0.8613138686131386,3.0
banknote,"GA (NSGA-II, archived)",25,0.8978102189781022,5.0
banknote,"GA (NSGA-II, archived)",25,0.9416058394160584,9.0
banknote,CART (ccp path),25,0.5547445255474452,1.0
banknote,CART (ccp path),25,0.9051094890510949,5.0
banknote,CART (ccp path),25,0.9197080291970803,7.0
banknote,CART (ccp path),25,0.9635036496350365,13.0
banknote,CART (ccp path),25,0.9854014598540146,19.0
banknote,CART (ccp path),25,0.9927007299270073,23.0
banknote,GA (NSGA-II),26,0.5547445255474452,1.0
banknote,GA (NSGA-II),26,0.8613138686131386,3.0
banknote,GA (NSGA-II),26,0.8905109489051095,5.0
banknote,GA (NSGA-II),26,0.9124087591240876,7.0
banknote,GA (NSGA-II),26,0.927007299270073,13.0
banknote,Random Search,26,0.5547445255474452,1.0
banknote,Random Search,26,0.8321167883211679,3.0
banknote,Random Search,26,0.8978102189781022,9.0
banknote,Random Search,26,0.9124087591240876,13.0
banknote,"GA (NSGA-II, archived)",26,0.5547445255474452,1.0
banknote,"GA (NSGA-II, archived)",26,0.8467153284671532,3.0
banknote,"GA (NSGA-II, archived)",26,0.8832116788321168,5.0
banknote,"GA (NSGA-II, archived)",26,0.8905109489051095,9.0
banknote,"GA (NSGA-II, archived)",26,0.8978102189781022,13.0
banknote,"GA (NSGA-II, archived)",26,0.9197080291970803,15.0
banknote,"GA (NSGA-II, archived)",26,0.9343065693430657,21.0
banknote,CART (ccp path),26,0.5547445255474452,1.0
banknote,CART (ccp path),26,0.8832116788321168,5.0
banknote,CART (ccp path),26,0.9124087591240876,7.0
banknote,CART (ccp path),26,0.9197080291970803,9.0
banknote,CART (ccp path),26,0.9562043795620438,17.0
banknote,CART (ccp path),26,0.9635036496350365,21.0
banknote,CART (ccp path),26,0.9708029197080292,23.0
banknote,CART (ccp path),26,0.9781021897810219,25.0
banknote,GA (NSGA-II),27,0.5547445255474452,1.0
banknote,GA (NSGA-II),27,0.8467153284671532,3.0
banknote,GA (NSGA-II),27,0.8759124087591241,5.0
banknote,GA (NSGA-II),27,0.9124087591240876,7.0
banknote,GA (NSGA-II),27,0.9343065693430657,21.0
banknote,GA (NSGA-II),27,0.948905109489051,25.0
banknote,Random Search,27,0.5547445255474452,1.0
banknote,Random Search,27,0.8467153284671532,3.0
banknote,Random Search,27,0.8686131386861314,17.0
banknote,Random Search,27,0.8832116788321168,21.0
banknote,Random Search,27,0.8905109489051095,25.0
banknote,Random Search,27,0.8978102189781022,35.0
banknote,"GA (NSGA-II, archived)",27,0.5547445255474452,1.0
banknote,"GA (NSGA-II, archived)",27,0.8467153284671532,3.0
banknote,"GA (NSGA-II, archived)",27,0.8759124087591241,5.0
banknote,"GA (NSGA-II, archived)",27,0.927007299270073,7.0
banknote,"GA (NSGA-II, archived)",27,0.9708029197080292,11.0
banknote,CART (ccp path),27,0.5547445255474452,1.0
banknote,CART (ccp path),27,0.8832116788321168,5.0
banknote,CART (ccp path),27,0.9124087591240876,7.0
banknote,CART (ccp path),27,0.9343065693430657,9.0
banknote,CART (ccp path),27,0.9562043795620438,15.0
banknote,CART (ccp path),27,0.9781021897810219,25.0
banknote,CART (ccp path),27,0.9854014598540146,27.0
banknote,CART (ccp path),27,0.9927007299270073,31.0
banknote,GA (NSGA-II),28,0.5547445255474452,1.0
banknote,GA (NSGA-II),28,0.8686131386861314,3.0
banknote,GA (NSGA-II),28,0.8759124087591241,5.0
banknote,GA (NSGA-II),28,0.8905109489051095,9.0
banknote,GA (NSGA-II),28,0.9051094890510949,11.0
banknote,GA (NSGA-II),28,0.9124087591240876,13.0
banknote,GA (NSGA-II),28,0.9343065693430657,17.0
banknote,GA (NSGA-II),28,0.948905109489051,31.0
banknote,Random Search,28,0.5547445255474452,1.0
banknote,Random Search,28,0.8686131386861314,3.0
banknote,Random Search,28,0.8905109489051095,17.0
banknote,Random Search,28,0.8978102189781022,19.0
banknote,"GA (NSGA-II, archived)",28,0.5547445255474452,1.0
banknote,"GA (NSGA-II, archived)",28,0.8175182481751825,3.0
banknote,"GA (NSGA-II, archived)",28,0.8832116788321168,5.0
banknote,"GA (NSGA-II, archived)",28,0.927007299270073,9.0
banknote,"GA (NSGA-II, archived)",28,0.9343065693430657,17.0
banknote,CART (ccp path),28,0.5547445255474452,1.0
banknote,CART (ccp path),28,0.8686131386861314,5.0
banknote,CART (ccp path),28,0.8832116788321168,9.0
banknote,CART (ccp path),28,0.9635036496350365,15.0
banknote,CART (ccp path),28,0.9708029197080292,21.0
banknote,CART (ccp path),28,0.9854014598540146,25.0
banknote,GA (NSGA-II),29,0.5547445255474452,1.0
banknote,GA (NSGA-II),29,0.7956204379562044,3.0
banknote,GA (NSGA-II),29,0.9051094890510949,5.0
banknote,GA (NSGA-II),29,0.9197080291970803,15.0
banknote,GA (NSGA-II),29,0.9343065693430657,17.0
banknote,GA (NSGA-II),29,0.9416058394160584,23.0
banknote,Random Search,29,0.5547445255474452,1.0
banknote,Random Search,29,0.7956204379562044,3.0
banknote,Random Search,29,0.8978102189781022,7.0
banknote,Random Search,29,0.9051094890510949,23.0
banknote,Random Search,29,0.9197080291970803,37.0
banknote,"GA (NSGA-II, archived)",29,0.5547445255474452,1.0
banknote,"GA (NSGA-II, archived)",29,0.7956204379562044,3.0
banknote,"GA (NSGA-II, archived)",29,0.8832116788321168,5.0
banknote,"GA (NSGA-II, archived)",29,0.8978102189781022,7.0
banknote,"GA (NSGA-II, archived)",29,0.9416058394160584,9.0
banknote,"GA (NSGA-II, archived)",29,0.948905109489051,15.0
banknote,CART (ccp path),29,0.5547445255474452,1.0
banknote,CART (ccp path),29,0.8613138686131386,5.0
banknote,CART (ccp path),29,0.9051094890510949,7.0
banknote,CART (ccp path),29,0.927007299270073,13.0
banknote,CART (ccp path),29,0.9635036496350365,25.0
banknote,CART (ccp path),29,0.9854014598540146,31.0
banknote,GA (NSGA-II),30,0.5547445255474452,1.0
banknote,GA (NSGA-II),30,0.8759124087591241,3.0
banknote,GA (NSGA-II),30,0.927007299270073,5.0
banknote,Random Search,30,0.5547445255474452,1.0
banknote,Random Search,30,0.8905109489051095,3.0
banknote,Random Search,30,0.9124087591240876,7.0
banknote,Random Search,30,0.927007299270073,11.0
banknote,"GA (NSGA-II, archived)",30,0.5547445255474452,1.0
banknote,"GA (NSGA-II, archived)",30,0.8905109489051095,3.0
banknote,"GA (NSGA-II, archived)",30,0.9197080291970803,5.0
banknote,"GA (NSGA-II, archived)",30,0.9416058394160584,7.0
banknote,"GA (NSGA-II, archived)",30,0.948905109489051,13.0
banknote,"GA (NSGA-II, archived)",30,0.9635036496350365,17.0
banknote,CART (ccp path),30,0.5547445255474452,1.0
banknote,CART (ccp path),30,0.9197080291970803,5.0
banknote,CART (ccp path),30,0.927007299270073,13.0
banknote,CART (ccp path),30,0.9343065693430657,17.0
banknote,CART (ccp path),30,0.9708029197080292,27.0
banknote,CART (ccp path),30,1.0,31.0
pc4,GA (NSGA-II),1,0.8767123287671232,1.0
pc4,GA (NSGA-II),1,0.8835616438356164,3.0
pc4,GA (NSGA-II),1,0.9041095890410958,5.0
pc4,Random Search,1,0.8767123287671232,1.0
pc4,Random Search,1,0.8904109589041096,17.0
pc4,"GA (NSGA-II, archived)",1,0.8767123287671232,1.0
pc4,"GA (NSGA-II, archived)",1,0.8835616438356164,5.0
pc4,CART (ccp path),1,0.8767123287671232,1.0
pc4,CART (ccp path),1,0.9041095890410958,9.0
pc4,GA (NSGA-II),2,0.8767123287671232,1.0
pc4,GA (NSGA-II),2,0.9041095890410958,3.0
pc4,Random Search,2,0.8767123287671232,1.0
pc4,Random Search,2,0.8904109589041096,3.0
pc4,Random Search,2,0.9041095890410958,13.0
pc4,"GA (NSGA-II, archived)",2,0.8767123287671232,1.0
pc4,"GA (NSGA-II, archived)",2,0.9041095890410958,3.0
pc4,CART (ccp path),2,0.8767123287671232,1.0
pc4,CART (ccp path),2,0.910958904109589,9.0
pc4,GA (NSGA-II),3,0.8767123287671232,1.0
pc4,GA (NSGA-II),3,0.8835616438356164,3.0
pc4,GA (NSGA-II),3,0.9041095890410958,5.0
pc4,Random Search,3,0.8767123287671232,1.0
pc4,Random Search,3,0.8972602739726028,3.0
pc4,Random Search,3,0.910958904109589,5.0
pc4,"GA (NSGA-II, archived)",3,0.8767123287671232,1.0
pc4,"GA (NSGA-II, archived)",3,0.9178082191780822,3.0
pc4,CART (ccp path),3,0.8767123287671232,1.0
pc4,CART (ccp path),3,0.9178082191780822,11.0
pc4,GA (NSGA-II),4,0.8767123287671232,1.0
pc4,GA (NSGA-II),4,0.8835616438356164,3.0
pc4,GA (NSGA-II),4,0.8904109589041096,5.0
pc4,Random Search,4,0.8767123287671232,1.0
pc4,Random Search,4,0.8972602739726028,5.0
pc4,Random Search,4,0.9041095890410958,15.0
pc4,"GA (NSGA-II, archived)",4,0.8767123287671232,1.0
pc4,"GA (NSGA-II, archived)",4,0.8835616438356164,5.0
pc4,CART (ccp path),4,0.8767123287671232,1.0
pc4,CART (ccp path),4,0.8972602739726028,11.0
pc4,CART (ccp path),4,0.9041095890410958,23.0
pc4,CART (ccp path),4,0.9178082191780822,47.0
pc4,GA (NSGA-II),5,0.8767123287671232,1.0
pc4,GA (NSGA-II),5,0.8904109589041096,5.0
pc4,Random Search,5,0.8767123287671232,1.0
pc4,Random Search,5,0.8904109589041096,3.0
pc4,"GA (NSGA-II, archived)",5,0.8767123287671232,1.0
pc4,"GA (NSGA-II, archived)",5,0.8904109589041096,3.0
pc4,"GA (NSGA-II, archived)",5,0.8972602739726028,5.0
pc4,CART (ccp path),5,0.8767123287671232,1.0
pc4,CART (ccp path),5,0.8972602739726028,9.0
pc4,GA (NSGA-II),6,0.8767123287671232,1.0
pc4,GA (NSGA-II),6,0.8835616438356164,3.0
pc4,GA (NSGA-II),6,0.8972602739726028,5.0
pc4,Random Search,6,0.8767123287671232,1.0
pc4,Random Search,6,0.8972602739726028,3.0
pc4,Random Search,6,0.910958904109589,21.0
pc4,"GA (NSGA-II, archived)",6,0.8767123287671232,1.0
pc4,"GA (NSGA-II, archived)",6,0.8972602739726028,3.0
pc4,CART (ccp path),6,0.8767123287671232,1.0
pc4,CART (ccp path),6,0.8972602739726028,11.0
pc4,CART (ccp path),6,0.9246575342465754,23.0
pc4,GA (NSGA-II),7,0.8767123287671232,1.0
pc4,GA (NSGA-II),7,0.8972602739726028,3.0
pc4,Random Search,7,0.8767123287671232,1.0
pc4,Random Search,7,0.8972602739726028,3.0
pc4,"GA (NSGA-II, archived)",7,0.8767123287671232,1.0
pc4,"GA (NSGA-II, archived)",7,0.8904109589041096,3.0
pc4,"GA (NSGA-II, archived)",7,0.910958904109589,5.0
pc4,CART (ccp path),7,0.8767123287671232,1.0
pc4,CART (ccp path),7,0.9041095890410958,11.0
pc4,CART (ccp path),7,0.9246575342465754,21.0
pc4,CART (ccp path),7,0.9315068493150684,89.0
pc4,GA (NSGA-II),8,0.8767123287671232,1.0
pc4,Random Search,8,0.8767123287671232,1.0
pc4,Random Search,8,0.8904109589041096,3.0
pc4,"GA (NSGA-II, archived)",8,0.8767123287671232,1.0
pc4,"GA (NSGA-II, archived)",8,0.8835616438356164,3.0
pc4,"GA (NSGA-II, archived)",8,0.8904109589041096,5.0
pc4,"GA (NSGA-II, archived)",8,0.8972602739726028,9.0
pc4,CART (ccp path),8,0.8767123287671232,1.0
pc4,CART (ccp path),8,0.8904109589041096,11.0
pc4,GA (NSGA-II),9,0.8827586206896552,1.0
pc4,GA (NSGA-II),9,0.8896551724137931,3.0
pc4,GA (NSGA-II),9,0.896551724137931,5.0
pc4,Random Search,9,0.8827586206896552,1.0
pc4,Random Search,9,0.896551724137931,7.0
pc4,Random Search,9,0.903448275862069,37.0
pc4,"GA (NSGA-II, archived)",9,0.8827586206896552,1.0
pc4,"GA (NSGA-II, archived)",9,0.8896551724137931,3.0
pc4,"GA (NSGA-II, archived)",9,0.896551724137931,5.0
pc4,CART (ccp path),9,0.8827586206896552,1.0
pc4,CART (ccp path),9,0.896551724137931,9.0
pc4,CART (ccp path),9,0.9103448275862069,15.0
pc4,GA (NSGA-II),10,0.8827586206896552,1.0
pc4,GA (NSGA-II),10,0.896551724137931,3.0
pc4,Random Search,10,0.8827586206896552,1.0
pc4,Random Search,10,0.903448275862069,5.0
pc4,"GA (NSGA-II, archived)",10,0.8827586206896552,1.0
pc4,"GA (NSGA-II, archived)",10,0.896551724137931,3.0
pc4,"GA (NSGA-II, archived)",10,0.903448275862069,5.0
pc4,CART (ccp path),10,0.8827586206896552,1.0
pc4,CART (ccp path),10,0.903448275862069,11.0
pc4,GA (NSGA-II),11,0.8767123287671232,1.0
pc4,Random Search,11,0.8767123287671232,1.0
pc4,"GA (NSGA-II, archived)",11,0.8767123287671232,1.0
pc4,"GA (NSGA-II, archived)",11,0.8835616438356164,3.0
pc4,"GA (NSGA-II, archived)",11,0.8972602739726028,7.0
pc4,CART (ccp path),11,0.8767123287671232,1.0
pc4,CART (ccp path),11,0.8835616438356164,9.0
pc4,CART (ccp path),11,0.8904109589041096,23.0
pc4,GA (NSGA-II),12,0.8767123287671232,1.0
pc4,GA (NSGA-II),12,0.910958904109589,3.0
pc4,Random Search,12,0.8767123287671232,1.0
pc4,Random Search,12,0.8835616438356164,3.0
pc4,Random Search,12,0.910958904109589,15.0
pc4,"GA (NSGA-II, archived)",12,0.8767123287671232,1.0
pc4,"GA (NSGA-II, archived)",12,0.910958904109589,3.0
pc4,"GA (NSGA-II, archived)",12,0.9178082191780822,5.0
pc4,CART (ccp path),12,0.8767123287671232,1.0
pc4,CART (ccp path),12,0.9178082191780822,11.0
pc4,GA (NSGA-II),13,0.8767123287671232,1.0
pc4,GA (NSGA-II),13,0.8835616438356164,3.0
pc4,GA (NSGA-II),13,0.8904109589041096,5.0
pc4,GA (NSGA-II),13,0.910958904109589,13.0
pc4,Random Search,13,0.8767123287671232,1.0
pc4,Random Search,13,0.8835616438356164,21.0
pc4,"GA (NSGA-II, archived)",13,0.8767123287671232,1.0
pc4,"GA (NSGA-II, archived)",13,0.8835616438356164,5.0
pc4,CART (ccp path),13,0.8767123287671232,1.0
pc4,CART (ccp path),13,0.8972602739726028,11.0
pc4,CART (ccp path),13,0.9041095890410958,21.0
pc4,CART (ccp path),13,0.910958904109589,37.0
pc4,CART (ccp path),13,0.9178082191780822,59.0
pc4,GA (NSGA-II),14,0.8767123287671232,1.0
pc4,GA (NSGA-II),14,0.8972602739726028,5.0
pc4,Random Search,14,0.8767123287671232,1.0
pc4,Random Search,14,0.8904109589041096,7.0
pc4,Random Search,14,0.8972602739726028,27.0
pc4,"GA (NSGA-II, archived)",14,0.8767123287671232,1.0
pc4,CART (ccp path),14,0.8767123287671232,1.0
pc4,CART (ccp path),14,0.8904109589041096,33.0
pc4,CART (ccp path),14,0.8972602739726028,47.0
pc4,GA (NSGA-II),15,0.8767123287671232,1.0
pc4,GA (NSGA-II),15,0.8972602739726028,3.0
pc4,Random Search,15,0.8767123287671232,1.0
pc4,Random Search,15,0.8904109589041096,3.0
pc4,"GA (NSGA-II, archived)",15,0.8767123287671232,1.0
pc4,"GA (NSGA-II, archived)",15,0.8835616438356164,3.0
pc4,CART (ccp path),15,0.8767123287671232,1.0
pc4,CART (ccp path),15,0.8835616438356164,49.0
pc4,GA (NSGA-II),16,0.8767123287671232,1.0
pc4,GA (NSGA-II),16,0.8904109589041096,3.0
pc4,GA (NSGA-II),16,0.910958904109589,5.0
pc4,Random Search,16,0.8767123287671232,1.0
pc4,Random Search,16,0.8904109589041096,3.0
pc4,Random Search,16,0.9178082191780822,5.0
pc4,"GA (NSGA-II, archived)",16,0.8767123287671232,1.0
pc4,"GA (NSGA-II, archived)",16,0.8835616438356164,5.0
pc4,CART (ccp path),16,0.8767123287671232,1.0
pc4,CART (ccp path),16,0.910958904109589,11.0
pc4,CART (ccp path),16,0.9178082191780822,21.0
pc4,GA (NSGA-II),17,0.8767123287671232,1.0
pc4,GA (NSGA-II),17,0.9041095890410958,3.0
pc4,Random Search,17,0.8767123287671232,1.0
pc4,Random Search,17,0.8972602739726028,3.0
pc4,Random Search,17,0.9041095890410958,25.0
pc4,"GA (NSGA-II, archived)",17,0.8767123287671232,1.0
pc4,"GA (NSGA-II, archived)",17,0.9041095890410958,3.0
pc4,"GA (NSGA-II, archived)",17,0.9178082191780822,5.0
pc4,CART (ccp path),17,0.8767123287671232,1.0
pc4,CART (ccp path),17,0.9041095890410958,9.0
pc4,GA (NSGA-II),18,0.8767123287671232,1.0
pc4,Random Search,18,0.8767123287671232,1.0
pc4,"GA (NSGA-II, archived)",18,0.8767123287671232,1.0
pc4,"GA (NSGA-II, archived)",18,0.8835616438356164,5.0
pc4,CART (ccp path),18,0.8767123287671232,1.0
pc4,CART (ccp path),18,0.8835616438356164,9.0
pc4,CART (ccp path),18,0.8904109589041096,39.0
pc4,CART (ccp path),18,0.8972602739726028,49.0
pc4,GA (NSGA-II),19,0.8827586206896552,1.0
pc4,GA (NSGA-II),19,0.9103448275862069,3.0
pc4,Random Search,19,0.8827586206896552,1.0
pc4,Random Search,19,0.896551724137931,5.0
pc4,"GA (NSGA-II, archived)",19,0.8827586206896552,1.0
pc4,"GA (NSGA-II, archived)",19,0.8896551724137931,7.0
pc4,"GA (NSGA-II, archived)",19,0.896551724137931,9.0
pc4,CART (ccp path),19,0.8827586206896552,1.0
pc4,CART (ccp path),19,0.903448275862069,11.0
pc4,CART (ccp path),19,0.9103448275862069,21.0
pc4,GA (NSGA-II),20,0.8827586206896552,1.0
pc4,GA (NSGA-II),20,0.903448275862069,3.0
pc4,Random Search,20,0.8827586206896552,1.0
pc4,Random Search,20,0.8896551724137931,7.0
pc4,Random Search,20,0.9103448275862069,15.0
pc4,"GA (NSGA-II, archived)",20,0.8827586206896552,1.0
pc4,"GA (NSGA-II, archived)",20,0.8896551724137931,3.0
pc4,CART (ccp path),20,0.8827586206896552,1.0
pc4,CART (ccp path),20,0.9103448275862069,9.0
pc4,GA (NSGA-II),21,0.8767123287671232,1.0
pc4,GA (NSGA-II),21,0.8835616438356164,5.0
pc4,Random Search,21,0.8767123287671232,1.0
pc4,"GA (NSGA-II, archived)",21,0.8767123287671232,1.0
pc4,"GA (NSGA-II, archived)",21,0.8904109589041096,5.0
pc4,CART (ccp path),21,0.8767123287671232,1.0
pc4,CART (ccp path),21,0.8972602739726028,11.0
pc4,GA (NSGA-II),22,0.8767123287671232,1.0
pc4,GA (NSGA-II),22,0.8904109589041096,3.0
pc4,GA (NSGA-II),22,0.8972602739726028,9.0
pc4,Random Search,22,0.8767123287671232,1.0
pc4,Random Search,22,0.8835616438356164,3.0
pc4,"GA (NSGA-II, archived)",22,0.8767123287671232,1.0
pc4,"GA (NSGA-II, archived)",22,0.8904109589041096,3.0
pc4,CART (ccp path),22,0.8767123287671232,1.0
pc4,CART (ccp path),22,0.8835616438356164,9.0
pc4,GA (NSGA-II),23,0.8767123287671232,1.0
pc4,GA (NSGA-II),23,0.9041095890410958,5.0
pc4,Random Search,23,0.8767123287671232,1.0
pc4,Random Search,23,0.9041095890410958,19.0
pc4,"GA (NSGA-II, archived)",23,0.8767123287671232,1.0
pc4,"GA (NSGA-II, archived)",23,0.910958904109589,3.0
pc4,CART (ccp path),23,0.8767123287671232,1.0
pc4,CART (ccp path),23,0.9041095890410958,11.0
pc4,CART (ccp path),23,0.910958904109589,21.0
pc4,GA (NSGA-II),24,0.8767123287671232,1.0
pc4,GA (NSGA-II),24,0.8904109589041096,3.0
pc4,GA (NSGA-II),24,0.9041095890410958,9.0
pc4,Random Search,24,0.8767123287671232,1.0
pc4,Random Search,24,0.8972602739726028,3.0
pc4,Random Search,24,0.9041095890410958,13.0
pc4,"GA (NSGA-II, archived)",24,0.8767123287671232,1.0
pc4,"GA (NSGA-II, archived)",24,0.8835616438356164,3.0
pc4,CART (ccp path),24,0.8767123287671232,1.0
pc4,CART (ccp path),24,0.910958904109589,11.0
pc4,GA (NSGA-II),25,0.8767123287671232,1.0
pc4,GA (NSGA-II),25,0.8904109589041096,3.0
pc4,GA (NSGA-II),25,0.9041095890410958,5.0
pc4,Random Search,25,0.8767123287671232,1.0
pc4,Random Search,25,0.8972602739726028,3.0
pc4,"GA (NSGA-II, archived)",25,0.8767123287671232,1.0
pc4,"GA (NSGA-II, archived)",25,0.9178082191780822,3.0
pc4,CART (ccp path),25,0.8767123287671232,1.0
pc4,CART (ccp path),25,0.9178082191780822,9.0
pc4,GA (NSGA-II),26,0.8767123287671232,1.0
pc4,GA (NSGA-II),26,0.8972602739726028,5.0
pc4,Random Search,26,0.8767123287671232,1.0
pc4,Random Search,26,0.8904109589041096,15.0
pc4,Random Search,26,0.910958904109589,19.0
pc4,"GA (NSGA-II, archived)",26,0.8767123287671232,1.0
pc4,CART (ccp path),26,0.8767123287671232,1.0
pc4,CART (ccp path),26,0.910958904109589,11.0
pc4,CART (ccp path),26,0.9383561643835616,25.0
pc4,GA (NSGA-II),27,0.8767123287671232,1.0
pc4,GA (NSGA-II),27,0.8835616438356164,3.0
pc4,Random Search,27,0.8767123287671232,1.0
pc4,Random Search,27,0.8835616438356164,3.0
pc4,"GA (NSGA-II, archived)",27,0.8767123287671232,1.0
pc4,"GA (NSGA-II, archived)",27,0.8835616438356164,3.0
pc4,CART (ccp path),27,0.8767123287671232,1.0
pc4,CART (ccp path),27,0.8904109589041096,9.0
pc4,GA (NSGA-II),28,0.8767123287671232,1.0
pc4,GA (NSGA-II),28,0.910958904109589,3.0
pc4,Random Search,28,0.8767123287671232,1.0
pc4,Random Search,28,0.9041095890410958,3.0
pc4,Random Search,28,0.910958904109589,5.0
pc4,"GA (NSGA-II, archived)",28,0.8767123287671232,1.0
pc4,CART (ccp path),28,0.8767123287671232,1.0
pc4,CART (ccp path),28,0.8972602739726028,9.0
pc4,CART (ccp path),28,0.910958904109589,19.0
pc4,GA (NSGA-II),29,0.8827586206896552,1.0
pc4,GA (NSGA-II),29,0.8896551724137931,3.0
pc4,GA (NSGA-II),29,0.896551724137931,9.0
pc4,Random Search,29,0.8827586206896552,1.0
pc4,Random Search,29,0.896551724137931,3.0
pc4,Random Search,29,0.9103448275862069,13.0
pc4,"GA (NSGA-II, archived)",29,0.8827586206896552,1.0
pc4,"GA (NSGA-II, archived)",29,0.896551724137931,3.0
pc4,"GA (NSGA-II, archived)",29,0.9172413793103448,5.0
pc4,CART (ccp path),29,0.8827586206896552,1.0
pc4,CART (ccp path),29,0.9103448275862069,9.0
pc4,GA (NSGA-II),30,0.8827586206896552,1.0
pc4,Random Search,30,0.8827586206896552,1.0
pc4,"GA (NSGA-II, archived)",30,0.8827586206896552,1.0
pc4,"GA (NSGA-II, archived)",30,0.896551724137931,5.0
pc4,CART (ccp path),30,0.8827586206896552,1.0
pc4,CART (ccp path),30,0.896551724137931,11.0
pc4,CART (ccp path),30,0.9310344827586207,27.0
