dataset,method,fold,seed,test_accuracy,test_f1,fit_seconds,selected_params,nodes,leaves,depth,features_used,mean_path_length,evaluations
dresses_sales,GA-Optimized,1,1144496237,0.62,0.6024615384615385,47.260955572128296,accuracy_weight=0.5,3,2,1,1,1.0,2920
dresses_sales,Random Search,1,848566830,0.62,0.5099265951439864,63.81818437576294,accuracy_weight=0.5,3,2,1,1,1.0,2920
dresses_sales,CART (pruned),1,988928575,0.46,0.4449420849420849,0.6935596466064453,ccp_alpha=0.012925171566939675;max_depth=3,3,2,1,1,1.0,0
dresses_sales,CART (unconstrained),1,1785017514,0.52,0.5159999999999999,0.0043163299560546875,,285,143,17,12,9.091111111111111,0
dresses_sales,Random Forest,1,1652178973,0.6,0.5918505942275043,2.844090223312378,max_depth=None,25994,13047,24,12,929.4088888888886,0
dresses_sales,GA-Optimized,2,1243309735,0.62,0.5696163186012628,47.669339418411255,accuracy_weight=0.9,21,11,5,6,2.851111111111111,2920
dresses_sales,Random Search,2,526288010,0.62,0.5099265951439864,62.8540735244751,accuracy_weight=0.5,3,2,1,1,1.0,2920
dresses_sales,CART (pruned),2,2014695677,0.62,0.6147288776796974,0.7003369331359863,ccp_alpha=0.005652421652421654;max_depth=4,9,5,4,3,2.437777777777778,0
dresses_sales,CART (unconstrained),2,305279760,0.54,0.541313749490004,0.004683732986450195,,297,149,19,12,9.724444444444444,0
dresses_sales,Random Forest,2,108717130,0.64,0.6102205882352941,2.4930992126464844,max_depth=6,6572,3336,6,12,580.5511111111113,0
dresses_sales,GA-Optimized,3,1583950840,0.52,0.3968421052631579,43.38650822639465,accuracy_weight=0.5,3,2,1,1,1.0,2920
dresses_sales,Random Search,3,1442873324,0.64,0.6102205882352941,61.97694110870361,accuracy_weight=0.5,3,2,1,1,1.0,2920
dresses_sales,CART (pruned),3,1389859225,0.46,0.4449420849420849,0.7574222087860107,ccp_alpha=0.005461435461435478;max_depth=3,11,6,3,4,2.922222222222222,0
dresses_sales,CART (unconstrained),3,732306300,0.54,0.5336191677175283,0.004363536834716797,,277,139,18,12,8.975555555555555,0
dresses_sales,Random Forest,3,1701578632,0.62,0.5828705002337541,2.7342817783355713,max_depth=6,6474,3287,6,12,577.5111111111111,0
dresses_sales,GA-Optimized,4,1229453883,0.64,0.6102205882352941,46.64019536972046,accuracy_weight=0.7,11,6,5,3,2.6222222222222222,2920
dresses_sales,Random Search,4,1494630233,0.58,0.48479999999999995,65.36816620826721,accuracy_weight=0.5,3,2,1,1,1.0,2920
dresses_sales,CART (pruned),4,759787197,0.58,0.4258227848101266,0.7080399990081787,ccp_alpha=0.013359502262443534;max_depth=3,1,1,0,0,0.0,0
dresses_sales,CART (unconstrained),4,2130464296,0.5,0.4930643127364439,0.004090309143066406,,295,148,19,12,9.513333333333334,0
dresses_sales,Random Forest,4,433389366,0.64,0.5988571428571429,2.3213601112365723,max_depth=6,6348,3224,6,12,579.4266666666666,0
dresses_sales,GA-Optimized,5,794215107,0.58,0.48479999999999995,45.32663917541504,accuracy_weight=0.7,3,2,1,1,1.0,2920
dresses_sales,Random Search,5,1842231466,0.52,0.4926203208556149,67.319020986557,accuracy_weight=0.9,19,10,6,7,2.1777777777777776,2920
dresses_sales,CART (pruned),5,222054028,0.6,0.5771836007130124,0.7609624862670898,ccp_alpha=0.005128205128205124;max_depth=4,11,6,4,4,3.0355555555555553,0
dresses_sales,CART (unconstrained),5,556699515,0.48,0.48,0.004599332809448242,,269,135,20,12,9.851111111111111,0
dresses_sales,Random Forest,5,1402597801,0.56,0.5236029411764705,2.514361619949341,max_depth=6,6350,3225,6,12,578.6066666666669,0
dresses_sales,GA-Optimized,6,1044541075,0.48,0.3762162162162162,48.559828758239746,accuracy_weight=0.7,3,2,1,1,1.0,2920
dresses_sales,Random Search,6,932318825,0.62,0.5534855403348553,63.713634967803955,accuracy_weight=0.9,21,11,6,7,3.7155555555555555,2920
dresses_sales,CART (pruned),6,1039738464,0.58,0.4258227848101266,0.7114729881286621,ccp_alpha=0.012790484282073022;max_depth=3,1,1,0,0,0.0,0
dresses_sales,CART (unconstrained),6,1366215214,0.58,0.5784373708143861,0.005014181137084961,,255,128,17,12,9.088888888888889,0
dresses_sales,Random Forest,6,1598516424,0.52,0.46514285714285714,2.7693705558776855,max_depth=6,6538,3319,6,12,580.9333333333335,0
dresses_sales,GA-Optimized,7,471439395,0.64,0.6194652406417113,48.15778732299805,accuracy_weight=0.9,15,8,4,6,3.12,2920
dresses_sales,Random Search,7,415607707,0.6,0.5388888888888889,62.23717713356018,accuracy_weight=0.5,3,2,1,1,1.0,2920
dresses_sales,CART (pruned),7,2044477476,0.62,0.5937042062415196,0.6759662628173828,ccp_alpha=0.0;max_depth=3,11,6,3,4,2.957777777777778,0
dresses_sales,CART (unconstrained),7,1797880289,0.54,0.5271728871728871,0.004411458969116211,,269,135,20,12,10.0,0
dresses_sales,Random Forest,7,1643307069,0.54,0.49505376344086016,2.3230249881744385,max_depth=6,6148,3124,6,12,578.6244444444445,0
dresses_sales,GA-Optimized,8,1165849780,0.54,0.5382885489871848,46.94894576072693,accuracy_weight=0.5,3,2,1,1,1.0,2920
dresses_sales,Random Search,8,712543306,0.56,0.49277777777777776,63.5194365978241,accuracy_weight=0.5,7,4,3,3,1.6088888888888888,2920
dresses_sales,CART (pruned),8,1068416768,0.56,0.4721829521829522,0.7171106338500977,ccp_alpha=0.0;max_depth=4,17,9,4,6,3.9133333333333336,0
dresses_sales,CART (unconstrained),8,2040411426,0.54,0.5382885489871848,0.00559544563293457,,279,140,18,12,10.584444444444445,0
dresses_sales,Random Forest,8,769289578,0.56,0.5563333333333333,2.417442560195923,max_depth=None,25560,12830,23,12,944.091111111111,0
dresses_sales,GA-Optimized,9,626940090,0.68,0.6311111111111112,48.40322399139404,accuracy_weight=0.9,9,5,3,3,2.8066666666666666,2920
dresses_sales,Random Search,9,1592400639,0.64,0.585,63.83138966560364,accuracy_weight=0.9,35,18,6,10,3.2577777777777777,2920
dresses_sales,CART (pruned),9,697673301,0.72,0.6880000000000002,0.8506021499633789,ccp_alpha=0.006237816764132558;max_depth=3,7,4,3,2,2.32,0
dresses_sales,CART (unconstrained),9,52552145,0.54,0.5427699718988357,0.004815578460693359,,287,144,19,12,10.1,0
dresses_sales,Random Forest,9,220320400,0.6,0.5669117647058823,2.490274667739868,max_depth=6,6356,3228,6,12,579.4933333333336,0
dresses_sales,GA-Optimized,10,650314824,0.66,0.5829333333333333,48.1866250038147,accuracy_weight=0.5,3,2,1,1,1.0,2920
dresses_sales,Random Search,10,2134461555,0.66,0.5829333333333333,66.04559326171875,accuracy_weight=0.7,3,2,1,1,1.0,2920
dresses_sales,CART (pruned),10,1703778417,0.58,0.4258227848101266,0.7284219264984131,ccp_alpha=0.013665311004784741;max_depth=3,1,1,0,0,0.0,0
dresses_sales,CART (unconstrained),10,1946288236,0.56,0.5510356536502546,0.0044133663177490234,,275,138,16,12,8.846666666666666,0
dresses_sales,Random Forest,10,158250771,0.62,0.5828705002337541,2.5499720573425293,max_depth=None,25712,12906,25,12,931.1111111111111,0
kc2,GA-Optimized,1,170513536,0.8301886792452831,0.7970972423802613,38.71804118156433,accuracy_weight=0.5,3,2,1,1,1.0,2920
kc2,Random Search,1,674507354,0.8301886792452831,0.7796245142562854,59.87458944320679,accuracy_weight=0.7,3,2,1,1,1.0,2920
kc2,CART (pruned),1,922672955,0.8679245283018868,0.8421867440735367,0.9115011692047119,ccp_alpha=0.0;max_depth=3,15,8,3,5,3.0,0
kc2,CART (unconstrained),1,572221085,0.8301886792452831,0.8099864071131951,0.0056610107421875,,129,65,13,20,8.251599147121535,0
kc2,Random Forest,1,452689239,0.8490566037735849,0.8257861635220125,2.5678343772888184,max_depth=None,10992,5546,20,21,715.8848614072493,0
kc2,GA-Optimized,2,1929942288,0.8867924528301887,0.8693396226415094,40.887131690979004,accuracy_weight=0.5,3,2,1,1,1.0,2920
kc2,Random Search,2,1489416994,0.8113207547169812,0.8040807371654235,58.66282033920288,accuracy_weight=0.9,23,12,6,9,3.5628997867803838,2920
kc2,CART (pruned),2,1224648056,0.8113207547169812,0.7822327044025157,1.0003795623779297,ccp_alpha=0.004477611940298509;max_depth=3,11,6,3,3,2.3603411513859274,0
kc2,CART (unconstrained),2,321002836,0.7547169811320755,0.7395815498407698,0.0063021183013916016,,121,61,11,18,6.9872068230277184,0
kc2,Random Forest,2,228768545,0.8301886792452831,0.8099864071131951,3.003270387649536,max_depth=6,5548,2824,6,21,537.7185501066099,0
kc2,GA-Optimized,3,428583804,0.9230769230769231,0.9152097902097902,40.56148886680603,accuracy_weight=0.9,7,4,3,3,2.029787234042553,2920
kc2,Random Search,3,2147255499,0.8653846153846154,0.834319526627219,59.298526763916016,accuracy_weight=0.5,3,2,1,1,1.0,2920
kc2,CART (pruned),3,2131596084,0.8846153846153846,0.8728146853146852,0.8700878620147705,ccp_alpha=0.0;max_depth=3,15,8,3,6,3.0,0
kc2,CART (unconstrained),3,820003610,0.8461538461538461,0.8461538461538461,0.005686044692993164,,133,67,17,19,9.957446808510639,0
kc2,Random Forest,3,1852162796,0.9230769230769231,0.9196978731862454,2.493577718734741,max_depth=6,5580,2840,6,21,558.7617021276594,0
kc2,GA-Optimized,4,822701337,0.8461538461538461,0.8015607580824972,41.12689828872681,accuracy_weight=0.5,3,2,1,1,1.0,2920
kc2,Random Search,4,354534991,0.8269230769230769,0.8029386343993086,60.33139896392822,accuracy_weight=0.7,5,3,2,2,1.8085106382978724,2920
kc2,CART (pruned),4,1495446613,0.8461538461538461,0.8015607580824972,0.9904458522796631,ccp_alpha=0.007236937328122722;max_depth=3,7,4,2,3,2.0,0
kc2,CART (unconstrained),4,2087181044,0.7692307692307693,0.7590936195587358,0.006255149841308594,,125,63,13,17,7.631914893617021,0
kc2,Random Forest,4,938348509,0.8076923076923077,0.7728937728937727,3.13043212890625,max_depth=10,9838,4969,10,21,678.8382978723405,0
kc2,GA-Optimized,5,1378177591,0.7692307692307693,0.7826923076923076,43.64181447029114,accuracy_weight=0.7,7,4,2,2,2.0,2920
kc2,Random Search,5,957377743,0.8461538461538461,0.8393957463724906,64.02707600593567,accuracy_weight=0.5,3,2,1,1,1.0,2920
kc2,CART (pruned),5,381177342,0.7692307692307693,0.7692307692307693,0.9623501300811768,ccp_alpha=0.00596849958552086;max_depth=4,13,7,4,4,2.429787234042553,0
kc2,CART (unconstrained),5,1293059559,0.7307692307692307,0.7307692307692307,0.005697965621948242,,131,66,12,19,7.363829787234042,0
kc2,Random Forest,5,202798942,0.8076923076923077,0.8076923076923077,2.678295612335205,max_depth=None,11180,5640,17,21,704.9489361702128,0
kc2,GA-Optimized,6,1091259150,0.8461538461538461,0.8402930402930403,43.690038204193115,accuracy_weight=0.5,3,2,1,1,1.0,2920
kc2,Random Search,6,1886695805,0.8076923076923077,0.7781905594405595,59.525392055511475,accuracy_weight=0.5,3,2,1,1,1.0,2920
kc2,CART (pruned),6,1709026991,0.8461538461538461,0.832637646591135,0.9344279766082764,ccp_alpha=0.0070454425464720576;max_depth=4,11,6,3,2,2.3659574468085105,0
kc2,CART (unconstrained),6,856839153,0.7884615384615384,0.7917544076964366,0.007108211517333984,,113,57,14,18,7.859574468085106,0
kc2,Random Forest,6,631140248,0.8461538461538461,0.8461538461538461,2.6000633239746094,max_depth=6,5748,2924,6,21,551.2446808510639,0
kc2,GA-Optimized,7,1905336876,0.8653846153846154,0.8571326506311027,42.9669725894928,accuracy_weight=0.7,7,4,2,2,2.0,2920
kc2,Random Search,7,569353695,0.8653846153846154,0.8629904232313871,58.94902539253235,accuracy_weight=0.9,3,2,1,1,1.0,2920
kc2,CART (pruned),7,414575763,0.8846153846153846,0.8905325443786982,0.8892824649810791,ccp_alpha=0.006642057705887492;max_depth=5,11,6,3,3,2.372340425531915,0
kc2,CART (unconstrained),7,66481801,0.8653846153846154,0.8734783734783734,0.005333423614501953,,123,62,15,20,8.61063829787234,0
kc2,Random Forest,7,1462638667,0.8461538461538461,0.8461538461538461,2.3895013332366943,max_depth=None,11168,5634,18,21,743.5063829787235,0
kc2,GA-Optimized,8,1257550127,0.8269230769230769,0.7933448573898012,40.521578311920166,accuracy_weight=0.5,3,2,1,1,1.0,2920
kc2,Random Search,8,1084445818,0.7884615384615384,0.69520264681555,59.68331432342529,accuracy_weight=0.5,3,2,1,1,1.0,2920
kc2,CART (pruned),8,746858402,0.8269230769230769,0.8238448298689262,0.9204103946685791,ccp_alpha=0.007068157230436356;max_depth=5,13,7,4,5,2.323404255319149,0
kc2,CART (unconstrained),8,54937555,0.8076923076923077,0.8207056101792944,0.005289316177368164,,125,63,14,20,7.878723404255319,0
kc2,Random Forest,8,158987141,0.8653846153846154,0.8629904232313871,2.6220595836639404,max_depth=10,10180,5140,10,21,713.3191489361706,0
kc2,GA-Optimized,9,504944642,0.8269230769230769,0.7933448573898012,42.00939702987671,accuracy_weight=0.9,7,4,2,2,2.0,2920
kc2,Random Search,9,1762543070,0.8846153846153846,0.8846153846153846,60.01385140419006,accuracy_weight=0.9,17,9,6,6,2.34468085106383,2920
kc2,CART (pruned),9,1457635814,0.8461538461538461,0.8225524475524476,0.899566650390625,ccp_alpha=0.006944444444444445;max_depth=3,7,4,2,3,2.0,0
kc2,CART (unconstrained),9,484161327,0.7884615384615384,0.775494165277447,0.006068706512451172,,129,65,16,18,9.697872340425532,0
kc2,Random Forest,9,1438266192,0.8269230769230769,0.816313407954275,2.4995415210723877,max_depth=10,10234,5167,10,21,702.3765957446808,0
kc2,GA-Optimized,10,198150185,0.8653846153846154,0.8571326506311027,42.33118414878845,accuracy_weight=0.9,3,2,1,1,1.0,2920
kc2,Random Search,10,2054399266,0.8076923076923077,0.8003663003663004,60.61979866027832,accuracy_weight=0.9,3,2,1,1,1.0,2920
kc2,CART (pruned),10,2124874870,0.8076923076923077,0.738015607580825,0.8991010189056396,ccp_alpha=0.0;max_depth=3,15,8,3,4,3.0,0
kc2,CART (unconstrained),10,619850431,0.7692307692307693,0.7604395604395603,0.005216360092163086,,125,63,13,19,7.829787234042553,0
kc2,Random Forest,10,1154272430,0.8076923076923077,0.7612942612942614,2.6111748218536377,max_depth=None,10546,5323,16,21,678.9106382978723,0
climate_crashes,GA-Optimized,1,902340853,0.9259259259259259,0.8903133903133904,39.313132524490356,accuracy_weight=0.5,3,2,1,1,1.0,2920
climate_crashes,Random Search,1,1618371432,0.9259259259259259,0.8903133903133904,62.88041925430298,accuracy_weight=0.5,3,2,1,1,1.0,2920
climate_crashes,CART (pruned),1,391296863,0.9629629629629629,0.9629629629629629,1.1423659324645996,ccp_alpha=0.00801667468334135;max_depth=5,15,8,5,4,2.590534979423868,0
climate_crashes,CART (unconstrained),1,1315931624,0.9629629629629629,0.9629629629629629,0.006087064743041992,,41,21,8,14,3.6316872427983538,0
climate_crashes,Random Forest,1,1399039073,0.9259259259259259,0.8903133903133904,2.8693220615386963,max_depth=None,5444,2772,14,18,551.8477366255147,0
climate_crashes,GA-Optimized,2,1061394243,0.9259259259259259,0.8903133903133904,38.210771322250366,accuracy_weight=0.5,3,2,1,1,1.0,2920
climate_crashes,Random Search,2,1877341520,0.9444444444444444,0.928586839266451,63.229586124420166,accuracy_weight=0.9,19,10,6,8,2.8909465020576133,2920
climate_crashes,CART (pruned),2,986788062,0.9629629629629629,0.9571532316630355,1.2340948581695557,ccp_alpha=0.0;max_depth=3,13,7,3,5,2.993827160493827,0
climate_crashes,CART (unconstrained),2,840359570,0.9074074074074074,0.9120838009726898,0.0051708221435546875,,45,23,6,12,3.6872427983539096,0
climate_crashes,Random Forest,2,1190600463,0.9259259259259259,0.8903133903133904,2.82000470161438,max_depth=None,5370,2735,14,18,511.5781893004116,0
climate_crashes,GA-Optimized,3,877034334,0.9259259259259259,0.8903133903133904,37.88297700881958,accuracy_weight=0.5,3,2,1,1,1.0,2920
climate_crashes,Random Search,3,906426668,0.9259259259259259,0.8903133903133904,63.41679811477661,accuracy_weight=0.9,21,11,6,9,3.9794238683127574,2920
climate_crashes,CART (pruned),3,1657916560,0.9259259259259259,0.9143064633260712,1.0409064292907715,ccp_alpha=0.007076942262127446;max_depth=4,9,5,4,4,1.7325102880658436,0
climate_crashes,CART (unconstrained),3,1611269146,0.8888888888888888,0.8714596949891067,0.005768299102783203,,41,21,7,11,3.4382716049382718,0
climate_crashes,Random Forest,3,847722999,0.9444444444444444,0.928586839266451,2.6966769695281982,max_depth=10,5250,2675,10,18,499.0226337448561,0
climate_crashes,GA-Optimized,4,557532437,0.9259259259259259,0.8903133903133904,40.330514430999756,accuracy_weight=0.5,3,2,1,1,1.0,2920
climate_crashes,Random Search,4,853928292,0.9259259259259259,0.8903133903133904,66.80256605148315,accuracy_weight=0.5,3,2,1,1,1.0,2920
climate_crashes,CART (pruned),4,1437354265,0.9074074074074074,0.9012520299649013,1.16676664352417,ccp_alpha=0.0;max_depth=3,15,8,3,6,3.0,0
climate_crashes,CART (unconstrained),4,2015497371,0.8703703703703703,0.8769173213617657,0.006233930587768555,,51,26,9,13,4.973251028806584,0
climate_crashes,Random Forest,4,1220151433,0.9259259259259259,0.8903133903133904,3.0095651149749756,max_depth=6,3592,1846,6,18,465.43415637860073,0
climate_crashes,GA-Optimized,5,1887602290,0.9074074074074074,0.8633585041352032,41.80493497848511,accuracy_weight=0.5,3,2,1,1,1.0,2920
climate_crashes,Random Search,5,774354706,0.9074074074074074,0.8633585041352032,66.88692164421082,accuracy_weight=0.5,3,2,1,1,1.0,2920
climate_crashes,CART (pruned),5,1218252650,0.9259259259259259,0.9174074074074073,1.0390779972076416,ccp_alpha=0.006172839506172839;max_depth=4,11,6,4,4,1.8292181069958848,0
climate_crashes,CART (unconstrained),5,2099525244,0.9444444444444444,0.946683328126627,0.005327701568603516,,45,23,8,12,3.6810699588477367,0
climate_crashes,Random Forest,5,363526973,0.9444444444444444,0.9333647650479333,2.928865671157837,max_depth=None,5330,2715,14,18,482.2798353909466,0
climate_crashes,GA-Optimized,6,1374884210,0.9074074074074074,0.8633585041352032,39.92627739906311,accuracy_weight=0.5,3,2,1,1,1.0,2920
climate_crashes,Random Search,6,668977668,0.9074074074074074,0.8633585041352032,65.03532242774963,accuracy_weight=0.9,15,8,5,6,2.432098765432099,2920
climate_crashes,CART (pruned),6,958032789,0.9814814814814815,0.980546202768425,1.2403171062469482,ccp_alpha=0.0;max_depth=5,33,17,5,10,4.090534979423868,0
climate_crashes,CART (unconstrained),6,2024237864,0.9629629629629629,0.9629629629629629,0.005957126617431641,,45,23,7,14,4.238683127572016,0
climate_crashes,Random Forest,6,366332516,0.9074074074074074,0.8633585041352032,2.7626593112945557,max_depth=None,5576,2838,15,18,536.4259259259262,0
climate_crashes,GA-Optimized,7,751029145,0.9074074074074074,0.8633585041352032,40.117547035217285,accuracy_weight=0.5,3,2,1,1,1.0,2920
climate_crashes,Random Search,7,1288791125,0.9074074074074074,0.8633585041352032,62.187169313430786,accuracy_weight=0.7,3,2,1,1,1.0,2920
climate_crashes,CART (pruned),7,1027275835,0.9259259259259259,0.9026870007262163,1.1202881336212158,ccp_alpha=0.01021957091142879;max_depth=4,13,7,4,4,2.374485596707819,0
climate_crashes,CART (unconstrained),7,574672287,0.9074074074074074,0.888941275079889,0.006059885025024414,,47,24,7,13,4.753086419753086,0
climate_crashes,Random Forest,7,586507423,0.9074074074074074,0.8633585041352032,2.806468963623047,max_depth=10,5034,2567,10,18,512.588477366255,0
climate_crashes,GA-Optimized,8,750087940,0.9074074074074074,0.8633585041352032,39.06233024597168,accuracy_weight=0.5,3,2,1,1,1.0,2920
climate_crashes,Random Search,8,13779558,0.9074074074074074,0.8633585041352032,65.18417143821716,accuracy_weight=0.5,3,2,1,1,1.0,2920
climate_crashes,CART (pruned),8,1990460806,0.9074074074074074,0.902731013842125,1.0382061004638672,ccp_alpha=0.006172839506172839;max_depth=5,19,10,5,6,2.0308641975308643,0
climate_crashes,CART (unconstrained),8,1078428232,0.8888888888888888,0.8761111111111111,0.00896763801574707,,51,26,9,11,5.008230452674897,0
climate_crashes,Random Forest,8,1436480394,0.9074074074074074,0.8633585041352032,3.1232504844665527,max_depth=None,5268,2684,14,18,501.561728395062,0
climate_crashes,GA-Optimized,9,64041528,0.9074074074074074,0.8633585041352032,39.44226670265198,accuracy_weight=0.5,3,2,1,1,1.0,2920
climate_crashes,Random Search,9,799083967,0.9074074074074074,0.8633585041352032,64.83370971679688,accuracy_weight=0.5,3,2,1,1,1.0,2920
climate_crashes,CART (pruned),9,44479008,0.9074074074074074,0.8633585041352032,1.1516125202178955,ccp_alpha=0.022376460834851803;max_depth=3,1,1,0,0,0.0,0
climate_crashes,CART (unconstrained),9,1599333466,0.9074074074074074,0.902731013842125,0.005686044692993164,,47,24,8,12,4.205761316872428,0
climate_crashes,Random Forest,9,998014020,0.9074074074074074,0.8633585041352032,2.609419107437134,max_depth=None,5320,2710,15,18,528.707818930041,0
climate_crashes,GA-Optimized,10,1131252594,0.9074074074074074,0.8633585041352032,40.34968829154968,accuracy_weight=0.5,3,2,1,1,1.0,2920
climate_crashes,Random Search,10,890418143,0.9074074074074074,0.888941275079889,65.6551342010498,accuracy_weight=0.9,11,6,5,5,2.078189300411523,2920
climate_crashes,CART (pruned),10,1697519539,0.9444444444444444,0.9333647650479333,1.1539931297302246,ccp_alpha=0.010503420478901189;max_depth=4,7,4,3,3,1.4732510288065843,0
climate_crashes,CART (unconstrained),10,646806007,0.8888888888888888,0.8888888888888888,0.006486415863037109,,47,24,8,12,4.707818930041152,0
climate_crashes,Random Forest,10,836250985,0.9259259259259259,0.9026870007262163,2.7560088634490967,max_depth=None,5288,2694,14,18,538.5390946502057,0
wdbc,GA-Optimized,1,1825048676,0.9649122807017544,0.9645641882483988,45.9341778755188,accuracy_weight=0.9,11,6,5,5,2.40234375,2920
wdbc,Random Search,1,2052878773,0.9298245614035088,0.9298245614035088,61.11188769340515,accuracy_weight=0.9,17,9,4,6,3.35546875,2920
wdbc,CART (pruned),1,213798635,0.9298245614035088,0.9291283764967976,1.6952519416809082,ccp_alpha=0.0;max_depth=4,23,12,4,11,3.927734375,0
wdbc,CART (unconstrained),1,144496806,0.9298245614035088,0.9291283764967976,0.00983572006225586,,39,20,8,10,5.6796875,0
wdbc,Random Forest,1,1878439924,0.9473684210526315,0.9465243462816748,2.731765031814575,max_depth=None,3914,2007,11,30,464.05859375,0
wdbc,GA-Optimized,2,751107888,0.9298245614035088,0.9291283764967976,45.002825021743774,accuracy_weight=0.9,7,4,2,3,2.0,2920
wdbc,Random Search,2,1498195198,0.9298245614035088,0.9282124229492651,61.75919270515442,accuracy_weight=0.9,23,12,6,10,4.033203125,2920
wdbc,CART (pruned),2,806927726,0.9473684210526315,0.9465243462816748,1.5048243999481201,ccp_alpha=0.005108811040339717;max_depth=5,15,8,4,5,2.734375,0
wdbc,CART (unconstrained),2,618848595,0.8947368421052632,0.8923186344238976,0.010605573654174805,,33,17,7,11,4.298828125,0
wdbc,Random Forest,2,1894731551,0.9473684210526315,0.9465243462816748,2.6401448249816895,max_depth=6,3360,1730,6,30,425.734375,0
wdbc,GA-Optimized,3,1904151592,0.9649122807017544,0.9649122807017544,44.54581260681152,accuracy_weight=0.9,9,5,3,3,2.134765625,2920
wdbc,Random Search,3,509892487,0.9122807017543859,0.9106612685560054,61.47788214683533,accuracy_weight=0.9,37,19,6,13,4.400390625,2920
wdbc,CART (pruned),3,1751377348,0.9824561403508771,0.982536590411502,1.4428582191467285,ccp_alpha=0.0;max_depth=6,27,14,6,7,4.814453125,0
wdbc,CART (unconstrained),3,766554997,0.9649122807017544,0.9649122807017544,0.009329557418823242,,41,21,8,14,5.767578125,0
wdbc,Random Forest,3,1544810038,1.0,1.0,2.631793975830078,max_depth=6,3580,1840,6,30,457.958984375,0
wdbc,GA-Optimized,4,952018636,0.8947368421052632,0.8965311004784688,46.1712749004364,accuracy_weight=0.9,9,5,3,3,2.37890625,2920
wdbc,Random Search,4,472412412,0.9298245614035088,0.9290184921763869,65.80151343345642,accuracy_weight=0.7,5,3,2,2,1.859375,2920
wdbc,CART (pruned),4,787443246,0.9473684210526315,0.9476097712345061,1.6949100494384766,ccp_alpha=0.007506351335921419;max_depth=5,13,7,4,5,2.416015625,0
wdbc,CART (unconstrained),4,258065273,0.8947368421052632,0.8962175259119666,0.010337352752685547,,41,21,8,13,5.73828125,0
wdbc,Random Forest,4,183490124,0.9824561403508771,0.9823623542652152,2.8162484169006348,max_depth=6,3572,1836,6,30,458.2890625,0
wdbc,GA-Optimized,5,843762417,0.9122807017543859,0.9118117713260766,48.87949180603027,accuracy_weight=0.7,9,5,4,4,3.015625,2920
wdbc,Random Search,5,1475693456,0.9298245614035088,0.9290184921763869,66.09031581878662,accuracy_weight=0.9,17,9,6,8,3.703125,2920
wdbc,CART (pruned),5,1453770470,0.9473684210526315,0.9463967611336033,1.6383106708526611,ccp_alpha=0.0;max_depth=3,13,7,3,5,2.990234375,0
wdbc,CART (unconstrained),5,1209361369,0.9473684210526315,0.947087062795646,0.008600950241088867,,43,22,8,11,5.46484375,0
wdbc,Random Forest,5,1843684001,1.0,1.0,2.8507537841796875,max_depth=None,3924,2012,11,30,455.580078125,0
wdbc,GA-Optimized,6,1029946519,0.9298245614035088,0.9298245614035088,49.14509892463684,accuracy_weight=0.7,7,4,2,2,2.0,2920
wdbc,Random Search,6,74207719,0.8596491228070176,0.8596491228070176,63.54425549507141,accuracy_weight=0.7,5,3,2,2,1.6328125,2920
wdbc,CART (pruned),6,130618903,0.9122807017543859,0.9126829520575104,1.6991512775421143,ccp_alpha=0.005433238636363636;max_depth=5,15,8,5,5,3.27734375,0
wdbc,CART (unconstrained),6,1637585406,0.8947368421052632,0.8956254272043745,0.009510993957519531,,41,21,7,13,5.51171875,0
wdbc,Random Forest,6,732470084,0.9649122807017544,0.9649122807017544,3.021254062652588,max_depth=None,3918,2009,11,30,472.5625,0
wdbc,GA-Optimized,7,372927812,0.9122807017543859,0.9126829520575104,44.4259819984436,accuracy_weight=0.7,3,2,1,1,1.0,2920
wdbc,Random Search,7,153307106,0.9298245614035088,0.9290184921763869,61.02667856216431,accuracy_weight=0.7,9,5,4,4,1.89453125,2920
wdbc,CART (pruned),7,888096125,0.9298245614035088,0.9290184921763869,1.6151208877563477,ccp_alpha=0.008663268343974864;max_depth=3,7,4,3,3,1.74609375,0
wdbc,CART (unconstrained),7,2116210380,0.9122807017543859,0.9126829520575104,0.00872349739074707,,41,21,8,10,5.205078125,0
wdbc,Random Forest,7,2097169004,0.9824561403508771,0.9823623542652152,2.623403549194336,max_depth=6,3388,1744,6,30,435.98828125,0
wdbc,GA-Optimized,8,2083981238,0.9298245614035088,0.9298245614035088,47.140979528427124,accuracy_weight=0.7,3,2,1,1,1.0,2920
wdbc,Random Search,8,137127419,0.8947368421052632,0.89196675900277,63.13458824157715,accuracy_weight=0.9,9,5,4,4,1.93359375,2920
wdbc,CART (pruned),8,1999866759,0.9473684210526315,0.9476097712345061,1.420724630355835,ccp_alpha=0.0;max_depth=6,23,12,6,9,3.8125,0
wdbc,CART (unconstrained),8,1104583345,0.9473684210526315,0.9476097712345061,0.008151054382324219,,39,20,7,13,4.89453125,0
wdbc,Random Forest,8,219762862,0.9824561403508771,0.982536590411502,2.727797031402588,max_depth=None,3970,2035,11,30,451.662109375,0
wdbc,GA-Optimized,9,13283312,0.8771929824561403,0.8786168319349098,50.464186668395996,accuracy_weight=0.7,7,4,2,2,2.0,2920
wdbc,Random Search,9,570301914,0.8421052631578947,0.8447589562140645,63.8544979095459,accuracy_weight=0.9,3,2,1,1,1.0,2920
wdbc,CART (pruned),9,806768742,0.8947368421052632,0.8947368421052632,1.3605828285217285,ccp_alpha=0.012940002845612586;max_depth=4,9,5,3,4,2.029296875,0
wdbc,CART (unconstrained),9,1504641364,0.8771929824561403,0.8777561328805144,0.012190818786621094,,35,18,8,11,5.16015625,0
wdbc,Random Forest,9,1318913025,0.9298245614035088,0.9304169514695829,3.0288262367248535,max_depth=6,3376,1738,6,30,448.333984375,0
wdbc,GA-Optimized,10,804071432,0.9107142857142857,0.9076576576576576,46.60931372642517,accuracy_weight=0.9,9,5,4,4,2.750487329434698,2920
wdbc,Random Search,10,1618595588,0.8571428571428571,0.8555555555555555,62.61853790283203,accuracy_weight=0.9,5,3,2,2,1.3235867446393763,2920
wdbc,CART (pruned),10,535124484,0.8571428571428571,0.8555555555555555,1.6709229946136475,ccp_alpha=0.012678509217782106;max_depth=8,7,4,3,3,1.7290448343079923,0
wdbc,CART (unconstrained),10,1201089014,0.8214285714285714,0.8214285714285714,0.012819051742553711,,41,21,8,12,5.7894736842105265,0
wdbc,Random Forest,10,2028178209,0.9107142857142857,0.9102542081758845,2.905773639678955,max_depth=None,3778,1939,11,30,457.5555555555557,0
ilpd,GA-Optimized,1,783642242,0.711864406779661,0.5920456452424903,42.871811389923096,accuracy_weight=0.5,3,2,1,1,1.0,2920
ilpd,Random Search,1,1263958083,0.711864406779661,0.5920456452424903,63.854782581329346,accuracy_weight=0.5,3,2,1,1,1.0,2920
ilpd,CART (pruned),1,364253696,0.711864406779661,0.5920456452424903,0.8129923343658447,ccp_alpha=0.04068012009327637;max_depth=3,1,1,0,0,0.0,0
ilpd,CART (unconstrained),1,1282448165,0.711864406779661,0.702890217001942,0.005162954330444336,,209,105,19,10,8.971374045801527,0
ilpd,Random Forest,1,1937691962,0.6779661016949152,0.599868533819259,3.067768096923828,max_depth=6,6212,3156,6,10,538.8664122137404,0
ilpd,GA-Optimized,2,89391542,0.711864406779661,0.6419876355224948,45.053046226501465,accuracy_weight=0.5,3,2,1,1,1.0,2920
ilpd,Random Search,2,884188873,0.711864406779661,0.5920456452424903,64.06409740447998,accuracy_weight=0.5,3,2,1,1,1.0,2920
ilpd,CART (pruned),2,678512821,0.711864406779661,0.5920456452424903,0.8588216304779053,ccp_alpha=0.04117288059192081;max_depth=3,1,1,0,0,0.0,0
ilpd,CART (unconstrained),2,1356611603,0.6610169491525424,0.666299205364935,0.005181074142456055,,201,101,18,10,8.568702290076336,0
ilpd,Random Forest,2,200687784,0.711864406779661,0.6855956347481771,2.7632956504821777,max_depth=6,5972,3036,6,10,548.6851145038167,0
ilpd,GA-Optimized,3,947493905,0.7457627118644068,0.6646662882166897,43.79406523704529,accuracy_weight=0.5,3,2,1,1,1.0,2920
ilpd,Random Search,3,26439112,0.7288135593220338,0.6299811676082863,61.44978713989258,accuracy_weight=0.5,3,2,1,1,1.0,2920
ilpd,CART (pruned),3,1587984715,0.711864406779661,0.5920456452424903,0.876469612121582,ccp_alpha=0.04112016313597827;max_depth=3,1,1,0,0,0.0,0
ilpd,CART (unconstrained),3,1142427977,0.711864406779661,0.6855956347481771,0.0058057308197021484,,197,99,18,10,8.438931297709924,0
ilpd,Random Forest,3,271910272,0.7288135593220338,0.6532687651331719,2.6191213130950928,max_depth=6,6108,3104,6,10,542.5648854961831,0
ilpd,GA-Optimized,4,179600497,0.7413793103448276,0.6468744237506916,44.28030252456665,accuracy_weight=0.7,7,4,2,2,2.0,2920
ilpd,Random Search,4,1010045737,0.7241379310344828,0.6082758620689656,60.659079790115356,accuracy_weight=0.7,3,2,1,1,1.0,2920
ilpd,CART (pruned),4,1645656263,0.7241379310344828,0.6082758620689656,0.8062787055969238,ccp_alpha=0.041055354604514316;max_depth=3,1,1,0,0,0.0,0
ilpd,CART (unconstrained),4,763389156,0.6379310344827587,0.6467432950191572,0.0052182674407958984,,195,98,16,9,8.432380952380953,0
ilpd,Random Forest,4,13039625,0.6724137931034483,0.5822964806256665,2.9214866161346436,max_depth=6,5898,2999,6,10,545.4647619047619,0
ilpd,GA-Optimized,5,734964041,0.7241379310344828,0.6082758620689656,44.87704610824585,accuracy_weight=0.5,3,2,1,1,1.0,2920
ilpd,Random Search,5,840744028,0.6724137931034483,0.6241717850752042,64.8595199584961,accuracy_weight=0.9,15,8,6,6,3.8780952380952383,2920
ilpd,CART (pruned),5,1129841525,0.7241379310344828,0.6082758620689656,0.8219454288482666,ccp_alpha=0.04644465786314533;max_depth=3,3,2,1,1,1.0,0
ilpd,CART (unconstrained),5,1442829147,0.5689655172413793,0.564548845122031,0.00872659683227539,,203,102,19,10,8.897142857142857,0
ilpd,Random Forest,5,476620558,0.7413793103448276,0.7151193633952255,2.6989693641662598,max_depth=6,5708,2904,6,10,537.5980952380952,0
ilpd,GA-Optimized,6,1885831701,0.6896551724137931,0.615948275862069,49.9379460811615,accuracy_weight=0.5,3,2,1,1,1.0,2920
ilpd,Random Search,6,359719759,0.7413793103448276,0.6468744237506916,65.23525333404541,accuracy_weight=0.5,3,2,1,1,1.0,2920
ilpd,CART (pruned),6,735555777,0.7241379310344828,0.6082758620689656,0.8865513801574707,ccp_alpha=0.04508225742511457;max_depth=3,3,2,1,1,1.0,0
ilpd,CART (unconstrained),6,1834809431,0.6896551724137931,0.6829190056134722,0.004990816116333008,,217,109,19,10,8.64,0
ilpd,Random Forest,6,1536507958,0.6724137931034483,0.6611177170035674,2.7625746726989746,max_depth=None,17448,8774,24,10,777.495238095238,0
ilpd,GA-Optimized,7,1864378445,0.7068965517241379,0.5855102751654475,47.500518798828125,accuracy_weight=0.7,3,2,1,1,1.0,2920
ilpd,Random Search,7,83959525,0.6551724137931034,0.6020739630184908,63.02429819107056,accuracy_weight=0.9,19,10,6,7,2.9657142857142857,2920
ilpd,CART (pruned),7,1696500008,0.6379310344827587,0.5727620060937274,0.8583333492279053,ccp_alpha=0.003841269841269845;max_depth=8,33,17,8,7,4.937142857142857,0
ilpd,CART (unconstrained),7,935751652,0.5689655172413793,0.5650312850146668,0.00476837158203125,,213,107,21,10,8.986666666666666,0
ilpd,Random Forest,7,2098399465,0.6724137931034483,0.6296475937855248,2.5533244609832764,max_depth=None,17198,8649,26,10,769.2895238095241,0
ilpd,GA-Optimized,8,1241670267,0.7068965517241379,0.5855102751654475,45.034631967544556,accuracy_weight=0.5,3,2,1,1,1.0,2920
ilpd,Random Search,8,1171637740,0.6551724137931034,0.6020739630184908,65.36606359481812,accuracy_weight=0.7,7,4,2,3,2.0,2920
ilpd,CART (pruned),8,1501394367,0.7068965517241379,0.5855102751654475,0.7909917831420898,ccp_alpha=0.044207221350078596;max_depth=3,1,1,0,0,0.0,0
ilpd,CART (unconstrained),8,1582340350,0.7068965517241379,0.7092744632974518,0.004671335220336914,,213,107,17,10,8.470476190476191,0
ilpd,Random Forest,8,2121259348,0.6724137931034483,0.6428315180736723,2.5304174423217773,max_depth=6,6220,3160,6,10,541.7809523809525,0
ilpd,GA-Optimized,9,184084724,0.7068965517241379,0.5855102751654475,45.45703911781311,accuracy_weight=0.5,3,2,1,1,1.0,2920
ilpd,Random Search,9,1884787933,0.7068965517241379,0.5855102751654475,65.77129530906677,accuracy_weight=0.5,3,2,1,1,1.0,2920
ilpd,CART (pruned),9,7832298,0.7068965517241379,0.5855102751654475,0.8659765720367432,ccp_alpha=0.040219428612285724;max_depth=3,3,2,1,1,1.0,0
ilpd,CART (unconstrained),9,1143022616,0.6551724137931034,0.6485016420361248,0.00498199462890625,,201,101,17,10,8.443809523809524,0
ilpd,Random Forest,9,973531847,0.6896551724137931,0.6418665667166417,2.3851587772369385,max_depth=10,12976,6538,10,10,716.1257142857143,0
ilpd,GA-Optimized,10,502704615,0.7241379310344828,0.6240519196184221,48.53676962852478,accuracy_weight=0.5,3,2,1,1,1.0,2920
ilpd,Random Search,10,652843555,0.7068965517241379,0.5855102751654475,66.91594243049622,accuracy_weight=0.5,3,2,1,1,1.0,2920
ilpd,CART (pruned),10,82829430,0.7068965517241379,0.5855102751654475,0.9643862247467041,ccp_alpha=0.04571501133786865;max_depth=3,1,1,0,0,0.0,0
ilpd,CART (unconstrained),10,965253354,0.6724137931034483,0.6750714589795049,0.005702495574951172,,205,103,21,10,9.647619047619047,0
ilpd,Random Forest,10,305254679,0.7586206896551724,0.7481422079657847,2.8516364097595215,max_depth=None,17496,8798,22,10,779.8742857142862,0
balance_scale,GA-Optimized,1,1657506284,0.7777777777777778,0.745023935500126,56.93119025230408,accuracy_weight=0.9,19,10,6,4,3.781138790035587,2920
balance_scale,Random Search,1,822311904,0.7777777777777778,0.7453858540815063,68.92585253715515,accuracy_weight=0.9,19,10,5,4,3.4181494661921707,2920
balance_scale,CART (pruned),1,425494754,0.7777777777777778,0.744877344877345,0.6722962856292725,ccp_alpha=0.0054863582443653615;max_depth=5,27,14,5,4,3.5693950177935942,0
balance_scale,CART (unconstrained),1,313328313,0.8095238095238095,0.8204837490551776,0.0036513805389404297,,299,150,11,4,6.516014234875445,0
balance_scale,Random Forest,1,1348352184,0.9206349206349206,0.8831350291164397,2.6989991664886475,max_depth=6,9528,4814,6,4,549.743772241993,0
balance_scale,GA-Optimized,2,631950258,0.8253968253968254,0.7913435683927487,62.110310077667236,accuracy_weight=0.9,33,17,6,4,4.304270462633452,2920
balance_scale,Random Search,2,1453640192,0.746031746031746,0.7151270708647758,64.9966230392456,accuracy_weight=0.9,31,16,6,4,3.96085409252669,2920
balance_scale,CART (pruned),2,1437092186,0.7301587301587301,0.7117075843731191,0.5970807075500488,ccp_alpha=0.0070107443312744586;max_depth=6,27,14,5,4,3.590747330960854,0
balance_scale,CART (unconstrained),2,1031010927,0.6984126984126984,0.7417261101471627,0.003796815872192383,,279,140,11,4,6.179715302491103,0
balance_scale,Random Forest,2,1632135204,0.8095238095238095,0.7825013120928653,2.5138299465179443,max_depth=6,9640,4870,6,4,545.9395017793596,0
balance_scale,GA-Optimized,3,1502935092,0.8412698412698413,0.8124764124764126,57.413313150405884,accuracy_weight=0.9,33,17,6,4,4.4911032028469755,2920
balance_scale,Random Search,3,977554630,0.7619047619047619,0.7301153375510949,65.82069444656372,accuracy_weight=0.9,33,17,6,4,4.117437722419929,2920
balance_scale,CART (pruned),3,1845353662,0.8095238095238095,0.8089432621100774,0.643996000289917,ccp_alpha=0.001986951364175562;max_depth=8,87,44,7,4,5.195729537366548,0
balance_scale,CART (unconstrained),3,464931791,0.8095238095238095,0.816017316017316,0.003690481185913086,,289,145,10,4,6.389679715302491,0
balance_scale,Random Forest,3,915824639,0.8888888888888888,0.8592592592592593,2.2448227405548096,max_depth=6,9682,4891,6,4,549.6049822064055,0
balance_scale,GA-Optimized,4,1061691047,0.7936507936507936,0.7612353117347569,62.22064971923828,accuracy_weight=0.9,27,14,6,4,3.727758007117438,2920
balance_scale,Random Search,4,795967139,0.7777777777777778,0.7463718820861678,66.5823323726654,accuracy_weight=0.9,33,17,6,4,3.9056939501779357,2920
balance_scale,CART (pruned),4,1461769202,0.8095238095238095,0.7761722512952695,0.6527533531188965,ccp_alpha=0.005466587584025302;max_depth=5,25,13,5,4,3.50711743772242,0
balance_scale,CART (unconstrained),4,581729287,0.8253968253968254,0.8323586744639376,0.003732919692993164,,287,144,11,4,6.42170818505338,0
balance_scale,Random Forest,4,970337969,0.8571428571428571,0.8360655737704917,2.8899900913238525,max_depth=6,9694,4897,6,4,552.1352313167259,0
balance_scale,GA-Optimized,5,1958593984,0.7936507936507936,0.7608969513731418,61.785680055618286,accuracy_weight=0.9,17,9,4,4,3.3398576512455516,2920
balance_scale,Random Search,5,25098358,0.6984126984126984,0.6668800853674803,66.80283260345459,accuracy_weight=0.9,23,12,6,4,3.4519572953736657,2920
balance_scale,CART (pruned),5,755398106,0.8412698412698413,0.8058701519609118,0.7191412448883057,ccp_alpha=0.005152696255899102;max_depth=6,39,20,6,4,4.087188612099644,0
balance_scale,CART (unconstrained),5,244804629,0.7936507936507936,0.8064079952968842,0.0040242671966552734,,295,148,10,4,6.683274021352313,0
balance_scale,Random Forest,5,2014015377,0.873015873015873,0.8437230642744427,2.487691879272461,max_depth=6,9708,4904,6,4,550.300711743772,0
balance_scale,GA-Optimized,6,977714181,0.7741935483870968,0.7483870967741937,63.59043598175049,accuracy_weight=0.9,39,20,6,4,4.175843694493783,2920
balance_scale,Random Search,6,418938207,0.8709677419354839,0.842169419820918,66.93191885948181,accuracy_weight=0.9,21,11,6,4,3.7761989342806395,2920
balance_scale,CART (pruned),6,2084699447,0.7741935483870968,0.770102676044951,0.6413617134094238,ccp_alpha=0.0;max_depth=4,31,16,4,4,4.0,0
balance_scale,CART (unconstrained),6,783905242,0.7580645161290323,0.7921240050272308,0.004681110382080078,,295,148,10,4,6.314387211367674,0
balance_scale,Random Forest,6,1452553064,0.8225806451612904,0.8101069702283207,2.518184185028076,max_depth=6,9648,4874,6,4,548.5985790408528,0
balance_scale,GA-Optimized,7,72984148,0.7580645161290323,0.7249083577712611,63.28669333457947,accuracy_weight=0.9,23,12,5,4,3.5150976909413854,2920
balance_scale,Random Search,7,267480539,0.8387096774193549,0.8052144428152492,66.84046506881714,accuracy_weight=0.9,45,23,6,4,4.925399644760213,2920
balance_scale,CART (pruned),7,1728935688,0.8064516129032258,0.7734003172924379,0.5832066535949707,ccp_alpha=0.0;max_depth=4,31,16,4,4,4.0,0
balance_scale,CART (unconstrained),7,1998946858,0.8064516129032258,0.8003495274545029,0.003961801528930664,,303,152,11,4,6.383658969804618,0
balance_scale,Random Forest,7,635433669,0.8709677419354839,0.835272342675833,2.588758707046509,max_depth=6,9460,4780,6,4,548.8880994671404,0
balance_scale,GA-Optimized,8,1620919088,0.7741935483870968,0.7417503055442392,64.86477327346802,accuracy_weight=0.9,25,13,5,4,3.428063943161634,2920
balance_scale,Random Search,8,951223604,0.7580645161290323,0.7250896057347671,67.31944274902344,accuracy_weight=0.9,23,12,6,4,4.101243339253997,2920
balance_scale,CART (pruned),8,1561729551,0.8387096774193549,0.8034080554036814,0.627934455871582,ccp_alpha=0.006641478366869756;max_depth=5,27,14,5,4,3.6074600355239785,0
balance_scale,CART (unconstrained),8,1806362732,0.8064516129032258,0.792547274749722,0.004340171813964844,,301,151,10,4,6.3481349911190055,0
balance_scale,Random Forest,8,1397818938,0.8709677419354839,0.8351254480286737,2.6597774028778076,max_depth=6,9678,4889,6,4,550.4866785079928,0
balance_scale,GA-Optimized,9,571441809,0.7419354838709677,0.71119382409705,63.853639364242554,accuracy_weight=0.9,21,11,5,4,3.5541740674955595,2920
balance_scale,Random Search,9,460814629,0.7258064516129032,0.6925243215565796,67.23474192619324,accuracy_weight=0.9,33,17,6,4,4.468916518650089,2920
balance_scale,CART (pruned),9,1468643972,0.7741935483870968,0.7741935483870968,0.6249089241027832,ccp_alpha=0.003269820765380271;max_depth=8,65,33,7,4,4.852575488454707,0
balance_scale,CART (unconstrained),9,2022719723,0.7258064516129032,0.7361455748552524,0.004120349884033203,,279,140,11,4,6.159857904085258,0
balance_scale,Random Forest,9,2029855548,0.8225806451612904,0.8157463094587206,2.423888921737671,max_depth=6,9428,4764,6,4,546.2397868561278,0
balance_scale,GA-Optimized,10,1406264704,0.7580645161290323,0.7254480286738352,63.78006458282471,accuracy_weight=0.9,19,10,5,4,3.1651865008880993,2920
balance_scale,Random Search,10,338255666,0.7258064516129032,0.6948924731182795,67.78339767456055,accuracy_weight=0.9,33,17,6,4,4.239786856127886,2920
balance_scale,CART (pruned),10,1801394651,0.7258064516129032,0.7025791586145383,0.6857585906982422,ccp_alpha=0.004339523260647743;max_depth=6,37,19,6,4,3.822380106571936,0
balance_scale,CART (unconstrained),10,1511579842,0.7903225806451613,0.7973422600933252,0.0052793025970458984,,291,146,11,4,6.046181172291297,0
balance_scale,Random Forest,10,1752528293,0.8387096774193549,0.8102706711160549,2.526552200317383,max_depth=6,9682,4891,6,4,548.8063943161633,0
credit_approval,GA-Optimized,1,1384180583,0.782608695652174,0.783248485070057,42.86899137496948,accuracy_weight=0.5,3,2,1,1,1.0,2920
credit_approval,Random Search,1,827954507,0.782608695652174,0.783248485070057,64.41529726982117,accuracy_weight=0.7,3,2,1,1,1.0,2920
credit_approval,CART (pruned),1,434642265,0.8115942028985508,0.8119150984439651,0.8547918796539307,ccp_alpha=0.004545919280218792;max_depth=6,13,7,4,6,2.3800322061191626,0
credit_approval,CART (unconstrained),1,1722695765,0.7391304347826086,0.7401185770750989,0.005065441131591797,,159,80,12,14,6.784219001610306,0
credit_approval,Random Forest,1,1384071577,0.8115942028985508,0.8119150984439651,3.3262815475463867,max_depth=10,15756,7928,10,15,689.9758454106284,0
credit_approval,GA-Optimized,2,166856523,0.855072463768116,0.8553160394592618,45.546795129776,accuracy_weight=0.9,7,4,2,2,2.0,2920
credit_approval,Random Search,2,849132318,0.8695652173913043,0.8699490910420341,63.25446605682373,accuracy_weight=0.7,3,2,1,1,1.0,2920
credit_approval,CART (pruned),2,1566167244,0.8840579710144928,0.8845475910693302,0.8507747650146484,ccp_alpha=0.002996560605256259;max_depth=8,33,17,7,9,3.642512077294686,0
credit_approval,CART (unconstrained),2,2015529078,0.7971014492753623,0.7977042887724219,0.005087852478027344,,161,81,12,14,6.830917874396135,0
credit_approval,Random Forest,2,2039976100,0.927536231884058,0.9276596532476789,2.495602607727051,max_depth=6,7358,3729,6,15,558.425120772947,0
credit_approval,GA-Optimized,3,806004601,0.8985507246376812,0.8989783295917899,43.45674180984497,accuracy_weight=0.7,3,2,1,1,1.0,2920
credit_approval,Random Search,3,24980468,0.8985507246376812,0.8989783295917899,61.39893627166748,accuracy_weight=0.5,3,2,1,1,1.0,2920
credit_approval,CART (pruned),3,895224347,0.9130434782608695,0.913372859025033,0.8107938766479492,ccp_alpha=0.0034710431993963398;max_depth=5,21,11,5,8,3.4074074074074074,0
credit_approval,CART (unconstrained),3,1265223435,0.8260869565217391,0.8268213866039953,0.005866289138793945,,175,88,11,13,7.017713365539453,0
credit_approval,Random Forest,3,1791761831,0.9420289855072463,0.9420289855072463,2.6915714740753174,max_depth=6,7298,3699,6,15,560.4524959742351,0
credit_approval,GA-Optimized,4,1201009409,0.8260869565217391,0.8214860823556476,44.34478569030762,accuracy_weight=0.9,9,5,3,3,2.0579710144927534,2920
credit_approval,Random Search,4,1766039680,0.8695652173913043,0.8698394128561113,65.19937586784363,accuracy_weight=0.5,3,2,1,1,1.0,2920
credit_approval,CART (pruned),4,1907935877,0.8405797101449275,0.839553619457167,0.9574732780456543,ccp_alpha=0.004321368727401;max_depth=5,15,8,5,7,2.5120772946859904,0
credit_approval,CART (unconstrained),4,803128116,0.782608695652174,0.7812094810779548,0.005227804183959961,,173,87,14,13,6.914653784219001,0
credit_approval,Random Forest,4,1033155054,0.8840579710144928,0.8836120401337793,2.720872640609741,max_depth=10,15984,8042,10,15,692.1561996779386,0
credit_approval,GA-Optimized,5,1045716397,0.927536231884058,0.9277194911501047,45.89098644256592,accuracy_weight=0.9,3,2,1,1,1.0,2920
credit_approval,Random Search,5,883244580,0.927536231884058,0.9277194911501047,64.78106427192688,accuracy_weight=0.5,3,2,1,1,1.0,2920
credit_approval,CART (pruned),5,825122887,0.8840579710144928,0.8820885724385195,0.8634188175201416,ccp_alpha=0.0035071575880118973;max_depth=8,31,16,7,9,3.5185185185185186,0
credit_approval,CART (unconstrained),5,547575412,0.8405797101449275,0.839553619457167,0.005142688751220703,,173,87,13,13,6.845410628019324,0
credit_approval,Random Forest,5,335328824,0.927536231884058,0.927069827025985,2.918987274169922,max_depth=None,18836,9468,18,15,716.9661835748792,0
credit_approval,GA-Optimized,6,1783694476,0.8405797101449275,0.839976480122352,43.33596229553223,accuracy_weight=0.5,3,2,1,1,1.0,2920
credit_approval,Random Search,6,552321571,0.8405797101449275,0.839976480122352,64.41979932785034,accuracy_weight=0.5,3,2,1,1,1.0,2920
credit_approval,CART (pruned),6,511088177,0.8985507246376812,0.8988072876101464,0.8638062477111816,ccp_alpha=0.0048106845200114046;max_depth=4,11,6,4,5,2.317230273752013,0
credit_approval,CART (unconstrained),6,1770823932,0.8405797101449275,0.8403081831449615,0.0072062015533447266,,173,87,12,12,7.074074074074074,0
credit_approval,Random Forest,6,704219777,0.8985507246376812,0.8988072876101464,2.618621349334717,max_depth=10,16400,8250,10,15,703.8132045088564,0
credit_approval,GA-Optimized,7,437176447,0.8695652173913043,0.8678701584880074,47.22426700592041,accuracy_weight=0.9,11,6,4,5,2.3381642512077296,2920
credit_approval,Random Search,7,1441251970,0.8695652173913043,0.8697308488612836,67.92749094963074,accuracy_weight=0.5,3,2,1,1,1.0,2920
credit_approval,CART (pruned),7,372192982,0.8115942028985508,0.8075495658523422,0.8077273368835449,ccp_alpha=0.003757380568974771;max_depth=4,15,8,4,6,2.8115942028985508,0
credit_approval,CART (unconstrained),7,964531633,0.782608695652174,0.7797835974800124,0.004466056823730469,,165,83,12,14,6.584541062801932,0
credit_approval,Random Forest,7,922958216,0.8260869565217391,0.8214860823556476,2.6013357639312744,max_depth=None,18476,9288,18,15,715.6650563607087,0
credit_approval,GA-Optimized,8,1429507997,0.855072463768116,0.8548288880769699,45.58711528778076,accuracy_weight=0.9,3,2,1,1,1.0,2920
credit_approval,Random Search,8,330800286,0.855072463768116,0.8548288880769699,66.77382326126099,accuracy_weight=0.5,3,2,1,1,1.0,2920
credit_approval,CART (pruned),8,960088758,0.8840579710144928,0.8843027810419115,0.8716714382171631,ccp_alpha=0.004198004087924971;max_depth=6,15,8,6,6,2.5587761674718195,0
credit_approval,CART (unconstrained),8,1095816937,0.855072463768116,0.855072463768116,0.005284786224365234,,169,85,12,11,6.869565217391305,0
credit_approval,Random Forest,8,489096793,0.927536231884058,0.9276282493673798,2.7421674728393555,max_depth=10,16026,8063,10,15,699.8164251207731,0
credit_approval,GA-Optimized,9,1678022412,0.8260869565217391,0.8263061746437705,46.8179247379303,accuracy_weight=0.7,3,2,1,1,1.0,2920
credit_approval,Random Search,9,933348199,0.8260869565217391,0.8263061746437705,66.07896018028259,accuracy_weight=0.5,3,2,1,1,1.0,2920
credit_approval,CART (pruned),9,87569654,0.8405797101449275,0.8407821486082356,0.8705041408538818,ccp_alpha=0.004062021784138987;max_depth=4,13,7,4,6,2.8035426731078905,0
credit_approval,CART (unconstrained),9,1356980372,0.7391304347826086,0.7391304347826086,0.0050776004791259766,,159,80,15,15,7.078904991948471,0
credit_approval,Random Forest,9,907257447,0.855072463768116,0.8554384423949641,2.5084543228149414,max_depth=10,16334,8217,10,15,700.9951690821256,0
credit_approval,GA-Optimized,10,738716113,0.8115942028985508,0.8120706769902719,47.046175956726074,accuracy_weight=0.5,3,2,1,1,1.0,2920
credit_approval,Random Search,10,946844027,0.8115942028985508,0.8120706769902719,65.90876126289368,accuracy_weight=0.5,3,2,1,1,1.0,2920
credit_approval,CART (pruned),10,1324302647,0.8405797101449275,0.8403081831449615,0.9000070095062256,ccp_alpha=0.0036845333946783285;max_depth=4,17,9,4,7,3.2995169082125604,0
credit_approval,CART (unconstrained),10,1763211958,0.782608695652174,0.7822384315613111,0.00572514533996582,,157,79,11,13,6.6537842190016105,0
credit_approval,Random Forest,10,449543429,0.8405797101449275,0.8403081831449615,2.7339565753936768,max_depth=None,17686,8893,18,15,713.0064412238327,0
breast_w,GA-Optimized,1,77044692,0.9142857142857143,0.9134316770186336,48.38375997543335,accuracy_weight=0.9,7,4,2,2,2.0,2920
breast_w,Random Search,1,1058280416,0.9428571428571428,0.9433066933066934,60.87860345840454,accuracy_weight=0.9,7,4,3,3,2.3767885532591415,2920
breast_w,CART (pruned),1,220823167,0.9285714285714286,0.9288704245743241,0.783226728439331,ccp_alpha=0.0;max_depth=5,25,13,5,6,3.4976152623211445,0
breast_w,CART (unconstrained),1,195880198,0.9285714285714286,0.9288704245743241,0.0038902759552001953,,49,25,11,8,3.7440381558028615,0
breast_w,Random Forest,1,1706257082,0.9714285714285714,0.9714285714285714,2.2246224880218506,max_depth=6,4122,2111,6,9,425.8235294117648,0
breast_w,GA-Optimized,2,40973514,0.9714285714285714,0.9714285714285714,47.739497423172,accuracy_weight=0.9,9,5,4,4,3.3434022257551668,2920
breast_w,Random Search,2,867127696,1.0,1.0,60.38245630264282,accuracy_weight=0.9,21,11,6,5,2.8696343402225755,2920
breast_w,CART (pruned),2,1134358405,1.0,1.0,0.6446130275726318,ccp_alpha=0.0;max_depth=4,23,12,4,6,3.972972972972973,0
breast_w,CART (unconstrained),2,962659692,1.0,1.0,0.003859281539916992,,69,35,11,8,5.208267090620032,0
breast_w,Random Forest,2,1582653045,1.0,1.0,2.1354005336761475,max_depth=None,6156,3128,15,9,453.76470588235276,0
breast_w,GA-Optimized,3,1296648581,0.9285714285714286,0.9294684165801151,49.51242232322693,accuracy_weight=0.9,11,6,3,3,2.1192368839427664,2920
breast_w,Random Search,3,262821611,0.9714285714285714,0.9711114047839302,59.22033643722534,accuracy_weight=0.9,19,10,6,6,5.1796502384737675,2920
breast_w,CART (pruned),3,1261190493,0.9428571428571428,0.9428571428571428,0.64406418800354,ccp_alpha=0.0;max_depth=5,33,17,5,7,4.655007949125596,0
breast_w,CART (unconstrained),3,1099437818,0.9285714285714286,0.9281955747295488,0.004039287567138672,,69,35,10,9,4.868044515103339,0
breast_w,Random Forest,3,1897907305,0.9571428571428572,0.9569173448377293,2.1178300380706787,max_depth=6,4206,2153,6,9,437.5500794912558,0
breast_w,GA-Optimized,4,2118197503,0.9571428571428572,0.9576810499480692,47.81973648071289,accuracy_weight=0.9,9,5,4,4,2.5532591414944354,2920
breast_w,Random Search,4,1054049009,0.9,0.8982456140350876,62.78874230384827,accuracy_weight=0.9,7,4,3,3,1.5405405405405406,2920
breast_w,CART (pruned),4,212429490,0.9,0.8982456140350876,0.8267955780029297,ccp_alpha=0.0031543052003410047;max_depth=5,15,8,5,4,2.340222575516693,0
breast_w,CART (unconstrained),4,713118053,0.9142857142857143,0.9133342143517906,0.006473541259765625,,55,28,7,9,2.9952305246422894,0
breast_w,Random Forest,4,109606848,0.9571428571428572,0.9573446961202065,2.381640911102295,max_depth=None,5470,2785,13,9,444.49602543720204,0
breast_w,GA-Optimized,5,1778599599,0.9285714285714286,0.9273182957393483,49.14403176307678,accuracy_weight=0.9,7,4,3,3,2.5914149443561207,2920
breast_w,Random Search,5,2093742351,0.9142857142857143,0.9133342143517906,64.58805775642395,accuracy_weight=0.7,3,2,1,1,1.0,2920
breast_w,CART (pruned),5,521175078,0.9285714285714286,0.9281955747295488,0.7277383804321289,ccp_alpha=0.0;max_depth=5,29,15,5,7,4.3116057233704295,0
breast_w,CART (unconstrained),5,1208176719,0.8857142857142857,0.8829004329004329,0.0044708251953125,,73,37,10,8,4.8187599364069955,0
breast_w,Random Forest,5,1002442905,0.9285714285714286,0.9281955747295488,2.321248769760132,max_depth=6,4210,2155,6,9,448.67567567567556,0
breast_w,GA-Optimized,6,1120987299,0.9857142857142858,0.985781565373402,49.90734076499939,accuracy_weight=0.9,9,5,4,4,1.7837837837837838,2920
breast_w,Random Search,6,129778215,0.9428571428571428,0.9422228095678605,61.3932089805603,accuracy_weight=0.9,5,3,2,2,1.7011128775834659,2920
breast_w,CART (pruned),6,619396299,0.9428571428571428,0.9422228095678605,0.7318487167358398,ccp_alpha=0.005383534795299503;max_depth=4,15,8,4,3,3.0842607313195547,0
breast_w,CART (unconstrained),6,754951093,0.9285714285714286,0.9273182957393483,0.0034809112548828125,,69,35,9,8,5.1891891891891895,0
breast_w,Random Forest,6,931367237,0.9571428571428572,0.9569173448377293,2.5820226669311523,max_depth=None,5808,2954,14,9,459.52782193958694,0
breast_w,GA-Optimized,7,133239867,0.9571428571428572,0.9576810499480692,49.21632480621338,accuracy_weight=0.9,9,5,4,4,3.1414944356120826,2920
breast_w,Random Search,7,1194293780,0.8428571428571429,0.8401002506265665,64.62287449836731,accuracy_weight=0.5,3,2,1,1,1.0,2920
breast_w,CART (pruned),7,1810337319,0.9428571428571428,0.9433650793650794,0.6472351551055908,ccp_alpha=0.0;max_depth=8,37,19,6,8,4.07154213036566,0
breast_w,CART (unconstrained),7,400104984,0.9428571428571428,0.9428571428571428,0.0058994293212890625,,59,30,9,9,4.178060413354531,0
breast_w,Random Forest,7,786391752,0.9714285714285714,0.9716825396825397,2.3040010929107666,max_depth=10,5412,2756,10,9,460.31001589825104,0
breast_w,GA-Optimized,8,1126274812,0.9857142857142858,0.9856391149459097,49.59427523612976,accuracy_weight=0.9,9,5,4,4,3.1589825119236883,2920
breast_w,Random Search,8,403840778,0.9571428571428572,0.9569173448377293,63.599072217941284,accuracy_weight=0.9,15,8,6,5,2.7170111287758347,2920
breast_w,CART (pruned),8,2142418488,0.9571428571428572,0.9576810499480692,0.6332817077636719,ccp_alpha=0.005548099182774073;max_depth=4,13,7,3,4,2.987281399046105,0
breast_w,CART (unconstrained),8,217207863,0.9428571428571428,0.9422228095678605,0.0036427974700927734,,71,36,10,9,5.131955484896661,0
breast_w,Random Forest,8,1383740714,0.9714285714285714,0.9714285714285714,2.3299849033355713,max_depth=None,5858,2979,13,9,468.1224165341811,0
breast_w,GA-Optimized,9,2143529060,0.9714285714285714,0.9711114047839302,48.96120023727417,accuracy_weight=0.9,7,4,2,2,2.0,2920
breast_w,Random Search,9,1762891126,0.9714285714285714,0.9711114047839302,63.35305976867676,accuracy_weight=0.9,7,4,2,3,2.0,2920
breast_w,CART (pruned),9,877042683,0.9857142857142858,0.9856391149459097,0.6514174938201904,ccp_alpha=0.0031140068429378314;max_depth=5,17,9,4,4,2.779014308426073,0
breast_w,CART (unconstrained),9,1477692357,0.9714285714285714,0.9711114047839302,0.003382444381713867,,69,35,8,9,5.046104928457869,0
breast_w,Random Forest,9,1726063462,0.9714285714285714,0.9711114047839302,2.214258909225464,max_depth=6,4440,2270,6,9,441.06518282988884,0
breast_w,GA-Optimized,10,23919906,0.9420289855072463,0.9425296442687746,46.48874354362488,accuracy_weight=0.9,9,5,3,3,2.126984126984127,2920
breast_w,Random Search,10,1004608939,0.9130434782608695,0.913794466403162,60.476223945617676,accuracy_weight=0.9,23,12,6,8,4.201587301587302,2920
breast_w,CART (pruned),10,303939809,0.9420289855072463,0.9429104767830754,0.805610179901123,ccp_alpha=0.006968688839377797;max_depth=5,13,7,4,4,2.433333333333333,0
breast_w,CART (unconstrained),10,455145293,0.9565217391304348,0.957050886321545,0.004114627838134766,,67,34,10,9,5.222222222222222,0
breast_w,Random Forest,10,507360724,0.9565217391304348,0.957050886321545,2.4257466793060303,max_depth=None,5430,2765,14,9,454.28730158730167,0
eucalyptus,GA-Optimized,1,1758550792,0.3918918918918919,0.284735304294337,65.27425980567932,accuracy_weight=0.7,11,6,4,5,2.7643504531722054,2920
eucalyptus,Random Search,1,404772815,0.5405405405405406,0.4855503276555908,70.42512845993042,accuracy_weight=0.9,41,21,6,12,5.0362537764350455,2920
eucalyptus,CART (pruned),1,140024681,0.581081081081081,0.5728117775176599,1.136730670928955,ccp_alpha=0.00605597114278085;max_depth=8,31,16,8,8,4.6782477341389725,0
eucalyptus,CART (unconstrained),1,1335504547,0.6081081081081081,0.6184993593530179,0.006925106048583984,,321,161,15,19,8.312688821752266,0
eucalyptus,Random Forest,1,155350698,0.6486486486486487,0.6494860772354378,3.0047285556793213,max_depth=None,33178,16639,21,19,883.1676737160119,0
eucalyptus,GA-Optimized,2,1960255169,0.6081081081081081,0.5396396396396396,67.05399322509766,accuracy_weight=0.7,21,11,6,6,4.794561933534744,2920
eucalyptus,Random Search,2,432927576,0.4864864864864865,0.4131746166228925,70.98034524917603,accuracy_weight=0.7,13,7,6,4,3.365558912386707,2920
eucalyptus,CART (pruned),2,1350933431,0.5405405405405406,0.5427027027027027,1.028592586517334,ccp_alpha=0.005734048596586359;max_depth=8,45,23,8,12,5.126888217522659,0
eucalyptus,CART (unconstrained),2,1976198201,0.5405405405405406,0.547620963749996,0.022336721420288086,,335,168,16,19,8.676737160120846,0
eucalyptus,Random Forest,2,543018936,0.6621621621621622,0.642915642915643,3.2632594108581543,max_depth=6,7076,3588,6,19,562.1344410876134,0
eucalyptus,GA-Optimized,3,1346612221,0.47297297297297297,0.46085341516351475,64.33043837547302,accuracy_weight=0.9,29,15,6,7,4.293051359516617,2920
eucalyptus,Random Search,3,1449352418,0.5405405405405406,0.43756063756063757,74.89710927009583,accuracy_weight=0.7,23,12,6,7,3.1827794561933533,2920
eucalyptus,CART (pruned),3,327468296,0.7567567567567568,0.7570378649326017,1.171416997909546,ccp_alpha=0.004185517021577732;max_depth=8,51,26,8,11,5.397280966767371,0
eucalyptus,CART (unconstrained),3,1404534461,0.6756756756756757,0.6721424110705241,0.00978541374206543,,343,172,16,19,8.832326283987916,0
eucalyptus,Random Forest,3,1785500749,0.7162162162162162,0.7051782708925567,3.636422872543335,max_depth=6,6770,3435,6,19,559.3474320241693,0
eucalyptus,GA-Optimized,4,1366075492,0.5675675675675675,0.5341159341159342,65.27607655525208,accuracy_weight=0.9,25,13,6,6,4.055891238670695,2920
eucalyptus,Random Search,4,1245157378,0.4594594594594595,0.4024882024882025,71.51835036277771,accuracy_weight=0.9,29,15,6,11,4.873111782477341,2920
eucalyptus,CART (pruned),4,185183595,0.5675675675675675,0.5642303889255108,1.019010066986084,ccp_alpha=0.002703540165775814;max_depth=6,53,27,6,11,5.302114803625377,0
eucalyptus,CART (unconstrained),4,784346329,0.581081081081081,0.5823317105925802,0.006664752960205078,,321,161,18,17,8.832326283987916,0
eucalyptus,Random Forest,4,510932847,0.7162162162162162,0.714300855477326,3.110025644302368,max_depth=10,23482,11791,10,19,800.8217522658613,0
eucalyptus,GA-Optimized,5,94767405,0.47297297297297297,0.38142052688920103,66.05714225769043,accuracy_weight=0.5,9,5,3,3,2.808157099697885,2920
eucalyptus,Random Search,5,854653299,0.5135135135135135,0.4365913496206088,70.83408308029175,accuracy_weight=0.7,21,11,6,8,2.673716012084592,2920
eucalyptus,CART (pruned),5,407212384,0.6081081081081081,0.6047011899761261,1.108182668685913,ccp_alpha=0.006818912577717363;max_depth=8,33,17,8,8,4.658610271903323,0
eucalyptus,CART (unconstrained),5,1648370943,0.5540540540540541,0.5644180031982198,0.006688833236694336,,337,169,17,19,8.750755287009063,0
eucalyptus,Random Forest,5,1481568078,0.6351351351351351,0.6249735399735399,3.200421094894409,max_depth=6,7198,3649,6,19,560.2432024169184,0
eucalyptus,GA-Optimized,6,208039123,0.43243243243243246,0.30781114553740785,61.54640865325928,accuracy_weight=0.7,3,2,1,1,1.0,2920
eucalyptus,Random Search,6,866237734,0.5,0.4361179150909574,69.7153832912445,accuracy_weight=0.9,33,17,6,10,4.744712990936556,2920
eucalyptus,CART (pruned),6,647355439,0.7027027027027027,0.7010847882696623,0.9489452838897705,ccp_alpha=0.005319260494618436;max_depth=8,47,24,8,10,5.309667673716012,0
eucalyptus,CART (unconstrained),6,1953453490,0.581081081081081,0.5790290695553854,0.006650686264038086,,345,173,18,19,8.948640483383686,0
eucalyptus,Random Forest,6,305583006,0.7162162162162162,0.7152678712808221,3.096856117248535,max_depth=None,33366,16733,22,19,882.108761329305,0
eucalyptus,GA-Optimized,7,1496975852,0.5753424657534246,0.561554009018768,55.99887204170227,accuracy_weight=0.7,17,9,6,3,4.782805429864253,2920
eucalyptus,Random Search,7,1163447272,0.5342465753424658,0.4878199200746163,67.54042148590088,accuracy_weight=0.7,21,11,6,8,4.425339366515837,2920
eucalyptus,CART (pruned),7,546031557,0.5342465753424658,0.539294609500089,0.931138277053833,ccp_alpha=0.011113526635801702;max_depth=5,15,8,5,4,3.414781297134238,0
eucalyptus,CART (unconstrained),7,693831885,0.5753424657534246,0.5804826328512659,0.006253719329833984,,329,165,17,19,8.877828054298643,0
eucalyptus,Random Forest,7,706960999,0.589041095890411,0.5789311670721652,2.6740987300872803,max_depth=10,23376,11738,10,19,800.9909502262446,0
eucalyptus,GA-Optimized,8,154990563,0.410958904109589,0.37136367352182087,59.312994718551636,accuracy_weight=0.7,29,15,6,9,4.30920060331825,2920
eucalyptus,Random Search,8,1287221276,0.5205479452054794,0.4628715641507745,70.79966974258423,accuracy_weight=0.9,33,17,6,12,4.012066365007541,2920
eucalyptus,CART (pruned),8,1803027544,0.6438356164383562,0.644406392694064,1.0292105674743652,ccp_alpha=0.005823697000167598;max_depth=8,35,18,8,9,5.02262443438914,0
eucalyptus,CART (unconstrained),8,98289767,0.6027397260273972,0.5860717808757488,0.006994962692260742,,337,169,17,18,9.085972850678733,0
eucalyptus,Random Forest,8,1324595105,0.6438356164383562,0.6332975858624358,3.3383986949920654,max_depth=None,33200,16650,21,19,873.7179487179484,0
eucalyptus,GA-Optimized,9,146493109,0.4794520547945205,0.3779210314262691,66.37999868392944,accuracy_weight=0.7,7,4,2,3,2.0,2920
eucalyptus,Random Search,9,156273424,0.4931506849315068,0.35518281680788716,70.68340587615967,accuracy_weight=0.9,33,17,6,13,5.282051282051282,2920
eucalyptus,CART (pruned),9,1722755572,0.7671232876712328,0.7684630793928374,1.1017653942108154,ccp_alpha=0.005767987668440153;max_depth=8,37,19,7,9,4.791855203619909,0
eucalyptus,CART (unconstrained),9,549283857,0.684931506849315,0.6806392694063927,0.0077059268951416016,,339,170,16,19,8.591251885369532,0
eucalyptus,Random Forest,9,397630915,0.7123287671232876,0.7138627603307941,3.256027936935425,max_depth=10,22758,11429,10,19,804.3604826546006,0
eucalyptus,GA-Optimized,10,2078679438,0.5616438356164384,0.4731712599491039,71.50024676322937,accuracy_weight=0.7,13,7,4,3,3.6485671191553544,2920
eucalyptus,Random Search,10,394121257,0.3561643835616438,0.28211184186621124,71.01713848114014,accuracy_weight=0.7,7,4,2,3,2.0,2920
eucalyptus,CART (pruned),10,133010586,0.6164383561643836,0.6124075152389359,1.0790512561798096,ccp_alpha=0.003571591806885925;max_depth=5,37,19,5,9,4.610859728506787,0
eucalyptus,CART (unconstrained),10,263560332,0.6164383561643836,0.6195303769808969,0.007386684417724609,,321,161,17,19,9.04524886877828,0
eucalyptus,Random Forest,10,435688960,0.6164383561643836,0.6165207539396436,3.1140592098236084,max_depth=None,33288,16694,22,19,882.4313725490193,0
blood_transfusion,GA-Optimized,1,1826283138,0.7733333333333333,0.6866372036962635,43.7872040271759,accuracy_weight=0.7,3,2,1,1,1.0,2920
blood_transfusion,Random Search,1,1651623197,0.76,0.6967613636363637,70.64670133590698,accuracy_weight=0.9,7,4,3,3,1.3670133729569094,2920
blood_transfusion,CART (pruned),1,187907065,0.7733333333333333,0.759815668202765,0.7449924945831299,ccp_alpha=0.0;max_depth=3,15,8,3,3,3.0,0
blood_transfusion,CART (unconstrained),1,1213657138,0.7333333333333333,0.7211864406779661,0.00426030158996582,,353,177,17,4,9.047548291233284,0
blood_transfusion,Random Forest,1,457918225,0.8,0.7880726484142044,2.534165143966675,max_depth=6,7618,3859,6,4,563.3268945022288,0
blood_transfusion,GA-Optimized,2,1683591838,0.76,0.6563636363636364,44.14881944656372,accuracy_weight=0.5,3,2,1,1,1.0,2920
blood_transfusion,Random Search,2,877840174,0.7466666666666667,0.6497709923664122,66.36549758911133,accuracy_weight=0.5,3,2,1,1,1.0,2920
blood_transfusion,CART (pruned),2,1527898608,0.8266666666666667,0.7961600000000001,0.6878194808959961,ccp_alpha=0.0008157795064533992;max_depth=5,33,17,5,4,3.849925705794948,0
blood_transfusion,CART (unconstrained),2,135263502,0.7333333333333333,0.7211864406779661,0.0037996768951416016,,351,176,16,4,7.858841010401188,0
blood_transfusion,Random Forest,2,1013726247,0.8266666666666667,0.804119241192412,3.3313398361206055,max_depth=6,6862,3481,6,4,567.5022288261516,0
blood_transfusion,GA-Optimized,3,366021468,0.76,0.6563636363636364,46.43079495429993,accuracy_weight=0.5,3,2,1,1,1.0,2920
blood_transfusion,Random Search,3,1594593887,0.76,0.6563636363636364,71.41409277915955,accuracy_weight=0.5,3,2,1,1,1.0,2920
blood_transfusion,CART (pruned),3,1612064056,0.76,0.6967613636363637,0.7498366832733154,ccp_alpha=0.0;max_depth=4,31,16,4,4,4.0,0
blood_transfusion,CART (unconstrained),3,2045308205,0.7333333333333333,0.7211864406779661,0.003668546676635742,,349,175,16,4,7.806835066864784,0
blood_transfusion,Random Forest,3,971732430,0.7733333333333333,0.7438482384823848,2.746375322341919,max_depth=6,7412,3756,6,4,564.5066864784548,0
blood_transfusion,GA-Optimized,4,900100425,0.7466666666666667,0.6497709923664122,43.94926381111145,accuracy_weight=0.5,3,2,1,1,1.0,2920
blood_transfusion,Random Search,4,1692265662,0.7333333333333333,0.6793650793650794,67.90467572212219,accuracy_weight=0.9,19,10,6,4,3.4769687964338782,2920
blood_transfusion,CART (pruned),4,1352575212,0.7733333333333333,0.7438482384823848,0.6369607448577881,ccp_alpha=0.0015387842868878308;max_depth=5,31,16,5,4,3.8915304606240713,0
blood_transfusion,CART (unconstrained),4,956019486,0.7466666666666667,0.7137127371273713,0.0038604736328125,,371,186,17,4,7.909361069836553,0
blood_transfusion,Random Forest,4,1763847000,0.7733333333333333,0.73344,2.4974842071533203,max_depth=6,7482,3791,6,4,566.5646359583953,0
blood_transfusion,GA-Optimized,5,786213150,0.76,0.6563636363636364,42.62024164199829,accuracy_weight=0.5,3,2,1,1,1.0,2920
blood_transfusion,Random Search,5,1368076885,0.7466666666666667,0.6709191583610188,67.58041954040527,accuracy_weight=0.9,3,2,1,1,1.0,2920
blood_transfusion,CART (pruned),5,625448309,0.8,0.7934731934731934,0.6597013473510742,ccp_alpha=0.0015922807403738568;max_depth=4,17,9,4,4,2.8841010401188707,0
blood_transfusion,CART (unconstrained),5,45157279,0.72,0.7033017077798861,0.003782033920288086,,373,187,17,4,8.890044576523032,0
blood_transfusion,Random Forest,5,221419810,0.8133333333333334,0.7993333333333333,2.5288257598876953,max_depth=6,7244,3672,6,4,563.9732540861812,0
blood_transfusion,GA-Optimized,6,1611493209,0.76,0.6563636363636364,43.36519145965576,accuracy_weight=0.5,3,2,1,1,1.0,2920
blood_transfusion,Random Search,6,795703323,0.7733333333333333,0.6866372036962635,66.25710105895996,accuracy_weight=0.5,3,2,1,1,1.0,2920
blood_transfusion,CART (pruned),6,2135807260,0.7733333333333333,0.752533485323454,0.7422757148742676,ccp_alpha=0.0;max_depth=4,31,16,4,4,4.0,0
blood_transfusion,CART (unconstrained),6,1733567871,0.7333333333333333,0.7211864406779661,0.0042934417724609375,,353,177,17,4,8.212481426448736,0
blood_transfusion,Random Forest,6,950804347,0.7733333333333333,0.73344,2.395545244216919,max_depth=6,7694,3897,6,4,565.1664190193165,0
blood_transfusion,GA-Optimized,7,1764907960,0.76,0.7114285714285714,42.90052556991577,accuracy_weight=0.5,3,2,1,1,1.0,2920
blood_transfusion,Random Search,7,1042404456,0.76,0.6787692307692308,66.05025744438171,accuracy_weight=0.5,3,2,1,1,1.0,2920
blood_transfusion,CART (pruned),7,526423555,0.7866666666666666,0.7866666666666666,0.6186885833740234,ccp_alpha=0.0019929715323474626;max_depth=6,23,12,6,4,2.7711738484398216,0
blood_transfusion,CART (unconstrained),7,1080471323,0.7066666666666667,0.7117669172932332,0.0037517547607421875,,361,181,20,4,8.674591381872213,0
blood_transfusion,Random Forest,7,2096658097,0.7733333333333333,0.778988218988219,2.4906883239746094,max_depth=6,7298,3699,6,4,567.7176820208023,0
blood_transfusion,GA-Optimized,8,1959862680,0.7733333333333333,0.6866372036962635,44.125683069229126,accuracy_weight=0.9,3,2,1,1,1.0,2920
blood_transfusion,Random Search,8,1419976363,0.7733333333333333,0.6866372036962635,63.091288805007935,accuracy_weight=0.5,3,2,1,1,1.0,2920
blood_transfusion,CART (pruned),8,928876442,0.76,0.6563636363636364,0.6511514186859131,ccp_alpha=0.03500502828073404;max_depth=3,1,1,0,0,0.0,0
blood_transfusion,CART (unconstrained),8,1645065233,0.72,0.6943060701054431,0.004199504852294922,,355,178,18,4,8.536404160475483,0
blood_transfusion,Random Forest,8,374969053,0.7733333333333333,0.720876412187607,2.377375841140747,max_depth=6,7646,3873,6,4,565.9465081723625,0
blood_transfusion,GA-Optimized,9,323221166,0.7702702702702703,0.7109212699763882,45.78606128692627,accuracy_weight=0.5,3,2,1,1,1.0,2920
blood_transfusion,Random Search,9,713560334,0.7702702702702703,0.6929438618545106,67.36141085624695,accuracy_weight=0.9,21,11,6,3,3.0623145400593472,2920
blood_transfusion,CART (pruned),9,1676159580,0.7702702702702703,0.7620995685511814,0.7519047260284424,ccp_alpha=0.0;max_depth=3,15,8,3,4,3.0,0
blood_transfusion,CART (unconstrained),9,1796943627,0.6621621621621622,0.6712929145361578,0.003911495208740234,,351,176,16,4,7.9094955489614245,0
blood_transfusion,Random Forest,9,1041934896,0.7297297297297297,0.7297297297297297,2.723184108734131,max_depth=6,7986,4043,6,4,566.8724035608311,0
blood_transfusion,GA-Optimized,10,2124419263,0.7702702702702703,0.6703115329069528,47.22028994560242,accuracy_weight=0.9,3,2,1,1,1.0,2920
blood_transfusion,Random Search,10,557482074,0.7297297297297297,0.6499155405405406,66.53454971313477,accuracy_weight=0.9,27,14,5,4,4.489614243323442,2920
blood_transfusion,CART (pruned),10,20760354,0.7297297297297297,0.7162925637501909,0.6443374156951904,ccp_alpha=0.0;max_depth=4,29,15,4,4,3.9525222551928785,0
blood_transfusion,CART (unconstrained),10,668802784,0.7297297297297297,0.7075289575289575,0.005284786224365234,,351,176,19,4,8.586053412462908,0
blood_transfusion,Random Forest,10,715189473,0.7567567567567568,0.7367760617760617,2.5336413383483887,max_depth=6,7612,3856,6,4,559.982195845697,0
diabetes_pima,GA-Optimized,1,1420124141,0.6623376623376623,0.6591545709192769,45.847561836242676,accuracy_weight=0.5,3,2,1,1,1.0,2920
diabetes_pima,Random Search,1,2016275149,0.7142857142857143,0.7045148247978437,74.16750144958496,accuracy_weight=0.9,21,11,6,4,3.1794500723589003,2920
diabetes_pima,CART (pruned),1,1744733460,0.7272727272727273,0.7059025198560083,0.981398344039917,ccp_alpha=0.0032561505065123;max_depth=5,35,18,5,6,4.0231548480463095,0
diabetes_pima,CART (unconstrained),1,2122866528,0.7012987012987013,0.6931707748034278,0.005489826202392578,,217,109,14,8,7.206946454413893,0
diabetes_pima,Random Forest,1,533525472,0.7142857142857143,0.7000230043708305,2.807332754135132,max_depth=10,18858,9479,10,8,752.1591895803183,0
diabetes_pima,GA-Optimized,2,40624825,0.7142857142857143,0.6948051948051948,46.22938275337219,accuracy_weight=0.7,3,2,1,1,1.0,2920
diabetes_pima,Random Search,2,742624565,0.7142857142857143,0.6887755102040816,72.12333631515503,accuracy_weight=0.5,3,2,1,1,1.0,2920
diabetes_pima,CART (pruned),2,1106180548,0.6883116883116883,0.6925660546350201,0.8314485549926758,ccp_alpha=0.00406225404321223;max_depth=8,23,12,7,6,3.483357452966715,0
diabetes_pima,CART (unconstrained),2,1542544349,0.6363636363636364,0.6440137702409792,0.005585908889770508,,263,132,16,8,8.303907380607814,0
diabetes_pima,Random Forest,2,1495744927,0.7402597402597403,0.7313771134525852,2.718933343887329,max_depth=6,7666,3883,6,8,571.8335745296674,0
diabetes_pima,GA-Optimized,3,1045018182,0.8051948051948052,0.785516663349601,51.03659725189209,accuracy_weight=0.5,3,2,1,1,1.0,2920
diabetes_pima,Random Search,3,321553345,0.7922077922077922,0.7686033264980634,73.4926233291626,accuracy_weight=0.5,3,2,1,1,1.0,2920
diabetes_pima,CART (pruned),3,985623008,0.7272727272727273,0.7232230932973366,0.9235482215881348,ccp_alpha=0.0032289940690364374;max_depth=6,41,21,6,6,4.558610709117222,0
diabetes_pima,CART (unconstrained),3,970614624,0.7142857142857143,0.7115923292393881,0.0048754215240478516,,253,127,14,8,7.40520984081042,0
diabetes_pima,Random Forest,3,1377991212,0.7922077922077922,0.7851016907620681,2.5569915771484375,max_depth=6,7632,3866,6,8,570.5499276410998,0
diabetes_pima,GA-Optimized,4,1890370864,0.7402597402597403,0.7438050455291834,47.92980074882507,accuracy_weight=0.7,7,4,2,2,2.0,2920
diabetes_pima,Random Search,4,1585205513,0.7272727272727273,0.731651934149704,71.40479564666748,accuracy_weight=0.5,3,2,1,1,1.0,2920
diabetes_pima,CART (pruned),4,1880460453,0.7012987012987013,0.6968633878970829,0.9455208778381348,ccp_alpha=0.007321229525074885;max_depth=8,11,6,4,4,2.470332850940666,0
diabetes_pima,CART (unconstrained),4,1859511091,0.7142857142857143,0.7142857142857143,0.00529170036315918,,255,128,12,8,7.74095513748191,0
diabetes_pima,Random Forest,4,972799865,0.7532467532467533,0.7521404431548276,2.622178554534912,max_depth=6,7608,3854,6,8,570.8494934876991,0
diabetes_pima,GA-Optimized,5,1820997273,0.7142857142857143,0.681829573934837,48.689266204833984,accuracy_weight=0.7,3,2,1,1,1.0,2920
diabetes_pima,Random Search,5,864551210,0.7142857142857143,0.6948051948051948,71.26821327209473,accuracy_weight=0.9,11,6,4,3,2.3111432706222867,2920
diabetes_pima,CART (pruned),5,1501194365,0.6883116883116883,0.6953463203463203,0.8719983100891113,ccp_alpha=0.004451288474868954;max_depth=6,31,16,6,6,3.9319826338639654,0
diabetes_pima,CART (unconstrained),5,1740457624,0.7142857142857143,0.719452887537994,0.005301237106323242,,239,120,14,8,7.791606367583213,0
diabetes_pima,Random Forest,5,535187793,0.7662337662337663,0.7582394021073267,2.4683008193969727,max_depth=6,7646,3873,6,8,569.9753979739507,0
diabetes_pima,GA-Optimized,6,2058004045,0.7532467532467533,0.7059696605915093,46.38587927818298,accuracy_weight=0.5,3,2,1,1,1.0,2920
diabetes_pima,Random Search,6,1948794187,0.7272727272727273,0.7112593828190159,70.15587615966797,accuracy_weight=0.5,3,2,1,1,1.0,2920
diabetes_pima,CART (pruned),6,1625457137,0.6623376623376623,0.6591545709192769,0.8423330783843994,ccp_alpha=0.005317390651071938;max_depth=6,27,14,6,6,3.577424023154848,0
diabetes_pima,CART (unconstrained),6,866392414,0.6623376623376623,0.6553246753246753,0.005209684371948242,,233,117,12,8,7.117221418234442,0
diabetes_pima,Random Forest,6,549427162,0.7662337662337663,0.7582394021073267,2.67665433883667,max_depth=None,24190,12145,20,8,800.522431259045,0
diabetes_pima,GA-Optimized,7,2001882109,0.8051948051948052,0.8023022094980975,49.13272166252136,accuracy_weight=0.9,19,10,5,5,4.150506512301013,2920
diabetes_pima,Random Search,7,722416552,0.7662337662337663,0.7613786213786214,69.4187536239624,accuracy_weight=0.5,3,2,1,1,1.0,2920
diabetes_pima,CART (pruned),7,1523128424,0.7532467532467533,0.7521404431548276,0.9027595520019531,ccp_alpha=0.003323241948340463;max_depth=5,31,16,5,5,4.0998552821997105,0
diabetes_pima,CART (unconstrained),7,1747274995,0.7272727272727273,0.7302323287130666,0.008872747421264648,,233,117,16,8,7.681620839363242,0
diabetes_pima,Random Forest,7,893002158,0.7792207792207793,0.7759425040978438,3.051785469055176,max_depth=6,7538,3819,6,8,571.781476121563,0
diabetes_pima,GA-Optimized,8,409916693,0.7142857142857143,0.719452887537994,46.95889186859131,accuracy_weight=0.7,3,2,1,1,1.0,2920
diabetes_pima,Random Search,8,1030672028,0.7662337662337663,0.7502951593860684,69.9476408958435,accuracy_weight=0.5,3,2,1,1,1.0,2920
diabetes_pima,CART (pruned),8,1471564429,0.7402597402597403,0.7461219336219337,0.9599056243896484,ccp_alpha=0.006130117513193582;max_depth=6,19,10,4,4,3.3429811866859622,0
diabetes_pima,CART (unconstrained),8,1881532128,0.7402597402597403,0.7402597402597403,0.005505561828613281,,257,129,18,8,7.87698986975398,0
diabetes_pima,Random Forest,8,1089252905,0.8051948051948052,0.8043214024906533,2.896214246749878,max_depth=6,7710,3905,6,8,573.9985528219972,0
diabetes_pima,GA-Optimized,9,1467278185,0.8157894736842105,0.8157894736842105,45.24029755592346,accuracy_weight=0.5,3,2,1,1,1.0,2920
diabetes_pima,Random Search,9,50251549,0.8157894736842105,0.811656545209177,72.66033124923706,accuracy_weight=0.7,3,2,1,1,1.0,2920
diabetes_pima,CART (pruned),9,1709722253,0.8421052631578947,0.833599149388623,1.2082717418670654,ccp_alpha=0.00771624809660483;max_depth=5,11,6,3,4,2.5534682080924855,0
diabetes_pima,CART (unconstrained),9,771339298,0.7368421052631579,0.7368421052631579,0.005149364471435547,,249,125,14,8,7.643063583815029,0
diabetes_pima,Random Forest,9,1570775383,0.868421052631579,0.8613326244905192,2.798292875289917,max_depth=6,7392,3746,6,8,571.628612716763,0
diabetes_pima,GA-Optimized,10,1162543479,0.6973684210526315,0.6925114450481266,48.474772214889526,accuracy_weight=0.7,3,2,1,1,1.0,2920
diabetes_pima,Random Search,10,759157524,0.7105263157894737,0.7105263157894737,73.96294283866882,accuracy_weight=0.7,3,2,1,1,1.0,2920
diabetes_pima,CART (pruned),10,974374025,0.6710526315789473,0.6724945582939625,0.9371793270111084,ccp_alpha=0.006458726797535244;max_depth=6,13,7,4,4,3.092485549132948,0
diabetes_pima,CART (unconstrained),10,1567671893,0.6578947368421053,0.6578947368421053,0.007815361022949219,,255,128,18,8,8.423410404624278,0
diabetes_pima,Random Forest,10,1698266209,0.75,0.7387331256490134,3.0326123237609863,max_depth=6,7540,3820,6,8,569.42774566474,0
analcatdata_dmft,GA-Optimized,1,1231183715,0.2,0.19370689655172413,48.02169370651245,accuracy_weight=0.9,25,13,5,4,3.6485355648535567,2920
analcatdata_dmft,Random Search,1,964812435,0.225,0.19695517107477242,62.6036274433136,accuracy_weight=0.7,9,5,3,3,2.1352859135285915,2920
analcatdata_dmft,CART (pruned),1,151206448,0.225,0.2322617362768134,0.7476556301116943,ccp_alpha=0.0016855561660303886;max_depth=8,67,34,8,4,5.380753138075314,0
analcatdata_dmft,CART (unconstrained),1,450823176,0.1625,0.17090383577770146,0.004193544387817383,,449,225,12,4,8.708507670850768,0
analcatdata_dmft,Random Forest,1,1878732357,0.1875,0.19283194399041081,2.5251877307891846,max_depth=6,10124,5112,6,4,593.7754532775452,0
analcatdata_dmft,GA-Optimized,2,1397714176,0.275,0.26033738015362334,52.13717460632324,accuracy_weight=0.9,25,13,5,4,3.6694560669456067,2920
analcatdata_dmft,Random Search,2,1429252514,0.2125,0.10605702050935317,65.40618753433228,accuracy_weight=0.9,7,4,2,3,2.0,2920
analcatdata_dmft,CART (pruned),2,519599118,0.1875,0.18399899846824558,0.6701459884643555,ccp_alpha=0.001531024213252798;max_depth=6,67,34,6,4,5.163179916317992,0
analcatdata_dmft,CART (unconstrained),2,1356703831,0.2125,0.20315293259027273,0.0043294429779052734,,451,226,12,4,8.474198047419804,0
analcatdata_dmft,Random Forest,2,1055294794,0.2625,0.2535490896317546,2.6693403720855713,max_depth=6,10840,5470,6,4,594.5271966527196,0
analcatdata_dmft,GA-Optimized,3,1774095132,0.2125,0.20365133708286254,50.175647497177124,accuracy_weight=0.9,27,14,5,4,3.7921896792189678,2920
analcatdata_dmft,Random Search,3,1880815288,0.1875,0.15454545454545454,62.50239062309265,accuracy_weight=0.9,15,8,6,4,3.3472803347280333,2920
analcatdata_dmft,CART (pruned),3,241383676,0.25,0.24662956400587585,0.6037240028381348,ccp_alpha=0.0018339326275619988;max_depth=6,43,22,6,4,4.781032078103208,0
analcatdata_dmft,CART (unconstrained),3,1717994535,0.1375,0.13650351486748544,0.003598451614379883,,449,225,13,4,8.89679218967922,0
analcatdata_dmft,Random Forest,3,746622013,0.125,0.1242229214340198,2.5253429412841797,max_depth=6,10156,5128,6,4,593.5034867503489,0
analcatdata_dmft,GA-Optimized,4,1186187791,0.2875,0.2863586523125997,53.26097106933594,accuracy_weight=0.9,23,12,5,4,3.7294281729428174,2920
analcatdata_dmft,Random Search,4,978007394,0.1625,0.11479166666666665,62.177186012268066,accuracy_weight=0.7,11,6,4,3,2.210599721059972,2920
analcatdata_dmft,CART (pruned),4,237700835,0.2625,0.24572444222444217,0.6554458141326904,ccp_alpha=0.0009829315268645809;max_depth=6,73,37,6,4,5.722454672245467,0
analcatdata_dmft,CART (unconstrained),4,808096155,0.2,0.19949690081535923,0.0039899349212646484,,451,226,14,4,9.11576011157601,0
analcatdata_dmft,Random Forest,4,1549009436,0.225,0.2075155723905724,2.566821575164795,max_depth=6,10228,5164,6,4,593.2733612273363,0
analcatdata_dmft,GA-Optimized,5,1817481325,0.1875,0.17437219277774144,50.9905161857605,accuracy_weight=0.9,23,12,5,3,3.920502092050209,2920
analcatdata_dmft,Random Search,5,524528944,0.2,0.10757575757575757,62.0377082824707,accuracy_weight=0.5,3,2,1,1,1.0,2920
analcatdata_dmft,CART (pruned),5,230181641,0.1875,0.1551258553274682,0.5988063812255859,ccp_alpha=0.002327234938605845;max_depth=5,19,10,5,4,3.3654114365411436,0
analcatdata_dmft,CART (unconstrained),5,1219597270,0.1875,0.18842354470523842,0.003830432891845703,,459,230,13,4,9.238493723849372,0
analcatdata_dmft,Random Forest,5,469028409,0.1875,0.19127220663861616,2.708200454711914,max_depth=None,37994,19047,15,4,858.4714086471408,0
analcatdata_dmft,GA-Optimized,6,897647935,0.2625,0.23257978723404255,50.85070204734802,accuracy_weight=0.9,21,11,4,4,3.316596931659693,2920
analcatdata_dmft,Random Search,6,1553962813,0.3,0.28411598256943715,60.87286067008972,accuracy_weight=0.9,13,7,5,3,2.6708507670850765,2920
analcatdata_dmft,CART (pruned),6,202289136,0.225,0.2330354638349028,0.7084977626800537,ccp_alpha=0.0;max_depth=8,193,97,8,4,7.344490934449094,0
analcatdata_dmft,CART (unconstrained),6,979221204,0.2375,0.2393831700090466,0.0039408206939697266,,455,228,12,4,8.656903765690377,0
analcatdata_dmft,Random Forest,6,225750325,0.3,0.29587087706146925,2.9643373489379883,max_depth=6,10516,5308,6,4,594.3960948396096,0
analcatdata_dmft,GA-Optimized,7,2117103902,0.175,0.09072413793103448,49.04384446144104,accuracy_weight=0.7,3,2,1,1,1.0,2920
analcatdata_dmft,Random Search,7,775335105,0.1625,0.10951536643026002,59.30129289627075,accuracy_weight=0.7,9,5,3,3,2.170153417015342,2920
analcatdata_dmft,CART (pruned),7,1737018589,0.2125,0.1820870919295142,0.7210366725921631,ccp_alpha=0.0;max_depth=3,15,8,3,4,3.0,0
analcatdata_dmft,CART (unconstrained),7,778126964,0.2,0.18885868536603828,0.00439763069152832,,437,219,13,4,8.873082287308229,0
analcatdata_dmft,Random Forest,7,1374149959,0.2125,0.21453642375240953,2.581639528274536,max_depth=6,9964,5032,6,4,591.937238493724,0
analcatdata_dmft,GA-Optimized,8,1506359450,0.189873417721519,0.1814888891763006,56.022579193115234,accuracy_weight=0.9,23,12,6,4,3.9415041782729805,2920
analcatdata_dmft,Random Search,8,394150880,0.16455696202531644,0.15025958670195844,63.834697246551514,accuracy_weight=0.9,17,9,5,4,2.9094707520891365,2920
analcatdata_dmft,CART (pruned),8,1403413374,0.1518987341772152,0.14624796122246664,0.6185121536254883,ccp_alpha=0.0;max_depth=8,175,88,8,4,7.201949860724234,0
analcatdata_dmft,CART (unconstrained),8,110628407,0.16455696202531644,0.16294153104279685,0.004012346267700195,,457,229,14,4,8.615598885793872,0
analcatdata_dmft,Random Forest,8,2009948507,0.20253164556962025,0.2002112535241174,2.6339821815490723,max_depth=6,10490,5295,6,4,593.2813370473536,0
analcatdata_dmft,GA-Optimized,9,1488410726,0.1518987341772152,0.1279444067917001,51.81281042098999,accuracy_weight=0.9,7,4,2,2,2.0,2920
analcatdata_dmft,Random Search,9,1823242804,0.21518987341772153,0.15527666240524335,61.54974293708801,accuracy_weight=0.9,15,8,4,3,2.7493036211699162,2920
analcatdata_dmft,CART (pruned),9,850177783,0.20253164556962025,0.18153851848055713,0.694441556930542,ccp_alpha=0.0;max_depth=4,31,16,4,4,4.0,0
analcatdata_dmft,CART (unconstrained),9,202502639,0.17721518987341772,0.17642956701275642,0.0036759376525878906,,449,225,13,4,8.74791086350975,0
analcatdata_dmft,Random Forest,9,991344587,0.21518987341772153,0.20424669660811082,2.405444860458374,max_depth=6,10308,5204,6,4,592.2103064066854,0
analcatdata_dmft,GA-Optimized,10,1787977326,0.16455696202531644,0.11269461657222427,55.62357783317566,accuracy_weight=0.9,9,5,3,3,2.0584958217270195,2920
analcatdata_dmft,Random Search,10,1716323328,0.21518987341772153,0.14641144167196568,62.55724763870239,accuracy_weight=0.7,5,3,2,2,1.7172701949860725,2920
analcatdata_dmft,CART (pruned),10,1797801867,0.13924050632911392,0.1377688766929273,0.6765916347503662,ccp_alpha=0.0009904054472299577;max_depth=8,127,64,8,4,6.70891364902507,0
analcatdata_dmft,CART (unconstrained),10,1228512219,0.10126582278481013,0.08913868660704104,0.003994941711425781,,445,223,13,4,8.902506963788301,0
analcatdata_dmft,Random Forest,10,927509064,0.11392405063291139,0.10412286260387525,2.5635342597961426,max_depth=10,32734,16417,10,4,829.8997214484682,0
vehicle,GA-Optimized,1,1591813038,0.6470588235294118,0.6123089846755245,75.83785963058472,accuracy_weight=0.9,23,12,6,7,3.402102496714849,2920
vehicle,Random Search,1,1581535203,0.6,0.5785408065665292,73.48634433746338,accuracy_weight=0.7,25,13,6,10,4.19053876478318,2920
vehicle,CART (pruned),1,1412432400,0.6705882352941176,0.6684080246506964,1.2075340747833252,ccp_alpha=0.0036315852347389797;max_depth=8,59,30,8,14,5.354796320630749,0
vehicle,CART (unconstrained),1,333612522,0.611764705882353,0.6131981215836034,0.007579803466796875,,257,129,15,18,8.04599211563732,0
vehicle,Random Forest,1,895252484,0.6941176470588235,0.6849415973902978,3.2974653244018555,max_depth=None,24364,12232,22,18,801.0946123521687,0
vehicle,GA-Optimized,2,168034133,0.6823529411764706,0.6353728113318906,77.00369930267334,accuracy_weight=0.5,13,7,5,4,3.2273324572930355,2920
vehicle,Random Search,2,932010638,0.611764705882353,0.5934923158452571,71.88821387290955,accuracy_weight=0.7,35,18,6,10,4.664914586070959,2920
vehicle,CART (pruned),2,1026936231,0.7176470588235294,0.7217486468803902,1.2311983108520508,ccp_alpha=0.0027312957392717774;max_depth=8,79,40,8,13,5.810775295663601,0
vehicle,CART (unconstrained),2,1103094788,0.7058823529411765,0.7130162703379224,0.007104158401489258,,259,130,17,18,8.136662286465178,0
vehicle,Random Forest,2,712461066,0.7764705882352941,0.7741622827992986,3.1318485736846924,max_depth=10,19192,9646,10,18,765.2233902759527,0
vehicle,GA-Optimized,3,738160162,0.6823529411764706,0.6598158768151222,69.46830558776855,accuracy_weight=0.9,15,8,4,5,3.2063074901445465,2920
vehicle,Random Search,3,485867394,0.5529411764705883,0.5217007519853819,70.7101411819458,accuracy_weight=0.7,19,10,6,7,4.862023653088042,2920
vehicle,CART (pruned),3,739104066,0.6941176470588235,0.6919273394976719,1.1926395893096924,ccp_alpha=0.0034033804565999047;max_depth=5,37,19,5,11,4.471747700394218,0
vehicle,CART (unconstrained),3,139302091,0.8,0.7998823821026387,0.007126569747924805,,257,129,17,17,7.59658344283837,0
vehicle,Random Forest,3,1274020980,0.7647058823529411,0.7500763616304462,3.0833139419555664,max_depth=6,7764,3932,6,18,569.2076215505916,0
vehicle,GA-Optimized,4,651542004,0.5411764705882353,0.5324260647642564,69.55445432662964,accuracy_weight=0.9,35,18,6,11,4.474375821287779,2920
vehicle,Random Search,4,425417463,0.6235294117647059,0.614152724919755,72.03840923309326,accuracy_weight=0.9,43,22,6,14,4.848883048620237,2920
vehicle,CART (pruned),4,950843805,0.7058823529411765,0.6951029385704309,1.1958913803100586,ccp_alpha=0.0;max_depth=5,47,24,5,15,4.854139290407359,0
vehicle,CART (unconstrained),4,793661926,0.7529411764705882,0.754041229328702,0.006941318511962891,,245,123,12,18,7.348226018396846,0
vehicle,Random Forest,4,1130125671,0.8235294117647058,0.8212418300653594,3.286795139312744,max_depth=10,19482,9791,10,18,760.9264126149801,0
vehicle,GA-Optimized,5,1106280908,0.6588235294117647,0.6262574595055413,72.25463819503784,accuracy_weight=0.7,29,15,6,7,4.195795006570302,2920
vehicle,Random Search,5,505875756,0.5882352941176471,0.548141314330586,72.31192064285278,accuracy_weight=0.9,57,29,6,15,5.708278580814717,2920
vehicle,CART (pruned),5,1128229626,0.6588235294117647,0.6543445966021122,1.1929988861083984,ccp_alpha=0.004159286979374966;max_depth=5,41,21,5,14,4.576872536136662,0
vehicle,CART (unconstrained),5,2133967831,0.7294117647058823,0.7271260631308678,0.008742809295654297,,267,134,16,18,7.923784494086728,0
vehicle,Random Forest,5,305444467,0.6823529411764706,0.6739976849415974,3.085442066192627,max_depth=10,18840,9470,10,18,758.2391590013136,0
vehicle,GA-Optimized,6,1554238674,0.6705882352941176,0.6322533936651583,68.61719083786011,accuracy_weight=0.9,27,14,6,6,3.964520367936925,2920
vehicle,Random Search,6,1593123708,0.5411764705882353,0.4965666866075249,71.47232437133789,accuracy_weight=0.9,43,22,6,10,5.1826544021024965,2920
vehicle,CART (pruned),6,274472504,0.7176470588235294,0.6771358496069152,1.2309250831604004,ccp_alpha=0.0038350419171546725;max_depth=6,47,24,6,14,4.917214191852826,0
vehicle,CART (unconstrained),6,917838521,0.8235294117647058,0.8177641137755916,0.010257720947265625,,267,134,20,18,8.155059132720105,0
vehicle,Random Forest,6,1902028530,0.7647058823529411,0.7544693387907442,3.1535418033599854,max_depth=None,25006,12553,22,18,818.3718791064388,0
vehicle,GA-Optimized,7,477324226,0.5595238095238095,0.5080266955266955,68.3046019077301,accuracy_weight=0.9,29,15,6,7,5.074803149606299,2920
vehicle,Random Search,7,1948293414,0.6190476190476191,0.5871787230482883,71.20194840431213,accuracy_weight=0.9,39,20,6,8,4.354330708661418,2920
vehicle,CART (pruned),7,916201341,0.7380952380952381,0.7237141964964545,1.3510515689849854,ccp_alpha=0.0047183575587808405;max_depth=6,45,23,6,14,4.793963254593176,0
vehicle,CART (unconstrained),7,1678063809,0.7142857142857143,0.7155422653742922,0.008572578430175781,,263,132,20,18,7.9501312335958,0
vehicle,Random Forest,7,594284670,0.8452380952380952,0.838397581254724,3.3883442878723145,max_depth=10,19500,9800,10,18,756.7611548556433,0
vehicle,GA-Optimized,8,621246898,0.4880952380952381,0.409412393934936,71.59605121612549,accuracy_weight=0.5,7,4,2,3,2.0,2920
vehicle,Random Search,8,349045669,0.5595238095238095,0.5408312447786132,71.86603593826294,accuracy_weight=0.9,57,29,6,13,5.135170603674541,2920
vehicle,CART (pruned),8,320229801,0.6666666666666666,0.6383510934827973,1.282027006149292,ccp_alpha=0.0;max_depth=5,49,25,5,14,4.8871391076115485,0
vehicle,CART (unconstrained),8,839413394,0.7261904761904762,0.7114909366439355,0.007994413375854492,,257,129,15,18,7.728346456692913,0
vehicle,Random Forest,8,2024796160,0.7857142857142857,0.7810207601148366,3.532475233078003,max_depth=None,24648,12374,21,18,808.7244094488187,0
vehicle,GA-Optimized,9,4469824,0.4880952380952381,0.4619202442258216,64.10595893859863,accuracy_weight=0.7,9,5,3,4,2.2992125984251968,2920
vehicle,Random Search,9,123430553,0.5476190476190477,0.5104993784023455,70.05897688865662,accuracy_weight=0.9,39,20,6,12,5.3713910761154855,2920
vehicle,CART (pruned),9,378480433,0.6904761904761905,0.6800139884595209,1.1851592063903809,ccp_alpha=0.005451241671714112;max_depth=8,41,21,8,11,4.526246719160105,0
vehicle,CART (unconstrained),9,467448962,0.6428571428571429,0.6248409355552214,0.007459402084350586,,237,119,14,18,7.368766404199475,0
vehicle,Random Forest,9,1402523301,0.7023809523809523,0.6736745085631152,3.1205828189849854,max_depth=10,19352,9726,10,18,761.8097112860893,0
vehicle,GA-Optimized,10,324107768,0.6190476190476191,0.6067732182478727,66.46139788627625,accuracy_weight=0.9,39,20,6,10,4.383202099737533,2920
vehicle,Random Search,10,688973299,0.5476190476190477,0.5285104881404292,70.01897239685059,accuracy_weight=0.9,17,9,6,7,4.366141732283465,2920
vehicle,CART (pruned),10,1063887836,0.6666666666666666,0.6571942550203419,1.2992260456085205,ccp_alpha=0.003162104736907886;max_depth=8,79,40,8,16,5.7349081364829395,0
vehicle,CART (unconstrained),10,258252006,0.7380952380952381,0.7359035503027076,0.008857250213623047,,237,119,14,18,7.648293963254593,0
vehicle,Random Forest,10,1964669717,0.6904761904761905,0.6747008962550654,3.579896926879883,max_depth=10,18974,9537,10,18,755.8425196850395,0
tic_tac_toe,GA-Optimized,1,620896688,0.7083333333333334,0.6649047051816558,61.99276113510132,accuracy_weight=0.9,37,19,6,6,4.081206496519721,2920
tic_tac_toe,Random Search,1,1837201213,0.6979166666666666,0.669560909470171,75.44332242012024,accuracy_weight=0.9,21,11,6,8,2.7877030162412995,2920
tic_tac_toe,CART (pruned),1,1585602722,0.875,0.875,0.6993107795715332,ccp_alpha=0.0020623872131992783;max_depth=8,117,59,8,9,5.723897911832947,0
tic_tac_toe,CART (unconstrained),1,1867269661,0.8854166666666666,0.8801900584795321,0.00494074821472168,,243,122,12,9,6.342227378190255,0
tic_tac_toe,Random Forest,1,872550705,0.9895833333333334,0.9895442156268928,3.172579526901245,max_depth=None,32562,16331,15,9,710.175174013921,0
tic_tac_toe,GA-Optimized,2,865408254,0.7395833333333334,0.7404850746268657,55.998445987701416,accuracy_weight=0.9,17,9,6,6,2.5058004640371228,2920
tic_tac_toe,Random Search,2,746709753,0.6354166666666666,0.6388962530929657,69.99720597267151,accuracy_weight=0.9,29,15,6,9,4.044083526682135,2920
tic_tac_toe,CART (pruned),2,1937340795,0.8541666666666666,0.8517059553349876,0.6489083766937256,ccp_alpha=0.0022441525051733863;max_depth=8,85,43,8,9,5.002320185614849,0
tic_tac_toe,CART (unconstrained),2,99573732,0.8958333333333334,0.89501953125,0.005063056945800781,,297,149,12,9,6.6055684454756385,0
tic_tac_toe,Random Forest,2,1643709337,0.9895833333333334,0.9895442156268928,2.6281721591949463,max_depth=None,33838,16969,16,9,717.5603248259862,0
tic_tac_toe,GA-Optimized,3,1932433805,0.7395833333333334,0.7151387150604922,54.93106508255005,accuracy_weight=0.9,9,5,3,3,2.4129930394431556,2920
tic_tac_toe,Random Search,3,582194661,0.65625,0.6239831038798498,69.90788555145264,accuracy_weight=0.9,25,13,6,7,2.8410672853828305,2920
tic_tac_toe,CART (pruned),3,1014093775,0.8333333333333334,0.8344402277039848,0.7391629219055176,ccp_alpha=0.0024666033888771704;max_depth=8,97,49,8,9,5.3190255220417635,0
tic_tac_toe,CART (unconstrained),3,260068726,0.8958333333333334,0.89501953125,0.004807949066162109,,237,119,12,9,6.380510440835267,0
tic_tac_toe,Random Forest,3,1150915745,0.9791666666666666,0.97900390625,2.6507294178009033,max_depth=None,33312,16706,15,9,717.312064965197,0
tic_tac_toe,GA-Optimized,4,384835506,0.875,0.8701106536284097,56.505088329315186,accuracy_weight=0.9,17,9,5,6,2.5359628770301623,2920
tic_tac_toe,Random Search,4,11938628,0.7291666666666666,0.6643092105263158,74.17484593391418,accuracy_weight=0.9,19,10,6,7,2.593967517401392,2920
tic_tac_toe,CART (pruned),4,1886532956,0.8541666666666666,0.8541666666666666,0.8045432567596436,ccp_alpha=0.001812958889525016;max_depth=8,135,68,8,9,5.940835266821345,0
tic_tac_toe,CART (unconstrained),4,634022119,0.8854166666666666,0.8858134328358208,0.005259037017822266,,265,133,12,9,6.560324825986079,0
tic_tac_toe,Random Forest,4,919862594,1.0,1.0,2.7924365997314453,max_depth=10,30942,15521,10,9,710.3387470997682,0
tic_tac_toe,GA-Optimized,5,230373527,0.6979166666666666,0.6490079365079365,57.56279540061951,accuracy_weight=0.9,21,11,5,5,3.4234338747099766,2920
tic_tac_toe,Random Search,5,1327281124,0.71875,0.6803283198826119,73.5091233253479,accuracy_weight=0.9,27,14,6,8,3.2505800464037122,2920
tic_tac_toe,CART (pruned),5,522600409,0.8229166666666666,0.8254932487486905,0.704519510269165,ccp_alpha=0.0015661252900232019;max_depth=8,119,60,8,9,5.783062645011601,0
tic_tac_toe,CART (unconstrained),5,1976626826,0.8541666666666666,0.8541666666666666,0.0039043426513671875,,257,129,13,9,6.433874709976799,0
tic_tac_toe,Random Forest,5,1625712068,0.9375,0.9357954545454547,2.721316337585449,max_depth=None,33916,17008,14,9,719.0614849187932,0
tic_tac_toe,GA-Optimized,6,796907257,0.8333333333333334,0.8268142048378796,58.59049892425537,accuracy_weight=0.9,25,13,6,7,2.8503480278422275,2920
tic_tac_toe,Random Search,6,1234833309,0.6666666666666666,0.644122383252818,74.12135291099548,accuracy_weight=0.9,41,21,6,9,3.7795823665893273,2920
tic_tac_toe,CART (pruned),6,1060304435,0.84375,0.8452412513255568,0.7581868171691895,ccp_alpha=0.0015909844216108705;max_depth=8,117,59,8,9,5.564965197215777,0
tic_tac_toe,CART (unconstrained),6,190269563,0.8645833333333334,0.8658757511488159,0.004142284393310547,,233,117,12,9,6.353828306264501,0
tic_tac_toe,Random Forest,6,1151123009,0.9791666666666666,0.97900390625,2.7422139644622803,max_depth=None,34454,17277,14,9,723.9106728538286,0
tic_tac_toe,GA-Optimized,7,1809177716,0.75,0.7342436974789915,58.4009325504303,accuracy_weight=0.9,45,23,6,7,4.410672853828307,2920
tic_tac_toe,Random Search,7,1998782380,0.6875,0.6572802197802198,73.13411855697632,accuracy_weight=0.7,7,4,3,2,1.8236658932714618,2920
tic_tac_toe,CART (pruned),7,576800717,0.8333333333333334,0.8307291666666666,0.6946499347686768,ccp_alpha=0.002539900161709907;max_depth=8,91,46,8,9,5.273781902552204,0
tic_tac_toe,CART (unconstrained),7,2098016429,0.8958333333333334,0.8942057291666666,0.004063129425048828,,251,126,12,9,6.424593967517401,0
tic_tac_toe,Random Forest,7,499485829,0.9375,0.9359181141439206,2.5207903385162354,max_depth=None,32630,16365,14,9,710.1612529002321,0
tic_tac_toe,GA-Optimized,8,774014498,0.7395833333333334,0.6857278497476719,59.2764687538147,accuracy_weight=0.9,9,5,3,3,2.316705336426914,2920
tic_tac_toe,Random Search,8,1453514451,0.75,0.7020884520884522,72.34118556976318,accuracy_weight=0.9,9,5,4,4,1.9988399071925753,2920
tic_tac_toe,CART (pruned),8,225551595,0.90625,0.9051938219261055,0.7186224460601807,ccp_alpha=0.001170180570967417;max_depth=8,123,62,8,9,5.696055684454756,0
tic_tac_toe,CART (unconstrained),8,1569021835,0.8958333333333334,0.8942057291666666,0.005505800247192383,,229,115,12,9,6.278422273781903,0
tic_tac_toe,Random Forest,8,1497583798,0.9479166666666666,0.9468592346499323,2.764693021774292,max_depth=None,33856,16978,15,9,719.852668213457,0
tic_tac_toe,GA-Optimized,9,592324375,0.7578947368421053,0.7526643524556722,54.86226010322571,accuracy_weight=0.9,41,21,6,8,3.61297798377752,2920
tic_tac_toe,Random Search,9,2030981531,0.7368421052631579,0.7212475633528265,70.31624507904053,accuracy_weight=0.9,27,14,6,8,4.1031286210892235,2920
tic_tac_toe,CART (pruned),9,998853709,0.8421052631578947,0.8402107631282931,0.7489066123962402,ccp_alpha=0.0;max_depth=8,143,72,8,9,5.9803012746234065,0
tic_tac_toe,CART (unconstrained),9,637204263,0.8421052631578947,0.8349821923229125,0.0038890838623046875,,237,119,12,9,6.294322132097335,0
tic_tac_toe,Random Forest,9,73215865,0.9368421052631579,0.9351417004048583,2.5587167739868164,max_depth=10,30232,15166,10,9,708.3325608342992,0
tic_tac_toe,GA-Optimized,10,1591440582,0.8,0.7813796022005923,52.66164517402649,accuracy_weight=0.9,17,9,5,6,2.4298957126303593,2920
tic_tac_toe,Random Search,10,1912947105,0.7578947368421053,0.7396893279887503,71.75780057907104,accuracy_weight=0.9,15,8,5,5,2.3232908458864427,2920
tic_tac_toe,CART (pruned),10,603012547,0.8842105263157894,0.8846039379482561,0.7311019897460938,ccp_alpha=0.0024805802326080453;max_depth=8,103,52,8,9,5.3974507531865585,0
tic_tac_toe,CART (unconstrained),10,1397042908,0.9368421052631579,0.9363565162907267,0.003734588623046875,,229,115,12,9,6.3441483198146,0
tic_tac_toe,Random Forest,10,1394684908,0.968421052631579,0.9680421526256587,2.5419185161590576,max_depth=None,33040,16570,14,9,712.3986095017383,0
vowel,GA-Optimized,1,614957989,0.37373737373737376,0.321381593389707,87.79808330535889,accuracy_weight=0.7,23,12,6,5,4.671156004489338,2920
vowel,Random Search,1,1062321792,0.26262626262626265,0.23231445973381454,77.72300052642822,accuracy_weight=0.7,37,19,6,8,4.916947250280583,2920
vowel,CART (pruned),1,2044651676,0.7373737373737373,0.7387573211102623,1.6042068004608154,ccp_alpha=0.0023022245244467467;max_depth=8,125,63,8,12,6.829405162738496,0
vowel,CART (unconstrained),1,1364673075,0.8383838383838383,0.8364519811114238,0.009679079055786133,,277,139,16,12,8.409652076318743,0
vowel,Random Forest,1,1670966318,0.98989898989899,0.9898677174218969,3.6028635501861572,max_depth=None,30832,15466,20,12,868.8372615039277,0
vowel,GA-Optimized,2,673898331,0.41414141414141414,0.33692222750619244,74.97323346138,accuracy_weight=0.9,37,19,6,6,4.5712682379349046,2920
vowel,Random Search,2,793616585,0.3434343434343434,0.30502004869683474,77.84031867980957,accuracy_weight=0.9,51,26,6,11,5.643097643097643,2920
vowel,CART (pruned),2,776663019,0.6868686868686869,0.6866989735410787,1.3868207931518555,ccp_alpha=0.0035477715216277322;max_depth=8,103,52,8,11,6.732884399551066,0
vowel,CART (unconstrained),2,1993067068,0.7777777777777778,0.7723961093789408,0.008583307266235352,,263,132,15,12,8.58361391694725,0
vowel,Random Forest,2,1956504960,0.9595959595959596,0.9601694744883599,3.6856751441955566,max_depth=None,30788,15444,20,12,862.006734006734,0
vowel,GA-Optimized,3,1641794803,0.2727272727272727,0.2692307692307692,85.07739186286926,accuracy_weight=0.9,55,28,6,9,5.139169472502806,2920
vowel,Random Search,3,448455194,0.3333333333333333,0.2849120045292294,80.21041631698608,accuracy_weight=0.9,43,22,6,11,4.10662177328844,2920
vowel,CART (pruned),3,1420242874,0.696969696969697,0.6972896144103574,1.6124205589294434,ccp_alpha=0.0020916233037445164;max_depth=8,111,56,8,11,6.836139169472503,0
vowel,CART (unconstrained),3,739400245,0.8181818181818182,0.8159364543265472,0.01022791862487793,,271,136,17,12,8.63524130190797,0
vowel,Random Forest,3,362791269,0.98989898989899,0.9898677174218969,3.8864471912384033,max_depth=None,30506,15303,20,12,863.4421997755333,0
vowel,GA-Optimized,4,1032335275,0.36363636363636365,0.3166362826122185,80.14796566963196,accuracy_weight=0.7,43,22,6,8,5.175084175084175,2920
vowel,Random Search,4,1432326026,0.36363636363636365,0.3282409267024016,77.43610644340515,accuracy_weight=0.9,45,23,6,10,4.395061728395062,2920
vowel,CART (pruned),4,960450342,0.696969696969697,0.7017613775972908,1.4233295917510986,ccp_alpha=0.0;max_depth=8,137,69,8,10,7.0246913580246915,0
vowel,CART (unconstrained),4,1532490374,0.8686868686868687,0.867878475154017,0.009673833847045898,,275,138,16,11,8.429854096520764,0
vowel,Random Forest,4,1053727017,1.0,1.0,3.59674334526062,max_depth=None,30728,15414,20,12,861.1582491582489,0
vowel,GA-Optimized,5,1036734076,0.3434343434343434,0.293018548098762,82.9190981388092,accuracy_weight=0.7,21,11,6,5,3.6992143658810326,2920
vowel,Random Search,5,2114242674,0.36363636363636365,0.26337399973763614,78.43507027626038,accuracy_weight=0.7,13,7,6,4,3.9236812570145903,2920
vowel,CART (pruned),5,617017203,0.7777777777777778,0.7789481550889547,1.4961190223693848,ccp_alpha=0.0;max_depth=8,123,62,8,12,7.097643097643098,0
vowel,CART (unconstrained),5,1743442619,0.8383838383838383,0.8401650191757143,0.013222932815551758,,275,138,16,12,8.77665544332211,0
vowel,Random Forest,5,1411450610,0.98989898989899,0.9898677174218969,4.36262059211731,max_depth=None,30722,15411,19,12,862.472502805836,0
vowel,GA-Optimized,6,5542867,0.42424242424242425,0.40358563591449775,87.42377519607544,accuracy_weight=0.7,23,12,5,4,4.264870931537598,2920
vowel,Random Search,6,993546868,0.3434343434343434,0.25057805347973583,78.38026356697083,accuracy_weight=0.7,33,17,6,10,4.049382716049383,2920
vowel,CART (pruned),6,1539114881,0.696969696969697,0.7062466772993088,1.4375112056732178,ccp_alpha=0.0;max_depth=8,131,66,8,11,7.023569023569023,0
vowel,CART (unconstrained),6,1241655880,0.8080808080808081,0.807494449135316,0.00942087173461914,,273,137,17,12,8.627384960718294,0
vowel,Random Forest,6,1410155125,0.9494949494949495,0.9502212527754323,3.7064578533172607,max_depth=None,30774,15437,19,12,861.5824915824916,0
vowel,GA-Optimized,7,25930583,0.43434343434343436,0.3863852724815292,82.73517656326294,accuracy_weight=0.9,45,23,6,9,5.069584736251403,2920
vowel,Random Search,7,562180953,0.3434343434343434,0.30405559352927775,78.44427847862244,accuracy_weight=0.9,49,25,6,11,4.298540965207632,2920
vowel,CART (pruned),7,524022123,0.6868686868686869,0.6813807070571104,1.5254416465759277,ccp_alpha=0.0;max_depth=8,121,61,8,10,7.108866442199775,0
vowel,CART (unconstrained),7,1179942184,0.8686868686868687,0.8684981169501292,0.009091615676879883,,279,140,14,12,8.572390572390573,0
vowel,Random Forest,7,121576429,0.9797979797979798,0.979735434843794,3.5603859424591064,max_depth=None,30656,15378,19,12,855.8967452300785,0
vowel,GA-Optimized,8,2123254280,0.3434343434343434,0.29125444826855484,79.97718119621277,accuracy_weight=0.9,57,29,6,11,5.232323232323233,2920
vowel,Random Search,8,1430592581,0.35353535353535354,0.292532132470213,78.6044180393219,accuracy_weight=0.9,51,26,6,11,4.569023569023569,2920
vowel,CART (pruned),8,892534699,0.7272727272727273,0.7278440084167639,1.4926111698150635,ccp_alpha=0.0;max_depth=8,119,60,8,12,7.038159371492704,0
vowel,CART (unconstrained),8,288889135,0.7878787878787878,0.7840635456734528,0.008535623550415039,,255,128,16,12,8.524130190796857,0
vowel,Random Forest,8,915753527,1.0,1.0,3.4049017429351807,max_depth=None,30424,15262,20,12,852.8069584736255,0
vowel,GA-Optimized,9,621600778,0.35353535353535354,0.31408908242264005,81.99006533622742,accuracy_weight=0.9,39,20,6,7,5.134680134680135,2920
vowel,Random Search,9,779514855,0.24242424242424243,0.1896491983252564,77.95829749107361,accuracy_weight=0.9,31,16,6,7,3.7104377104377106,2920
vowel,CART (pruned),9,2094490593,0.6565656565656566,0.6425027489672799,1.5037715435028076,ccp_alpha=0.003790996383588976;max_depth=8,103,52,8,10,6.661054994388328,0
vowel,CART (unconstrained),9,8556753,0.7777777777777778,0.7758934070819924,0.00971531867980957,,295,148,16,12,8.64421997755331,0
vowel,Random Forest,9,658609746,0.9595959595959596,0.9593653250773994,3.6950180530548096,max_depth=None,30580,15340,19,12,857.530864197531,0
vowel,GA-Optimized,10,1265134334,0.494949494949495,0.43957904840257783,84.98067831993103,accuracy_weight=0.9,61,31,6,7,5.1234567901234565,2920
vowel,Random Search,10,1460793162,0.3838383838383838,0.3837438876912561,80.29939341545105,accuracy_weight=0.7,61,31,6,10,4.858585858585859,2920
vowel,CART (pruned),10,167068577,0.7373737373737373,0.7326728187981384,1.408501386642456,ccp_alpha=0.0;max_depth=8,125,63,8,11,6.965207631874298,0
vowel,CART (unconstrained),10,1960504267,0.8484848484848485,0.8481783782093378,0.009352445602416992,,271,136,15,12,8.337822671156005,0
vowel,Random Forest,10,780730219,0.9696969696969697,0.96893470306783,4.02875542640686,max_depth=None,30622,15361,20,12,856.9663299663301,0
credit_g,GA-Optimized,1,837524955,0.72,0.6348688873139617,48.33841919898987,accuracy_weight=0.9,11,6,4,3,3.526666666666667,2920
credit_g,Random Search,1,333657792,0.7,0.5764705882352941,71.00628566741943,accuracy_weight=0.7,3,2,1,1,1.0,2920
credit_g,CART (pruned),1,1436719379,0.66,0.6565322972316658,0.953711986541748,ccp_alpha=0.004400000000000001;max_depth=8,15,8,5,6,2.8444444444444446,0
credit_g,CART (unconstrained),1,968490514,0.73,0.7312418917325155,0.006491899490356445,,347,174,19,20,9.047777777777778,0
credit_g,Random Forest,1,1908128717,0.75,0.7204301075268817,2.872525215148926,max_depth=10,24750,12425,10,20,833.0155555555554,0
credit_g,GA-Optimized,2,1098646550,0.7,0.59375,48.09892129898071,accuracy_weight=0.9,3,2,1,1,1.0,2920
credit_g,Random Search,2,624442612,0.63,0.601946208947155,68.627268075943,accuracy_weight=0.9,47,24,6,13,5.0377777777777775,2920
credit_g,CART (pruned),2,651159311,0.59,0.5835112256164888,0.9270288944244385,ccp_alpha=0.002844155844155847;max_depth=8,53,27,8,13,5.0344444444444445,0
credit_g,CART (unconstrained),2,339685771,0.62,0.6262867647058823,0.006805419921875,,345,173,15,20,9.186666666666667,0
credit_g,Random Forest,2,74187384,0.72,0.7013333333333334,2.885496139526367,max_depth=10,23740,11920,10,20,841.137777777778,0
credit_g,GA-Optimized,3,560235042,0.68,0.5827072997873849,47.75129199028015,accuracy_weight=0.5,3,2,1,1,1.0,2920
credit_g,Random Search,3,682261486,0.73,0.6651301608356823,68.51936054229736,accuracy_weight=0.5,3,2,1,1,1.0,2920
credit_g,CART (pruned),3,332017642,0.78,0.7751984126984126,1.018080711364746,ccp_alpha=0.0028361344537815164;max_depth=5,31,16,5,9,3.4433333333333334,0
credit_g,CART (unconstrained),3,2008252714,0.69,0.688472172136074,0.006956577301025391,,363,182,16,19,8.84,0
credit_g,Random Forest,3,937491335,0.74,0.7177631578947369,2.992698907852173,max_depth=None,36456,18278,23,20,932.738888888889,0
credit_g,GA-Optimized,4,595788198,0.66,0.5846653671215074,47.33700084686279,accuracy_weight=0.9,9,5,4,4,2.437777777777778,2920
credit_g,Random Search,4,936385911,0.69,0.6155198142928203,72.29671382904053,accuracy_weight=0.5,3,2,1,1,1.0,2920
credit_g,CART (pruned),4,919557206,0.78,0.7722983257229832,0.9564254283905029,ccp_alpha=0.005078717422379378;max_depth=8,15,8,6,6,2.5933333333333333,0
credit_g,CART (unconstrained),4,1557867284,0.72,0.7246323529411766,0.006422281265258789,,367,184,18,20,9.422222222222222,0
credit_g,Random Forest,4,1813990634,0.79,0.7598577988446157,2.859689474105835,max_depth=10,24096,12098,10,20,844.8688888888894,0
credit_g,GA-Optimized,5,1647481,0.75,0.6796536796536797,49.45294380187988,accuracy_weight=0.5,3,2,1,1,1.0,2920
credit_g,Random Search,5,10706407,0.7,0.59375,71.55445861816406,accuracy_weight=0.7,3,2,1,1,1.0,2920
credit_g,CART (pruned),5,701103857,0.71,0.6601319220739377,0.9529016017913818,ccp_alpha=0.004629851151874503;max_depth=4,13,7,4,5,2.332222222222222,0
credit_g,CART (unconstrained),5,74191613,0.69,0.688472172136074,0.006740570068359375,,349,175,18,19,8.892222222222221,0
credit_g,Random Forest,5,456996907,0.78,0.7512820512820513,3.119252920150757,max_depth=None,36878,18489,24,20,921.8066666666667,0
credit_g,GA-Optimized,6,2147339574,0.7,0.621951219512195,48.669934034347534,accuracy_weight=0.7,3,2,1,1,1.0,2920
credit_g,Random Search,6,461100867,0.7,0.59375,70.9250385761261,accuracy_weight=0.7,3,2,1,1,1.0,2920
credit_g,CART (pruned),6,1918693421,0.76,0.748024948024948,1.1029837131500244,ccp_alpha=0.0029999999999999983;max_depth=6,31,16,6,9,4.2877777777777775,0
credit_g,CART (unconstrained),6,1408798136,0.71,0.711333883712702,0.005982637405395508,,381,191,16,20,9.175555555555556,0
credit_g,Random Forest,6,757370449,0.73,0.6912457413716487,3.0730552673339844,max_depth=None,36258,18179,22,20,935.4244444444446,0
credit_g,GA-Optimized,7,377430469,0.68,0.60909681611436,47.29948449134827,accuracy_weight=0.7,3,2,1,1,1.0,2920
credit_g,Random Search,7,1872359554,0.68,0.5827072997873849,71.98463344573975,accuracy_weight=0.7,3,2,1,1,1.0,2920
credit_g,CART (pruned),7,1953557699,0.76,0.7547619047619049,0.9814684391021729,ccp_alpha=0.005029109860148651;max_depth=8,13,7,4,4,2.3255555555555554,0
credit_g,CART (unconstrained),7,2122409787,0.72,0.72,0.007013797760009766,,371,186,19,20,9.61,0
credit_g,Random Forest,7,636445,0.74,0.7226666666666667,3.018420934677124,max_depth=None,37144,18622,23,20,938.1388888888885,0
credit_g,GA-Optimized,8,361332475,0.72,0.6675,48.24256348609924,accuracy_weight=0.9,9,5,3,3,2.81,2920
credit_g,Random Search,8,1537571119,0.69,0.6155198142928203,70.6767635345459,accuracy_weight=0.7,3,2,1,1,1.0,2920
credit_g,CART (pruned),8,1123323484,0.74,0.7373482272948033,0.9840099811553955,ccp_alpha=0.0037254789272030617;max_depth=6,19,10,6,7,2.8577777777777778,0
credit_g,CART (unconstrained),8,1854008359,0.7,0.6934523809523809,0.006178140640258789,,363,182,20,20,9.166666666666666,0
credit_g,Random Forest,8,1044474939,0.77,0.7525611569130963,2.677797317504883,max_depth=None,36634,18367,23,20,926.3077777777783,0
credit_g,GA-Optimized,9,1902802207,0.7,0.59375,48.97000432014465,accuracy_weight=0.5,3,2,1,1,1.0,2920
credit_g,Random Search,9,556211576,0.67,0.5907146410213895,68.89743661880493,accuracy_weight=0.7,3,2,1,1,1.0,2920
credit_g,CART (pruned),9,1595595555,0.73,0.7143308330043427,0.9231746196746826,ccp_alpha=0.005351112753551768;max_depth=6,21,11,6,8,3.3033333333333332,0
credit_g,CART (unconstrained),9,1742004854,0.59,0.6006284367635506,0.0067596435546875,,335,168,17,19,9.433333333333334,0
credit_g,Random Forest,9,1210068130,0.74,0.7122529644268775,2.96291184425354,max_depth=10,23808,11954,10,20,843.6566666666664,0
credit_g,GA-Optimized,10,32290064,0.69,0.6267558528428093,48.52386927604675,accuracy_weight=0.7,3,2,1,1,1.0,2920
credit_g,Random Search,10,1395593215,0.7,0.621951219512195,69.53677439689636,accuracy_weight=0.7,3,2,1,1,1.0,2920
credit_g,CART (pruned),10,1385446976,0.72,0.6834498834498833,1.0019869804382324,ccp_alpha=0.005657386423574232;max_depth=3,9,5,3,4,2.0844444444444443,0
credit_g,CART (unconstrained),10,63043339,0.71,0.7157834757834758,0.0060884952545166016,,351,176,18,20,9.524444444444445,0
credit_g,Random Forest,10,1113387551,0.75,0.735491512041058,2.7277755737304688,max_depth=None,37380,18740,23,20,932.1266666666664,0
qsar_biodeg,GA-Optimized,1,679859253,0.7358490566037735,0.7292699546511902,53.30930948257446,accuracy_weight=0.9,11,6,5,4,2.9673340358271867,2920
qsar_biodeg,Random Search,1,707063153,0.7169811320754716,0.7169811320754716,63.482606649398804,accuracy_weight=0.7,11,6,5,5,3.8883034773445733,2920
qsar_biodeg,CART (pruned),1,567334280,0.8207547169811321,0.8171568960661881,1.9219458103179932,ccp_alpha=0.005854053330525848;max_depth=5,21,11,5,10,3.6217070600632244,0
qsar_biodeg,CART (unconstrained),1,1595362634,0.7641509433962265,0.7633263787192579,0.01276254653930664,,231,116,17,31,9.391991570073762,0
qsar_biodeg,Random Forest,1,1679474250,0.8679245283018868,0.8658743371562461,3.3308699131011963,max_depth=10,18142,9121,10,41,739.1601685985246,0
qsar_biodeg,GA-Optimized,2,1018688594,0.7264150943396226,0.7333339159464112,56.20327854156494,accuracy_weight=0.7,3,2,1,1,1.0,2920
qsar_biodeg,Random Search,2,1137596219,0.7264150943396226,0.7288913372813662,62.365530252456665,accuracy_weight=0.9,23,12,6,9,4.2107481559536355,2920
qsar_biodeg,CART (pruned),2,1807771166,0.7358490566037735,0.7389158245224604,2.0026466846466064,ccp_alpha=0.003975117348405027;max_depth=6,35,18,6,13,4.395152792413066,0
qsar_biodeg,CART (unconstrained),2,2037785646,0.7735849056603774,0.7772241838701991,0.012898921966552734,,209,105,15,31,8.840885142255006,0
qsar_biodeg,Random Forest,2,2131811205,0.8113207547169812,0.8083919102232088,3.4092369079589844,max_depth=None,20392,10246,21,41,746.449947312961,0
qsar_biodeg,GA-Optimized,3,103183888,0.7735849056603774,0.7598808341608738,51.58569359779358,accuracy_weight=0.9,11,6,3,4,2.826132771338251,2920
qsar_biodeg,Random Search,3,1891154294,0.7075471698113207,0.7084982827901546,63.196693420410156,accuracy_weight=0.9,13,7,5,6,4.286617492096944,2920
qsar_biodeg,CART (pruned),3,1328316875,0.8018867924528302,0.8025310947933305,2.204052448272705,ccp_alpha=0.0040212318949662575;max_depth=8,31,16,6,12,3.892518440463646,0
qsar_biodeg,CART (unconstrained),3,670165684,0.8490566037735849,0.8514827892467993,0.01385045051574707,,223,112,17,30,9.361433087460485,0
qsar_biodeg,Random Forest,3,590420481,0.8867924528301887,0.8875019400039909,3.653064012527466,max_depth=None,21708,10904,19,41,776.1496311907272,0
qsar_biodeg,GA-Optimized,4,847820080,0.8113207547169812,0.8113207547169812,54.624622106552124,accuracy_weight=0.9,7,4,2,2,2.0,2920
qsar_biodeg,Random Search,4,1437146640,0.7547169811320755,0.7562542033419803,64.17780423164368,accuracy_weight=0.7,3,2,1,1,1.0,2920
qsar_biodeg,CART (pruned),4,623872427,0.8867924528301887,0.8881067819381974,2.2148218154907227,ccp_alpha=0.0039476918754265435;max_depth=6,35,18,6,15,4.86722866174921,0
qsar_biodeg,CART (unconstrained),4,789251,0.8962264150943396,0.8958636066364735,0.014101505279541016,,221,111,13,31,8.951527924130664,0
qsar_biodeg,Random Forest,4,1918578246,0.8867924528301887,0.8850351461339251,3.42220401763916,max_depth=None,21778,10939,20,41,776.9631190727082,0
qsar_biodeg,GA-Optimized,5,1926496281,0.7641509433962265,0.7594169685081424,53.124752044677734,accuracy_weight=0.7,9,5,3,3,2.79768177028451,2920
qsar_biodeg,Random Search,5,1298456355,0.7830188679245284,0.7837245323926952,62.35514760017395,accuracy_weight=0.9,19,10,6,8,4.406743940990516,2920
qsar_biodeg,CART (pruned),5,1138247136,0.839622641509434,0.8410742321994216,1.9469053745269775,ccp_alpha=0.004883925958932797;max_depth=8,33,17,7,13,4.2718651211801895,0
qsar_biodeg,CART (unconstrained),5,1966132380,0.839622641509434,0.8401442195946008,0.01569199562072754,,221,111,17,30,9.031612223393045,0
qsar_biodeg,Random Forest,5,1431842916,0.8773584905660378,0.8769297169340141,3.6422176361083984,max_depth=10,18554,9327,10,41,730.9936775553215,0
qsar_biodeg,GA-Optimized,6,198418453,0.7142857142857143,0.6883116883116884,53.49341344833374,accuracy_weight=0.9,25,13,6,6,3.3610526315789473,2920
qsar_biodeg,Random Search,6,296026573,0.6761904761904762,0.6761904761904762,63.91080570220947,accuracy_weight=0.7,3,2,1,1,1.0,2920
qsar_biodeg,CART (pruned),6,1988107896,0.7904761904761904,0.7904761904761904,2.039792776107788,ccp_alpha=0.004929073627580972;max_depth=6,23,12,6,10,3.491578947368421,0
qsar_biodeg,CART (unconstrained),6,998127527,0.8,0.8017777777777778,0.013136863708496094,,229,115,14,31,9.401052631578947,0
qsar_biodeg,Random Forest,6,1745947286,0.8476190476190476,0.846530612244898,3.6334445476531982,max_depth=None,20854,10477,21,41,746.7021052631575,0
qsar_biodeg,GA-Optimized,7,396795539,0.8,0.7936507936507936,52.91356182098389,accuracy_weight=0.7,9,5,3,3,2.3557894736842107,2920
qsar_biodeg,Random Search,7,2142238377,0.8,0.7936507936507936,63.365347385406494,accuracy_weight=0.7,19,10,6,9,2.590526315789474,2920
qsar_biodeg,CART (pruned),7,1623465971,0.819047619047619,0.8152077807250221,2.043148994445801,ccp_alpha=0.0;max_depth=5,45,23,5,16,4.8978947368421055,0
qsar_biodeg,CART (unconstrained),7,340986806,0.8095238095238095,0.8080640706987021,0.0225832462310791,,223,112,16,30,9.145263157894737,0
qsar_biodeg,Random Forest,7,788208194,0.8952380952380953,0.8930150309460655,3.6263644695281982,max_depth=10,18246,9173,10,41,742.1536842105265,0
qsar_biodeg,GA-Optimized,8,1865649452,0.819047619047619,0.8111636777056515,53.67838740348816,accuracy_weight=0.9,13,7,6,5,3.6989473684210528,2920
qsar_biodeg,Random Search,8,119215911,0.8095238095238095,0.8045091324200914,64.29486894607544,accuracy_weight=0.9,23,12,6,10,4.478947368421053,2920
qsar_biodeg,CART (pruned),8,1463014681,0.8571428571428571,0.8526077097505669,2.403625249862671,ccp_alpha=0.005220541231621565;max_depth=8,25,13,5,10,3.7336842105263157,0
qsar_biodeg,CART (unconstrained),8,2018174035,0.8,0.7976202901576035,0.014628410339355469,,225,113,14,31,8.67263157894737,0
qsar_biodeg,Random Forest,8,547659409,0.9142857142857143,0.9115646258503403,3.53114652633667,max_depth=10,18348,9224,10,41,738.26,0
qsar_biodeg,GA-Optimized,9,252145902,0.6952380952380952,0.6657169990503322,57.3943977355957,accuracy_weight=0.7,7,4,2,2,2.0,2920
qsar_biodeg,Random Search,9,585532628,0.7904761904761904,0.78,64.40944266319275,accuracy_weight=0.9,21,11,5,9,4.095789473684211,2920
qsar_biodeg,CART (pruned),9,888394729,0.819047619047619,0.8133030990173847,2.117846965789795,ccp_alpha=0.0027771556550951846;max_depth=6,47,24,6,18,4.863157894736842,0
qsar_biodeg,CART (unconstrained),9,352109458,0.8,0.7976202901576035,0.012105226516723633,,215,108,15,31,8.07157894736842,0
qsar_biodeg,Random Forest,9,272597084,0.8571428571428571,0.8541114058355438,3.290172815322876,max_depth=10,17896,8998,10,41,731.8178947368419,0
qsar_biodeg,GA-Optimized,10,2036292752,0.7714285714285715,0.7729468599033817,54.59653353691101,accuracy_weight=0.7,3,2,1,1,1.0,2920
qsar_biodeg,Random Search,10,94926678,0.7619047619047619,0.7590717739971472,61.9086377620697,accuracy_weight=0.7,9,5,4,4,3.2326315789473683,2920
qsar_biodeg,CART (pruned),10,1025577433,0.8571428571428571,0.859876965140123,1.9849092960357666,ccp_alpha=0.0031999634714316126;max_depth=8,39,20,8,14,5.153684210526316,0
qsar_biodeg,CART (unconstrained),10,705653753,0.8571428571428571,0.8592592592592593,0.014558076858520508,,231,116,16,30,9.434736842105263,0
qsar_biodeg,Random Forest,10,1323979680,0.9238095238095239,0.9232256282794808,3.4498088359832764,max_depth=None,22072,11086,21,41,774.0305263157894,0
pc1,GA-Optimized,1,1945019164,0.9369369369369369,0.9064320134087576,44.38460969924927,accuracy_weight=0.9,7,4,2,3,2.0,2920
pc1,Random Search,1,118459716,0.9459459459459459,0.9356450790413054,72.41993522644043,accuracy_weight=0.9,19,10,5,6,3.0811623246492985,2920
pc1,CART (pruned),1,1829776925,0.9459459459459459,0.9356450790413054,1.5400757789611816,ccp_alpha=0.003405793290828296;max_depth=6,13,7,5,5,2.7324649298597192,0
pc1,CART (unconstrained),1,1552894916,0.9279279279279279,0.9279279279279279,0.00850224494934082,,147,74,19,19,7.127254509018036,0
pc1,Random Forest,1,271240054,0.9459459459459459,0.9356450790413054,3.1140575408935547,max_depth=6,4918,2509,6,21,560.5501002004011,0
pc1,GA-Optimized,2,1235312707,0.9369369369369369,0.9064320134087576,44.31929683685303,accuracy_weight=0.9,9,5,3,3,2.041082164328657,2920
pc1,Random Search,2,1996138532,0.9279279279279279,0.9019112570514439,70.24828362464905,accuracy_weight=0.9,15,8,6,6,4.04809619238477,2920
pc1,CART (pruned),2,210864491,0.9459459459459459,0.9356450790413054,1.50339937210083,ccp_alpha=0.0022660706027439487;max_depth=4,17,9,4,6,3.3366733466933867,0
pc1,CART (unconstrained),2,947193821,0.9099099099099099,0.9099099099099099,0.009028911590576172,,133,67,17,18,6.953907815631262,0
pc1,Random Forest,2,1470056373,0.9279279279279279,0.9019112570514439,3.2066359519958496,max_depth=None,11770,5935,19,21,674.488977955912,0
pc1,GA-Optimized,3,1969717388,0.9099099099099099,0.8841577426483087,43.690829038619995,accuracy_weight=0.9,7,4,3,3,2.0100200400801604,2920
pc1,Random Search,3,406534275,0.9279279279279279,0.9073261941186469,73.81176829338074,accuracy_weight=0.9,5,3,2,2,1.0400801603206413,2920
pc1,CART (pruned),3,1429477765,0.9279279279279279,0.9073261941186469,1.6845545768737793,ccp_alpha=0.003006012024048096;max_depth=6,15,8,5,6,3.041082164328657,0
pc1,CART (unconstrained),3,1339736348,0.9009009009009009,0.9079922546347229,0.009663581848144531,,141,71,15,20,7.05811623246493,0
pc1,Random Forest,3,1384389428,0.9279279279279279,0.9073261941186469,3.1050684452056885,max_depth=6,4810,2455,6,21,551.0170340681362,0
pc1,GA-Optimized,4,1938470849,0.9279279279279279,0.8932390334259492,45.14717125892639,accuracy_weight=0.9,9,5,3,3,2.035070140280561,2920
pc1,Random Search,4,217666934,0.918918918918919,0.8887197056211139,73.31502270698547,accuracy_weight=0.9,3,2,1,1,1.0,2920
pc1,CART (pruned),4,1343186795,0.963963963963964,0.9583011583011583,1.584920883178711,ccp_alpha=0.0;max_depth=5,39,20,5,10,4.972945891783567,0
pc1,CART (unconstrained),4,1417873385,0.9369369369369369,0.9386379205604457,0.008851289749145508,,155,78,17,20,7.216432865731463,0
pc1,Random Forest,4,1628415870,0.954954954954955,0.9452511537819593,3.061412811279297,max_depth=None,11692,5896,19,21,695.1082164328658,0
pc1,GA-Optimized,5,1532002497,0.9279279279279279,0.8932390334259492,42.7591769695282,accuracy_weight=0.5,3,2,1,1,1.0,2920
pc1,Random Search,5,1224817335,0.963963963963964,0.9583011583011583,71.15028309822083,accuracy_weight=0.9,3,2,1,1,1.0,2920
pc1,CART (pruned),5,1429490296,0.9369369369369369,0.9301130353761933,1.4854176044464111,ccp_alpha=0.0024048096192384773;max_depth=5,17,9,4,6,2.3807615230460923,0
pc1,CART (unconstrained),5,1087096904,0.8918918918918919,0.9016323253947016,0.008402109146118164,,147,74,16,18,6.590180360721443,0
pc1,Random Forest,5,1711350337,0.9369369369369369,0.9301130353761933,3.3486227989196777,max_depth=None,11542,5821,20,21,674.6953907815629,0
pc1,GA-Optimized,6,1105393890,0.9099099099099099,0.8841577426483087,43.75726294517517,accuracy_weight=0.5,3,2,1,1,1.0,2920
pc1,Random Search,6,766977852,0.9279279279279279,0.8932390334259492,71.57265734672546,accuracy_weight=0.9,3,2,1,1,1.0,2920
pc1,CART (pruned),6,1017588998,0.9099099099099099,0.9039080289080289,1.5556433200836182,ccp_alpha=0.0024608997135164056;max_depth=4,11,6,4,5,2.7254509018036073,0
pc1,CART (unconstrained),6,859503178,0.9009009009009009,0.9035738751664146,0.010641813278198242,,143,72,16,20,7.060120240480962,0
pc1,Random Forest,6,1800115230,0.9369369369369369,0.9233516152947432,3.2496559619903564,max_depth=6,4832,2466,6,21,545.934869739479,0
pc1,GA-Optimized,7,2132478355,0.9369369369369369,0.9134486599275331,45.321452379226685,accuracy_weight=0.5,3,2,1,1,1.0,2920
pc1,Random Search,7,1776360912,0.918918918918919,0.8887197056211139,70.20071268081665,accuracy_weight=0.9,9,5,3,4,2.9839679358717435,2920
pc1,CART (pruned),7,2063829206,0.918918918918919,0.8887197056211139,1.5894560813903809,ccp_alpha=0.004509816108025554;max_depth=5,5,3,2,2,1.9809619238476954,0
pc1,CART (unconstrained),7,1776528723,0.8828828828828829,0.886041852469399,0.009821414947509766,,127,64,16,18,7.175350701402806,0
pc1,Random Forest,7,1610038182,0.9099099099099099,0.8957528957528956,3.1646084785461426,max_depth=10,9416,4758,10,21,657.7745490981962,0
pc1,GA-Optimized,8,39390906,0.9099099099099099,0.8841577426483087,47.38167905807495,accuracy_weight=0.5,3,2,1,1,1.0,2920
pc1,Random Search,8,43569451,0.918918918918919,0.8887197056211139,71.99828767776489,accuracy_weight=0.9,3,2,1,1,1.0,2920
pc1,CART (pruned),8,1479054298,0.918918918918919,0.901452076807527,1.6011931896209717,ccp_alpha=0.0036375271551506378;max_depth=5,11,6,5,4,2.720440881763527,0
pc1,CART (unconstrained),8,1667618489,0.9009009009009009,0.8901776270197321,0.01210927963256836,,129,65,16,19,6.512024048096192,0
pc1,Random Forest,8,824901150,0.918918918918919,0.901452076807527,3.7675459384918213,max_depth=6,4902,2501,6,21,554.8356713426858,0
pc1,GA-Optimized,9,28762350,0.9279279279279279,0.8932390334259492,43.73112750053406,accuracy_weight=0.9,3,2,1,1,1.0,2920
pc1,Random Search,9,722848924,0.9279279279279279,0.8932390334259492,69.2580795288086,accuracy_weight=0.5,3,2,1,1,1.0,2920
pc1,CART (pruned),9,1388210941,0.9279279279279279,0.9073261941186469,1.522489070892334,ccp_alpha=0.0;max_depth=5,35,18,5,13,4.9509018036072145,0
pc1,CART (unconstrained),9,2133305000,0.918918918918919,0.9101453311979628,0.008699417114257812,,139,70,16,19,6.561122244488978,0
pc1,Random Forest,9,740940318,0.9369369369369369,0.9134486599275331,3.3090555667877197,max_depth=6,4872,2486,6,21,551.076152304609,0
pc1,GA-Optimized,10,798626646,0.9545454545454546,0.9486733362331448,42.693153381347656,accuracy_weight=0.9,3,2,1,1,1.0,2920
pc1,Random Search,10,975164297,0.9181818181818182,0.8964239551917278,70.34750318527222,accuracy_weight=0.9,9,5,4,4,1.1011011011011012,2920
pc1,CART (pruned),10,1956425997,0.9363636363636364,0.9281426707264028,1.5559790134429932,ccp_alpha=0.0;max_depth=4,21,11,4,8,3.980980980980981,0
pc1,CART (unconstrained),10,140473034,0.9272727272727272,0.9314616755793227,0.011212348937988281,,135,68,15,21,6.988988988988989,0
pc1,Random Forest,10,90549302,0.9545454545454546,0.9424577528842931,2.8317763805389404,max_depth=6,5074,2587,6,21,547.6806806806811,0
banknote,GA-Optimized,1,887963451,0.9202898550724637,0.9195967233774418,55.19130897521973,accuracy_weight=0.9,11,6,3,3,2.5640194489465156,2920
banknote,Random Search,1,2061836260,0.9130434782608695,0.9128762541806019,76.17013764381409,accuracy_weight=0.9,25,13,6,4,3.1061588330632093,2920
banknote,CART (pruned),1,1771262678,0.9710144927536232,0.9709587513935339,0.8939633369445801,ccp_alpha=0.0;max_depth=8,45,23,8,4,4.687196110210697,0
banknote,CART (unconstrained),1,491417816,0.9710144927536232,0.9709587513935339,0.005404949188232422,,51,26,8,4,4.695299837925446,0
banknote,Random Forest,1,457680269,0.9710144927536232,0.9709587513935339,3.1630027294158936,max_depth=None,5018,2559,14,4,458.96596434359816,0
banknote,GA-Optimized,2,187168359,0.9130434782608695,0.9126703543744112,58.18353319168091,accuracy_weight=0.9,15,8,5,3,3.4359805510534844,2920
banknote,Random Search,2,2097953418,0.9057971014492754,0.9061095406495226,76.06999182701111,accuracy_weight=0.9,21,11,6,4,4.1175040518638575,2920
banknote,CART (pruned),2,1919760989,0.9927536231884058,0.9927470548916425,1.0421602725982666,ccp_alpha=0.0;max_depth=8,47,24,7,4,4.670988654781199,0
banknote,CART (unconstrained),2,1502532001,0.9927536231884058,0.9927470548916425,0.004821062088012695,,55,28,7,4,4.680713128038898,0
banknote,Random Forest,2,480399516,1.0,1.0,3.0324552059173584,max_depth=None,5332,2716,13,4,471.5502431118315,0
banknote,GA-Optimized,3,525768064,0.927007299270073,0.927007299270073,61.437318086624146,accuracy_weight=0.9,23,12,6,4,3.853441295546559,2920
banknote,Random Search,3,693146526,0.948905109489051,0.9487555229296804,78.71107029914856,accuracy_weight=0.9,27,14,6,4,3.6728744939271256,2920
banknote,CART (pruned),3,1409098816,0.9708029197080292,0.9706823754825733,1.0243074893951416,ccp_alpha=0.001754385964912281;max_depth=8,41,21,7,4,4.276923076923077,0
banknote,CART (unconstrained),3,156679331,0.9854014598540146,0.9853746010680318,0.005117893218994141,,63,32,8,4,4.671255060728745,0
banknote,Random Forest,3,249404881,0.9927007299270073,0.9927062319881188,3.074202060699463,max_depth=None,5284,2692,12,4,470.7206477732793,0
banknote,GA-Optimized,4,742131144,0.9416058394160584,0.9416058394160584,55.48478674888611,accuracy_weight=0.9,17,9,4,4,2.919838056680162,2920
banknote,Random Search,4,639917341,0.9416058394160584,0.9413647509651469,76.57325768470764,accuracy_weight=0.9,31,16,6,4,4.471255060728745,2920
banknote,CART (pruned),4,633267219,0.9708029197080292,0.9707492021360634,1.015747308731079,ccp_alpha=0.0;max_depth=6,43,22,6,4,4.921457489878542,0
banknote,CART (unconstrained),4,830844355,0.9781021897810219,0.9780380812555773,0.0054111480712890625,,51,26,7,4,4.982995951417004,0
banknote,Random Forest,4,1709568829,0.9854014598540146,0.9854014598540146,3.1036651134490967,max_depth=None,5258,2679,11,4,473.6914979757085,0
banknote,GA-Optimized,5,858329138,0.9562043795620438,0.9563309294070591,61.00615096092224,accuracy_weight=0.9,19,10,5,4,3.1635627530364374,2920
banknote,Random Search,5,436195983,0.9343065693430657,0.9345032457459949,77.97199273109436,accuracy_weight=0.9,23,12,6,4,3.782186234817814,2920
banknote,CART (pruned),5,208534169,0.9854014598540146,0.985421866415509,1.1286213397979736,ccp_alpha=0.0;max_depth=8,45,23,7,4,4.382995951417004,0
banknote,CART (unconstrained),5,581711165,1.0,1.0,0.007139921188354492,,49,25,7,4,4.387854251012146,0
banknote,Random Forest,5,664965108,1.0,1.0,2.924945831298828,max_depth=None,5136,2618,11,4,467.2421052631581,0
banknote,GA-Optimized,6,1359793767,0.9927007299270073,0.9926944214777463,60.38409686088562,accuracy_weight=0.9,17,9,5,3,2.8469635627530363,2920
banknote,Random Search,6,1252428771,0.9708029197080292,0.9708029197080292,79.52953886985779,accuracy_weight=0.9,27,14,6,4,3.0566801619433197,2920
banknote,CART (pruned),6,393665197,0.9927007299270073,0.9926944214777463,0.9925363063812256,ccp_alpha=0.0017782011590061122;max_depth=8,37,19,6,4,4.268825910931174,0
banknote,CART (unconstrained),6,801257634,1.0,1.0,0.005675077438354492,,59,30,7,4,4.664777327935223,0
banknote,Random Forest,6,1304644855,1.0,1.0,3.2392311096191406,max_depth=None,5196,2648,13,4,462.3101214574899,0
banknote,GA-Optimized,7,194762918,0.9416058394160584,0.9417436205757375,62.76323676109314,accuracy_weight=0.9,21,11,6,3,3.4566801619433196,2920
banknote,Random Search,7,1449723480,0.9416058394160584,0.9416874656620359,77.91537523269653,accuracy_weight=0.9,35,18,6,4,3.7676113360323886,2920
banknote,CART (pruned),7,1587790120,0.9927007299270073,0.9926944214777463,1.0197105407714844,ccp_alpha=0.001754385964912281;max_depth=8,35,18,6,4,4.253441295546558,0
banknote,CART (unconstrained),7,157144289,0.9927007299270073,0.9926944214777463,0.008246660232543945,,57,29,8,4,4.711740890688259,0
banknote,Random Forest,7,332089731,1.0,1.0,3.406161069869995,max_depth=None,5284,2692,12,4,468.5376518218622,0
banknote,GA-Optimized,8,1077108086,0.8759124087591241,0.8762447446936703,57.926652908325195,accuracy_weight=0.9,13,7,3,3,2.693927125506073,2920
banknote,Random Search,8,1759570043,0.8832116788321168,0.8832987971450085,75.42271375656128,accuracy_weight=0.9,45,23,6,4,4.278542510121458,2920
banknote,CART (pruned),8,1669750396,0.948905109489051,0.9490419536973936,0.9197535514831543,ccp_alpha=0.0;max_depth=8,49,25,7,4,4.622672064777328,0
banknote,CART (unconstrained),8,1781073931,0.9708029197080292,0.970843732831018,0.005316257476806641,,53,27,7,4,4.62834008097166,0
banknote,Random Forest,8,769667658,0.9854014598540146,0.985421866415509,2.770878791809082,max_depth=None,4990,2545,11,4,462.8591093117409,0
banknote,GA-Optimized,9,1980518034,0.9927007299270073,0.9927062319881188,57.14543533325195,accuracy_weight=0.9,13,7,4,3,2.794331983805668,2920
banknote,Random Search,9,1220439320,0.9343065693430657,0.934114243766732,74.7495129108429,accuracy_weight=0.9,43,22,6,4,4.596761133603239,2920
banknote,CART (pruned),9,287972121,0.9927007299270073,0.9926944214777463,0.998692512512207,ccp_alpha=0.004554655870445344;max_depth=6,29,15,6,4,3.8064777327935224,0
banknote,CART (unconstrained),9,565678746,0.9854014598540146,0.9854014598540146,0.004996538162231445,,57,29,7,4,4.654251012145749,0
banknote,Random Forest,9,395182437,0.9927007299270073,0.9927062319881188,2.997408628463745,max_depth=None,4940,2520,13,4,456.48987854251016,0
banknote,GA-Optimized,10,669026228,0.8248175182481752,0.8253237176282372,55.027069091796875,accuracy_weight=0.9,3,2,1,1,1.0,2920
banknote,Random Search,10,232474122,0.8394160583941606,0.8397242152117411,78.82514214515686,accuracy_weight=0.9,27,14,6,4,3.2331983805668014,2920
banknote,CART (pruned),10,568542850,0.9854014598540146,0.9854014598540146,0.9640660285949707,ccp_alpha=0.0;max_depth=6,39,20,6,4,4.3125506072874495,0
banknote,CART (unconstrained),10,292055094,0.9854014598540146,0.9854014598540146,0.004673004150390625,,47,24,7,4,4.332793522267206,0
banknote,Random Forest,10,2120126470,0.9927007299270073,0.9926944214777463,3.244387626647949,max_depth=None,5154,2627,12,4,473.5028340080972,0
pc4,GA-Optimized,1,1991895697,0.8767123287671232,0.8486505827029238,47.13105058670044,accuracy_weight=0.5,3,2,1,1,1.0,2920
pc4,Random Search,1,1858594957,0.863013698630137,0.8229786448964531,75.82853984832764,accuracy_weight=0.7,3,2,1,1,1.0,2920
pc4,CART (pruned),1,2141281254,0.8835616438356164,0.8789433446967694,2.21207594871521,ccp_alpha=0.0028080872913992293;max_depth=8,27,14,8,9,2.7400914634146343,0
pc4,CART (unconstrained),1,1720463288,0.9041095890410958,0.9081430745814306,0.01220083236694336,,185,93,17,31,5.964939024390244,0
pc4,Random Forest,1,1416451513,0.9383561643835616,0.9339753455132795,3.6248226165771484,max_depth=None,17434,8767,23,37,577.7042682926829,0
pc4,GA-Optimized,2,1854118494,0.910958904109589,0.9013975225002739,45.46060609817505,accuracy_weight=0.7,3,2,1,1,1.0,2920
pc4,Random Search,2,1487173226,0.8835616438356164,0.8350961703521185,77.3205726146698,accuracy_weight=0.9,5,3,2,2,1.0342987804878048,2920
pc4,CART (pruned),2,1011537083,0.910958904109589,0.8976307400706471,2.1854283809661865,ccp_alpha=0.001399950223992035;max_depth=3,9,5,3,3,1.7774390243902438,0
pc4,CART (unconstrained),2,1238140122,0.8835616438356164,0.8752867637473059,0.012191295623779297,,169,85,19,35,5.444359756097561,0
pc4,Random Forest,2,1479381343,0.8972602739726028,0.8767738956441434,3.9503159523010254,max_depth=10,13554,6827,10,37,540.765243902439,0
pc4,GA-Optimized,3,1460111292,0.9178082191780822,0.899100388468616,47.644145488739014,accuracy_weight=0.9,3,2,1,1,1.0,2920
pc4,Random Search,3,1071391831,0.910958904109589,0.8932040428915909,75.95507717132568,accuracy_weight=0.9,5,3,2,2,1.9291158536585367,2920
pc4,CART (pruned),3,62867994,0.9178082191780822,0.899100388468616,2.2485597133636475,ccp_alpha=0.0013719512195121955;max_depth=3,9,5,3,3,1.766768292682927,0
pc4,CART (unconstrained),3,854013358,0.910958904109589,0.9119875717780633,0.013939142227172852,,181,91,20,29,6.0373475609756095,0
pc4,Random Forest,3,226936440,0.8972602739726028,0.8767738956441434,3.8988633155822754,max_depth=10,13842,6971,10,37,561.4496951219513,0
pc4,GA-Optimized,4,478013561,0.8767123287671232,0.8191180881911808,47.10612344741821,accuracy_weight=0.9,3,2,1,1,1.0,2920
pc4,Random Search,4,413452275,0.8767123287671232,0.8310233682514101,77.40438961982727,accuracy_weight=0.5,3,2,1,1,1.0,2920
pc4,CART (pruned),4,1372366683,0.8972602739726028,0.8767738956441434,2.1848766803741455,ccp_alpha=0.004922885230229205;max_depth=8,11,6,4,4,2.048780487804878,0
pc4,CART (unconstrained),4,1058686606,0.8835616438356164,0.8873496961644669,0.013185262680053711,,173,87,15,32,5.750762195121951,0
pc4,Random Forest,4,1041634805,0.910958904109589,0.9046310546302927,3.850905418395996,max_depth=None,17516,8808,22,37,571.2240853658536,0
pc4,GA-Optimized,5,1048232806,0.8904109589041096,0.8654671846248212,48.62254071235657,accuracy_weight=0.5,3,2,1,1,1.0,2920
pc4,Random Search,5,1514618807,0.8904109589041096,0.8654671846248212,77.96149015426636,accuracy_weight=0.9,3,2,1,1,1.0,2920
pc4,CART (pruned),5,434016293,0.8904109589041096,0.8654671846248212,2.2067155838012695,ccp_alpha=0.002994963036599364;max_depth=4,13,7,4,5,2.1013719512195124,0
pc4,CART (unconstrained),5,461081711,0.8493150684931506,0.8556534029136769,0.015456914901733398,,165,83,16,27,5.777439024390244,0
pc4,Random Forest,5,1222760648,0.863013698630137,0.8508836139286835,3.8796210289001465,max_depth=10,13894,6997,10,37,552.0030487804876,0
pc4,GA-Optimized,6,1105811434,0.910958904109589,0.8932040428915909,46.37765049934387,accuracy_weight=0.9,7,4,2,2,2.0,2920
pc4,Random Search,6,704118667,0.8972602739726028,0.8767738956441434,74.93669891357422,accuracy_weight=0.5,3,2,1,1,1.0,2920
pc4,CART (pruned),6,32418742,0.8972602739726028,0.8707076924439446,2.14197039604187,ccp_alpha=0.0;max_depth=3,15,8,3,5,3.0,0
pc4,CART (unconstrained),6,1153082703,0.910958904109589,0.9098601201580787,0.016096830368041992,,171,86,15,32,5.708841463414634,0
pc4,Random Forest,6,456100850,0.9178082191780822,0.899100388468616,4.045075178146362,max_depth=10,13686,6893,10,37,557.123475609756,0
pc4,GA-Optimized,7,1192288453,0.8835616438356164,0.8451989803655375,44.557591915130615,accuracy_weight=0.5,3,2,1,1,1.0,2920
pc4,Random Search,7,856656407,0.8972602739726028,0.8707076924439446,74.73180484771729,accuracy_weight=0.5,3,2,1,1,1.0,2920
pc4,CART (pruned),7,210137064,0.9246575342465754,0.9216692230390859,2.2494616508483887,ccp_alpha=0.0022478070175438606;max_depth=6,23,12,6,9,2.4527439024390243,0
pc4,CART (unconstrained),7,2047822283,0.910958904109589,0.9098601201580787,0.013227224349975586,,173,87,15,35,5.695884146341464,0
pc4,Random Forest,7,1446410214,0.9246575342465754,0.9096341901390386,3.8037867546081543,max_depth=None,17736,8918,22,37,592.0701219512194,0
pc4,GA-Optimized,8,1299503273,0.8698630136986302,0.8503833893340226,44.99663519859314,accuracy_weight=0.9,3,2,1,1,1.0,2920
pc4,Random Search,8,1033987006,0.8835616438356164,0.8534687181031372,76.78192496299744,accuracy_weight=0.9,15,8,5,7,2.8452743902439024,2920
pc4,CART (pruned),8,557359101,0.8698630136986302,0.8503833893340226,2.2961182594299316,ccp_alpha=0.0025700201583296633;max_depth=8,21,11,8,8,2.461890243902439,0
pc4,CART (unconstrained),8,1917749999,0.8835616438356164,0.8789433446967694,0.012595653533935547,,175,88,18,32,5.8948170731707314,0
pc4,Random Forest,8,361758610,0.8835616438356164,0.8603437483966959,3.8642566204071045,max_depth=None,17240,8670,22,37,570.7187500000002,0
pc4,GA-Optimized,9,22294126,0.8827586206896552,0.8277883036503726,48.12066411972046,accuracy_weight=0.9,3,2,1,1,1.0,2920
pc4,Random Search,9,1138499056,0.896551724137931,0.8585798380669832,78.11883497238159,accuracy_weight=0.9,21,11,5,10,2.2383853769992386,2920
pc4,CART (pruned),9,3200784,0.896551724137931,0.8670316992326992,2.3370256423950195,ccp_alpha=0.0015678953667489365;max_depth=3,9,5,3,3,1.7905559786747907,0
pc4,CART (unconstrained),9,1633576473,0.8827586206896552,0.8868165425886565,0.012423276901245117,,171,86,16,32,5.814927646610815,0
pc4,Random Forest,9,1136573355,0.896551724137931,0.8670316992326992,3.805480480194092,max_depth=None,17444,8772,21,37,565.7593297791316,0
pc4,GA-Optimized,10,654118408,0.8827586206896552,0.8636460637605725,46.16288423538208,accuracy_weight=0.9,7,4,2,2,2.0,2920
pc4,Random Search,10,634221441,0.8827586206896552,0.8277883036503726,77.52534103393555,accuracy_weight=0.5,3,2,1,1,1.0,2920
pc4,CART (pruned),10,1516361191,0.8620689655172413,0.8682338028980496,2.5460102558135986,ccp_alpha=0.002903228697815674;max_depth=6,19,10,6,7,2.4447829398324448,0
pc4,CART (unconstrained),10,300303283,0.8689655172413793,0.8589245607081517,0.0213625431060791,,169,85,18,29,6.415079969535415,0
pc4,Random Forest,10,1264468632,0.8896551724137931,0.8743509364199019,3.885735034942627,max_depth=None,17180,8640,19,37,569.6580350342725,0
