dataset,method,fold,seed,hypervolume,n_points,n_distinct,n_candidates,n_evaluations,reference_nodes,fit_seconds,best_accuracy,smallest_nodes
dresses_sales,GA (NSGA-II),1,1632415338,82.10000000000001,3,7,12,2556,126.0,5.594826936721802,0.66,1.0
dresses_sales,Random Search,1,848566830,77.42,2,4,4,2556,126.0,11.084040641784668,0.62,1.0
dresses_sales,"GA (NSGA-II, archived)",1,1401059100,79.60000000000001,3,5,5,2521,126.0,6.081732273101807,0.64,1.0
dresses_sales,CART (ccp path),1,54906401,78.32000000000001,3,12,12,0,126.0,0.033753395080566406,0.64,1.0
dresses_sales,GA (NSGA-II),2,1858386127,77.38000000000001,3,8,8,2545,126.0,6.289549350738525,0.62,1.0
dresses_sales,Random Search,2,526288010,79.2,3,5,5,2545,126.0,7.364859104156494,0.64,1.0
dresses_sales,"GA (NSGA-II, archived)",2,1204955482,77.42,2,3,3,2574,126.0,4.184044599533081,0.62,1.0
dresses_sales,CART (ccp path),2,1801588445,79.78,2,12,12,0,126.0,0.038431406021118164,0.66,1.0
dresses_sales,GA (NSGA-II),3,196393802,79.88000000000001,2,4,7,2571,126.0,4.8632237911224365,0.64,1.0
dresses_sales,Random Search,3,1442873324,87.14,3,5,5,2571,126.0,8.25475287437439,0.7,1.0
dresses_sales,"GA (NSGA-II, archived)",3,841628905,82.30000000000001,3,7,7,2488,126.0,5.681057453155518,0.66,1.0
dresses_sales,CART (ccp path),3,892428145,72.5,1,12,12,0,126.0,0.038275957107543945,0.58,1.0
dresses_sales,GA (NSGA-II),4,2018093676,77.38000000000001,3,12,13,2520,126.0,7.035218000411987,0.62,1.0
dresses_sales,Random Search,4,1494630233,79.16000000000001,2,6,6,2520,126.0,7.810633420944214,0.64,1.0
dresses_sales,"GA (NSGA-II, archived)",4,149286560,74.88,2,5,5,2552,126.0,5.235515832901001,0.6,1.0
dresses_sales,CART (ccp path),4,1203193634,73.0,2,12,12,0,126.0,0.04565715789794922,0.6,1.0
dresses_sales,GA (NSGA-II),5,1632917811,74.96000000000001,2,5,5,2543,126.0,5.37200665473938,0.6,1.0
dresses_sales,Random Search,5,1842231466,72.5,1,4,4,2543,126.0,7.66200590133667,0.58,1.0
dresses_sales,"GA (NSGA-II, archived)",5,2016286623,72.5,1,6,6,2534,126.0,5.874292612075806,0.58,1.0
dresses_sales,CART (ccp path),5,498938466,74.84,2,12,12,0,126.0,0.033445119857788086,0.6,1.0
dresses_sales,GA (NSGA-II),6,1512934856,79.80000000000001,3,6,10,2529,126.0,6.653598308563232,0.64,1.0
dresses_sales,Random Search,6,932318825,76.7,2,5,5,2529,126.0,9.902405977249146,0.62,1.0
dresses_sales,"GA (NSGA-II, archived)",6,1161135882,74.96000000000001,2,4,4,2530,126.0,5.187639236450195,0.6,1.0
dresses_sales,CART (ccp path),6,418201618,72.5,1,12,12,0,126.0,0.035440921783447266,0.58,1.0
dresses_sales,GA (NSGA-II),7,761126404,74.96000000000001,2,5,6,2589,126.0,5.992228984832764,0.6,1.0
dresses_sales,Random Search,7,415607707,74.96000000000001,2,4,4,2589,126.0,8.341973543167114,0.6,1.0
dresses_sales,"GA (NSGA-II, archived)",7,840002417,72.5,1,5,5,2557,126.0,4.917837858200073,0.58,1.0
dresses_sales,CART (ccp path),7,233931187,72.64,2,12,12,0,126.0,0.03678107261657715,0.6,1.0
dresses_sales,GA (NSGA-II),8,1854735639,82.34,2,3,3,2534,126.0,5.425936937332153,0.66,1.0
dresses_sales,Random Search,8,712543306,74.92,2,5,5,2534,126.0,8.358779191970825,0.6,1.0
dresses_sales,"GA (NSGA-II, archived)",8,1335788176,82.34,2,4,4,2542,126.0,5.658698081970215,0.66,1.0
dresses_sales,CART (ccp path),8,1410746319,76.22,2,12,12,0,126.0,0.03200125694274902,0.62,1.0
dresses_sales,GA (NSGA-II),9,1652962255,82.22000000000001,3,12,18,2566,126.0,8.839272499084473,0.66,1.0
dresses_sales,Random Search,9,1592400639,78.76,3,7,7,2566,126.0,9.599755048751831,0.64,1.0
dresses_sales,"GA (NSGA-II, archived)",9,1760606154,84.48000000000002,3,7,7,2476,126.0,6.960630655288696,0.68,1.0
dresses_sales,CART (ccp path),9,1660282244,73.7,3,12,12,0,126.0,0.03389739990234375,0.62,1.0
dresses_sales,GA (NSGA-II),10,1123152317,84.56,3,5,6,2539,126.0,5.628610849380493,0.68,1.0
dresses_sales,Random Search,10,2134461555,89.62,3,7,7,2539,126.0,9.875598192214966,0.74,1.0
dresses_sales,"GA (NSGA-II, archived)",10,2094849922,84.44000000000001,3,4,4,2591,126.0,5.429666519165039,0.68,1.0
dresses_sales,CART (ccp path),10,1123205732,81.38000000000001,2,12,12,0,126.0,0.038425445556640625,0.66,1.0
dresses_sales,GA (NSGA-II),11,790303148,81.98000000000002,3,8,14,2541,126.0,6.25215482711792,0.66,1.0
dresses_sales,Random Search,11,459260562,74.88,2,6,6,2541,126.0,8.74272894859314,0.6,1.0
dresses_sales,"GA (NSGA-II, archived)",11,1767766767,82.22000000000001,3,8,8,2575,126.0,6.260253429412842,0.66,1.0
dresses_sales,CART (ccp path),11,748155859,72.5,1,12,12,0,126.0,0.034972429275512695,0.58,1.0
dresses_sales,GA (NSGA-II),12,949135703,72.5,1,3,6,2490,126.0,4.691429853439331,0.58,1.0
dresses_sales,Random Search,12,1479913484,72.5,1,3,3,2490,126.0,7.459933280944824,0.58,1.0
dresses_sales,"GA (NSGA-II, archived)",12,1302293118,79.88000000000001,2,6,6,2587,126.0,6.123955726623535,0.64,1.0
dresses_sales,CART (ccp path),12,2117059376,88.17999999999999,3,12,12,0,126.0,0.04876136779785156,0.74,1.0
dresses_sales,GA (NSGA-II),13,736924247,74.96000000000001,2,5,8,2561,126.0,4.809290647506714,0.6,1.0
dresses_sales,Random Search,13,744698983,84.2,3,5,5,2561,126.0,8.754774808883667,0.68,1.0
dresses_sales,"GA (NSGA-II, archived)",13,1857510419,74.96000000000001,2,5,5,2545,126.0,6.3155553340911865,0.6,1.0
dresses_sales,CART (ccp path),13,1542188949,72.5,1,12,12,0,126.0,0.05657815933227539,0.58,1.0
dresses_sales,GA (NSGA-II),14,887180621,82.22000000000001,3,5,6,2573,126.0,6.218764543533325,0.66,1.0
dresses_sales,Random Search,14,1425651774,76.78,2,4,4,2573,126.0,8.947168350219727,0.62,1.0
dresses_sales,"GA (NSGA-II, archived)",14,794695862,79.88000000000001,2,4,4,2545,126.0,5.818434715270996,0.64,1.0
dresses_sales,CART (ccp path),14,1309067133,72.5,1,12,12,0,126.0,0.033075571060180664,0.58,1.0
dresses_sales,GA (NSGA-II),15,1816449866,72.5,1,3,3,2564,126.0,4.971561431884766,0.58,1.0
dresses_sales,Random Search,15,1172504453,79.60000000000001,3,3,3,2564,126.0,7.9540855884552,0.64,1.0
dresses_sales,"GA (NSGA-II, archived)",15,315258074,74.8,2,8,8,2533,126.0,5.713414430618286,0.6,1.0
dresses_sales,CART (ccp path),15,1477640060,79.28,2,12,12,0,126.0,0.04918527603149414,0.64,1.0
dresses_sales,GA (NSGA-II),16,1720378604,77.34,2,6,8,2538,126.0,6.4110071659088135,0.62,1.0
dresses_sales,Random Search,16,1682939457,81.14000000000001,3,5,5,2538,126.0,12.569510221481323,0.66,1.0
dresses_sales,"GA (NSGA-II, archived)",16,217315220,81.62,3,5,5,2533,126.0,8.065595865249634,0.66,1.0
dresses_sales,CART (ccp path),16,119734240,72.5,1,12,12,0,126.0,0.09350991249084473,0.58,1.0
dresses_sales,GA (NSGA-II),17,981213788,74.96000000000001,2,5,5,2455,126.0,7.4738969802856445,0.6,1.0
dresses_sales,Random Search,17,1909527177,74.96000000000001,2,5,5,2455,126.0,11.803109169006348,0.6,1.0
dresses_sales,"GA (NSGA-II, archived)",17,1092979391,74.96000000000001,2,5,5,2553,126.0,8.055391311645508,0.6,1.0
dresses_sales,CART (ccp path),17,697758030,76.74,3,12,12,0,126.0,0.031205177307128906,0.62,1.0
dresses_sales,GA (NSGA-II),18,1844379552,74.92,2,7,7,2499,126.0,8.20935583114624,0.6,1.0
dresses_sales,Random Search,18,1428404772,72.5,1,5,5,2499,126.0,12.384178876876831,0.58,1.0
dresses_sales,"GA (NSGA-II, archived)",18,2078375046,72.5,1,6,6,2591,126.0,6.204771518707275,0.58,1.0
dresses_sales,CART (ccp path),18,1394069322,72.5,1,12,12,0,126.0,0.03414559364318848,0.58,1.0
dresses_sales,GA (NSGA-II),19,1533379351,77.26,3,4,4,2529,126.0,5.539617538452148,0.62,1.0
dresses_sales,Random Search,19,2000000076,74.96000000000001,2,3,3,2529,126.0,10.964292526245117,0.6,1.0
dresses_sales,"GA (NSGA-II, archived)",19,1621590123,74.96000000000001,2,3,3,2525,126.0,5.545281887054443,0.6,1.0
dresses_sales,CART (ccp path),19,389158342,81.32000000000001,4,12,12,0,126.0,0.050362348556518555,0.68,1.0
dresses_sales,GA (NSGA-II),20,427984432,79.8,3,6,19,2515,126.0,6.323702096939087,0.64,1.0
dresses_sales,Random Search,20,1673782058,74.96000000000001,2,6,6,2515,126.0,8.71697473526001,0.6,1.0
dresses_sales,"GA (NSGA-II, archived)",20,359731318,72.5,1,4,4,2511,126.0,5.587777614593506,0.58,1.0
dresses_sales,CART (ccp path),20,751941253,72.5,1,12,12,0,126.0,0.035765647888183594,0.58,1.0
dresses_sales,GA (NSGA-II),21,475508324,72.5,1,7,10,2472,126.0,6.440199136734009,0.58,1.0
dresses_sales,Random Search,21,355555498,84.60000000000001,2,4,4,2472,126.0,9.045092344284058,0.68,1.0
dresses_sales,"GA (NSGA-II, archived)",21,1545643351,77.30000000000001,3,9,9,2531,126.0,8.78905463218689,0.62,1.0
dresses_sales,CART (ccp path),21,1974421507,72.5,1,12,12,0,126.0,0.06317281723022461,0.58,1.0
dresses_sales,GA (NSGA-II),22,1549292395,79.88000000000001,2,4,4,2547,126.0,5.717504978179932,0.64,1.0
dresses_sales,Random Search,22,534852112,74.96000000000001,2,4,4,2547,126.0,11.711411237716675,0.6,1.0
dresses_sales,"GA (NSGA-II, archived)",22,1264833353,79.88000000000001,2,6,6,2591,126.0,10.034721851348877,0.64,1.0
dresses_sales,CART (ccp path),22,757072543,81.54,2,12,12,0,126.0,0.07086920738220215,0.66,1.0
dresses_sales,GA (NSGA-II),23,1488680885,77.18,2,5,8,2513,126.0,7.534245252609253,0.62,1.0
dresses_sales,Random Search,23,692146173,77.34,2,4,4,2513,126.0,11.113985061645508,0.62,1.0
dresses_sales,"GA (NSGA-II, archived)",23,32660029,82.34,2,4,4,2583,126.0,8.284456491470337,0.66,1.0
dresses_sales,CART (ccp path),23,1490778108,72.5,1,12,12,0,126.0,0.07867145538330078,0.58,1.0
dresses_sales,GA (NSGA-II),24,1993921093,74.88,2,5,9,2497,126.0,5.085442543029785,0.6,1.0
dresses_sales,Random Search,24,77656162,74.84,2,4,4,2497,126.0,8.060532569885254,0.6,1.0
dresses_sales,"GA (NSGA-II, archived)",24,722584656,72.5,1,4,4,2547,126.0,7.6990721225738525,0.58,1.0
dresses_sales,CART (ccp path),24,370048669,84.62,2,12,12,0,126.0,0.04591846466064453,0.7,1.0
dresses_sales,GA (NSGA-II),25,1478609137,77.42,2,6,7,2503,126.0,5.322652101516724,0.62,1.0
dresses_sales,Random Search,25,941585273,79.88000000000001,2,7,7,2503,126.0,10.341159582138062,0.64,1.0
dresses_sales,"GA (NSGA-II, archived)",25,500664842,72.5,1,3,3,2515,126.0,5.425029039382935,0.58,1.0
dresses_sales,CART (ccp path),25,439002276,72.5,1,12,12,0,126.0,0.03276777267456055,0.58,1.0
dresses_sales,GA (NSGA-II),26,770633391,77.38000000000001,3,6,10,2557,126.0,5.370819807052612,0.62,1.0
dresses_sales,Random Search,26,1640332538,72.5,1,5,5,2557,126.0,11.709142923355103,0.58,1.0
dresses_sales,"GA (NSGA-II, archived)",26,863945972,74.96000000000001,2,5,5,2514,126.0,7.844827651977539,0.6,1.0
dresses_sales,CART (ccp path),26,2072295848,76.38,3,12,12,0,126.0,0.03946089744567871,0.62,1.0
dresses_sales,GA (NSGA-II),27,387736331,72.5,1,8,11,2566,126.0,6.075855731964111,0.58,1.0
dresses_sales,Random Search,27,939489809,74.96000000000001,2,4,4,2566,126.0,8.180864334106445,0.6,1.0
dresses_sales,"GA (NSGA-II, archived)",27,518411566,72.5,1,5,5,2527,126.0,5.369549751281738,0.58,1.0
dresses_sales,CART (ccp path),27,1792816246,73.5,2,12,12,0,126.0,0.032027482986450195,0.62,1.0
dresses_sales,GA (NSGA-II),28,1504828580,72.5,1,4,5,2586,126.0,5.009074926376343,0.58,1.0
dresses_sales,Random Search,28,2090005310,74.68,2,6,6,2586,126.0,8.123183012008667,0.6,1.0
dresses_sales,"GA (NSGA-II, archived)",28,1729637058,72.5,1,3,3,2550,126.0,6.676191091537476,0.58,1.0
dresses_sales,CART (ccp path),28,1059698949,73.44,2,12,12,0,126.0,0.04745936393737793,0.6,1.0
dresses_sales,GA (NSGA-II),29,297384654,74.88,2,4,8,2550,126.0,5.878293514251709,0.6,1.0
dresses_sales,Random Search,29,1741036817,72.5,1,3,3,2550,126.0,8.072674751281738,0.58,1.0
dresses_sales,"GA (NSGA-II, archived)",29,1668840533,74.92,2,4,4,2550,126.0,5.258152961730957,0.6,1.0
dresses_sales,CART (ccp path),29,8355930,74.98,3,12,12,0,126.0,0.03720879554748535,0.62,1.0
dresses_sales,GA (NSGA-II),30,827509453,79.68,3,5,10,2567,126.0,5.370173692703247,0.64,1.0
dresses_sales,Random Search,30,1547746400,81.54,2,5,5,2567,126.0,8.459065675735474,0.66,1.0
dresses_sales,"GA (NSGA-II, archived)",30,1735295196,72.5,1,4,4,2514,126.0,5.114945888519287,0.58,1.0
dresses_sales,CART (ccp path),30,335866432,77.60000000000001,4,12,12,0,126.0,0.05593538284301758,0.64,1.0
kc2,GA (NSGA-II),1,1380043507,42.264150943396224,2,6,30,2547,52.0,4.608590126037598,0.8301886792452831,1.0
kc2,Random Search,1,674507354,42.264150943396224,2,4,4,2547,52.0,9.573628425598145,0.8301886792452831,1.0
kc2,"GA (NSGA-II, archived)",1,207204968,44.11320754716981,2,2,2,2531,52.0,5.736108064651489,0.8679245283018868,1.0
kc2,CART (ccp path),1,1471583127,43.679245283018865,4,12,12,0,52.0,0.07655644416809082,0.8867924528301887,1.0
kc2,GA (NSGA-II),2,1094365025,44.11320754716981,2,3,4,2558,52.0,5.264692068099976,0.8679245283018868,1.0
kc2,Random Search,2,1489416994,45.0377358490566,2,5,5,2558,52.0,8.057256698608398,0.8867924528301887,1.0
kc2,"GA (NSGA-II, archived)",2,482796801,45.0377358490566,2,4,4,2521,52.0,4.908635377883911,0.8867924528301887,1.0
kc2,CART (ccp path),2,1547664581,42.11320754716981,2,12,12,0,52.0,0.04601907730102539,0.8301886792452831,1.0
kc2,GA (NSGA-II),3,387300501,44.96153846153846,2,4,5,2600,52.0,4.356670618057251,0.8846153846153846,1.0
kc2,Random Search,3,2147255499,44.019230769230774,2,5,5,2600,52.0,7.2086873054504395,0.8653846153846154,1.0
kc2,"GA (NSGA-II, archived)",3,1759816553,45.90384615384615,2,3,3,2590,52.0,5.692253351211548,0.9038461538461539,1.0
kc2,CART (ccp path),3,299226574,44.94230769230769,3,12,12,0,52.0,0.05337190628051758,0.9038461538461539,1.0
kc2,GA (NSGA-II),4,624885478,43.07692307692308,2,6,7,2479,52.0,5.497826337814331,0.8461538461538461,1.0
kc2,Random Search,4,354534991,42.09615384615385,2,3,3,2479,52.0,8.079575538635254,0.8269230769230769,1.0
kc2,"GA (NSGA-II, archived)",4,2143540305,43.07692307692308,2,2,2,2568,52.0,5.896609544754028,0.8461538461538461,1.0
kc2,CART (ccp path),4,230917062,42.92307692307692,2,12,12,0,52.0,0.05691075325012207,0.8461538461538461,1.0
kc2,GA (NSGA-II),5,408026417,44.019230769230774,2,9,26,2543,52.0,4.918409824371338,0.8653846153846154,1.0
kc2,Random Search,5,957377743,43.07692307692308,2,4,4,2543,52.0,7.834549427032471,0.8461538461538461,1.0
kc2,"GA (NSGA-II, archived)",5,530150371,41.19230769230769,1,2,2,2513,52.0,4.653927564620972,0.8076923076923077,1.0
kc2,CART (ccp path),5,1886273193,42.05769230769231,2,12,12,0,52.0,0.053050994873046875,0.8269230769230769,1.0
kc2,GA (NSGA-II),6,1504777378,43.03846153846154,2,4,4,2529,52.0,5.331132411956787,0.8461538461538461,1.0
kc2,Random Search,6,1886695805,41.15384615384615,2,2,2,2529,52.0,9.000265836715698,0.8076923076923077,1.0
kc2,"GA (NSGA-II, archived)",6,139562265,43.03846153846154,2,3,3,2520,52.0,5.647699356079102,0.8461538461538461,1.0
kc2,CART (ccp path),6,809978360,42.730769230769226,3,12,12,0,52.0,0.05173850059509277,0.8461538461538461,1.0
kc2,GA (NSGA-II),7,1520658997,44.84615384615385,3,7,10,2574,52.0,5.902327537536621,0.8846153846153846,1.0
kc2,Random Search,7,569353695,43.98076923076923,2,3,3,2574,52.0,7.622696399688721,0.8653846153846154,1.0
kc2,"GA (NSGA-II, archived)",7,1377831352,40.21153846153846,1,2,2,2565,52.0,4.520174264907837,0.7884615384615384,1.0
kc2,CART (ccp path),7,195373658,44.53846153846153,2,12,12,0,52.0,0.047797441482543945,0.8846153846153846,1.0
kc2,GA (NSGA-II),8,490732298,43.98076923076923,2,3,3,2574,52.0,4.934054374694824,0.8653846153846154,1.0
kc2,Random Search,8,1084445818,41.63461538461538,2,4,4,2574,52.0,7.079531192779541,0.8269230769230769,1.0
kc2,"GA (NSGA-II, archived)",8,1957064299,41.15384615384615,2,4,4,2577,52.0,5.072951316833496,0.8076923076923077,1.0
kc2,CART (ccp path),8,229309859,42.730769230769226,3,12,12,0,52.0,0.05351829528808594,0.8461538461538461,1.0
kc2,GA (NSGA-II),9,1090179010,42.09615384615384,2,2,3,2552,52.0,5.299456357955933,0.8269230769230769,1.0
kc2,Random Search,9,1762543070,44.192307692307686,4,4,4,2552,52.0,8.601582765579224,0.8846153846153846,1.0
kc2,"GA (NSGA-II, archived)",9,259320899,44.8076923076923,3,3,3,2532,52.0,7.489151477813721,0.8846153846153846,1.0
kc2,CART (ccp path),9,1573974506,42.80769230769231,2,12,12,0,52.0,0.07303667068481445,0.8461538461538461,1.0
kc2,GA (NSGA-II),10,765756878,41.15384615384615,2,2,2,2504,52.0,5.222081184387207,0.8076923076923077,1.0
kc2,Random Search,10,2054399266,42.09615384615384,2,3,3,2504,52.0,8.563859462738037,0.8269230769230769,1.0
kc2,"GA (NSGA-II, archived)",10,337625683,42.57692307692307,2,5,5,2523,52.0,6.092081069946289,0.8461538461538461,1.0
kc2,CART (ccp path),10,1464928102,43.28846153846153,3,12,12,0,52.0,0.0755307674407959,0.8653846153846154,1.0
kc2,GA (NSGA-II),11,1918758917,42.264150943396224,2,2,2,2557,52.0,7.2029128074646,0.8301886792452831,1.0
kc2,Random Search,11,673162383,41.339622641509436,2,2,2,2557,52.0,7.527315378189087,0.8113207547169812,1.0
kc2,"GA (NSGA-II, archived)",11,1655338237,42.264150943396224,2,3,3,2556,52.0,5.6390790939331055,0.8301886792452831,1.0
kc2,CART (ccp path),11,732490294,41.22641509433962,2,12,12,0,52.0,0.057910919189453125,0.8113207547169812,1.0
kc2,GA (NSGA-II),12,1077183257,44.886792452830186,4,10,20,2531,52.0,4.901604175567627,0.8867924528301887,1.0
kc2,Random Search,12,1686213705,44.77358490566037,3,3,3,2531,52.0,7.120396614074707,0.8867924528301887,1.0
kc2,"GA (NSGA-II, archived)",12,1907807873,43.0377358490566,3,4,4,2516,52.0,5.734342575073242,0.8490566037735849,1.0
kc2,CART (ccp path),12,554928664,44.84905660377358,2,12,12,0,52.0,0.045096635818481445,0.8867924528301887,1.0
kc2,GA (NSGA-II),13,1969552021,44.96153846153846,2,6,9,2501,52.0,4.772507190704346,0.8846153846153846,1.0
kc2,Random Search,13,389127568,44.019230769230774,2,2,2,2501,52.0,6.613256454467773,0.8653846153846154,1.0
kc2,"GA (NSGA-II, archived)",13,1655987425,43.07692307692308,2,2,2,2550,52.0,5.065659284591675,0.8461538461538461,1.0
kc2,CART (ccp path),13,68848562,43.59615384615385,3,12,12,0,52.0,0.04710578918457031,0.8653846153846154,1.0
kc2,GA (NSGA-II),14,1921972381,41.19230769230769,1,4,4,2560,52.0,5.303285598754883,0.8076923076923077,1.0
kc2,Random Search,14,1210907201,44.96153846153846,2,4,4,2560,52.0,7.309950590133667,0.8846153846153846,1.0
kc2,"GA (NSGA-II, archived)",14,1901835269,43.07692307692308,2,2,2,2531,52.0,4.627367258071899,0.8461538461538461,1.0
kc2,CART (ccp path),14,1336567353,43.78846153846154,2,12,12,0,52.0,0.07979321479797363,0.8653846153846154,1.0
kc2,GA (NSGA-II),15,2017321568,41.19230769230769,1,3,3,2562,52.0,6.433261156082153,0.8076923076923077,1.0
kc2,Random Search,15,2102591689,41.19230769230769,1,3,3,2562,52.0,8.344700574874878,0.8076923076923077,1.0
kc2,"GA (NSGA-II, archived)",15,1266544887,41.19230769230769,1,3,3,2543,52.0,5.253870725631714,0.8076923076923077,1.0
kc2,CART (ccp path),15,960439455,42.05769230769231,2,12,12,0,52.0,0.04478168487548828,0.8269230769230769,1.0
kc2,GA (NSGA-II),16,1638261045,44.92307692307692,2,3,4,2479,52.0,4.959925889968872,0.8846153846153846,1.0
kc2,Random Search,16,1526560807,43.98076923076923,2,4,4,2479,52.0,6.589197874069214,0.8653846153846154,1.0
kc2,"GA (NSGA-II, archived)",16,586274662,45.86538461538461,2,2,2,2515,52.0,5.17984676361084,0.9038461538461539,1.0
kc2,CART (ccp path),16,1093356531,44.53846153846153,2,12,12,0,52.0,0.05690956115722656,0.8846153846153846,1.0
kc2,GA (NSGA-II),17,1935809872,42.09615384615384,2,3,10,2546,52.0,4.515358209609985,0.8269230769230769,1.0
kc2,Random Search,17,2028794491,42.09615384615384,2,5,5,2546,52.0,7.559889078140259,0.8269230769230769,1.0
kc2,"GA (NSGA-II, archived)",17,1642779869,42.09615384615384,2,4,4,2538,52.0,7.794781684875488,0.8269230769230769,1.0
kc2,CART (ccp path),17,608922885,41.942307692307686,2,12,12,0,52.0,0.07857894897460938,0.8269230769230769,1.0
kc2,GA (NSGA-II),18,48188381,40.21153846153846,1,4,10,2590,52.0,7.935108184814453,0.7884615384615384,1.0
kc2,Random Search,18,1938691452,41.15384615384615,2,3,3,2590,52.0,9.620893001556396,0.8076923076923077,1.0
kc2,"GA (NSGA-II, archived)",18,1227049503,43.67307692307693,2,4,4,2508,52.0,8.17087984085083,0.8653846153846154,1.0
kc2,CART (ccp path),18,944663151,41.07692307692308,2,12,12,0,52.0,0.11722373962402344,0.8076923076923077,1.0
kc2,GA (NSGA-II),19,1999339270,43.03846153846154,2,4,27,2510,52.0,7.279001474380493,0.8461538461538461,1.0
kc2,Random Search,19,1528567688,41.480769230769226,2,3,3,2510,52.0,10.526102304458618,0.8269230769230769,1.0
kc2,"GA (NSGA-II, archived)",19,196399735,40.21153846153846,1,3,3,2524,52.0,6.180355787277222,0.7884615384615384,1.0
kc2,CART (ccp path),19,1277649379,41.942307692307686,2,12,12,0,52.0,0.05563783645629883,0.8269230769230769,1.0
kc2,GA (NSGA-II),20,669539365,40.21153846153846,1,2,2,2532,52.0,7.230496168136597,0.7884615384615384,1.0
kc2,Random Search,20,1747920974,42.44230769230769,2,3,3,2532,52.0,8.378533840179443,0.8653846153846154,1.0
kc2,"GA (NSGA-II, archived)",20,1786660291,43.82692307692307,4,4,4,2567,52.0,5.003605842590332,0.8653846153846154,1.0
kc2,CART (ccp path),20,1398524001,42.80769230769231,2,12,12,0,52.0,0.04669809341430664,0.8461538461538461,1.0
kc2,GA (NSGA-II),21,588852552,44.11320754716981,2,9,29,2517,52.0,6.76907205581665,0.8679245283018868,1.0
kc2,Random Search,21,1795332294,42.81132075471698,3,3,3,2517,52.0,9.395311832427979,0.8490566037735849,1.0
kc2,"GA (NSGA-II, archived)",21,428206550,45.0377358490566,2,4,4,2515,52.0,5.1845314502716064,0.8867924528301887,1.0
kc2,CART (ccp path),21,773195339,42.94339622641509,4,12,12,0,52.0,0.05510354042053223,0.8679245283018868,1.0
kc2,GA (NSGA-II),22,949099106,44.11320754716981,2,4,6,2539,52.0,5.570950031280518,0.8679245283018868,1.0
kc2,Random Search,22,803954794,43.18867924528302,2,2,2,2539,52.0,7.968738317489624,0.8490566037735849,1.0
kc2,"GA (NSGA-II, archived)",22,479762513,43.18867924528302,2,2,2,2513,52.0,5.464416742324829,0.8490566037735849,1.0
kc2,CART (ccp path),22,1612834837,42.9622641509434,2,12,12,0,52.0,0.057752370834350586,0.8490566037735849,1.0
kc2,GA (NSGA-II),23,902683338,44.019230769230774,2,5,5,2555,52.0,5.922176122665405,0.8653846153846154,1.0
kc2,Random Search,23,86271080,43.90384615384615,2,4,4,2555,52.0,7.850735902786255,0.8653846153846154,1.0
kc2,"GA (NSGA-II, archived)",23,253188974,42.13461538461538,2,2,2,2500,52.0,5.667229175567627,0.8269230769230769,1.0
kc2,CART (ccp path),23,1500335702,42.76923076923077,3,12,12,0,52.0,0.07968425750732422,0.8461538461538461,1.0
kc2,GA (NSGA-II),24,878655953,41.19230769230769,1,4,14,2467,52.0,6.155726909637451,0.8076923076923077,1.0
kc2,Random Search,24,424548997,43.07692307692308,2,4,4,2467,52.0,9.511940479278564,0.8461538461538461,1.0
kc2,"GA (NSGA-II, archived)",24,1060570058,44.019230769230774,2,3,3,2588,52.0,8.24498963356018,0.8653846153846154,1.0
kc2,CART (ccp path),24,968875270,44.192307692307686,4,12,12,0,52.0,0.04902958869934082,0.8846153846153846,1.0
kc2,GA (NSGA-II),25,57641534,47.78846153846154,2,6,14,2577,52.0,7.805536508560181,0.9423076923076923,1.0
kc2,Random Search,25,1943031139,47.78846153846154,2,4,4,2577,52.0,9.940691232681274,0.9423076923076923,1.0
kc2,"GA (NSGA-II, archived)",25,248960473,46.769230769230774,3,3,3,2536,52.0,7.421797752380371,0.9230769230769231,1.0
kc2,CART (ccp path),25,564708984,43.78846153846154,2,12,12,0,52.0,0.05385637283325195,0.8653846153846154,1.0
kc2,GA (NSGA-II),26,1019796985,43.98076923076923,2,6,50,2544,52.0,7.07177472114563,0.8653846153846154,1.0
kc2,Random Search,26,1622579804,43.03846153846154,2,2,2,2544,52.0,8.087800741195679,0.8461538461538461,1.0
kc2,"GA (NSGA-II, archived)",26,2116988403,47.51923076923077,3,3,3,2604,52.0,4.617844820022583,0.9423076923076923,1.0
kc2,CART (ccp path),26,222721521,43.67307692307693,2,12,12,0,52.0,0.044979095458984375,0.8653846153846154,1.0
kc2,GA (NSGA-II),27,682429009,42.05769230769231,3,4,6,2572,52.0,6.787808656692505,0.8269230769230769,1.0
kc2,Random Search,27,1117841397,42.653846153846146,3,4,4,2572,52.0,8.142743110656738,0.8461538461538461,1.0
kc2,"GA (NSGA-II, archived)",27,716828357,41.15384615384615,2,4,4,2534,52.0,6.7354772090911865,0.8076923076923077,1.0
kc2,CART (ccp path),27,401200921,41.07692307692308,2,12,12,0,52.0,0.05895638465881348,0.8076923076923077,1.0
kc2,GA (NSGA-II),28,1456477083,42.09615384615384,2,2,2,2577,52.0,7.355511903762817,0.8269230769230769,1.0
kc2,Random Search,28,1474904658,43.03846153846154,2,4,4,2577,52.0,7.770618915557861,0.8461538461538461,1.0
kc2,"GA (NSGA-II, archived)",28,1481508705,42.09615384615384,2,2,2,2525,52.0,5.823290109634399,0.8269230769230769,1.0
kc2,CART (ccp path),28,920264724,41.942307692307686,2,12,12,0,52.0,0.1206963062286377,0.8269230769230769,1.0
kc2,GA (NSGA-II),29,280511098,41.11538461538461,2,4,6,2481,52.0,8.20112133026123,0.8076923076923077,1.0
kc2,Random Search,29,730982412,40.21153846153846,1,4,4,2481,52.0,9.369222402572632,0.7884615384615384,1.0
kc2,"GA (NSGA-II, archived)",29,68101254,41.15384615384615,2,4,4,2505,52.0,6.0953145027160645,0.8076923076923077,1.0
kc2,CART (ccp path),29,1377779109,41.86538461538461,2,12,12,0,52.0,0.05080080032348633,0.8269230769230769,1.0
kc2,GA (NSGA-II),30,875057556,42.09615384615384,2,2,3,2533,52.0,4.472230434417725,0.8269230769230769,1.0
kc2,Random Search,30,1681100686,42.01923076923077,3,3,3,2533,52.0,7.3576319217681885,0.8269230769230769,1.0
kc2,"GA (NSGA-II, archived)",30,847193175,41.15384615384615,2,2,2,2535,52.0,4.649509906768799,0.8076923076923077,1.0
kc2,CART (ccp path),30,38112063,41.96153846153847,3,12,12,0,52.0,0.06584548950195312,0.8461538461538461,1.0
climate_crashes,GA (NSGA-II),1,931583296,32.407407407407405,1,1,1,2510,36.0,4.011255741119385,0.9259259259259259,1.0
climate_crashes,Random Search,1,1618371432,32.79629629629629,2,4,4,2510,36.0,10.235316276550293,0.9444444444444444,1.0
climate_crashes,"GA (NSGA-II, archived)",1,2040135079,32.407407407407405,1,1,1,2525,36.0,4.777801990509033,0.9259259259259259,1.0
climate_crashes,CART (ccp path),1,2098041406,33.18518518518518,2,12,12,0,36.0,0.05573129653930664,0.9629629629629629,1.0
climate_crashes,GA (NSGA-II),2,1029141160,33.481481481481474,2,3,8,2614,36.0,5.075027942657471,0.9629629629629629,1.0
climate_crashes,Random Search,2,1877341520,32.72222222222222,2,4,4,2614,36.0,8.855330228805542,0.9444444444444444,1.0
climate_crashes,"GA (NSGA-II, archived)",2,1652594185,32.407407407407405,1,1,1,2509,36.0,4.214337110519409,0.9259259259259259,1.0
climate_crashes,CART (ccp path),2,2054473832,33.481481481481474,2,12,12,0,36.0,0.05443096160888672,0.9629629629629629,1.0
climate_crashes,GA (NSGA-II),3,1917158198,32.407407407407405,1,1,1,2541,36.0,4.302211761474609,0.9259259259259259,1.0
climate_crashes,Random Search,3,906426668,32.407407407407405,1,3,3,2541,36.0,7.468297719955444,0.9259259259259259,1.0
climate_crashes,"GA (NSGA-II, archived)",3,2060465832,32.407407407407405,1,3,3,2574,36.0,4.801199436187744,0.9259259259259259,1.0
climate_crashes,CART (ccp path),3,388915666,32.407407407407405,1,11,11,0,36.0,0.06997013092041016,0.9259259259259259,1.0
climate_crashes,GA (NSGA-II),4,198860522,32.407407407407405,1,4,7,2553,36.0,5.417726278305054,0.9259259259259259,1.0
climate_crashes,Random Search,4,853928292,32.94444444444444,2,4,4,2553,36.0,9.099222898483276,0.9444444444444444,1.0
climate_crashes,"GA (NSGA-II, archived)",4,1827879419,32.407407407407405,1,1,1,2519,36.0,4.880742311477661,0.9259259259259259,1.0
climate_crashes,CART (ccp path),4,1330181722,32.407407407407405,1,12,12,0,36.0,0.0840306282043457,0.9259259259259259,1.0
climate_crashes,GA (NSGA-II),5,8562658,31.75925925925926,1,1,1,2574,36.0,4.539383411407471,0.9074074074074074,1.0
climate_crashes,Random Search,5,774354706,32.61111111111111,2,3,3,2574,36.0,8.06164264678955,0.9444444444444444,1.0
climate_crashes,"GA (NSGA-II, archived)",5,2147189801,33.48148148148148,2,2,2,2545,36.0,4.663150072097778,0.9629629629629629,1.0
climate_crashes,CART (ccp path),5,1390280926,33.11111111111111,3,12,12,0,36.0,0.05450892448425293,0.9629629629629629,1.0
climate_crashes,GA (NSGA-II),6,1270868118,31.75925925925926,1,2,4,2580,36.0,5.083899736404419,0.9074074074074074,1.0
climate_crashes,Random Search,6,668977668,31.75925925925926,1,3,3,2580,36.0,9.454502820968628,0.9074074074074074,1.0
climate_crashes,"GA (NSGA-II, archived)",6,1830691016,31.75925925925926,1,2,2,2517,36.0,5.854116678237915,0.9074074074074074,1.0
climate_crashes,CART (ccp path),6,635531549,33.7962962962963,3,12,12,0,36.0,0.0960848331451416,0.9814814814814815,1.0
climate_crashes,GA (NSGA-II),7,1457780706,31.75925925925926,1,2,2,2532,36.0,5.252837419509888,0.9074074074074074,1.0
climate_crashes,Random Search,7,1288791125,31.75925925925926,1,4,4,2532,36.0,8.766572952270508,0.9074074074074074,1.0
climate_crashes,"GA (NSGA-II, archived)",7,525369359,31.75925925925926,1,1,1,2540,36.0,4.951927185058594,0.9074074074074074,1.0
climate_crashes,CART (ccp path),7,2033443903,32.18518518518518,2,12,12,0,36.0,0.07818841934204102,0.9259259259259259,1.0
climate_crashes,GA (NSGA-II),8,378771140,31.75925925925926,1,1,1,2585,36.0,4.905748128890991,0.9074074074074074,1.0
climate_crashes,Random Search,8,13779558,32.53703703703704,2,4,4,2585,36.0,8.057172536849976,0.9444444444444444,1.0
climate_crashes,"GA (NSGA-II, archived)",8,1578947220,31.75925925925926,1,1,1,2535,36.0,4.726870775222778,0.9074074074074074,1.0
climate_crashes,CART (ccp path),8,346698535,32.0,2,11,11,0,36.0,0.060658931732177734,0.9259259259259259,1.0
climate_crashes,GA (NSGA-II),9,1613278569,31.75925925925926,1,1,1,2515,36.0,5.24424147605896,0.9074074074074074,1.0
climate_crashes,Random Search,9,799083967,31.75925925925926,1,4,4,2515,36.0,9.133390665054321,0.9074074074074074,1.0
climate_crashes,"GA (NSGA-II, archived)",9,965884508,31.75925925925926,1,1,1,2593,36.0,5.566492795944214,0.9074074074074074,1.0
climate_crashes,CART (ccp path),9,923966553,32.25925925925926,2,12,12,0,36.0,0.07519125938415527,0.9259259259259259,1.0
climate_crashes,GA (NSGA-II),10,919261472,32.333333333333336,2,3,3,2503,36.0,5.884404897689819,0.9259259259259259,1.0
climate_crashes,Random Search,10,890418143,31.75925925925926,1,3,3,2503,36.0,8.424745559692383,0.9074074074074074,1.0
climate_crashes,"GA (NSGA-II, archived)",10,2125638306,31.75925925925926,1,1,1,2517,36.0,4.636569023132324,0.9074074074074074,1.0
climate_crashes,CART (ccp path),10,1393853245,32.870370370370374,3,12,12,0,36.0,0.07209348678588867,0.9444444444444444,1.0
climate_crashes,GA (NSGA-II),11,888514873,32.94444444444444,2,4,4,2565,36.0,6.703534126281738,0.9444444444444444,1.0
climate_crashes,Random Search,11,1421106626,32.87037037037037,2,4,4,2565,36.0,9.12531590461731,0.9444444444444444,1.0
climate_crashes,"GA (NSGA-II, archived)",11,1472497283,32.407407407407405,1,2,2,2554,36.0,5.0636820793151855,0.9259259259259259,1.0
climate_crashes,CART (ccp path),11,199793730,32.83333333333333,2,11,11,0,36.0,0.0759880542755127,0.9444444444444444,1.0
climate_crashes,GA (NSGA-II),12,95260206,32.407407407407405,1,2,2,2558,36.0,4.405587911605835,0.9259259259259259,1.0
climate_crashes,Random Search,12,818995729,32.425925925925924,2,4,4,2558,36.0,7.5179102420806885,0.9444444444444444,1.0
climate_crashes,"GA (NSGA-II, archived)",12,831123580,32.407407407407405,1,1,1,2547,36.0,4.958648681640625,0.9259259259259259,1.0
climate_crashes,CART (ccp path),12,957303737,32.83333333333333,2,12,12,0,36.0,0.05987143516540527,0.9444444444444444,1.0
climate_crashes,GA (NSGA-II),13,588440958,32.407407407407405,1,3,4,2570,36.0,4.284004211425781,0.9259259259259259,1.0
climate_crashes,Random Search,13,493452692,33.57407407407407,2,3,3,2570,36.0,7.846641540527344,0.9814814814814815,1.0
climate_crashes,"GA (NSGA-II, archived)",13,1819179424,32.407407407407405,1,2,2,2538,36.0,4.85780143737793,0.9259259259259259,1.0
climate_crashes,CART (ccp path),13,895332412,32.87037037037037,2,11,11,0,36.0,0.057520389556884766,0.9444444444444444,1.0
climate_crashes,GA (NSGA-II),14,535846001,32.407407407407405,1,2,3,2546,36.0,4.504482746124268,0.9259259259259259,1.0
climate_crashes,Random Search,14,1867149432,32.407407407407405,1,3,3,2546,36.0,8.158754825592041,0.9259259259259259,1.0
climate_crashes,"GA (NSGA-II, archived)",14,698804012,32.407407407407405,1,1,1,2562,36.0,4.520217418670654,0.9259259259259259,1.0
climate_crashes,CART (ccp path),14,55278936,32.407407407407405,1,12,12,0,36.0,0.0739436149597168,0.9259259259259259,1.0
climate_crashes,GA (NSGA-II),15,2000065257,31.75925925925926,1,2,4,2563,36.0,5.331533670425415,0.9074074074074074,1.0
climate_crashes,Random Search,15,922406068,31.75925925925926,1,3,3,2563,36.0,8.767848491668701,0.9074074074074074,1.0
climate_crashes,"GA (NSGA-II, archived)",15,155302541,31.75925925925926,1,2,2,2530,36.0,5.124166250228882,0.9074074074074074,1.0
climate_crashes,CART (ccp path),15,1281038651,32.03703703703704,2,11,11,0,36.0,0.07841920852661133,0.9259259259259259,1.0
climate_crashes,GA (NSGA-II),16,1400147738,32.333333333333336,2,4,7,2523,36.0,5.405758619308472,0.9259259259259259,1.0
climate_crashes,Random Search,16,144466870,31.75925925925926,1,3,3,2523,36.0,7.078045606613159,0.9074074074074074,1.0
climate_crashes,"GA (NSGA-II, archived)",16,1244514952,31.75925925925926,1,1,1,2447,36.0,4.078516006469727,0.9074074074074074,1.0
climate_crashes,CART (ccp path),16,663779950,32.2962962962963,2,11,11,0,36.0,0.05034375190734863,0.9259259259259259,1.0
climate_crashes,GA (NSGA-II),17,651572669,31.75925925925926,1,1,1,2524,36.0,4.358744382858276,0.9074074074074074,1.0
climate_crashes,Random Search,17,544802246,31.75925925925926,1,4,4,2524,36.0,7.602133274078369,0.9074074074074074,1.0
climate_crashes,"GA (NSGA-II, archived)",17,523032280,32.333333333333336,2,2,2,2497,36.0,4.256960391998291,0.9259259259259259,1.0
climate_crashes,CART (ccp path),17,278064969,32.2962962962963,2,12,12,0,36.0,0.06351470947265625,0.9259259259259259,1.0
climate_crashes,GA (NSGA-II),18,373075453,31.75925925925926,1,3,3,2581,36.0,6.610745906829834,0.9074074074074074,1.0
climate_crashes,Random Search,18,610964110,32.074074074074076,2,3,3,2581,36.0,11.424844026565552,0.9259259259259259,1.0
climate_crashes,"GA (NSGA-II, archived)",18,1647000419,31.75925925925926,1,2,2,2582,36.0,6.6052775382995605,0.9074074074074074,1.0
climate_crashes,CART (ccp path),18,843880510,32.75925925925926,2,12,12,0,36.0,0.1490623950958252,0.9444444444444444,1.0
climate_crashes,GA (NSGA-II),19,484279826,31.75925925925926,1,1,1,2572,36.0,7.168935775756836,0.9074074074074074,1.0
climate_crashes,Random Search,19,1317590900,32.2962962962963,2,2,2,2572,36.0,10.595064401626587,0.9259259259259259,1.0
climate_crashes,"GA (NSGA-II, archived)",19,1233795638,31.75925925925926,1,2,2,2598,36.0,7.014495849609375,0.9074074074074074,1.0
climate_crashes,CART (ccp path),19,321657449,34.148148148148145,3,12,12,0,36.0,0.14464807510375977,1.0,1.0
climate_crashes,GA (NSGA-II),20,928132999,31.75925925925926,1,4,8,2557,36.0,5.884374618530273,0.9074074074074074,1.0
climate_crashes,Random Search,20,980621468,31.75925925925926,1,2,2,2557,36.0,10.666412591934204,0.9074074074074074,1.0
climate_crashes,"GA (NSGA-II, archived)",20,1318864153,31.75925925925926,1,2,2,2545,36.0,5.711977958679199,0.9074074074074074,1.0
climate_crashes,CART (ccp path),20,1816116774,31.75925925925926,1,9,9,0,36.0,0.045632123947143555,0.9074074074074074,1.0
climate_crashes,GA (NSGA-II),21,1742497187,32.407407407407405,1,1,1,2552,36.0,4.4586992263793945,0.9259259259259259,1.0
climate_crashes,Random Search,21,339909674,32.407407407407405,1,4,4,2552,36.0,10.879876375198364,0.9259259259259259,1.0
climate_crashes,"GA (NSGA-II, archived)",21,583090074,32.407407407407405,1,2,2,2558,36.0,5.484226703643799,0.9259259259259259,1.0
climate_crashes,CART (ccp path),21,1321571714,32.83333333333333,2,12,12,0,36.0,0.07544183731079102,0.9444444444444444,1.0
climate_crashes,GA (NSGA-II),22,1735124682,32.407407407407405,1,1,1,2546,36.0,4.138332366943359,0.9259259259259259,1.0
climate_crashes,Random Search,22,1847532060,32.907407407407405,2,5,5,2546,36.0,8.924354553222656,0.9444444444444444,1.0
climate_crashes,"GA (NSGA-II, archived)",22,642663791,32.94444444444444,2,4,4,2532,36.0,5.30740761756897,0.9444444444444444,1.0
climate_crashes,CART (ccp path),22,304931377,33.481481481481474,2,12,12,0,36.0,0.06347370147705078,0.9629629629629629,1.0
climate_crashes,GA (NSGA-II),23,1757444421,32.407407407407405,1,1,1,2547,36.0,4.663151025772095,0.9259259259259259,1.0
climate_crashes,Random Search,23,2124602873,32.79629629629629,2,5,5,2547,36.0,8.545046329498291,0.9814814814814815,1.0
climate_crashes,"GA (NSGA-II, archived)",23,696695694,32.407407407407405,1,2,2,2561,36.0,4.811442136764526,0.9259259259259259,1.0
climate_crashes,CART (ccp path),23,682735397,33.37037037037037,3,12,12,0,36.0,0.05535268783569336,0.9629629629629629,1.0
climate_crashes,GA (NSGA-II),24,522564888,32.407407407407405,1,2,3,2578,36.0,5.747638702392578,0.9259259259259259,1.0
climate_crashes,Random Search,24,462380691,32.407407407407405,1,3,3,2578,36.0,9.324352741241455,0.9259259259259259,1.0
climate_crashes,"GA (NSGA-II, archived)",24,1283727724,32.407407407407405,1,2,2,2615,36.0,5.259321689605713,0.9259259259259259,1.0
climate_crashes,CART (ccp path),24,458166102,32.407407407407405,1,12,12,0,36.0,0.13670921325683594,0.9259259259259259,1.0
climate_crashes,GA (NSGA-II),25,1399437573,31.75925925925926,1,2,2,2582,36.0,7.874421834945679,0.9074074074074074,1.0
climate_crashes,Random Search,25,1142815754,31.75925925925926,1,3,3,2582,36.0,11.767651319503784,0.9074074074074074,1.0
climate_crashes,"GA (NSGA-II, archived)",25,1623654056,31.75925925925926,1,1,1,2500,36.0,5.852553606033325,0.9074074074074074,1.0
climate_crashes,CART (ccp path),25,154826108,33.48148148148148,2,11,11,0,36.0,0.10412144660949707,0.9629629629629629,1.0
climate_crashes,GA (NSGA-II),26,1948501057,32.25925925925926,2,2,2,2533,36.0,6.556049585342407,0.9259259259259259,1.0
climate_crashes,Random Search,26,1249699711,32.0,2,4,4,2533,36.0,10.946097373962402,0.9259259259259259,1.0
climate_crashes,"GA (NSGA-II, archived)",26,343565097,31.75925925925926,1,1,1,2546,36.0,5.093109369277954,0.9074074074074074,1.0
climate_crashes,CART (ccp path),26,179976931,32.61111111111111,2,12,12,0,36.0,0.06854748725891113,0.9444444444444444,1.0
climate_crashes,GA (NSGA-II),27,1729312555,31.75925925925926,1,3,5,2576,36.0,4.682744264602661,0.9074074074074074,1.0
climate_crashes,Random Search,27,1172459704,31.75925925925926,1,3,3,2576,36.0,9.109411239624023,0.9074074074074074,1.0
climate_crashes,"GA (NSGA-II, archived)",27,1931547086,31.75925925925926,1,2,2,2534,36.0,5.811708927154541,0.9074074074074074,1.0
climate_crashes,CART (ccp path),27,28404386,31.962962962962962,2,12,12,0,36.0,0.07362222671508789,0.9259259259259259,1.0
climate_crashes,GA (NSGA-II),28,1800727755,31.75925925925926,1,2,3,2573,36.0,5.074836015701294,0.9074074074074074,1.0
climate_crashes,Random Search,28,55186703,31.75925925925926,1,3,3,2573,36.0,10.274017095565796,0.9074074074074074,1.0
climate_crashes,"GA (NSGA-II, archived)",28,420247277,31.75925925925926,1,1,1,2529,36.0,5.632875442504883,0.9074074074074074,1.0
climate_crashes,CART (ccp path),28,72452637,33.31481481481482,2,12,12,0,36.0,0.0835115909576416,0.9814814814814815,1.0
climate_crashes,GA (NSGA-II),29,1367337803,32.2962962962963,2,2,2,2587,36.0,5.164478302001953,0.9259259259259259,1.0
climate_crashes,Random Search,29,827060804,32.46296296296296,2,3,3,2587,36.0,10.980340957641602,0.9444444444444444,1.0
climate_crashes,"GA (NSGA-II, archived)",29,1196245922,31.75925925925926,1,3,3,2504,36.0,6.90851902961731,0.9074074074074074,1.0
climate_crashes,CART (ccp path),29,1508495801,32.2962962962963,2,10,10,0,36.0,0.048914432525634766,0.9259259259259259,1.0
climate_crashes,GA (NSGA-II),30,1261644862,31.75925925925926,1,2,2,2543,36.0,5.3879382610321045,0.9074074074074074,1.0
climate_crashes,Random Search,30,1950920984,31.85185185185185,2,4,4,2543,36.0,8.029876947402954,0.9259259259259259,1.0
climate_crashes,"GA (NSGA-II, archived)",30,1560015373,31.75925925925926,1,2,2,2541,36.0,4.682141304016113,0.9074074074074074,1.0
climate_crashes,CART (ccp path),30,1401800581,32.907407407407405,2,11,11,0,36.0,0.07268714904785156,0.9444444444444444,1.0
wdbc,GA (NSGA-II),1,2057351807,37.19298245614035,2,3,7,2526,44.0,5.1948463916778564,0.8771929824561403,1.0
wdbc,Random Search,1,2052878773,40.07017543859649,2,4,4,2526,44.0,9.95432424545288,0.9473684210526315,1.0
wdbc,"GA (NSGA-II, archived)",1,646204701,39.859649122807014,3,4,4,2541,44.0,5.649773597717285,0.9473684210526315,1.0
wdbc,CART (ccp path),1,578885710,39.45614035087719,5,12,12,0,44.0,0.12209796905517578,0.9649122807017544,1.0
wdbc,GA (NSGA-II),2,1617038199,39.31578947368421,3,5,7,2567,44.0,6.412705898284912,0.9298245614035088,1.0
wdbc,Random Search,2,1498195198,38.89473684210527,4,6,6,2567,44.0,7.880964040756226,0.9298245614035088,1.0
wdbc,"GA (NSGA-II, archived)",2,17859962,38.49122807017544,3,3,3,2583,44.0,5.260881423950195,0.9122807017543859,1.0
wdbc,CART (ccp path),2,597767736,40.228070175438596,4,11,11,0,44.0,0.08326172828674316,0.9649122807017544,1.0
wdbc,GA (NSGA-II),3,1578296752,40.10526315789473,2,7,12,2534,44.0,5.130501985549927,0.9473684210526315,1.0
wdbc,Random Search,3,509892487,40.19298245614035,3,5,5,2534,44.0,8.102961540222168,0.9649122807017544,1.0
wdbc,"GA (NSGA-II, archived)",3,1983221737,39.35087719298246,3,3,3,2593,44.0,6.600740909576416,0.9298245614035088,1.0
wdbc,CART (ccp path),3,1147142329,41.122807017543856,5,11,11,0,44.0,0.16662216186523438,0.9824561403508771,1.0
wdbc,GA (NSGA-II),4,779056718,40.10526315789473,2,4,6,2583,44.0,6.6235551834106445,0.9473684210526315,1.0
wdbc,Random Search,4,472412412,39.92982456140351,4,4,4,2583,44.0,7.979132652282715,0.9473684210526315,1.0
wdbc,"GA (NSGA-II, archived)",4,717437727,41.263157894736835,3,3,3,2521,44.0,5.5163328647613525,0.9824561403508771,1.0
wdbc,CART (ccp path),4,1742815858,40.12280701754386,3,12,12,0,44.0,0.14871501922607422,0.9649122807017544,1.0
wdbc,GA (NSGA-II),5,1199762901,41.43859649122807,3,5,8,2525,44.0,5.258481740951538,0.9824561403508771,1.0
wdbc,Random Search,5,1475693456,39.105263157894726,4,5,5,2525,44.0,6.946131229400635,0.9298245614035088,1.0
wdbc,"GA (NSGA-II, archived)",5,1590174246,40.03508771929825,3,3,3,2527,44.0,5.558341979980469,0.9473684210526315,1.0
wdbc,CART (ccp path),5,1971393511,39.473684210526315,2,12,12,0,44.0,0.12436747550964355,0.9473684210526315,1.0
wdbc,GA (NSGA-II),6,1345546089,39.89473684210526,3,8,11,2575,44.0,6.655885696411133,0.9473684210526315,1.0
wdbc,Random Search,6,74207719,39.56140350877193,3,6,6,2575,44.0,8.629169940948486,0.9649122807017544,1.0
wdbc,"GA (NSGA-II, archived)",6,1506283590,40.82456140350877,2,4,4,2529,44.0,6.398712396621704,0.9649122807017544,1.0
wdbc,CART (ccp path),6,1497396658,39.315789473684205,3,12,12,0,44.0,0.13719463348388672,0.9298245614035088,1.0
wdbc,GA (NSGA-II),7,956334166,40.0,3,3,13,2565,44.0,5.427847385406494,0.9473684210526315,1.0
wdbc,Random Search,7,153307106,39.31578947368421,3,5,5,2565,44.0,7.354166030883789,0.9298245614035088,1.0
wdbc,"GA (NSGA-II, archived)",7,62926656,39.3859649122807,2,3,3,2568,44.0,5.065829277038574,0.9298245614035088,1.0
wdbc,CART (ccp path),7,1457943340,39.94736842105263,3,12,12,0,44.0,0.14336299896240234,0.9649122807017544,1.0
wdbc,GA (NSGA-II),8,140119754,40.78947368421053,3,4,15,2556,44.0,5.7469823360443115,0.9649122807017544,1.0
wdbc,Random Search,8,137127419,37.94736842105263,2,3,3,2556,44.0,8.334258317947388,0.8947368421052632,1.0
wdbc,"GA (NSGA-II, archived)",8,861621662,39.315789473684205,3,4,4,2575,44.0,6.650946617126465,0.9298245614035088,1.0
wdbc,CART (ccp path),8,1920995636,40.719298245614034,3,11,11,0,44.0,0.17053794860839844,0.9649122807017544,1.0
wdbc,GA (NSGA-II),9,1816124083,37.228070175438596,2,5,9,2572,44.0,7.91008734703064,0.8771929824561403,1.0
wdbc,Random Search,9,570301914,36.89473684210526,3,3,3,2572,44.0,9.217787504196167,0.8947368421052632,1.0
wdbc,"GA (NSGA-II, archived)",9,1872469142,37.228070175438596,2,4,4,2516,44.0,5.097041368484497,0.8771929824561403,1.0
wdbc,CART (ccp path),9,856455005,37.87719298245614,3,10,10,0,44.0,0.08423709869384766,0.8947368421052632,1.0
wdbc,GA (NSGA-II),10,530867968,37.82142857142858,3,4,13,2524,44.0,5.5994486808776855,0.8928571428571429,1.0
wdbc,Random Search,10,1618595588,36.39285714285714,2,3,3,2524,44.0,9.467342376708984,0.8571428571428571,1.0
wdbc,"GA (NSGA-II, archived)",10,1780192933,38.232142857142854,4,6,6,2539,44.0,5.669020175933838,0.9107142857142857,1.0
wdbc,CART (ccp path),10,1529740617,37.089285714285715,3,11,11,0,44.0,0.10284066200256348,0.875,1.0
wdbc,GA (NSGA-II),11,461047002,39.28070175438596,3,7,14,2571,44.0,5.654995441436768,0.9298245614035088,1.0
wdbc,Random Search,11,102037857,39.35087719298245,2,3,3,2571,44.0,7.755781173706055,0.9298245614035088,1.0
wdbc,"GA (NSGA-II, archived)",11,686289672,39.35087719298245,2,3,3,2493,44.0,5.691062688827515,0.9298245614035088,1.0
wdbc,CART (ccp path),11,1142771093,39.070175438596486,3,12,12,0,44.0,0.11827397346496582,0.9298245614035088,1.0
wdbc,GA (NSGA-II),12,2090707205,38.45614035087719,3,4,4,2566,44.0,6.224653244018555,0.9122807017543859,1.0
wdbc,Random Search,12,1969127128,38.63157894736842,2,4,4,2566,44.0,7.513864278793335,0.9122807017543859,1.0
wdbc,"GA (NSGA-II, archived)",12,1855371128,37.91228070175438,2,3,3,2572,44.0,5.594327688217163,0.8947368421052632,1.0
wdbc,CART (ccp path),12,1258174613,39.89473684210525,4,11,11,0,44.0,0.11182856559753418,0.9473684210526315,1.0
wdbc,GA (NSGA-II),13,1277183895,40.82456140350877,2,7,13,2536,44.0,5.287872076034546,0.9649122807017544,1.0
wdbc,Random Search,13,2029139679,39.3859649122807,2,4,4,2536,44.0,7.050879001617432,0.9298245614035088,1.0
wdbc,"GA (NSGA-II, archived)",13,1876764759,40.82456140350877,2,4,4,2538,44.0,6.004174709320068,0.9649122807017544,1.0
wdbc,CART (ccp path),13,1436598301,40.438596491228076,5,12,12,0,44.0,0.1184835433959961,0.9649122807017544,1.0
wdbc,GA (NSGA-II),14,727485226,38.59649122807017,3,7,10,2562,44.0,6.803142786026001,0.9122807017543859,1.0
wdbc,Random Search,14,543591795,37.280701754385966,4,5,5,2562,44.0,8.763020753860474,0.8947368421052632,1.0
wdbc,"GA (NSGA-II, archived)",14,176458996,37.91228070175439,3,3,3,2606,44.0,5.970463991165161,0.8947368421052632,1.0
wdbc,CART (ccp path),14,2070277073,39.8421052631579,7,12,12,0,44.0,0.11030697822570801,0.9649122807017544,1.0
wdbc,GA (NSGA-II),15,445711686,40.82456140350877,2,3,7,2567,44.0,6.250092506408691,0.9649122807017544,1.0
wdbc,Random Search,15,1545078724,39.3859649122807,2,4,4,2567,44.0,7.242366552352905,0.9298245614035088,1.0
wdbc,"GA (NSGA-II, archived)",15,1300137695,39.3859649122807,2,3,3,2583,44.0,5.695664882659912,0.9298245614035088,1.0
wdbc,CART (ccp path),15,970277762,39.98245614035088,3,12,12,0,44.0,0.11541295051574707,0.9649122807017544,1.0
wdbc,GA (NSGA-II),16,2095694157,40.78947368421053,3,6,12,2521,44.0,5.9068121910095215,0.9649122807017544,1.0
wdbc,Random Search,16,180811711,41.263157894736835,3,5,5,2521,44.0,9.428634405136108,0.9824561403508771,1.0
wdbc,"GA (NSGA-II, archived)",16,782423204,40.78947368421053,3,3,3,2522,44.0,8.061578750610352,0.9649122807017544,1.0
wdbc,CART (ccp path),16,189318607,40.1578947368421,2,12,12,0,44.0,0.10966229438781738,0.9649122807017544,1.0
wdbc,GA (NSGA-II),17,1657566553,39.96491228070175,3,4,5,2512,44.0,6.844127416610718,0.9473684210526315,1.0
wdbc,Random Search,17,548886829,39.3859649122807,2,5,5,2512,44.0,10.00139331817627,0.9298245614035088,1.0
wdbc,"GA (NSGA-II, archived)",17,1730265922,38.63157894736842,3,3,3,2457,44.0,7.417588233947754,0.9122807017543859,1.0
wdbc,CART (ccp path),17,443412427,38.78947368421053,2,12,12,0,44.0,0.09692525863647461,0.9298245614035088,1.0
wdbc,GA (NSGA-II),18,568486916,40.10526315789473,2,3,4,2512,44.0,7.338172674179077,0.9473684210526315,1.0
wdbc,Random Search,18,435834117,38.3859649122807,3,4,4,2512,44.0,10.493383407592773,0.9122807017543859,1.0
wdbc,"GA (NSGA-II, archived)",18,49894332,38.666666666666664,2,3,3,2598,44.0,8.410464525222778,0.9122807017543859,1.0
wdbc,CART (ccp path),18,369826225,39.21052631578947,3,12,12,0,44.0,0.11251616477966309,0.9298245614035088,1.0
wdbc,GA (NSGA-II),19,1757347021,37.157894736842096,3,6,10,2533,44.0,6.76896595954895,0.8771929824561403,1.0
wdbc,Random Search,19,2139843423,35.07017543859649,2,5,5,2533,44.0,8.243307113647461,0.8245614035087719,1.0
wdbc,"GA (NSGA-II, archived)",19,711446009,39.280701754385966,3,3,3,2532,44.0,8.299051284790039,0.9298245614035088,1.0
wdbc,CART (ccp path),19,713830987,35.98245614035088,5,12,12,0,44.0,0.11992502212524414,0.8596491228070176,1.0
wdbc,GA (NSGA-II),20,530846114,41.375,3,4,5,2566,44.0,7.454730033874512,0.9821428571428571,1.0
wdbc,Random Search,20,131249924,39.92857142857144,5,6,6,2566,44.0,8.313324451446533,0.9642857142857143,1.0
wdbc,"GA (NSGA-II, archived)",20,1464251185,40.60714285714286,4,5,5,2558,44.0,6.2666099071502686,0.9642857142857143,1.0
wdbc,CART (ccp path),20,1389973178,41.30357142857143,3,12,12,0,44.0,0.15171504020690918,0.9821428571428571,1.0
wdbc,GA (NSGA-II),21,422519815,37.73684210526316,3,5,10,2507,44.0,6.1836771965026855,0.8947368421052632,1.0
wdbc,Random Search,21,1747171669,36.333333333333336,3,6,6,2507,44.0,8.208418607711792,0.8596491228070176,1.0
wdbc,"GA (NSGA-II, archived)",21,788229497,38.421052631578945,3,4,4,2504,44.0,6.783038139343262,0.9122807017543859,1.0
wdbc,CART (ccp path),21,1287540122,37.66666666666667,4,11,11,0,44.0,0.11959075927734375,0.8947368421052632,1.0
wdbc,GA (NSGA-II),22,273469202,37.91228070175438,2,2,4,2592,44.0,6.39510178565979,0.8947368421052632,1.0
wdbc,Random Search,22,1289675535,38.52631578947368,3,5,5,2592,44.0,8.697709560394287,0.9122807017543859,1.0
wdbc,"GA (NSGA-II, archived)",22,78740503,38.59649122807017,3,3,3,2554,44.0,6.888441562652588,0.9122807017543859,1.0
wdbc,CART (ccp path),22,2047139178,38.929824561403514,5,12,12,0,44.0,0.16777706146240234,0.9298245614035088,1.0
wdbc,GA (NSGA-II),23,1300583851,41.368421052631575,3,7,18,2483,44.0,8.357234954833984,0.9824561403508771,1.0
wdbc,Random Search,23,312520485,40.64912280701755,3,3,3,2483,44.0,10.793646812438965,0.9649122807017544,1.0
wdbc,"GA (NSGA-II, archived)",23,192967979,40.0,3,3,3,2561,44.0,6.597333669662476,0.9473684210526315,1.0
wdbc,CART (ccp path),23,1534751348,40.68421052631579,3,12,12,0,44.0,0.1047050952911377,0.9649122807017544,1.0
wdbc,GA (NSGA-II),24,626078517,36.50877192982456,2,5,9,2612,44.0,8.63390302658081,0.8596491228070176,1.0
wdbc,Random Search,24,851045606,37.45614035087719,3,3,3,2612,44.0,9.715687274932861,0.8947368421052632,1.0
wdbc,"GA (NSGA-II, archived)",24,92610191,37.1578947368421,3,4,4,2567,44.0,5.839443206787109,0.8771929824561403,1.0
wdbc,CART (ccp path),24,228499447,38.99999999999999,5,9,9,0,44.0,0.08304476737976074,0.9298245614035088,1.0
wdbc,GA (NSGA-II),25,1534582202,40.10526315789473,2,6,8,2572,44.0,5.430572509765625,0.9473684210526315,1.0
wdbc,Random Search,25,1390625400,41.5438596491228,2,4,4,2572,44.0,9.972648620605469,0.9824561403508771,1.0
wdbc,"GA (NSGA-II, archived)",25,1169207938,40.614035087719294,4,6,6,2555,44.0,7.245081424713135,0.9649122807017544,1.0
wdbc,CART (ccp path),25,1123376663,40.614035087719294,3,12,12,0,44.0,0.1486208438873291,0.9649122807017544,1.0
wdbc,GA (NSGA-II),26,1192669238,40.0,4,4,8,2551,44.0,6.989347696304321,0.9473684210526315,1.0
wdbc,Random Search,26,1670816707,40.10526315789473,2,4,4,2551,44.0,8.789016008377075,0.9473684210526315,1.0
wdbc,"GA (NSGA-II, archived)",26,771722535,38.3859649122807,3,4,4,2568,44.0,7.0257062911987305,0.9122807017543859,1.0
wdbc,CART (ccp path),26,1260507468,40.64912280701754,3,12,12,0,44.0,0.1598529815673828,0.9649122807017544,1.0
wdbc,GA (NSGA-II),27,569435187,38.666666666666664,2,4,5,2547,44.0,9.006465196609497,0.9122807017543859,1.0
wdbc,Random Search,27,1144058301,39.96491228070175,3,4,4,2547,44.0,9.6564781665802,0.9473684210526315,1.0
wdbc,"GA (NSGA-II, archived)",27,1744001126,37.1578947368421,3,5,5,2519,44.0,5.6777379512786865,0.8771929824561403,1.0
wdbc,CART (ccp path),27,355635833,38.78947368421053,2,12,12,0,44.0,0.10789132118225098,0.9298245614035088,1.0
wdbc,GA (NSGA-II),28,787817000,38.3859649122807,4,6,8,2514,44.0,5.48877739906311,0.9122807017543859,1.0
wdbc,Random Search,28,905333830,40.10526315789473,2,4,4,2514,44.0,7.3175365924835205,0.9473684210526315,1.0
wdbc,"GA (NSGA-II, archived)",28,924013366,39.96491228070175,3,3,3,2548,44.0,5.050572156906128,0.9473684210526315,1.0
wdbc,CART (ccp path),28,1199887104,38.280701754385966,4,12,12,0,44.0,0.1144874095916748,0.9122807017543859,1.0
wdbc,GA (NSGA-II),29,1328120877,40.754385964912274,3,10,20,2567,44.0,5.862042427062988,0.9649122807017544,1.0
wdbc,Random Search,29,729506124,39.473684210526315,3,3,3,2567,44.0,9.207886934280396,0.9473684210526315,1.0
wdbc,"GA (NSGA-II, archived)",29,1596849203,39.3859649122807,2,3,3,2530,44.0,5.505640029907227,0.9298245614035088,1.0
wdbc,CART (ccp path),29,213108359,39.43859649122807,3,12,12,0,44.0,0.10300397872924805,0.9473684210526315,1.0
wdbc,GA (NSGA-II),30,1617625466,40.785714285714285,2,3,3,2523,44.0,5.465907335281372,0.9642857142857143,1.0
wdbc,Random Search,30,1494446728,39.32142857142857,2,3,3,2523,44.0,7.829533815383911,0.9285714285714286,1.0
wdbc,"GA (NSGA-II, archived)",30,942673271,39.982142857142854,3,5,5,2574,44.0,5.362423419952393,0.9464285714285714,1.0
wdbc,CART (ccp path),30,280089541,40.732142857142854,3,12,12,0,44.0,0.1632983684539795,0.9821428571428571,1.0
ilpd,GA (NSGA-II),1,732065653,73.57627118644066,2,3,3,2539,102.0,4.756901741027832,0.7288135593220338,1.0
ilpd,Random Search,1,1263958083,71.89830508474576,1,4,4,2539,102.0,7.005897521972656,0.711864406779661,1.0
ilpd,"GA (NSGA-II, archived)",1,1474321134,73.57627118644066,2,3,3,2602,102.0,4.830287218093872,0.7288135593220338,1.0
ilpd,CART (ccp path),1,1606591629,73.83050847457626,2,12,12,0,102.0,0.04434823989868164,0.7457627118644068,1.0
ilpd,GA (NSGA-II),2,1542471563,78.47457627118644,2,3,3,2547,102.0,5.613130807876587,0.7796610169491526,1.0
ilpd,Random Search,2,884188873,73.47457627118644,2,5,5,2547,102.0,8.653429985046387,0.7288135593220338,1.0
ilpd,"GA (NSGA-II, archived)",2,1440854876,73.44067796610169,2,4,4,2572,102.0,4.8934807777404785,0.7288135593220338,1.0
ilpd,CART (ccp path),2,1151697410,71.89830508474576,1,12,12,0,102.0,0.04436826705932617,0.711864406779661,1.0
ilpd,GA (NSGA-II),3,657598745,71.89830508474576,1,5,7,2460,102.0,4.467648029327393,0.711864406779661,1.0
ilpd,Random Search,3,26439112,73.57627118644066,2,6,6,2460,102.0,7.693954944610596,0.7288135593220338,1.0
ilpd,"GA (NSGA-II, archived)",3,1940095372,71.89830508474576,1,2,2,2549,102.0,5.4591920375823975,0.711864406779661,1.0
ilpd,CART (ccp path),3,222443329,71.89830508474576,1,12,12,0,102.0,0.040822505950927734,0.711864406779661,1.0
ilpd,GA (NSGA-II),4,1791332187,73.13793103448276,1,3,3,2560,102.0,4.95876669883728,0.7241379310344828,1.0
ilpd,Random Search,4,1010045737,73.13793103448276,1,5,5,2560,102.0,7.7934792041778564,0.7241379310344828,1.0
ilpd,"GA (NSGA-II, archived)",4,1706362384,73.13793103448276,1,4,4,2464,102.0,4.951556444168091,0.7241379310344828,1.0
ilpd,CART (ccp path),4,884246894,73.13793103448276,1,12,12,0,102.0,0.04008913040161133,0.7241379310344828,1.0
ilpd,GA (NSGA-II),5,4060635,76.41379310344827,3,6,9,2571,102.0,5.280602931976318,0.7586206896551724,1.0
ilpd,Random Search,5,840744028,73.13793103448276,1,4,4,2571,102.0,7.894115209579468,0.7241379310344828,1.0
ilpd,"GA (NSGA-II, archived)",5,505745624,76.55172413793103,2,3,3,2587,102.0,4.618270635604858,0.7586206896551724,1.0
ilpd,CART (ccp path),5,1538892602,73.13793103448276,1,12,12,0,102.0,0.05079817771911621,0.7241379310344828,1.0
ilpd,GA (NSGA-II),6,1055604301,78.1896551724138,3,4,4,2540,102.0,4.667702913284302,0.7758620689655172,1.0
ilpd,Random Search,6,359719759,76.37931034482759,3,5,5,2540,102.0,7.789886713027954,0.7586206896551724,1.0
ilpd,"GA (NSGA-II, archived)",6,103458395,73.13793103448276,1,3,3,2575,102.0,4.525423526763916,0.7241379310344828,1.0
ilpd,CART (ccp path),6,1848127488,73.5,2,12,12,0,102.0,0.05460977554321289,0.7413793103448276,1.0
ilpd,GA (NSGA-II),7,1507035991,71.39655172413792,1,3,8,2552,102.0,5.757681846618652,0.7068965517241379,1.0
ilpd,Random Search,7,83959525,71.39655172413792,1,4,4,2552,102.0,7.444885492324829,0.7068965517241379,1.0
ilpd,"GA (NSGA-II, archived)",7,1301428639,72.9655172413793,2,4,4,2517,102.0,4.472087383270264,0.7241379310344828,1.0
ilpd,CART (ccp path),7,92614978,71.39655172413792,1,12,12,0,102.0,0.04719042778015137,0.7068965517241379,1.0
ilpd,GA (NSGA-II),8,621593382,71.39655172413792,1,2,2,2563,102.0,4.850863218307495,0.7068965517241379,1.0
ilpd,Random Search,8,1171637740,74.74137931034483,2,3,3,2563,102.0,6.919153928756714,0.7413793103448276,1.0
ilpd,"GA (NSGA-II, archived)",8,1350451026,71.39655172413792,1,2,2,2575,102.0,4.856285572052002,0.7068965517241379,1.0
ilpd,CART (ccp path),8,124219885,71.39655172413792,1,12,12,0,102.0,0.046245574951171875,0.7068965517241379,1.0
ilpd,GA (NSGA-II),9,1250169484,71.39655172413792,1,6,7,2598,102.0,5.112423658370972,0.7068965517241379,1.0
ilpd,Random Search,9,1884787933,74.18965517241378,3,4,4,2598,102.0,8.065237522125244,0.7413793103448276,1.0
ilpd,"GA (NSGA-II, archived)",9,1534863221,73.91379310344827,2,3,3,2520,102.0,6.010775566101074,0.7413793103448276,1.0
ilpd,CART (ccp path),9,2017848041,71.39655172413792,1,12,12,0,102.0,0.04405713081359863,0.7068965517241379,1.0
ilpd,GA (NSGA-II),10,1046685048,74.74137931034483,2,4,4,2544,102.0,4.46354341506958,0.7413793103448276,1.0
ilpd,Random Search,10,652843555,71.39655172413792,1,3,3,2544,102.0,7.962512969970703,0.7068965517241379,1.0
ilpd,"GA (NSGA-II, archived)",10,1323863275,76.31034482758619,2,4,4,2500,102.0,4.971134662628174,0.7586206896551724,1.0
ilpd,CART (ccp path),10,1884101096,72.75862068965516,2,12,12,0,102.0,0.06304121017456055,0.7241379310344828,1.0
ilpd,GA (NSGA-II),11,1516377730,71.89830508474576,1,2,2,2487,102.0,4.909340858459473,0.711864406779661,1.0
ilpd,Random Search,11,1897284463,79.27118644067797,2,5,5,2487,102.0,8.032371282577515,0.7966101694915254,1.0
ilpd,"GA (NSGA-II, archived)",11,497893745,75.1186440677966,3,4,4,2582,102.0,5.028730154037476,0.7457627118644068,1.0
ilpd,CART (ccp path),11,1892777722,71.89830508474576,1,12,12,0,102.0,0.0706019401550293,0.711864406779661,1.0
ilpd,GA (NSGA-II),12,1973164364,75.11864406779661,2,3,3,2487,102.0,6.419724702835083,0.7457627118644068,1.0
ilpd,Random Search,12,1735365203,71.89830508474576,1,5,5,2487,102.0,8.562477588653564,0.711864406779661,1.0
ilpd,"GA (NSGA-II, archived)",12,836560465,73.50847457627118,2,3,3,2552,102.0,4.652870416641235,0.7288135593220338,1.0
ilpd,CART (ccp path),12,1500726010,71.89830508474576,1,12,12,0,102.0,0.04607391357421875,0.711864406779661,1.0
ilpd,GA (NSGA-II),13,304276012,75.11864406779661,3,8,11,2500,102.0,4.9152936935424805,0.7457627118644068,1.0
ilpd,Random Search,13,1012208203,74.98305084745762,3,5,5,2500,102.0,7.338185787200928,0.7457627118644068,1.0
ilpd,"GA (NSGA-II, archived)",13,1192321012,75.11864406779661,3,5,5,2557,102.0,5.487279653549194,0.7457627118644068,1.0
ilpd,CART (ccp path),13,1002378167,71.89830508474576,1,12,12,0,102.0,0.0474855899810791,0.711864406779661,1.0
ilpd,GA (NSGA-II),14,1827108583,76.55172413793103,2,3,3,2531,102.0,5.07815408706665,0.7586206896551724,1.0
ilpd,Random Search,14,345294840,74.74137931034484,2,4,4,2531,102.0,8.013995170593262,0.7413793103448276,1.0
ilpd,"GA (NSGA-II, archived)",14,701510581,76.55172413793103,2,4,4,2481,102.0,5.075976610183716,0.7586206896551724,1.0
ilpd,CART (ccp path),14,1599608351,73.13793103448276,1,12,12,0,102.0,0.06677484512329102,0.7241379310344828,1.0
ilpd,GA (NSGA-II),15,1011694527,73.13793103448276,1,5,7,2545,102.0,6.138528347015381,0.7241379310344828,1.0
ilpd,Random Search,15,1082988026,73.13793103448276,1,6,6,2545,102.0,8.234120607376099,0.7241379310344828,1.0
ilpd,"GA (NSGA-II, archived)",15,1495841553,73.13793103448276,1,3,3,2543,102.0,5.070777893066406,0.7241379310344828,1.0
ilpd,CART (ccp path),15,2047556775,73.13793103448276,1,12,12,0,102.0,0.05300617218017578,0.7241379310344828,1.0
ilpd,GA (NSGA-II),16,116279748,73.13793103448276,1,5,7,2542,102.0,4.918599843978882,0.7241379310344828,1.0
ilpd,Random Search,16,1665478380,73.13793103448276,1,6,6,2542,102.0,8.153063774108887,0.7241379310344828,1.0
ilpd,"GA (NSGA-II, archived)",16,1435656191,73.13793103448276,1,4,4,2582,102.0,4.7031989097595215,0.7241379310344828,1.0
ilpd,CART (ccp path),16,280599418,73.13793103448276,1,12,12,0,102.0,0.06276440620422363,0.7241379310344828,1.0
ilpd,GA (NSGA-II),17,139742536,73.10344827586206,2,4,5,2575,102.0,5.706298828125,0.7241379310344828,1.0
ilpd,Random Search,17,968267336,71.39655172413792,1,3,3,2575,102.0,8.240075588226318,0.7068965517241379,1.0
ilpd,"GA (NSGA-II, archived)",17,1438482311,73.10344827586206,2,2,2,2511,102.0,4.929464340209961,0.7241379310344828,1.0
ilpd,CART (ccp path),17,387146614,72.72413793103448,2,12,12,0,102.0,0.07593250274658203,0.7241379310344828,1.0
ilpd,GA (NSGA-II),18,380326927,72.89655172413792,2,3,6,2513,102.0,5.709713459014893,0.7241379310344828,1.0
ilpd,Random Search,18,185049932,74.60344827586206,2,6,6,2513,102.0,8.775906085968018,0.7413793103448276,1.0
ilpd,"GA (NSGA-II, archived)",18,430547796,74.77586206896551,3,3,3,2514,102.0,6.081012725830078,0.7413793103448276,1.0
ilpd,CART (ccp path),18,543687990,72.9655172413793,2,12,12,0,102.0,0.04986214637756348,0.7241379310344828,1.0
ilpd,GA (NSGA-II),19,687665270,71.39655172413792,1,4,4,2601,102.0,5.17756462097168,0.7068965517241379,1.0
ilpd,Random Search,19,1903327403,74.70689655172413,3,5,5,2601,102.0,8.116754531860352,0.7413793103448276,1.0
ilpd,"GA (NSGA-II, archived)",19,804426511,71.39655172413792,1,2,2,2586,102.0,5.104438781738281,0.7068965517241379,1.0
ilpd,CART (ccp path),19,264845774,71.39655172413792,1,12,12,0,102.0,0.04794931411743164,0.7068965517241379,1.0
ilpd,GA (NSGA-II),20,1694481354,73.10344827586206,2,5,7,2502,102.0,4.417807340621948,0.7241379310344828,1.0
ilpd,Random Search,20,1317863421,71.39655172413792,1,4,4,2502,102.0,7.332460165023804,0.7068965517241379,1.0
ilpd,"GA (NSGA-II, archived)",20,1613538314,74.8103448275862,2,2,2,2530,102.0,4.582983732223511,0.7413793103448276,1.0
ilpd,CART (ccp path),20,2035722085,72.9310344827586,3,12,12,0,102.0,0.040825843811035156,0.7586206896551724,1.0
ilpd,GA (NSGA-II),21,1306840771,75.05084745762711,2,6,9,2566,102.0,5.755107402801514,0.7457627118644068,1.0
ilpd,Random Search,21,1067983673,74.47457627118644,3,6,6,2566,102.0,7.390263557434082,0.7457627118644068,1.0
ilpd,"GA (NSGA-II, archived)",21,811053894,80.11864406779661,2,3,3,2596,102.0,5.04331374168396,0.7966101694915254,1.0
ilpd,CART (ccp path),21,917008779,71.89830508474576,1,12,12,0,102.0,0.045675039291381836,0.711864406779661,1.0
ilpd,GA (NSGA-II),22,500101317,75.15254237288134,3,6,8,2557,102.0,4.356266260147095,0.7457627118644068,1.0
ilpd,Random Search,22,764004274,73.57627118644066,2,4,4,2557,102.0,8.147647142410278,0.7288135593220338,1.0
ilpd,"GA (NSGA-II, archived)",22,1740101566,76.79661016949152,3,4,4,2570,102.0,5.272233009338379,0.7627118644067796,1.0
ilpd,CART (ccp path),22,408182856,73.33898305084745,2,12,12,0,102.0,0.046575307846069336,0.7288135593220338,1.0
ilpd,GA (NSGA-II),23,694301900,76.9322033898305,2,2,2,2599,102.0,5.281394004821777,0.7627118644067796,1.0
ilpd,Random Search,23,608104266,71.89830508474576,1,4,4,2599,102.0,7.090951681137085,0.711864406779661,1.0
ilpd,"GA (NSGA-II, archived)",23,982828690,71.89830508474576,1,2,2,2580,102.0,4.358779191970825,0.711864406779661,1.0
ilpd,CART (ccp path),23,1123719724,71.89830508474576,1,12,12,0,102.0,0.040360450744628906,0.711864406779661,1.0
ilpd,GA (NSGA-II),24,1787761676,74.8448275862069,2,6,8,2531,102.0,5.013299226760864,0.7413793103448276,1.0
ilpd,Random Search,24,1293880340,73.13793103448276,1,4,4,2531,102.0,7.209661245346069,0.7241379310344828,1.0
ilpd,"GA (NSGA-II, archived)",24,479964156,73.13793103448276,1,4,4,2528,102.0,5.405163288116455,0.7241379310344828,1.0
ilpd,CART (ccp path),24,1985476229,73.13793103448276,1,12,12,0,102.0,0.06472277641296387,0.7241379310344828,1.0
ilpd,GA (NSGA-II),25,838677543,74.8103448275862,2,4,4,2557,102.0,4.427332878112793,0.7413793103448276,1.0
ilpd,Random Search,25,727007768,73.13793103448276,1,5,5,2557,102.0,7.3685572147369385,0.7241379310344828,1.0
ilpd,"GA (NSGA-II, archived)",25,950113811,73.13793103448276,1,3,3,2621,102.0,4.52158784866333,0.7241379310344828,1.0
ilpd,CART (ccp path),25,1165705790,73.13793103448276,1,12,12,0,102.0,0.04455423355102539,0.7241379310344828,1.0
ilpd,GA (NSGA-II),26,1874261637,74.74137931034484,2,5,5,2549,102.0,4.846691846847534,0.7413793103448276,1.0
ilpd,Random Search,26,1992802072,73.13793103448276,1,5,5,2549,102.0,7.843475818634033,0.7241379310344828,1.0
ilpd,"GA (NSGA-II, archived)",26,1390859525,73.13793103448276,1,4,4,2517,102.0,5.237947225570679,0.7241379310344828,1.0
ilpd,CART (ccp path),26,871050329,73.13793103448276,1,12,12,0,102.0,0.04761552810668945,0.7241379310344828,1.0
ilpd,GA (NSGA-II),27,1649360301,71.39655172413792,1,3,3,2558,102.0,5.250361680984497,0.7068965517241379,1.0
ilpd,Random Search,27,1579316324,71.39655172413792,1,5,5,2558,102.0,7.544887065887451,0.7068965517241379,1.0
ilpd,"GA (NSGA-II, archived)",27,588184851,71.39655172413792,1,2,2,2541,102.0,4.377608060836792,0.7068965517241379,1.0
ilpd,CART (ccp path),27,361159430,71.39655172413792,1,12,12,0,102.0,0.04161572456359863,0.7068965517241379,1.0
ilpd,GA (NSGA-II),28,1309563874,76.41379310344827,2,7,10,2528,102.0,4.764089822769165,0.7586206896551724,1.0
ilpd,Random Search,28,1255075051,78.08620689655172,2,3,3,2528,102.0,7.521011590957642,0.7758620689655172,1.0
ilpd,"GA (NSGA-II, archived)",28,1676461348,73.03448275862068,2,3,3,2571,102.0,5.2695629596710205,0.7241379310344828,1.0
ilpd,CART (ccp path),28,528555814,73.32758620689656,4,12,12,0,102.0,0.05047607421875,0.7758620689655172,1.0
ilpd,GA (NSGA-II),29,345443958,74.67241379310344,3,7,16,2516,102.0,5.246596574783325,0.7413793103448276,1.0
ilpd,Random Search,29,1028644843,73.06896551724137,2,5,5,2516,102.0,7.451640367507935,0.7241379310344828,1.0
ilpd,"GA (NSGA-II, archived)",29,4064906,71.39655172413792,1,3,3,2593,102.0,5.22550368309021,0.7068965517241379,1.0
ilpd,CART (ccp path),29,272517119,71.39655172413792,1,12,12,0,102.0,0.05145764350891113,0.7068965517241379,1.0
ilpd,GA (NSGA-II),30,417888223,71.39655172413792,1,4,4,2532,102.0,4.5204126834869385,0.7068965517241379,1.0
ilpd,Random Search,30,778559241,71.39655172413792,1,4,4,2532,102.0,7.794253826141357,0.7068965517241379,1.0
ilpd,"GA (NSGA-II, archived)",30,8567854,71.39655172413792,1,4,4,2589,102.0,5.351007699966431,0.7068965517241379,1.0
ilpd,CART (ccp path),30,717087329,71.39655172413792,1,12,12,0,102.0,0.04934406280517578,0.7068965517241379,1.0
balance_scale,GA (NSGA-II),1,1287754469,66.0,4,7,9,2533,86.0,6.362075328826904,0.7936507936507936,1.0
balance_scale,Random Search,1,822311904,64.84126984126983,5,8,8,2533,86.0,9.477806806564331,0.7777777777777778,1.0
balance_scale,"GA (NSGA-II, archived)",1,1724119229,64.87301587301587,6,8,8,2533,86.0,6.193078517913818,0.7777777777777778,1.0
balance_scale,CART (ccp path),1,1230257325,64.2063492063492,4,12,12,0,86.0,0.021895885467529297,0.8095238095238095,1.0
balance_scale,GA (NSGA-II),2,2094125884,53.14285714285714,4,8,11,2568,86.0,6.659597396850586,0.6349206349206349,1.0
balance_scale,Random Search,2,1453640192,61.698412698412696,5,7,7,2568,86.0,8.481066226959229,0.746031746031746,1.0
balance_scale,"GA (NSGA-II, archived)",2,724995783,63.19047619047619,7,8,8,2561,86.0,7.87755274772644,0.7777777777777778,1.0
balance_scale,CART (ccp path),2,1643792853,57.87301587301587,4,12,12,0,86.0,0.030942916870117188,0.7301587301587301,1.0
balance_scale,GA (NSGA-II),3,1739718616,70.23809523809524,3,11,12,2560,86.0,7.54941463470459,0.8412698412698413,1.0
balance_scale,Random Search,3,977554630,65.4920634920635,5,8,8,2560,86.0,7.7828943729400635,0.7936507936507936,1.0
balance_scale,"GA (NSGA-II, archived)",3,1156338069,61.98412698412699,6,7,7,2485,86.0,6.046395778656006,0.746031746031746,1.0
balance_scale,CART (ccp path),3,637611576,64.11111111111111,4,12,12,0,86.0,0.025405406951904297,0.8095238095238095,1.0
balance_scale,GA (NSGA-II),4,106611666,69.92063492063492,5,7,8,2593,86.0,6.64106011390686,0.8412698412698413,1.0
balance_scale,Random Search,4,795967139,65.61904761904762,4,8,8,2593,86.0,8.126811981201172,0.7936507936507936,1.0
balance_scale,"GA (NSGA-II, archived)",4,1462483763,60.698412698412696,6,7,7,2478,86.0,6.2910475730896,0.7301587301587301,1.0
balance_scale,CART (ccp path),4,1025127046,63.952380952380956,4,12,12,0,86.0,0.026949167251586914,0.8095238095238095,1.0
balance_scale,GA (NSGA-II),5,194995696,63.42857142857143,5,11,17,2471,86.0,6.332677602767944,0.7619047619047619,1.0
balance_scale,Random Search,5,25098358,65.46031746031746,5,9,9,2471,86.0,7.775529384613037,0.7936507936507936,1.0
balance_scale,"GA (NSGA-II, archived)",5,1912368407,64.52380952380953,6,8,8,2494,86.0,7.053756475448608,0.7777777777777778,1.0
balance_scale,CART (ccp path),5,1549586557,64.88888888888889,5,12,12,0,86.0,0.021804094314575195,0.8253968253968254,1.0
balance_scale,GA (NSGA-II),6,121726444,65.88709677419355,5,10,10,2540,86.0,6.153959274291992,0.7903225806451613,1.0
balance_scale,Random Search,6,418938207,65.37096774193549,5,9,9,2540,86.0,7.717104196548462,0.7903225806451613,1.0
balance_scale,"GA (NSGA-II, archived)",6,1872467100,66.9032258064516,5,6,6,2593,86.0,6.456045389175415,0.8064516129032258,1.0
balance_scale,CART (ccp path),6,1379293679,63.09677419354839,4,12,12,0,86.0,0.024187564849853516,0.8064516129032258,1.0
balance_scale,GA (NSGA-II),7,760940562,59.096774193548384,5,7,10,2477,86.0,7.033531665802002,0.7096774193548387,1.0
balance_scale,Random Search,7,267480539,66.09677419354838,3,5,5,2477,86.0,7.837038516998291,0.8064516129032258,1.0
balance_scale,"GA (NSGA-II, archived)",7,323796722,66.41935483870967,6,8,8,2596,86.0,7.006597280502319,0.8064516129032258,1.0
balance_scale,CART (ccp path),7,2055032904,64.09677419354838,6,12,12,0,86.0,0.027994871139526367,0.8387096774193549,1.0
balance_scale,GA (NSGA-II),8,107590344,63.66129032258064,4,10,11,2549,86.0,6.244558334350586,0.7580645161290323,1.0
balance_scale,Random Search,8,951223604,65.59677419354838,4,10,10,2549,86.0,7.379565715789795,0.7903225806451613,1.0
balance_scale,"GA (NSGA-II, archived)",8,303684056,66.9032258064516,5,8,8,2603,86.0,6.611781358718872,0.8064516129032258,1.0
balance_scale,CART (ccp path),8,1894401955,66.9032258064516,6,12,12,0,86.0,0.034754276275634766,0.8709677419354839,1.0
balance_scale,GA (NSGA-II),9,1147072141,63.20967741935483,4,12,16,2570,86.0,7.336751222610474,0.7580645161290323,1.0
balance_scale,Random Search,9,460814629,59.33870967741935,5,7,7,2570,86.0,8.60608983039856,0.7258064516129032,1.0
balance_scale,"GA (NSGA-II, archived)",9,323804452,61.35483870967742,5,10,10,2524,86.0,8.409549951553345,0.7419354838709677,1.0
balance_scale,CART (ccp path),9,1371932309,60.77419354838709,5,12,12,0,86.0,0.022243499755859375,0.7741935483870968,1.0
balance_scale,GA (NSGA-II),10,152343952,55.467741935483865,3,4,5,2480,86.0,6.18698525428772,0.6612903225806451,1.0
balance_scale,Random Search,10,338255666,65.93548387096773,4,5,5,2480,86.0,7.392633438110352,0.8064516129032258,1.0
balance_scale,"GA (NSGA-II, archived)",10,1126081394,59.38709677419355,4,6,6,2534,86.0,6.704623699188232,0.7096774193548387,1.0
balance_scale,CART (ccp path),10,1061326606,60.58064516129032,5,12,12,0,86.0,0.020949840545654297,0.7741935483870968,1.0
balance_scale,GA (NSGA-II),11,1864026961,68.44444444444444,5,8,11,2562,86.0,6.2633957862854,0.8253968253968254,1.0
balance_scale,Random Search,11,478928964,65.5079365079365,7,8,8,2562,86.0,8.359046936035156,0.8095238095238095,1.0
balance_scale,"GA (NSGA-II, archived)",11,907737775,63.65079365079365,4,6,6,2536,86.0,6.569078207015991,0.7619047619047619,1.0
balance_scale,CART (ccp path),11,862435138,59.999999999999986,6,12,12,0,86.0,0.02080988883972168,0.7619047619047619,1.0
balance_scale,GA (NSGA-II),12,1083875468,64.65079365079364,6,9,10,2581,86.0,6.498677492141724,0.7777777777777778,1.0
balance_scale,Random Search,12,2084868449,60.666666666666664,4,6,6,2581,86.0,8.150077819824219,0.7301587301587301,1.0
balance_scale,"GA (NSGA-II, archived)",12,423325393,63.39682539682539,5,7,7,2569,86.0,7.268622159957886,0.7619047619047619,1.0
balance_scale,CART (ccp path),12,1160280507,60.317460317460316,5,12,12,0,86.0,0.021953582763671875,0.7619047619047619,1.0
balance_scale,GA (NSGA-II),13,536177421,57.0,5,8,9,2575,86.0,7.313161373138428,0.6825396825396826,1.0
balance_scale,Random Search,13,180907187,61.968253968253975,6,9,9,2575,86.0,8.864625930786133,0.7619047619047619,1.0
balance_scale,"GA (NSGA-II, archived)",13,800773750,59.19047619047619,6,8,8,2619,86.0,7.24604344367981,0.7142857142857143,1.0
balance_scale,CART (ccp path),13,610789734,58.90476190476191,4,12,12,0,86.0,0.025809288024902344,0.746031746031746,1.0
balance_scale,GA (NSGA-II),14,1919117609,64.4920634920635,5,7,9,2539,86.0,6.326283693313599,0.7777777777777778,1.0
balance_scale,Random Search,14,1802389946,62.58730158730159,4,7,7,2539,86.0,8.958684921264648,0.746031746031746,1.0
balance_scale,"GA (NSGA-II, archived)",14,602551791,66.44444444444444,4,10,10,2465,86.0,7.71586799621582,0.7936507936507936,1.0
balance_scale,CART (ccp path),14,379638485,66.74603174603175,3,12,12,0,86.0,0.043326616287231445,0.8412698412698413,1.0
balance_scale,GA (NSGA-II),15,2026557748,63.74603174603175,5,6,6,2478,86.0,8.983269214630127,0.7619047619047619,1.0
balance_scale,Random Search,15,22422903,63.7936507936508,5,7,7,2478,86.0,8.355512619018555,0.7777777777777778,1.0
balance_scale,"GA (NSGA-II, archived)",15,323348375,66.31746031746032,4,6,6,2587,86.0,7.207192420959473,0.7936507936507936,1.0
balance_scale,CART (ccp path),15,1258568099,63.841269841269835,4,12,12,0,86.0,0.022600889205932617,0.7936507936507936,1.0
balance_scale,GA (NSGA-II),16,470017409,69.64516129032259,5,12,16,2512,86.0,6.7969300746917725,0.8387096774193549,1.0
balance_scale,Random Search,16,410923116,64.91935483870968,4,10,10,2512,86.0,8.61916446685791,0.7903225806451613,1.0
balance_scale,"GA (NSGA-II, archived)",16,1224256709,60.88709677419355,5,7,7,2539,86.0,5.977696895599365,0.7258064516129032,1.0
balance_scale,CART (ccp path),16,1033261670,67.45161290322581,5,12,12,0,86.0,0.02187633514404297,0.8709677419354839,1.0
balance_scale,GA (NSGA-II),17,605364581,59.29032258064517,5,12,15,2575,86.0,5.790837526321411,0.7096774193548387,1.0
balance_scale,Random Search,17,1323364370,61.12903225806451,4,7,7,2575,86.0,7.9858317375183105,0.7419354838709677,1.0
balance_scale,"GA (NSGA-II, archived)",17,647659127,65.88709677419354,5,7,7,2510,86.0,5.8037497997283936,0.7903225806451613,1.0
balance_scale,CART (ccp path),17,1490951375,60.27419354838709,5,12,12,0,86.0,0.04156231880187988,0.7903225806451613,1.0
balance_scale,GA (NSGA-II),18,296261038,68.01612903225806,6,11,14,2506,86.0,7.152592420578003,0.8225806451612904,1.0
balance_scale,Random Search,18,802503751,70.20967741935483,5,8,8,2506,86.0,8.583232402801514,0.8548387096774194,1.0
balance_scale,"GA (NSGA-II, archived)",18,921965355,60.88709677419355,3,5,5,2543,86.0,5.91576886177063,0.7258064516129032,1.0
balance_scale,CART (ccp path),18,144227879,60.14516129032258,4,12,12,0,86.0,0.022946596145629883,0.7580645161290323,1.0
balance_scale,GA (NSGA-II),19,1012500636,63.04838709677419,3,11,14,2601,86.0,6.906684160232544,0.7580645161290323,1.0
balance_scale,Random Search,19,229427414,56.99999999999999,3,6,6,2601,86.0,7.847534418106079,0.6774193548387096,1.0
balance_scale,"GA (NSGA-II, archived)",19,160188387,60.95161290322581,3,7,7,2629,86.0,6.037884950637817,0.7258064516129032,1.0
balance_scale,CART (ccp path),19,431295092,61.41935483870967,4,12,12,0,86.0,0.03375720977783203,0.7741935483870968,1.0
balance_scale,GA (NSGA-II),20,425923747,62.66129032258064,4,7,7,2545,86.0,6.468689203262329,0.7580645161290323,1.0
balance_scale,Random Search,20,238815430,60.24193548387096,3,6,6,2545,86.0,7.625102758407593,0.7258064516129032,1.0
balance_scale,"GA (NSGA-II, archived)",20,935635762,63.43548387096774,3,9,9,2529,86.0,6.378704071044922,0.7580645161290323,1.0
balance_scale,CART (ccp path),20,1423179161,65.53225806451613,4,12,12,0,86.0,0.027100324630737305,0.8225806451612904,1.0
balance_scale,GA (NSGA-II),21,1355729896,66.19047619047619,5,10,11,2538,86.0,5.9522786140441895,0.7936507936507936,1.0
balance_scale,Random Search,21,1710893365,66.34920634920636,4,9,9,2538,86.0,7.733419418334961,0.7936507936507936,1.0
balance_scale,"GA (NSGA-II, archived)",21,345888853,66.12698412698413,4,8,8,2522,86.0,6.790148973464966,0.7936507936507936,1.0
balance_scale,CART (ccp path),21,618111295,61.539682539682545,4,12,12,0,86.0,0.03350973129272461,0.7777777777777778,1.0
balance_scale,GA (NSGA-II),22,30426364,59.95238095238095,4,10,11,2551,86.0,6.156695604324341,0.7142857142857143,1.0
balance_scale,Random Search,22,1096200728,62.17460317460318,3,7,7,2551,86.0,8.090089082717896,0.746031746031746,1.0
balance_scale,"GA (NSGA-II, archived)",22,2036975136,60.66666666666666,5,9,9,2569,86.0,7.150946378707886,0.7301587301587301,1.0
balance_scale,CART (ccp path),22,1002891915,63.04761904761905,4,12,12,0,86.0,0.038294076919555664,0.7936507936507936,1.0
balance_scale,GA (NSGA-II),23,1097206655,63.857142857142854,5,7,7,2544,86.0,7.432720184326172,0.7777777777777778,1.0
balance_scale,Random Search,23,331046249,63.14285714285714,4,9,9,2544,86.0,8.120412826538086,0.7619047619047619,1.0
balance_scale,"GA (NSGA-II, archived)",23,23466895,60.85714285714286,5,7,7,2626,86.0,7.853486061096191,0.7301587301587301,1.0
balance_scale,CART (ccp path),23,263466075,58.95238095238095,3,12,12,0,86.0,0.041960716247558594,0.7301587301587301,1.0
balance_scale,GA (NSGA-II),24,1342060472,63.65079365079365,3,8,9,2525,86.0,6.253268003463745,0.7619047619047619,1.0
balance_scale,Random Search,24,1467271798,62.98412698412698,5,9,9,2525,86.0,8.286030292510986,0.7619047619047619,1.0
balance_scale,"GA (NSGA-II, archived)",24,625036246,55.111111111111114,4,8,8,2572,86.0,7.084229469299316,0.6666666666666666,1.0
balance_scale,CART (ccp path),24,1940330561,62.42857142857143,3,12,12,0,86.0,0.034216880798339844,0.7777777777777778,1.0
balance_scale,GA (NSGA-II),25,1311615013,64.42857142857143,6,7,7,2561,86.0,6.569726467132568,0.7777777777777778,1.0
balance_scale,Random Search,25,978247389,59.317460317460316,5,8,8,2561,86.0,8.824217081069946,0.7142857142857143,1.0
balance_scale,"GA (NSGA-II, archived)",25,1504580367,66.28571428571429,5,8,8,2548,86.0,6.778761386871338,0.7936507936507936,1.0
balance_scale,CART (ccp path),25,1592338107,64.42857142857143,3,12,12,0,86.0,0.023833513259887695,0.8095238095238095,1.0
balance_scale,GA (NSGA-II),26,1405763232,68.3709677419355,4,12,16,2514,86.0,6.175594091415405,0.8225806451612904,1.0
balance_scale,Random Search,26,343478223,67.58064516129032,3,10,10,2514,86.0,7.706955432891846,0.8064516129032258,1.0
balance_scale,"GA (NSGA-II, archived)",26,846891156,68.75806451612904,4,9,9,2540,86.0,6.45550274848938,0.8225806451612904,1.0
balance_scale,CART (ccp path),26,1288955483,68.58064516129032,4,12,12,0,86.0,0.024198532104492188,0.8709677419354839,1.0
balance_scale,GA (NSGA-II),27,1251490189,59.91935483870968,6,14,14,2541,86.0,6.592671155929565,0.7258064516129032,1.0
balance_scale,Random Search,27,1477799604,63.19354838709677,4,8,8,2541,86.0,8.090698003768921,0.7741935483870968,1.0
balance_scale,"GA (NSGA-II, archived)",27,1921233559,53.90322580645161,4,7,7,2549,86.0,6.554924964904785,0.6451612903225806,1.0
balance_scale,CART (ccp path),27,1537902999,56.87096774193548,4,12,12,0,86.0,0.026968002319335938,0.7096774193548387,1.0
balance_scale,GA (NSGA-II),28,96860332,64.29032258064515,5,12,17,2549,86.0,7.409821510314941,0.7741935483870968,1.0
balance_scale,Random Search,28,345003742,60.20967741935483,6,6,6,2549,86.0,8.62097954750061,0.7258064516129032,1.0
balance_scale,"GA (NSGA-II, archived)",28,1892309828,65.06451612903226,4,7,7,2532,86.0,6.719110488891602,0.7741935483870968,1.0
balance_scale,CART (ccp path),28,1844739852,67.27419354838709,4,12,12,0,86.0,0.022248029708862305,0.8548387096774194,1.0
balance_scale,GA (NSGA-II),29,1938634090,65.49999999999999,6,10,11,2506,86.0,8.293401002883911,0.7903225806451613,1.0
balance_scale,Random Search,29,2072176943,61.903225806451616,6,8,8,2506,86.0,9.24433159828186,0.7741935483870968,1.0
balance_scale,"GA (NSGA-II, archived)",29,165164195,66.51612903225806,6,6,6,2587,86.0,9.991591453552246,0.8064516129032258,1.0
balance_scale,CART (ccp path),29,909801646,64.2258064516129,4,12,12,0,86.0,0.022624492645263672,0.8064516129032258,1.0
balance_scale,GA (NSGA-II),30,1425795404,71.41935483870968,5,12,14,2570,86.0,11.787927150726318,0.8709677419354839,1.0
balance_scale,Random Search,30,1394620403,64.09677419354838,5,6,6,2570,86.0,11.514251470565796,0.7741935483870968,1.0
balance_scale,"GA (NSGA-II, archived)",30,1987093949,68.61290322580645,5,8,8,2564,86.0,9.487319469451904,0.8387096774193549,1.0
balance_scale,CART (ccp path),30,517862167,66.19354838709677,6,12,12,0,86.0,0.022589683532714844,0.8709677419354839,1.0
credit_approval,GA (NSGA-II),1,1406777325,55.1304347826087,2,4,4,2583,72.0,6.182765245437622,0.782608695652174,1.0
credit_approval,Random Search,1,827954507,55.1304347826087,2,4,4,2583,72.0,7.772937536239624,0.782608695652174,1.0
credit_approval,"GA (NSGA-II, archived)",1,1375644242,56.072463768115945,3,4,4,2578,72.0,5.114956617355347,0.7971014492753623,1.0
credit_approval,CART (ccp path),1,1574005906,55.797101449275374,3,12,12,0,72.0,0.06148886680603027,0.8115942028985508,1.0
credit_approval,GA (NSGA-II),2,1045360127,63.78260869565217,3,5,6,2519,72.0,5.879471063613892,0.9130434782608695,1.0
credit_approval,Random Search,2,849132318,61.130434782608695,2,4,4,2519,72.0,8.182430505752563,0.8695652173913043,1.0
credit_approval,"GA (NSGA-II, archived)",2,1401433364,61.130434782608695,2,3,3,2515,72.0,5.179741859436035,0.8695652173913043,1.0
credit_approval,CART (ccp path),2,36869732,59.826086956521735,3,12,12,0,72.0,0.0398099422454834,0.8695652173913043,1.0
credit_approval,GA (NSGA-II),3,1326913328,65.0144927536232,4,6,7,2544,72.0,5.3443989753723145,0.927536231884058,1.0
credit_approval,Random Search,3,24980468,63.1304347826087,2,4,4,2544,72.0,8.26956033706665,0.8985507246376812,1.0
credit_approval,"GA (NSGA-II, archived)",3,1468789175,63.1304347826087,2,4,4,2535,72.0,5.295332193374634,0.8985507246376812,1.0
credit_approval,CART (ccp path),3,806653011,62.73913043478261,2,12,12,0,72.0,0.04387640953063965,0.9130434782608695,1.0
credit_approval,GA (NSGA-II),4,1510536379,57.927536231884055,3,5,6,2510,72.0,5.624809503555298,0.8260869565217391,1.0
credit_approval,Random Search,4,1766039680,61.10144927536231,2,3,3,2510,72.0,7.586493015289307,0.8695652173913043,1.0
credit_approval,"GA (NSGA-II, archived)",4,194689983,61.10144927536231,2,4,4,2530,72.0,5.425796985626221,0.8695652173913043,1.0
credit_approval,CART (ccp path),4,1252176200,57.68115942028985,3,12,12,0,72.0,0.04285907745361328,0.8405797101449275,1.0
credit_approval,GA (NSGA-II),5,1186988752,65.10144927536231,2,4,5,2565,72.0,5.4569361209869385,0.927536231884058,1.0
credit_approval,Random Search,5,883244580,65.10144927536231,2,6,6,2565,72.0,7.657429218292236,0.927536231884058,1.0
credit_approval,"GA (NSGA-II, archived)",5,1376958562,65.10144927536231,2,4,4,2585,72.0,5.524171829223633,0.927536231884058,1.0
credit_approval,CART (ccp path),5,1069827840,63.594202898550726,2,12,12,0,72.0,0.04389786720275879,0.927536231884058,1.0
credit_approval,GA (NSGA-II),6,575890089,60.985507246376805,4,4,5,2606,72.0,5.2050604820251465,0.8695652173913043,1.0
credit_approval,Random Search,6,552321571,60.75362318840579,3,3,3,2606,72.0,8.588344812393188,0.8695652173913043,1.0
credit_approval,"GA (NSGA-II, archived)",6,1533844970,60.04347826086956,3,3,3,2553,72.0,5.522990703582764,0.855072463768116,1.0
credit_approval,CART (ccp path),6,1287910680,60.014492753623195,3,12,12,0,72.0,0.04820418357849121,0.8840579710144928,1.0
credit_approval,GA (NSGA-II),7,1332483434,61.10144927536231,2,3,4,2496,72.0,5.479950189590454,0.8695652173913043,1.0
credit_approval,Random Search,7,1441251970,61.10144927536231,2,4,4,2496,72.0,7.093979358673096,0.8695652173913043,1.0
credit_approval,"GA (NSGA-II, archived)",7,917935330,61.10144927536231,2,5,5,2563,72.0,5.7771642208099365,0.8695652173913043,1.0
credit_approval,CART (ccp path),7,1230068536,59.826086956521735,2,12,12,0,72.0,0.04279160499572754,0.8695652173913043,1.0
credit_approval,GA (NSGA-II),8,622800711,60.10144927536232,2,3,3,2562,72.0,6.493830919265747,0.855072463768116,1.0
credit_approval,Random Search,8,330800286,60.84057971014493,3,4,4,2562,72.0,8.797311305999756,0.8695652173913043,1.0
credit_approval,"GA (NSGA-II, archived)",8,231527303,61.01449275362319,3,4,4,2525,72.0,7.718318939208984,0.8695652173913043,1.0
credit_approval,CART (ccp path),8,1760842429,61.08695652173913,3,12,12,0,72.0,0.04176974296569824,0.9130434782608695,1.0
credit_approval,GA (NSGA-II),9,573828596,59.07246376811594,3,8,12,2564,72.0,6.416592121124268,0.8405797101449275,1.0
credit_approval,Random Search,9,933348199,58.10144927536232,2,4,4,2564,72.0,7.516860246658325,0.8260869565217391,1.0
credit_approval,"GA (NSGA-II, archived)",9,1448912220,59.07246376811594,3,4,4,2557,72.0,5.6396355628967285,0.8405797101449275,1.0
credit_approval,CART (ccp path),9,1311947355,58.42028985507246,4,12,12,0,72.0,0.049059391021728516,0.855072463768116,1.0
credit_approval,GA (NSGA-II),10,2124718571,58.92753623188406,3,5,7,2511,72.0,5.645942687988281,0.8405797101449275,1.0
credit_approval,Random Search,10,946844027,57.10144927536233,2,4,4,2511,72.0,7.55951452255249,0.8115942028985508,1.0
credit_approval,"GA (NSGA-II, archived)",10,1307709380,58.072463768115945,3,5,5,2544,72.0,6.054579257965088,0.8260869565217391,1.0
credit_approval,CART (ccp path),10,1541721662,57.811594202898554,3,12,12,0,72.0,0.03922700881958008,0.855072463768116,1.0
credit_approval,GA (NSGA-II),11,1705625500,60.1304347826087,2,3,6,2586,72.0,5.6016716957092285,0.855072463768116,1.0
credit_approval,Random Search,11,1118182581,60.1304347826087,2,3,3,2586,72.0,8.006981134414673,0.855072463768116,1.0
credit_approval,"GA (NSGA-II, archived)",11,231683963,60.1304347826087,2,3,3,2534,72.0,6.507401466369629,0.855072463768116,1.0
credit_approval,CART (ccp path),11,324021755,60.6231884057971,3,12,12,0,72.0,0.06379246711730957,0.8840579710144928,1.0
credit_approval,GA (NSGA-II),12,1662140376,57.10144927536233,3,4,10,2607,72.0,6.40743350982666,0.8115942028985508,1.0
credit_approval,Random Search,12,698479704,57.10144927536233,3,6,6,2607,72.0,8.365870475769043,0.8115942028985508,1.0
credit_approval,"GA (NSGA-II, archived)",12,459969609,56.1304347826087,2,2,2,2534,72.0,5.440183639526367,0.7971014492753623,1.0
credit_approval,CART (ccp path),12,149181677,55.913043478260875,3,12,12,0,72.0,0.03987932205200195,0.8115942028985508,1.0
credit_approval,GA (NSGA-II),13,1510903947,61.130434782608695,2,3,3,2567,72.0,5.594634771347046,0.8695652173913043,1.0
credit_approval,Random Search,13,1129983625,62.10144927536232,3,3,3,2567,72.0,8.835490703582764,0.8840579710144928,1.0
credit_approval,"GA (NSGA-II, archived)",13,1438595379,62.10144927536232,3,6,6,2575,72.0,6.346304893493652,0.8840579710144928,1.0
credit_approval,CART (ccp path),13,968291829,59.913043478260875,2,12,12,0,72.0,0.04076552391052246,0.8695652173913043,1.0
credit_approval,GA (NSGA-II),14,1283965335,58.10144927536232,2,5,7,2548,72.0,5.405707120895386,0.8260869565217391,1.0
credit_approval,Random Search,14,541369545,58.10144927536232,2,3,3,2548,72.0,9.515133380889893,0.8260869565217391,1.0
credit_approval,"GA (NSGA-II, archived)",14,1734309487,58.10144927536232,2,4,4,2549,72.0,5.794206619262695,0.8260869565217391,1.0
credit_approval,CART (ccp path),14,1836013808,57.0,5,12,12,0,72.0,0.043454647064208984,0.855072463768116,1.0
credit_approval,GA (NSGA-II),15,1696703142,61.07246376811594,3,7,8,2547,72.0,5.892321825027466,0.8695652173913043,1.0
credit_approval,Random Search,15,243690940,60.95652173913043,3,5,5,2547,72.0,8.11006784439087,0.8695652173913043,1.0
credit_approval,"GA (NSGA-II, archived)",15,1936799022,60.10144927536232,2,4,4,2560,72.0,6.734910488128662,0.855072463768116,1.0
credit_approval,CART (ccp path),15,95744654,56.53623188405797,4,12,12,0,72.0,0.043582916259765625,0.8260869565217391,1.0
credit_approval,GA (NSGA-II),16,1568751665,63.072463768115945,3,8,15,2540,72.0,6.318230152130127,0.8985507246376812,1.0
credit_approval,Random Search,16,178985459,62.10144927536233,2,3,3,2540,72.0,8.150651931762695,0.8840579710144928,1.0
credit_approval,"GA (NSGA-II, archived)",16,880942363,62.10144927536233,2,6,6,2543,72.0,6.218870639801025,0.8840579710144928,1.0
credit_approval,CART (ccp path),16,282731184,59.72463768115942,4,12,12,0,72.0,0.0550997257232666,0.8840579710144928,1.0
credit_approval,GA (NSGA-II),17,508689819,58.10144927536232,2,3,4,2608,72.0,5.815134048461914,0.8260869565217391,1.0
credit_approval,Random Search,17,2029676038,58.10144927536232,2,3,3,2608,72.0,7.656582832336426,0.8260869565217391,1.0
credit_approval,"GA (NSGA-II, archived)",17,76603,58.10144927536232,2,3,3,2549,72.0,5.275882959365845,0.8260869565217391,1.0
credit_approval,CART (ccp path),17,1367814154,61.60869565217391,3,12,12,0,72.0,0.0396573543548584,0.9130434782608695,1.0
credit_approval,GA (NSGA-II),18,879907745,57.10144927536233,2,4,4,2546,72.0,5.373027563095093,0.8115942028985508,1.0
credit_approval,Random Search,18,2108999099,57.10144927536233,2,4,4,2546,72.0,7.891658782958984,0.8115942028985508,1.0
credit_approval,"GA (NSGA-II, archived)",18,1465345474,57.10144927536233,2,3,3,2585,72.0,6.619975328445435,0.8115942028985508,1.0
credit_approval,CART (ccp path),18,932891549,57.71014492753623,3,12,12,0,72.0,0.040155649185180664,0.8405797101449275,1.0
credit_approval,GA (NSGA-II),19,1063946527,64.10144927536231,2,4,13,2513,72.0,5.498961687088013,0.9130434782608695,1.0
credit_approval,Random Search,19,1172828084,64.10144927536231,2,4,4,2513,72.0,7.545807123184204,0.9130434782608695,1.0
credit_approval,"GA (NSGA-II, archived)",19,1158326363,64.10144927536231,2,3,3,2551,72.0,5.317562103271484,0.9130434782608695,1.0
credit_approval,CART (ccp path),19,687186995,62.65217391304348,2,12,12,0,72.0,0.041692495346069336,0.9130434782608695,1.0
credit_approval,GA (NSGA-II),20,583967984,64.10144927536231,2,4,8,2609,72.0,5.799134969711304,0.9130434782608695,1.0
credit_approval,Random Search,20,42053926,64.10144927536231,2,3,3,2609,72.0,8.538989543914795,0.9130434782608695,1.0
credit_approval,"GA (NSGA-II, archived)",20,829380034,65.04347826086956,3,3,3,2543,72.0,5.22788405418396,0.927536231884058,1.0
credit_approval,CART (ccp path),20,569441856,62.65217391304348,2,12,12,0,72.0,0.042568206787109375,0.9130434782608695,1.0
credit_approval,GA (NSGA-II),21,1585961579,61.92753623188406,5,5,5,2610,72.0,5.990554571151733,0.8840579710144928,1.0
credit_approval,Random Search,21,91596211,60.10144927536232,3,4,4,2610,72.0,7.941210508346558,0.855072463768116,1.0
credit_approval,"GA (NSGA-II, archived)",21,1486275912,61.01449275362319,3,4,4,2542,72.0,5.669092178344727,0.8695652173913043,1.0
credit_approval,CART (ccp path),21,1029124982,58.85507246376812,3,12,12,0,72.0,0.04314684867858887,0.855072463768116,1.0
credit_approval,GA (NSGA-II),22,49368358,63.1304347826087,2,4,6,2550,72.0,5.2483062744140625,0.8985507246376812,1.0
credit_approval,Random Search,22,148038380,64.10144927536233,3,5,5,2550,72.0,7.485016822814941,0.9130434782608695,1.0
credit_approval,"GA (NSGA-II, archived)",22,278571717,64.10144927536233,3,5,5,2549,72.0,4.975661039352417,0.9130434782608695,1.0
credit_approval,CART (ccp path),22,334244036,58.88405797101449,3,12,12,0,72.0,0.04273056983947754,0.855072463768116,1.0
credit_approval,GA (NSGA-II),23,1212992044,58.1304347826087,2,6,11,2562,72.0,5.931800603866577,0.8260869565217391,1.0
credit_approval,Random Search,23,306094958,58.1304347826087,2,4,4,2562,72.0,7.792012453079224,0.8260869565217391,1.0
credit_approval,"GA (NSGA-II, archived)",23,1971111678,58.1304347826087,2,6,6,2543,72.0,6.377458095550537,0.8260869565217391,1.0
credit_approval,CART (ccp path),23,819851880,55.42028985507247,4,12,12,0,72.0,0.06083798408508301,0.8115942028985508,1.0
credit_approval,GA (NSGA-II),24,100067023,64.10144927536231,2,3,4,2521,72.0,5.844887018203735,0.9130434782608695,1.0
credit_approval,Random Search,24,1517937140,64.10144927536231,2,5,5,2521,72.0,7.713541269302368,0.9130434782608695,1.0
credit_approval,"GA (NSGA-II, archived)",24,2064075475,65.01449275362319,3,3,3,2555,72.0,5.936335563659668,0.927536231884058,1.0
credit_approval,CART (ccp path),24,375931634,64.13043478260869,4,12,12,0,72.0,0.049761056900024414,0.9420289855072463,1.0
credit_approval,GA (NSGA-II),25,1983081612,57.98550724637682,3,8,9,2524,72.0,5.625939130783081,0.8260869565217391,1.0
credit_approval,Random Search,25,1467616568,58.811594202898554,3,3,3,2524,72.0,7.939037799835205,0.8405797101449275,1.0
credit_approval,"GA (NSGA-II, archived)",25,1049340882,57.10144927536233,2,5,5,2534,72.0,5.2565858364105225,0.8115942028985508,1.0
credit_approval,CART (ccp path),25,629241816,58.27536231884058,3,12,12,0,72.0,0.04648733139038086,0.855072463768116,1.0
credit_approval,GA (NSGA-II),26,1266052850,59.10144927536231,2,4,4,2517,72.0,5.56075644493103,0.8405797101449275,1.0
credit_approval,Random Search,26,1508879297,59.10144927536231,2,4,4,2517,72.0,8.390160322189331,0.8405797101449275,1.0
credit_approval,"GA (NSGA-II, archived)",26,1467714464,59.10144927536231,2,4,4,2566,72.0,6.191303968429565,0.8405797101449275,1.0
credit_approval,CART (ccp path),26,862731293,57.94202898550725,2,12,12,0,72.0,0.049437761306762695,0.8405797101449275,1.0
credit_approval,GA (NSGA-II),27,827837322,62.10144927536233,2,3,4,2577,72.0,5.007406949996948,0.8840579710144928,1.0
credit_approval,Random Search,27,1102734771,62.10144927536233,2,5,5,2577,72.0,7.882626533508301,0.8840579710144928,1.0
credit_approval,"GA (NSGA-II, archived)",27,1705408032,63.04347826086957,3,5,5,2519,72.0,5.207928419113159,0.8985507246376812,1.0
credit_approval,CART (ccp path),27,531216618,61.59420289855072,3,12,12,0,72.0,0.05944967269897461,0.8985507246376812,1.0
credit_approval,GA (NSGA-II),28,220282210,61.04347826086956,3,6,10,2588,72.0,6.201008319854736,0.8695652173913043,1.0
credit_approval,Random Search,28,1591890835,60.985507246376805,3,4,4,2588,72.0,8.245179653167725,0.8695652173913043,1.0
credit_approval,"GA (NSGA-II, archived)",28,71808844,59.10144927536231,2,2,2,2525,72.0,5.248398780822754,0.8405797101449275,1.0
credit_approval,CART (ccp path),28,629993394,62.05797101449276,5,12,12,0,72.0,0.07071733474731445,0.927536231884058,1.0
credit_approval,GA (NSGA-II),29,1606195680,58.10144927536232,2,4,6,2514,72.0,6.068137884140015,0.8260869565217391,1.0
credit_approval,Random Search,29,1411189647,58.10144927536232,2,4,4,2514,72.0,7.819043874740601,0.8260869565217391,1.0
credit_approval,"GA (NSGA-II, archived)",29,1642699125,58.10144927536232,2,3,3,2532,72.0,6.023505210876465,0.8260869565217391,1.0
credit_approval,CART (ccp path),29,1054385988,60.014492753623195,4,12,12,0,72.0,0.06551074981689453,0.8840579710144928,1.0
credit_approval,GA (NSGA-II),30,976235733,61.10144927536231,2,4,6,2522,72.0,5.667186498641968,0.8695652173913043,1.0
credit_approval,Random Search,30,1564745381,62.04347826086956,3,5,5,2522,72.0,8.747681617736816,0.8840579710144928,1.0
credit_approval,"GA (NSGA-II, archived)",30,1220296331,61.10144927536231,2,3,3,2508,72.0,7.217290163040161,0.8695652173913043,1.0
credit_approval,CART (ccp path),30,1100623109,60.637681159420296,7,12,12,0,72.0,0.04767632484436035,0.927536231884058,1.0
breast_w,GA (NSGA-II),1,558929904,30.78571428571429,3,9,24,2554,34.0,5.358649253845215,0.9571428571428572,1.0
breast_w,Random Search,1,1058280416,30.385714285714286,5,5,5,2554,34.0,7.11825704574585,0.9571428571428572,1.0
breast_w,"GA (NSGA-II, archived)",1,86539,30.428571428571427,3,3,3,2535,34.0,6.027699947357178,0.9428571428571428,1.0
breast_w,CART (ccp path),1,539720542,29.328571428571426,4,12,12,0,34.0,0.025821447372436523,0.9285714285714286,1.0
breast_w,GA (NSGA-II),2,103957276,32.17142857142857,4,12,15,2548,34.0,6.169837236404419,1.0,1.0
breast_w,Random Search,2,867127696,31.514285714285716,4,5,5,2548,34.0,7.250391721725464,1.0,1.0
breast_w,"GA (NSGA-II, archived)",2,667225021,32.285714285714285,3,3,3,2544,34.0,5.857622385025024,1.0,1.0
breast_w,CART (ccp path),2,1401923305,31.285714285714285,3,12,12,0,34.0,0.0272369384765625,1.0,1.0
breast_w,GA (NSGA-II),3,1809455591,30.1,2,5,7,2546,34.0,6.164777994155884,0.9285714285714286,1.0
breast_w,Random Search,3,262821611,30.8,4,6,6,2546,34.0,7.9295008182525635,0.9714285714285714,1.0
breast_w,"GA (NSGA-II, archived)",3,211561096,30.314285714285717,4,6,6,2569,34.0,5.885977029800415,0.9428571428571428,1.0
breast_w,CART (ccp path),3,2086384439,30.385714285714286,2,12,12,0,34.0,0.03252530097961426,0.9571428571428572,1.0
breast_w,GA (NSGA-II),4,1250821965,29.871428571428574,4,6,14,2541,34.0,5.5143420696258545,0.9285714285714286,1.0
breast_w,Random Search,4,1054049009,29.6,3,5,5,2541,34.0,7.460400819778442,0.9142857142857143,1.0
breast_w,"GA (NSGA-II, archived)",4,272261869,30.871428571428574,3,4,4,2553,34.0,5.106215238571167,0.9571428571428572,1.0
breast_w,CART (ccp path),4,2052273363,29.5,5,12,12,0,34.0,0.02227330207824707,0.9285714285714286,1.0
breast_w,GA (NSGA-II),5,1388487373,30.871428571428574,3,5,6,2536,34.0,5.955808401107788,0.9571428571428572,1.0
breast_w,Random Search,5,2093742351,29.65714285714286,2,6,6,2536,34.0,7.45628809928894,0.9142857142857143,1.0
breast_w,"GA (NSGA-II, archived)",5,738557456,30.014285714285712,4,4,4,2517,34.0,4.973398208618164,0.9285714285714286,1.0
breast_w,CART (ccp path),5,921333321,29.271428571428576,3,12,12,0,34.0,0.04346036911010742,0.9285714285714286,1.0
breast_w,GA (NSGA-II),6,1426119442,30.42857142857143,3,5,7,2484,34.0,6.1793012619018555,0.9428571428571428,1.0
breast_w,Random Search,6,129778215,30.700000000000003,4,4,4,2484,34.0,6.643240928649902,0.9571428571428572,1.0
breast_w,"GA (NSGA-II, archived)",6,829942517,30.985714285714288,2,4,4,2525,34.0,5.629187107086182,0.9571428571428572,1.0
breast_w,CART (ccp path),6,339548777,30.028571428571432,4,12,12,0,34.0,0.023433446884155273,0.9714285714285714,1.0
breast_w,GA (NSGA-II),7,2040227994,30.1,2,6,7,2527,34.0,5.5751426219940186,0.9285714285714286,1.0
breast_w,Random Search,7,1194293780,30.142857142857142,3,5,5,2527,34.0,8.420902967453003,0.9428571428571428,1.0
breast_w,"GA (NSGA-II, archived)",7,368596209,30.228571428571428,4,4,4,2495,34.0,6.178286075592041,0.9428571428571428,1.0
breast_w,CART (ccp path),7,2045661634,29.914285714285715,3,12,12,0,34.0,0.03792071342468262,0.9428571428571428,1.0
breast_w,GA (NSGA-II),8,773177215,31.75714285714286,3,5,9,2569,34.0,6.838050365447998,0.9857142857142858,1.0
breast_w,Random Search,8,403840778,30.985714285714288,2,6,6,2569,34.0,7.948317527770996,0.9571428571428572,1.0
breast_w,"GA (NSGA-II, archived)",8,1373337052,31.25714285714286,3,4,4,2583,34.0,5.359846115112305,0.9714285714285714,1.0
breast_w,CART (ccp path),8,1159840110,30.514285714285716,3,12,12,0,34.0,0.025309085845947266,0.9714285714285714,1.0
breast_w,GA (NSGA-II),9,998492700,30.842857142857145,4,10,21,2515,34.0,5.503774642944336,0.9571428571428572,1.0
breast_w,Random Search,9,1762891126,31.200000000000003,4,5,5,2515,34.0,6.826656103134155,0.9714285714285714,1.0
breast_w,"GA (NSGA-II, archived)",9,1403805950,30.042857142857144,3,4,4,2427,34.0,5.960064888000488,0.9285714285714286,1.0
breast_w,CART (ccp path),9,274597385,30.95714285714286,4,12,12,0,34.0,0.02452993392944336,0.9857142857142858,1.0
breast_w,GA (NSGA-II),10,1358222127,30.028985507246375,3,8,19,2567,34.0,5.6394782066345215,0.927536231884058,1.0
breast_w,Random Search,10,1004608939,29.60869565217391,2,5,5,2567,34.0,7.274704217910767,0.9130434782608695,1.0
breast_w,"GA (NSGA-II, archived)",10,1092069028,31.173913043478255,4,5,5,2537,34.0,6.743492603302002,0.9710144927536232,1.0
breast_w,CART (ccp path),10,393207524,29.89855072463768,3,12,12,0,34.0,0.03065013885498047,0.9420289855072463,1.0
breast_w,GA (NSGA-II),11,1979117895,30.72857142857143,3,6,8,2612,34.0,6.412896633148193,0.9571428571428572,1.0
breast_w,Random Search,11,1796605270,30.514285714285712,4,5,5,2612,34.0,8.519665718078613,0.9714285714285714,1.0
breast_w,"GA (NSGA-II, archived)",11,196834494,30.814285714285713,4,5,5,2526,34.0,6.544053077697754,0.9571428571428572,1.0
breast_w,CART (ccp path),11,55608697,29.885714285714286,3,12,12,0,34.0,0.024158954620361328,0.9428571428571428,1.0
breast_w,GA (NSGA-II),12,805935072,29.12857142857143,3,3,3,2520,34.0,6.130623817443848,0.9,1.0
breast_w,Random Search,12,564881795,31.871428571428574,2,5,5,2520,34.0,8.0198335647583,0.9857142857142858,1.0
breast_w,"GA (NSGA-II, archived)",12,1107881092,31.371428571428574,3,4,4,2476,34.0,6.35642147064209,0.9714285714285714,1.0
breast_w,CART (ccp path),12,1805055970,31.071428571428573,3,12,12,0,34.0,0.03194236755371094,0.9857142857142858,1.0
breast_w,GA (NSGA-II),13,1273481269,30.785714285714285,4,8,12,2549,34.0,6.157734155654907,0.9571428571428572,1.0
breast_w,Random Search,13,2103829663,30.314285714285717,3,6,6,2549,34.0,8.217568397521973,0.9428571428571428,1.0
breast_w,"GA (NSGA-II, archived)",13,2105698946,30.485714285714288,3,4,4,2506,34.0,6.075732946395874,0.9428571428571428,1.0
breast_w,CART (ccp path),13,1418162070,29.914285714285718,3,12,12,0,34.0,0.029983043670654297,0.9428571428571428,1.0
breast_w,GA (NSGA-II),14,982592860,30.985714285714288,2,10,17,2499,34.0,7.260604619979858,0.9571428571428572,1.0
breast_w,Random Search,14,890120713,29.15714285714286,3,5,5,2499,34.0,8.729676723480225,0.9,1.0
breast_w,"GA (NSGA-II, archived)",14,1233993608,30.457142857142856,3,4,4,2577,34.0,5.6156768798828125,0.9428571428571428,1.0
breast_w,CART (ccp path),14,679443496,29.799999999999997,4,12,12,0,34.0,0.033307552337646484,0.9428571428571428,1.0
breast_w,GA (NSGA-II),15,283971499,30.700000000000003,4,5,5,2572,34.0,6.429906606674194,0.9571428571428572,1.0
breast_w,Random Search,15,566141508,30.17142857142857,4,4,4,2572,34.0,7.472007513046265,0.9428571428571428,1.0
breast_w,"GA (NSGA-II, archived)",15,1862366958,31.871428571428574,2,5,5,2510,34.0,5.899528741836548,0.9857142857142858,1.0
breast_w,CART (ccp path),15,895943357,30.3,3,12,12,0,34.0,0.0262448787689209,0.9571428571428572,1.0
breast_w,GA (NSGA-II),16,1945309981,30.42857142857143,4,8,10,2586,34.0,6.194136619567871,0.9428571428571428,1.0
breast_w,Random Search,16,489150019,30.971428571428575,4,6,6,2586,34.0,7.449950695037842,0.9714285714285714,1.0
breast_w,"GA (NSGA-II, archived)",16,348720898,30.900000000000002,3,3,3,2550,34.0,5.360430955886841,0.9571428571428572,1.0
breast_w,CART (ccp path),16,638603344,30.714285714285715,4,12,12,0,34.0,0.024911880493164062,0.9714285714285714,1.0
breast_w,GA (NSGA-II),17,1056136288,30.042857142857144,3,4,5,2546,34.0,5.898472547531128,0.9285714285714286,1.0
breast_w,Random Search,17,2142415122,30.1,2,3,3,2546,34.0,7.209796190261841,0.9285714285714286,1.0
breast_w,"GA (NSGA-II, archived)",17,1503298358,29.65714285714286,2,3,3,2520,34.0,5.9196999073028564,0.9142857142857143,1.0
breast_w,CART (ccp path),17,1257466397,29.842857142857145,4,12,12,0,34.0,0.023781538009643555,0.9571428571428572,1.0
breast_w,GA (NSGA-II),18,1054591894,31.314285714285717,4,7,11,2550,34.0,6.424195766448975,0.9714285714285714,1.0
breast_w,Random Search,18,2133673281,31.35714285714286,4,7,7,2550,34.0,7.708114385604858,0.9857142857142858,1.0
breast_w,"GA (NSGA-II, archived)",18,1450465986,30.814285714285713,4,5,5,2573,34.0,5.955731630325317,0.9571428571428572,1.0
breast_w,CART (ccp path),18,1558649980,29.52857142857143,3,12,12,0,34.0,0.02419424057006836,0.9285714285714286,1.0
breast_w,GA (NSGA-II),19,1087894395,30.514285714285712,3,7,9,2554,34.0,6.060724496841431,0.9428571428571428,1.0
breast_w,Random Search,19,1028839740,30.542857142857144,2,7,7,2554,34.0,7.726891994476318,0.9428571428571428,1.0
breast_w,"GA (NSGA-II, archived)",19,1160121186,30.542857142857144,2,4,4,2571,34.0,6.631605625152588,0.9428571428571428,1.0
breast_w,CART (ccp path),19,585152016,29.885714285714286,4,12,12,0,34.0,0.02550506591796875,0.9428571428571428,1.0
breast_w,GA (NSGA-II),20,1622232946,30.42028985507246,3,3,3,2545,34.0,5.852161407470703,0.9420289855072463,1.0
breast_w,Random Search,20,110849675,31.08695652173913,4,5,5,2545,34.0,6.912811994552612,0.9710144927536232,1.0
breast_w,"GA (NSGA-II, archived)",20,50390468,31.65217391304348,4,4,4,2520,34.0,5.272223472595215,0.9855072463768116,1.0
breast_w,CART (ccp path),20,584884592,30.014492753623184,4,12,12,0,34.0,0.026471614837646484,0.9710144927536232,1.0
breast_w,GA (NSGA-II),21,567995490,31.671428571428574,3,4,5,2519,34.0,5.332641363143921,0.9857142857142858,1.0
breast_w,Random Search,21,1096735973,30.757142857142856,4,6,6,2519,34.0,7.566624164581299,0.9857142857142858,1.0
breast_w,"GA (NSGA-II, archived)",21,1175824767,31.31428571428571,4,5,5,2545,34.0,6.654124975204468,0.9714285714285714,1.0
breast_w,CART (ccp path),21,1479208591,29.32857142857143,3,12,12,0,34.0,0.03685307502746582,0.9285714285714286,1.0
breast_w,GA (NSGA-II),22,1469205547,31.34285714285714,3,3,3,2603,34.0,5.984496355056763,0.9714285714285714,1.0
breast_w,Random Search,22,137541636,31.17142857142857,4,6,6,2603,34.0,7.577503681182861,0.9714285714285714,1.0
breast_w,"GA (NSGA-II, archived)",22,724188065,30.542857142857144,2,3,3,2546,34.0,5.385847330093384,0.9428571428571428,1.0
breast_w,CART (ccp path),22,1525970754,31.185714285714287,3,12,12,0,34.0,0.023702144622802734,0.9857142857142858,1.0
breast_w,GA (NSGA-II),23,1774239921,30.542857142857144,2,4,4,2619,34.0,5.8869709968566895,0.9428571428571428,1.0
breast_w,Random Search,23,189051428,29.971428571428575,5,6,6,2619,34.0,8.199856996536255,0.9428571428571428,1.0
breast_w,"GA (NSGA-II, archived)",23,1854053707,30.900000000000002,3,4,4,2541,34.0,6.628778696060181,0.9571428571428572,1.0
breast_w,CART (ccp path),23,378080203,29.385714285714286,4,12,12,0,34.0,0.028657913208007812,0.9285714285714286,1.0
breast_w,GA (NSGA-II),24,1387873214,30.542857142857144,2,4,5,2575,34.0,5.770451307296753,0.9428571428571428,1.0
breast_w,Random Search,24,1131885828,30.542857142857144,2,6,6,2575,34.0,7.55214524269104,0.9428571428571428,1.0
breast_w,"GA (NSGA-II, archived)",24,1222740073,31.314285714285717,3,4,4,2548,34.0,5.912220478057861,0.9714285714285714,1.0
breast_w,CART (ccp path),24,609903423,29.742857142857144,3,12,12,0,34.0,0.042145490646362305,0.9428571428571428,1.0
breast_w,GA (NSGA-II),25,1741466751,30.75714285714286,4,5,6,2536,34.0,5.724080324172974,0.9571428571428572,1.0
breast_w,Random Search,25,2147155999,31.142857142857146,4,6,6,2536,34.0,7.478770017623901,0.9714285714285714,1.0
breast_w,"GA (NSGA-II, archived)",25,1631187616,29.65714285714286,2,3,3,2617,34.0,5.6682448387146,0.9142857142857143,1.0
breast_w,CART (ccp path),25,1446870276,29.97142857142857,2,12,12,0,34.0,0.023679494857788086,0.9428571428571428,1.0
breast_w,GA (NSGA-II),26,73020337,31.285714285714285,3,7,20,2497,34.0,6.1560447216033936,0.9714285714285714,1.0
breast_w,Random Search,26,1853185067,31.871428571428574,2,5,5,2497,34.0,7.536471128463745,0.9857142857142858,1.0
breast_w,"GA (NSGA-II, archived)",26,265216754,31.614285714285717,4,4,4,2511,34.0,6.079685688018799,0.9857142857142858,1.0
breast_w,CART (ccp path),26,960217150,30.328571428571433,3,12,12,0,34.0,0.023432493209838867,0.9571428571428572,1.0
breast_w,GA (NSGA-II),27,2083857027,31.42857142857143,2,8,21,2519,34.0,5.798331260681152,0.9714285714285714,1.0
breast_w,Random Search,27,743658270,31.228571428571428,3,6,6,2519,34.0,7.613802909851074,0.9714285714285714,1.0
breast_w,"GA (NSGA-II, archived)",27,524072996,30.75714285714286,4,5,5,2572,34.0,6.026629686355591,0.9571428571428572,1.0
breast_w,CART (ccp path),27,316566846,30.385714285714286,2,12,12,0,34.0,0.02284550666809082,0.9571428571428572,1.0
breast_w,GA (NSGA-II),28,1694267513,30.842857142857145,3,7,12,2569,34.0,6.97752046585083,0.9571428571428572,1.0
breast_w,Random Search,28,515174039,30.17142857142857,4,5,5,2569,34.0,8.066683530807495,0.9714285714285714,1.0
breast_w,"GA (NSGA-II, archived)",28,1553433669,29.485714285714288,3,4,4,2541,34.0,6.554159879684448,0.9142857142857143,1.0
breast_w,CART (ccp path),28,199818295,30.442857142857147,4,12,12,0,34.0,0.02544546127319336,0.9571428571428572,1.0
breast_w,GA (NSGA-II),29,1145221169,29.65714285714286,2,6,7,2513,34.0,6.495858669281006,0.9142857142857143,1.0
breast_w,Random Search,29,1869669136,31.34285714285714,3,6,6,2513,34.0,7.986941814422607,0.9714285714285714,1.0
breast_w,"GA (NSGA-II, archived)",29,1312040985,30.75714285714286,4,4,4,2534,34.0,6.117504358291626,0.9571428571428572,1.0
breast_w,CART (ccp path),29,107000967,29.942857142857143,3,12,12,0,34.0,0.026122570037841797,0.9428571428571428,1.0
breast_w,GA (NSGA-II),30,548097320,30.47826086956521,3,8,27,2558,34.0,9.437544345855713,0.9420289855072463,1.0
breast_w,Random Search,30,1587182010,29.884057971014492,3,4,4,2558,34.0,11.649418115615845,0.927536231884058,1.0
breast_w,"GA (NSGA-II, archived)",30,2010949834,30.391304347826082,3,5,5,2581,34.0,8.761417865753174,0.9420289855072463,1.0
breast_w,CART (ccp path),30,1171224111,29.304347826086953,4,12,12,0,34.0,0.02744269371032715,0.927536231884058,1.0
eucalyptus,GA (NSGA-II),1,1244005022,79.66216216216216,5,8,9,2548,140.0,7.162223815917969,0.581081081081081,1.0
eucalyptus,Random Search,1,404772815,72.02702702702703,4,7,7,2548,140.0,9.613351821899414,0.5405405405405406,1.0
eucalyptus,"GA (NSGA-II, archived)",1,574444449,83.47297297297298,4,9,9,2574,140.0,6.953162431716919,0.6081081081081081,1.0
eucalyptus,CART (ccp path),1,1000108575,82.85135135135135,3,12,12,0,140.0,0.06548881530761719,0.6621621621621622,1.0
eucalyptus,GA (NSGA-II),2,316176049,79.13513513513514,5,8,14,2557,140.0,6.728478193283081,0.5945945945945946,1.0
eucalyptus,Random Search,2,432927576,66.48648648648648,4,6,6,2557,140.0,8.206838130950928,0.4864864864864865,1.0
eucalyptus,"GA (NSGA-II, archived)",2,277184423,72.12162162162163,6,8,8,2504,140.0,6.955636739730835,0.527027027027027,1.0
eucalyptus,CART (ccp path),2,2063973322,76.4189189189189,5,12,12,0,140.0,0.06829047203063965,0.6081081081081081,1.0
eucalyptus,GA (NSGA-II),3,1744245823,77.81081081081082,5,16,18,2574,140.0,7.098921298980713,0.5675675675675675,1.0
eucalyptus,Random Search,3,1449352418,72.89189189189189,5,8,8,2574,140.0,8.92306900024414,0.5405405405405406,1.0
eucalyptus,"GA (NSGA-II, archived)",3,1959862923,72.63513513513513,5,6,6,2556,140.0,7.389202833175659,0.527027027027027,1.0
eucalyptus,CART (ccp path),3,1658969797,96.14864864864866,6,12,12,0,140.0,0.09997940063476562,0.7702702702702703,1.0
eucalyptus,GA (NSGA-II),4,828838858,79.6081081081081,4,14,15,2575,140.0,8.161548376083374,0.581081081081081,1.0
eucalyptus,Random Search,4,1245157378,70.45945945945947,3,5,5,2575,140.0,9.20613169670105,0.5135135135135135,1.0
eucalyptus,"GA (NSGA-II, archived)",4,899267952,75.52702702702703,5,7,7,2561,140.0,6.55690336227417,0.5540540540540541,1.0
eucalyptus,CART (ccp path),4,582432359,83.5945945945946,3,12,12,0,140.0,0.1737384796142578,0.6486486486486487,1.0
eucalyptus,GA (NSGA-II),5,1055139773,72.31081081081079,5,9,16,2569,140.0,8.935693264007568,0.527027027027027,1.0
eucalyptus,Random Search,5,854653299,69.59459459459458,5,5,5,2569,140.0,13.357913255691528,0.5135135135135135,1.0
eucalyptus,"GA (NSGA-II, archived)",5,1140177951,66.97297297297297,3,7,7,2534,140.0,10.582696437835693,0.4864864864864865,1.0
eucalyptus,CART (ccp path),5,1671308237,82.87837837837839,2,12,12,0,140.0,0.13273048400878906,0.6351351351351351,1.0
eucalyptus,GA (NSGA-II),6,478959558,65.31081081081082,3,6,6,2500,140.0,9.584089994430542,0.47297297297297297,1.0
eucalyptus,Random Search,6,866237734,75.60810810810811,4,5,5,2500,140.0,12.178202867507935,0.5540540540540541,1.0
eucalyptus,"GA (NSGA-II, archived)",6,1128263107,81.29729729729729,5,6,6,2513,140.0,8.548816680908203,0.5945945945945946,1.0
eucalyptus,CART (ccp path),6,838980081,88.0135135135135,4,12,12,0,140.0,0.09207987785339355,0.6891891891891891,1.0
eucalyptus,GA (NSGA-II),7,1388690410,75.01369863013699,6,11,14,2558,140.0,9.576506614685059,0.547945205479452,1.0
eucalyptus,Random Search,7,1163447272,69.93150684931507,3,7,7,2558,140.0,12.055824041366577,0.5342465753424658,1.0
eucalyptus,"GA (NSGA-II, archived)",7,788769230,69.87671232876713,3,6,6,2524,140.0,8.627663612365723,0.5068493150684932,1.0
eucalyptus,CART (ccp path),7,1920798096,73.2054794520548,4,12,12,0,140.0,0.22096800804138184,0.5753424657534246,1.0
eucalyptus,GA (NSGA-II),8,616434069,73.24657534246575,4,7,7,2548,140.0,9.440333366394043,0.5342465753424658,1.0
eucalyptus,Random Search,8,1287221276,69.58904109589041,5,7,7,2548,140.0,12.558149814605713,0.5205479452054794,1.0
eucalyptus,"GA (NSGA-II, archived)",8,86753474,62.26027397260274,4,9,9,2482,140.0,9.918758869171143,0.4520547945205479,1.0
eucalyptus,CART (ccp path),8,517180763,88.76712328767124,5,12,12,0,140.0,0.06823062896728516,0.7123287671232876,1.0
eucalyptus,GA (NSGA-II),9,649208495,74.54794520547945,6,9,14,2555,140.0,9.660606861114502,0.547945205479452,1.0
eucalyptus,Random Search,9,156273424,66.93150684931507,6,9,9,2555,140.0,12.814271688461304,0.4931506849315068,1.0
eucalyptus,"GA (NSGA-II, archived)",9,1910061251,74.57534246575342,5,9,9,2518,140.0,11.1453537940979,0.547945205479452,1.0
eucalyptus,CART (ccp path),9,1937710902,97.79452054794521,4,12,12,0,140.0,0.0947418212890625,0.7808219178082192,1.0
eucalyptus,GA (NSGA-II),10,1042235892,74.79452054794521,4,9,12,2567,140.0,8.19973635673523,0.547945205479452,1.0
eucalyptus,Random Search,10,394121257,63.28767123287672,3,8,8,2567,140.0,10.717450380325317,0.4657534246575342,1.0
eucalyptus,"GA (NSGA-II, archived)",10,1812147791,71.42465753424658,4,8,8,2524,140.0,8.171233415603638,0.5205479452054794,1.0
eucalyptus,CART (ccp path),10,1210995492,81.98630136986301,4,12,12,0,140.0,0.17346835136413574,0.6438356164383562,1.0
eucalyptus,GA (NSGA-II),11,1947772038,71.98648648648647,4,13,17,2561,140.0,9.227367162704468,0.527027027027027,1.0
eucalyptus,Random Search,11,180804153,62.486486486486484,4,8,8,2561,140.0,12.74099326133728,0.4594594594594595,1.0
eucalyptus,"GA (NSGA-II, archived)",11,492048843,59.72972972972973,4,12,12,2535,140.0,10.654913425445557,0.43243243243243246,1.0
eucalyptus,CART (ccp path),11,244550735,83.45945945945945,5,12,12,0,140.0,0.07797098159790039,0.6486486486486487,1.0
eucalyptus,GA (NSGA-II),12,573199711,72.22972972972971,5,9,20,2551,140.0,9.888245820999146,0.527027027027027,1.0
eucalyptus,Random Search,12,1734278957,70.74324324324323,5,6,6,2551,140.0,11.572247743606567,0.527027027027027,1.0
eucalyptus,"GA (NSGA-II, archived)",12,1331801281,67.13513513513514,3,6,6,2505,140.0,8.999589681625366,0.4864864864864865,1.0
eucalyptus,CART (ccp path),12,924327451,89.29729729729729,2,12,12,0,140.0,0.1993424892425537,0.7027027027027027,1.0
eucalyptus,GA (NSGA-II),13,881872840,76.4054054054054,5,10,13,2530,140.0,10.756738424301147,0.5675675675675675,1.0
eucalyptus,Random Search,13,27675725,66.62162162162163,4,7,7,2530,140.0,11.936413526535034,0.4864864864864865,1.0
eucalyptus,"GA (NSGA-II, archived)",13,1652041720,63.54054054054055,2,5,5,2522,140.0,9.109620094299316,0.4594594594594595,1.0
eucalyptus,CART (ccp path),13,1318677555,83.20270270270271,5,12,12,0,140.0,0.06664109230041504,0.6621621621621622,1.0
eucalyptus,GA (NSGA-II),14,1744282902,63.02702702702703,5,13,25,2563,140.0,8.814855098724365,0.4594594594594595,1.0
eucalyptus,Random Search,14,715139521,73.0945945945946,3,6,6,2563,140.0,11.657854318618774,0.5540540540540541,1.0
eucalyptus,"GA (NSGA-II, archived)",14,219667913,65.28378378378378,3,9,9,2516,140.0,10.013226509094238,0.47297297297297297,1.0
eucalyptus,CART (ccp path),14,469332803,85.20270270270272,4,12,12,0,140.0,0.16816926002502441,0.6621621621621622,1.0
eucalyptus,GA (NSGA-II),15,738669886,67.16216216216218,3,7,10,2537,140.0,8.675638914108276,0.4864864864864865,1.0
eucalyptus,Random Search,15,355389152,69.45945945945947,3,8,8,2537,140.0,9.980886936187744,0.5135135135135135,1.0
eucalyptus,"GA (NSGA-II, archived)",15,970411115,73.32432432432434,5,8,8,2559,140.0,8.698124170303345,0.5405405405405406,1.0
eucalyptus,CART (ccp path),15,1672764121,89.22972972972973,3,12,12,0,140.0,0.0656881332397461,0.6891891891891891,1.0
eucalyptus,GA (NSGA-II),16,1397213929,79.58108108108108,5,6,9,2515,140.0,9.568808794021606,0.581081081081081,1.0
eucalyptus,Random Search,16,1891223390,63.51351351351352,3,7,7,2515,140.0,10.819209337234497,0.4594594594594595,1.0
eucalyptus,"GA (NSGA-II, archived)",16,1574783212,70.78378378378378,4,6,6,2553,140.0,10.277645111083984,0.5135135135135135,1.0
eucalyptus,CART (ccp path),16,241910984,74.89189189189189,3,12,12,0,140.0,0.06262922286987305,0.5675675675675675,1.0
eucalyptus,GA (NSGA-II),17,1819031945,84.47945205479454,5,6,8,2577,140.0,8.521816730499268,0.6164383561643836,1.0
eucalyptus,Random Search,17,703683449,74.98630136986301,3,4,4,2577,140.0,11.313522338867188,0.547945205479452,1.0
eucalyptus,"GA (NSGA-II, archived)",17,864730640,82.78082191780823,5,9,9,2583,140.0,10.220779418945312,0.6164383561643836,1.0
eucalyptus,CART (ccp path),17,727764538,90.3972602739726,3,12,12,0,140.0,0.06342244148254395,0.726027397260274,1.0
eucalyptus,GA (NSGA-II),18,1610542730,84.04109589041096,6,6,9,2503,140.0,10.186555862426758,0.6164383561643836,1.0
eucalyptus,Random Search,18,817397888,82.46575342465754,6,7,7,2503,140.0,11.575268268585205,0.6301369863013698,1.0
eucalyptus,"GA (NSGA-II, archived)",18,1061547272,78.76712328767123,4,5,5,2552,140.0,10.440359354019165,0.5753424657534246,1.0
eucalyptus,CART (ccp path),18,48654059,84.31506849315069,3,12,12,0,140.0,0.08875632286071777,0.6712328767123288,1.0
eucalyptus,GA (NSGA-II),19,1793233697,75.4794520547945,3,9,11,2492,140.0,10.391845464706421,0.547945205479452,1.0
eucalyptus,Random Search,19,866565299,69.46575342465754,4,8,8,2492,140.0,11.626303434371948,0.5068493150684932,1.0
eucalyptus,"GA (NSGA-II, archived)",19,134371743,75.31506849315068,3,7,7,2503,140.0,10.343586683273315,0.547945205479452,1.0
eucalyptus,CART (ccp path),19,1313472491,83.63013698630137,3,12,12,0,140.0,0.12393879890441895,0.6438356164383562,1.0
eucalyptus,GA (NSGA-II),20,1557998275,71.72602739726027,3,8,12,2551,140.0,9.962131977081299,0.5205479452054794,1.0
eucalyptus,Random Search,20,2104880776,77.20547945205479,3,7,7,2551,140.0,11.46906304359436,0.5753424657534246,1.0
eucalyptus,"GA (NSGA-II, archived)",20,14621472,84.26027397260275,5,6,6,2521,140.0,9.399626731872559,0.6164383561643836,1.0
eucalyptus,CART (ccp path),20,174203695,83.73972602739727,6,12,12,0,140.0,0.0733952522277832,0.6986301369863014,1.0
eucalyptus,GA (NSGA-II),21,845066478,68.95945945945945,3,8,8,2549,140.0,10.613812446594238,0.5,1.0
eucalyptus,Random Search,21,1741258340,64.98648648648648,3,4,4,2549,140.0,13.606412887573242,0.47297297297297297,1.0
eucalyptus,"GA (NSGA-II, archived)",21,1824851330,75.79729729729729,4,5,5,2580,140.0,11.75995135307312,0.5540540540540541,1.0
eucalyptus,CART (ccp path),21,379387618,83.13513513513514,3,12,12,0,140.0,0.16359901428222656,0.6486486486486487,1.0
eucalyptus,GA (NSGA-II),22,656690869,72.28378378378378,4,5,7,2514,140.0,9.532048225402832,0.527027027027027,1.0
eucalyptus,Random Search,22,1945014259,70.24324324324324,4,7,7,2514,140.0,11.621541738510132,0.5135135135135135,1.0
eucalyptus,"GA (NSGA-II, archived)",22,1857582856,74.32432432432434,4,5,5,2559,140.0,10.214733600616455,0.5405405405405406,1.0
eucalyptus,CART (ccp path),22,1235337038,85.06756756756758,3,12,12,0,140.0,0.07779955863952637,0.6621621621621622,1.0
eucalyptus,GA (NSGA-II),23,2033520704,72.39189189189187,4,8,9,2587,140.0,9.783137559890747,0.527027027027027,1.0
eucalyptus,Random Search,23,262257029,61.28378378378379,3,5,5,2587,140.0,13.626216888427734,0.44594594594594594,1.0
eucalyptus,"GA (NSGA-II, archived)",23,1879465954,65.28378378378379,3,6,6,2577,140.0,8.427884101867676,0.47297297297297297,1.0
eucalyptus,CART (ccp path),23,587160578,73.83783783783784,5,12,12,0,140.0,0.07708263397216797,0.5945945945945946,1.0
eucalyptus,GA (NSGA-II),24,453411240,74.95945945945945,4,6,6,2563,140.0,12.171574831008911,0.5540540540540541,1.0
eucalyptus,Random Search,24,1391257875,67.95945945945945,4,4,4,2563,140.0,13.129218101501465,0.5,1.0
eucalyptus,"GA (NSGA-II, archived)",24,1010952304,74.32432432432434,4,7,7,2534,140.0,12.336971044540405,0.5405405405405406,1.0
eucalyptus,CART (ccp path),24,294310315,78.94594594594595,4,12,12,0,140.0,0.14139246940612793,0.6216216216216216,1.0
eucalyptus,GA (NSGA-II),25,1204671301,83.44594594594595,4,8,13,2611,140.0,11.135398387908936,0.6081081081081081,1.0
eucalyptus,Random Search,25,1909815803,75.41891891891892,4,8,8,2611,140.0,12.387398481369019,0.5540540540540541,1.0
eucalyptus,"GA (NSGA-II, archived)",25,1363973177,67.16216216216218,3,5,5,2581,140.0,7.435063362121582,0.4864864864864865,1.0
eucalyptus,CART (ccp path),25,1844282841,89.17567567567568,3,12,12,0,140.0,0.1487419605255127,0.6891891891891891,1.0
eucalyptus,GA (NSGA-II),26,1945289553,63.43243243243244,3,7,10,2536,140.0,10.026211977005005,0.4594594594594595,1.0
eucalyptus,Random Search,26,112806529,76.51351351351352,4,5,5,2536,140.0,13.113494157791138,0.5675675675675675,1.0
eucalyptus,"GA (NSGA-II, archived)",26,449427895,65.25675675675676,4,6,6,2531,140.0,9.411094903945923,0.47297297297297297,1.0
eucalyptus,CART (ccp path),26,803550360,88.5,4,12,12,0,140.0,0.0682668685913086,0.6891891891891891,1.0
eucalyptus,GA (NSGA-II),27,498959567,68.13698630136986,2,5,9,2585,140.0,9.038158416748047,0.4931506849315068,1.0
eucalyptus,Random Search,27,1237242182,77.86301369863013,4,7,7,2585,140.0,11.428617238998413,0.5753424657534246,1.0
eucalyptus,"GA (NSGA-II, archived)",27,1436864635,70.76712328767123,6,9,9,2559,140.0,8.63023829460144,0.5205479452054794,1.0
eucalyptus,CART (ccp path),27,1187065913,83.27397260273973,4,12,12,0,140.0,0.07822108268737793,0.6438356164383562,1.0
eucalyptus,GA (NSGA-II),28,871796860,75.12328767123287,4,5,5,2561,140.0,10.642189741134644,0.547945205479452,1.0
eucalyptus,Random Search,28,2000052990,72.84931506849314,6,10,10,2561,140.0,10.828353881835938,0.547945205479452,1.0
eucalyptus,"GA (NSGA-II, archived)",28,1993927360,73.60273972602741,3,5,5,2508,140.0,10.277002811431885,0.5342465753424658,1.0
eucalyptus,CART (ccp path),28,968762129,84.50684931506851,2,12,12,0,140.0,0.06733226776123047,0.6438356164383562,1.0
eucalyptus,GA (NSGA-II),29,463460103,64.24657534246575,4,12,22,2559,140.0,10.112581014633179,0.4657534246575342,1.0
eucalyptus,Random Search,29,199517144,64.10958904109589,3,6,6,2559,140.0,10.118887662887573,0.4657534246575342,1.0
eucalyptus,"GA (NSGA-II, archived)",29,8970117,70.63013698630138,4,8,8,2456,140.0,8.526288986206055,0.5205479452054794,1.0
eucalyptus,CART (ccp path),29,1720460924,86.76712328767123,4,12,12,0,140.0,0.14723610877990723,0.684931506849315,1.0
eucalyptus,GA (NSGA-II),30,1189872488,71.56164383561642,5,8,13,2439,140.0,7.411402940750122,0.5205479452054794,1.0
eucalyptus,Random Search,30,2022304440,60.630136986301366,2,5,5,2439,140.0,10.655054807662964,0.4383561643835616,1.0
eucalyptus,"GA (NSGA-II, archived)",30,643057991,64.32876712328766,3,6,6,2593,140.0,9.525188207626343,0.4657534246575342,1.0
eucalyptus,CART (ccp path),30,563330665,92.16438356164383,5,12,12,0,140.0,0.12426590919494629,0.7397260273972602,1.0
blood_transfusion,GA (NSGA-II),1,1542297310,116.74666666666667,2,5,11,2510,152.0,6.879549741744995,0.7733333333333333,1.0
blood_transfusion,Random Search,1,1651623197,116.74666666666667,2,6,6,2510,152.0,11.840441703796387,0.7733333333333333,1.0
blood_transfusion,"GA (NSGA-II, archived)",1,1522615105,116.74666666666667,2,4,4,2544,152.0,7.3884618282318115,0.7733333333333333,1.0
blood_transfusion,CART (ccp path),1,84788561,120.21333333333334,3,12,12,0,152.0,0.062456369400024414,0.8,1.0
blood_transfusion,GA (NSGA-II),2,2086714041,124.42666666666668,2,8,15,2598,152.0,6.952899217605591,0.8266666666666667,1.0
blood_transfusion,Random Search,2,877840174,122.09333333333333,3,7,7,2598,152.0,10.139063596725464,0.8133333333333334,1.0
blood_transfusion,"GA (NSGA-II, archived)",2,400606366,116.66666666666667,2,6,6,2541,152.0,7.322897911071777,0.7733333333333333,1.0
blood_transfusion,CART (ccp path),2,734303777,125.85333333333332,3,12,12,0,152.0,0.06782817840576172,0.84,1.0
blood_transfusion,GA (NSGA-II),3,427529115,122.60000000000001,3,4,11,2549,152.0,6.426180601119995,0.8133333333333334,1.0
blood_transfusion,Random Search,3,1594593887,120.61333333333334,3,7,7,2549,152.0,10.599156379699707,0.8,1.0
blood_transfusion,"GA (NSGA-II, archived)",3,954455704,118.65333333333332,3,6,6,2490,152.0,7.920068264007568,0.7866666666666666,1.0
blood_transfusion,CART (ccp path),3,1889985348,117.05333333333333,3,12,12,0,152.0,0.03149580955505371,0.7866666666666666,1.0
blood_transfusion,GA (NSGA-II),4,1062607459,118.62666666666667,2,5,5,2499,152.0,7.76735782623291,0.7866666666666666,1.0
blood_transfusion,Random Search,4,1692265662,114.76,1,5,5,2499,152.0,11.828275203704834,0.76,1.0
blood_transfusion,"GA (NSGA-II, archived)",4,734405389,114.76,1,2,2,2598,152.0,8.318766593933105,0.76,1.0
blood_transfusion,CART (ccp path),4,1182690067,119.62666666666668,3,12,12,0,152.0,0.03964638710021973,0.8,1.0
blood_transfusion,GA (NSGA-II),5,781182835,126.25333333333333,3,8,11,2550,152.0,8.328809022903442,0.84,1.0
blood_transfusion,Random Search,5,1368076885,122.82666666666667,2,6,6,2550,152.0,10.460204601287842,0.8266666666666667,1.0
blood_transfusion,"GA (NSGA-II, archived)",5,45381263,124.37333333333333,3,5,5,2497,152.0,7.4346044063568115,0.8266666666666667,1.0
blood_transfusion,CART (ccp path),5,27385118,123.17333333333333,3,12,12,0,152.0,0.028712987899780273,0.8266666666666667,1.0
blood_transfusion,GA (NSGA-II),6,968283765,118.70666666666666,3,6,13,2523,152.0,8.778595209121704,0.7866666666666666,1.0
blood_transfusion,Random Search,6,795703323,116.72,2,5,5,2523,152.0,11.182518720626831,0.7733333333333333,1.0
blood_transfusion,"GA (NSGA-II, archived)",6,819102799,116.74666666666667,2,5,5,2580,152.0,7.8699774742126465,0.7733333333333333,1.0
blood_transfusion,CART (ccp path),6,1298278526,120.24000000000001,2,12,12,0,152.0,0.03689384460449219,0.8,1.0
blood_transfusion,GA (NSGA-II),7,804054984,118.6,3,7,24,2547,152.0,8.648611783981323,0.7866666666666666,1.0
blood_transfusion,Random Search,7,1042404456,122.12,3,8,8,2547,152.0,11.268710851669312,0.8133333333333334,1.0
blood_transfusion,"GA (NSGA-II, archived)",7,1229056022,116.72,2,3,3,2602,152.0,5.759666204452515,0.7733333333333333,1.0
blood_transfusion,CART (ccp path),7,909618422,116.61333333333333,2,12,12,0,152.0,0.025554180145263672,0.7733333333333333,1.0
blood_transfusion,GA (NSGA-II),8,1857400983,122.46666666666667,4,7,15,2597,152.0,7.4792773723602295,0.8133333333333334,1.0
blood_transfusion,Random Search,8,1419976363,122.22666666666667,4,6,6,2597,152.0,10.307375192642212,0.8133333333333334,1.0
blood_transfusion,"GA (NSGA-II, archived)",8,366507926,116.74666666666667,2,3,3,2565,152.0,7.027028322219849,0.7733333333333333,1.0
blood_transfusion,CART (ccp path),8,1444641110,120.24000000000001,2,12,12,0,152.0,0.02978658676147461,0.8,1.0
blood_transfusion,GA (NSGA-II),9,1011214742,118.32432432432432,2,8,11,2530,152.0,8.619049787521362,0.7837837837837838,1.0
blood_transfusion,Random Search,9,713560334,116.3108108108108,1,5,5,2530,152.0,10.972961187362671,0.7702702702702703,1.0
blood_transfusion,"GA (NSGA-II, archived)",9,1407726023,120.2027027027027,3,3,3,2550,152.0,7.628385066986084,0.7972972972972973,1.0
blood_transfusion,CART (ccp path),9,469316114,116.3108108108108,1,12,12,0,152.0,0.025392770767211914,0.7702702702702703,1.0
blood_transfusion,GA (NSGA-II),10,1059909817,118.32432432432432,2,6,14,2551,152.0,6.549328565597534,0.7837837837837838,1.0
blood_transfusion,Random Search,10,557482074,116.3108108108108,1,7,7,2551,152.0,11.84285569190979,0.7702702702702703,1.0
blood_transfusion,"GA (NSGA-II, archived)",10,1652272856,118.21621621621621,2,6,6,2575,152.0,7.771246671676636,0.7837837837837838,1.0
blood_transfusion,CART (ccp path),10,1898600750,119.63513513513513,2,12,12,0,152.0,0.027002334594726562,0.7972972972972973,1.0
blood_transfusion,GA (NSGA-II),11,492821132,118.73333333333333,2,6,12,2533,152.0,7.591257810592651,0.7866666666666666,1.0
blood_transfusion,Random Search,11,83296197,118.70666666666666,3,4,4,2533,152.0,11.544425964355469,0.7866666666666666,1.0
blood_transfusion,"GA (NSGA-II, archived)",11,333892799,124.53333333333335,3,5,5,2547,152.0,8.246193885803223,0.8266666666666667,1.0
blood_transfusion,CART (ccp path),11,2146543897,129.16,2,12,12,0,152.0,0.026325464248657227,0.8666666666666667,1.0
blood_transfusion,GA (NSGA-II),12,1715131576,118.57333333333334,2,9,24,2590,152.0,7.695645809173584,0.7866666666666666,1.0
blood_transfusion,Random Search,12,2038399146,118.49333333333333,3,6,6,2590,152.0,11.264777660369873,0.7866666666666666,1.0
blood_transfusion,"GA (NSGA-II, archived)",12,1577597139,118.54666666666665,3,5,5,2585,152.0,7.346033334732056,0.7866666666666666,1.0
blood_transfusion,CART (ccp path),12,1454055144,114.76,1,12,12,0,152.0,0.033759355545043945,0.76,1.0
blood_transfusion,GA (NSGA-II),13,322348039,120.34666666666668,3,5,10,2535,152.0,6.957486391067505,0.8,1.0
blood_transfusion,Random Search,13,2061655,125.88000000000001,3,5,5,2535,152.0,10.33681583404541,0.84,1.0
blood_transfusion,"GA (NSGA-II, archived)",13,1584124868,114.76,1,5,5,2548,152.0,6.838623762130737,0.76,1.0
blood_transfusion,CART (ccp path),13,355464382,121.8,3,12,12,0,152.0,0.040145158767700195,0.8133333333333334,1.0
blood_transfusion,GA (NSGA-II),14,608565426,116.69333333333333,2,3,4,2493,152.0,6.7424914836883545,0.7733333333333333,1.0
blood_transfusion,Random Search,14,1032538376,114.76,1,5,5,2493,152.0,12.092938899993896,0.76,1.0
blood_transfusion,"GA (NSGA-II, archived)",14,950535452,116.72,2,4,4,2538,152.0,7.2460854053497314,0.7733333333333333,1.0
blood_transfusion,CART (ccp path),14,705873274,116.64,3,12,12,0,152.0,0.034316062927246094,0.8,1.0
blood_transfusion,GA (NSGA-II),15,1847989486,118.67999999999999,2,4,13,2572,152.0,6.93037486076355,0.7866666666666666,1.0
blood_transfusion,Random Search,15,1732664827,116.50666666666667,2,6,6,2572,152.0,11.782780885696411,0.7733333333333333,1.0
blood_transfusion,"GA (NSGA-II, archived)",15,1835008736,118.46666666666667,2,4,4,2547,152.0,7.681844234466553,0.7866666666666666,1.0
blood_transfusion,CART (ccp path),15,1786946270,118.30666666666666,3,12,12,0,152.0,0.02855825424194336,0.7866666666666666,1.0
blood_transfusion,GA (NSGA-II),16,220223534,118.73333333333333,2,5,12,2554,152.0,7.920132398605347,0.7866666666666666,1.0
blood_transfusion,Random Search,16,572551326,118.73333333333333,2,6,6,2554,152.0,10.980427980422974,0.7866666666666666,1.0
blood_transfusion,"GA (NSGA-II, archived)",16,1423690166,122.54666666666668,3,5,5,2526,152.0,8.65176773071289,0.8133333333333334,1.0
blood_transfusion,CART (ccp path),16,993665203,121.74666666666667,3,12,12,0,152.0,0.0533442497253418,0.8133333333333334,1.0
blood_transfusion,GA (NSGA-II),17,1799677120,116.72,2,7,23,2543,152.0,8.824043989181519,0.7733333333333333,1.0
blood_transfusion,Random Search,17,1210919683,114.76,1,5,5,2543,152.0,11.451080083847046,0.76,1.0
blood_transfusion,"GA (NSGA-II, archived)",17,1602502082,116.72,2,4,4,2540,152.0,8.268087387084961,0.7733333333333333,1.0
blood_transfusion,CART (ccp path),17,81952550,114.76,1,12,12,0,152.0,0.06874847412109375,0.76,1.0
blood_transfusion,GA (NSGA-II),18,490621792,116.72,2,5,19,2538,152.0,7.187610864639282,0.7733333333333333,1.0
blood_transfusion,Random Search,18,1358919198,118.38666666666667,3,6,6,2538,152.0,11.01783013343811,0.7866666666666666,1.0
blood_transfusion,"GA (NSGA-II, archived)",18,1884138059,114.76,1,2,2,2512,152.0,7.081285238265991,0.76,1.0
blood_transfusion,CART (ccp path),18,361476750,120.54666666666667,3,12,12,0,152.0,0.028317689895629883,0.8133333333333334,1.0
blood_transfusion,GA (NSGA-II),19,1790033809,122.32432432432432,3,9,21,2501,152.0,6.960481405258179,0.8108108108108109,1.0
blood_transfusion,Random Search,19,142075325,118.32432432432432,2,6,6,2501,152.0,12.361652612686157,0.7837837837837838,1.0
blood_transfusion,"GA (NSGA-II, archived)",19,2105637936,118.32432432432432,2,3,3,2558,152.0,7.969773530960083,0.7837837837837838,1.0
blood_transfusion,CART (ccp path),19,857597872,119.58108108108107,2,12,12,0,152.0,0.060517311096191406,0.7972972972972973,1.0
blood_transfusion,GA (NSGA-II),20,525593559,116.3108108108108,1,8,16,2549,152.0,8.50817084312439,0.7702702702702703,1.0
blood_transfusion,Random Search,20,804263280,116.3108108108108,1,4,4,2549,152.0,11.784169912338257,0.7702702702702703,1.0
blood_transfusion,"GA (NSGA-II, archived)",20,566405325,116.3108108108108,1,5,5,2534,152.0,8.415543556213379,0.7702702702702703,1.0
blood_transfusion,CART (ccp path),20,553282237,116.3108108108108,1,12,12,0,152.0,0.042724609375,0.7702702702702703,1.0
blood_transfusion,GA (NSGA-II),21,3569280,116.74666666666667,2,9,9,2556,152.0,7.836872816085815,0.7733333333333333,1.0
blood_transfusion,Random Search,21,1100100961,116.72,2,8,8,2556,152.0,10.688486337661743,0.7733333333333333,1.0
blood_transfusion,"GA (NSGA-II, archived)",21,455825,118.62666666666667,2,3,3,2554,152.0,8.66129732131958,0.7866666666666666,1.0
blood_transfusion,CART (ccp path),21,256396950,114.76,1,12,12,0,152.0,0.04383206367492676,0.76,1.0
blood_transfusion,GA (NSGA-II),22,1602014462,122.49333333333334,3,7,23,2536,152.0,7.857792854309082,0.8133333333333334,1.0
blood_transfusion,Random Search,22,1427507247,118.57333333333332,3,5,5,2536,152.0,12.9173002243042,0.7866666666666666,1.0
blood_transfusion,"GA (NSGA-II, archived)",22,95566506,120.66666666666669,3,5,5,2497,152.0,7.14577579498291,0.8,1.0
blood_transfusion,CART (ccp path),22,1589277518,114.98666666666666,2,12,12,0,152.0,0.062001943588256836,0.7733333333333333,1.0
blood_transfusion,GA (NSGA-II),23,1211114138,116.72,2,6,7,2593,152.0,9.305620193481445,0.7733333333333333,1.0
blood_transfusion,Random Search,23,267702727,116.74666666666667,2,4,4,2593,152.0,10.447349309921265,0.7733333333333333,1.0
blood_transfusion,"GA (NSGA-II, archived)",23,930478423,116.74666666666667,2,3,3,2551,152.0,7.703284502029419,0.7733333333333333,1.0
blood_transfusion,CART (ccp path),23,1068448006,114.76,1,12,12,0,152.0,0.02737259864807129,0.76,1.0
blood_transfusion,GA (NSGA-II),24,1335804582,114.76,1,5,7,2540,152.0,7.923819541931152,0.76,1.0
blood_transfusion,Random Search,24,1073891444,127.86666666666669,4,7,7,2540,152.0,12.812142848968506,0.8533333333333334,1.0
blood_transfusion,"GA (NSGA-II, archived)",24,1786145050,122.62666666666668,3,4,4,2522,152.0,6.750081777572632,0.8133333333333334,1.0
blood_transfusion,CART (ccp path),24,212081369,120.08000000000001,2,12,12,0,152.0,0.03703761100769043,0.8,1.0
blood_transfusion,GA (NSGA-II),25,1180904395,130.06666666666666,3,6,7,2554,152.0,8.657222747802734,0.8666666666666667,1.0
blood_transfusion,Random Search,25,931346523,118.33333333333333,3,5,5,2554,152.0,11.099741220474243,0.7866666666666666,1.0
blood_transfusion,"GA (NSGA-II, archived)",25,207842940,122.52000000000001,3,6,6,2525,152.0,7.626664638519287,0.8133333333333334,1.0
blood_transfusion,CART (ccp path),25,968913051,128.46666666666667,3,12,12,0,152.0,0.02988600730895996,0.8666666666666667,1.0
blood_transfusion,GA (NSGA-II),26,1032758288,114.76,1,5,17,2571,152.0,6.060017824172974,0.76,1.0
blood_transfusion,Random Search,26,1098442609,114.76,1,6,6,2571,152.0,11.697260618209839,0.76,1.0
blood_transfusion,"GA (NSGA-II, archived)",26,125017603,114.76,1,4,4,2573,152.0,7.990412473678589,0.76,1.0
blood_transfusion,CART (ccp path),26,2056719211,114.76,1,12,12,0,152.0,0.0377345085144043,0.76,1.0
blood_transfusion,GA (NSGA-II),27,1127893582,118.52,2,9,19,2551,152.0,7.78539514541626,0.7866666666666666,1.0
blood_transfusion,Random Search,27,1641696106,123.89333333333333,4,8,8,2551,152.0,11.857813358306885,0.8266666666666667,1.0
blood_transfusion,"GA (NSGA-II, archived)",27,1573461731,116.64,2,5,5,2536,152.0,7.026532888412476,0.7733333333333333,1.0
blood_transfusion,CART (ccp path),27,446089291,118.41333333333333,2,12,12,0,152.0,0.027486085891723633,0.7866666666666666,1.0
blood_transfusion,GA (NSGA-II),28,90197023,122.44000000000001,4,10,22,2518,152.0,8.079464435577393,0.8133333333333334,1.0
blood_transfusion,Random Search,28,726511203,118.41333333333333,3,5,5,2518,152.0,11.581193208694458,0.7866666666666666,1.0
blood_transfusion,"GA (NSGA-II, archived)",28,1593011426,122.28000000000002,4,6,6,2531,152.0,7.986572980880737,0.8133333333333334,1.0
blood_transfusion,CART (ccp path),28,2129763928,122.17333333333335,2,12,12,0,152.0,0.02855539321899414,0.8133333333333334,1.0
blood_transfusion,GA (NSGA-II),29,1970056532,116.3108108108108,1,5,29,2522,152.0,7.490542888641357,0.7702702702702703,1.0
blood_transfusion,Random Search,29,172147357,118.16216216216216,2,4,4,2522,152.0,10.957972288131714,0.7837837837837838,1.0
blood_transfusion,"GA (NSGA-II, archived)",29,1416023242,116.3108108108108,1,6,6,2546,152.0,7.21015477180481,0.7702702702702703,1.0
blood_transfusion,CART (ccp path),29,1425606214,116.3108108108108,1,12,12,0,152.0,0.028154611587524414,0.7702702702702703,1.0
blood_transfusion,GA (NSGA-II),30,1375958837,124.14864864864865,2,5,11,2558,152.0,7.902762413024902,0.8243243243243243,1.0
blood_transfusion,Random Search,30,1836258688,118.18918918918918,2,5,5,2558,152.0,10.309059619903564,0.7837837837837838,1.0
blood_transfusion,"GA (NSGA-II, archived)",30,79786215,120.28378378378378,2,3,3,2532,152.0,6.867666482925415,0.7972972972972973,1.0
blood_transfusion,CART (ccp path),30,2066972757,120.0135135135135,2,12,12,0,152.0,0.026041507720947266,0.7972972972972973,1.0
diabetes_pima,GA (NSGA-II),1,1303558389,53.87012987012987,3,7,10,2538,78.0,8.137388944625854,0.7012987012987013,1.0
diabetes_pima,Random Search,1,2016275149,53.935064935064936,3,4,4,2538,78.0,11.573980808258057,0.7142857142857143,1.0
diabetes_pima,"GA (NSGA-II, archived)",1,2067558719,54.63636363636364,3,3,3,2558,78.0,7.230461120605469,0.7142857142857143,1.0
diabetes_pima,CART (ccp path),1,887626525,55.46753246753247,3,12,12,0,78.0,0.043534040451049805,0.7402597402597403,1.0
diabetes_pima,GA (NSGA-II),2,64371559,55.81818181818182,3,8,9,2576,78.0,8.58566403388977,0.7272727272727273,1.0
diabetes_pima,Random Search,2,742624565,56.63636363636364,3,5,5,2576,78.0,12.381708145141602,0.7402597402597403,1.0
diabetes_pima,"GA (NSGA-II, archived)",2,1259379720,53.896103896103895,2,5,5,2550,78.0,7.704514503479004,0.7012987012987013,1.0
diabetes_pima,CART (ccp path),2,92710357,52.61038961038961,2,12,12,0,78.0,0.054818153381347656,0.6883116883116883,1.0
diabetes_pima,GA (NSGA-II),3,748696794,65.58441558441558,2,7,13,2567,78.0,10.507454872131348,0.8571428571428571,1.0
diabetes_pima,Random Search,3,321553345,61.58441558441559,3,6,6,2567,78.0,14.2111234664917,0.8051948051948052,1.0
diabetes_pima,"GA (NSGA-II, archived)",3,832742745,63.55844155844156,3,6,6,2615,78.0,8.06740427017212,0.8311688311688312,1.0
diabetes_pima,CART (ccp path),3,2097591045,56.09090909090909,2,12,12,0,78.0,0.1561415195465088,0.7402597402597403,1.0
diabetes_pima,GA (NSGA-II),4,1751954110,58.61038961038961,3,9,11,2558,78.0,9.454625844955444,0.7662337662337663,1.0
diabetes_pima,Random Search,4,1585205513,57.740259740259745,3,4,4,2558,78.0,13.447205781936646,0.7532467532467533,1.0
diabetes_pima,"GA (NSGA-II, archived)",4,738357667,54.87012987012987,2,3,3,2549,78.0,10.157440900802612,0.7142857142857143,1.0
diabetes_pima,CART (ccp path),4,487114555,59.8961038961039,4,12,12,0,78.0,0.10570955276489258,0.8311688311688312,1.0
diabetes_pima,GA (NSGA-II),5,664626691,57.298701298701296,4,8,14,2567,78.0,10.527644634246826,0.7532467532467533,1.0
diabetes_pima,Random Search,5,864551210,55.63636363636364,3,5,5,2567,78.0,11.583795070648193,0.7272727272727273,1.0
diabetes_pima,"GA (NSGA-II, archived)",5,972167526,54.87012987012987,2,3,3,2574,78.0,8.072319746017456,0.7142857142857143,1.0
diabetes_pima,CART (ccp path),5,67054483,54.961038961038966,4,12,12,0,78.0,0.06828474998474121,0.7532467532467533,1.0
diabetes_pima,GA (NSGA-II),6,793726524,57.7922077922078,2,7,11,2517,78.0,8.202334880828857,0.7532467532467533,1.0
diabetes_pima,Random Search,6,1948794187,59.22077922077923,3,5,5,2517,78.0,12.068988561630249,0.7792207792207793,1.0
diabetes_pima,"GA (NSGA-II, archived)",6,242046251,60.714285714285715,2,5,5,2546,78.0,8.581664800643921,0.7922077922077922,1.0
diabetes_pima,CART (ccp path),6,1514069207,54.01298701298702,3,12,12,0,78.0,0.10318589210510254,0.7662337662337663,1.0
diabetes_pima,GA (NSGA-II),7,1236165699,60.61038961038961,3,4,7,2519,78.0,9.285454273223877,0.7922077922077922,1.0
diabetes_pima,Random Search,7,722416552,58.76623376623377,2,4,4,2519,78.0,12.236908674240112,0.7662337662337663,1.0
diabetes_pima,"GA (NSGA-II, archived)",7,1005207037,60.48051948051948,4,6,6,2563,78.0,9.010864496231079,0.7922077922077922,1.0
diabetes_pima,CART (ccp path),7,1847554033,56.84415584415585,4,12,12,0,78.0,0.0535426139831543,0.7662337662337663,1.0
diabetes_pima,GA (NSGA-II),8,1273406147,57.7922077922078,2,3,3,2506,78.0,6.7530858516693115,0.7532467532467533,1.0
diabetes_pima,Random Search,8,1030672028,58.76623376623377,2,3,3,2506,78.0,13.27618670463562,0.7662337662337663,1.0
diabetes_pima,"GA (NSGA-II, archived)",8,940983508,60.63636363636364,4,5,5,2540,78.0,8.324007987976074,0.7922077922077922,1.0
diabetes_pima,CART (ccp path),8,518062354,57.18181818181818,4,12,12,0,78.0,0.04889082908630371,0.7662337662337663,1.0
diabetes_pima,GA (NSGA-II),9,1230044295,62.5,2,5,8,2563,78.0,9.3207266330719,0.8157894736842105,1.0
diabetes_pima,Random Search,9,50251549,62.5,2,5,5,2563,78.0,13.10678505897522,0.8157894736842105,1.0
diabetes_pima,"GA (NSGA-II, archived)",9,432809453,63.63157894736842,5,8,8,2528,78.0,8.902849197387695,0.8421052631578947,1.0
diabetes_pima,CART (ccp path),9,1146156880,63.0,2,12,12,0,78.0,0.06619429588317871,0.8421052631578947,1.0
diabetes_pima,GA (NSGA-II),10,279896787,54.55263157894737,3,6,7,2541,78.0,9.641494274139404,0.7105263157894737,1.0
diabetes_pima,Random Search,10,759157524,54.60526315789474,2,5,5,2541,78.0,11.985391616821289,0.7105263157894737,1.0
diabetes_pima,"GA (NSGA-II, archived)",10,1505905228,54.60526315789474,2,5,5,2536,78.0,9.616885900497437,0.7105263157894737,1.0
diabetes_pima,CART (ccp path),10,688318119,52.776315789473685,3,12,12,0,78.0,0.0636894702911377,0.6973684210526315,1.0
diabetes_pima,GA (NSGA-II),11,272434190,62.66233766233766,2,6,7,2531,78.0,7.894655704498291,0.8181818181818182,1.0
diabetes_pima,Random Search,11,2019651981,62.61038961038962,3,4,4,2531,78.0,13.272013187408447,0.8181818181818182,1.0
diabetes_pima,"GA (NSGA-II, archived)",11,1657437393,59.66233766233767,4,4,4,2575,78.0,8.556373834609985,0.7792207792207793,1.0
diabetes_pima,CART (ccp path),11,25368915,56.896103896103895,4,12,12,0,78.0,0.09744548797607422,0.7662337662337663,1.0
diabetes_pima,GA (NSGA-II),12,2106159584,52.922077922077925,2,5,6,2530,78.0,8.957394361495972,0.6883116883116883,1.0
diabetes_pima,Random Search,12,924525781,53.896103896103895,2,4,4,2530,78.0,13.135820627212524,0.7012987012987013,1.0
diabetes_pima,"GA (NSGA-II, archived)",12,40370861,52.922077922077925,2,3,3,2565,78.0,8.529464721679688,0.6883116883116883,1.0
diabetes_pima,CART (ccp path),12,1970471091,54.766233766233775,4,12,12,0,78.0,0.05033445358276367,0.7402597402597403,1.0
diabetes_pima,GA (NSGA-II),13,386536748,59.740259740259745,2,8,8,2529,78.0,7.649847984313965,0.7792207792207793,1.0
diabetes_pima,Random Search,13,1839854404,55.84415584415585,2,5,5,2529,78.0,13.04148244857788,0.7272727272727273,1.0
diabetes_pima,"GA (NSGA-II, archived)",13,1253088258,61.63636363636364,3,6,6,2575,78.0,8.340636491775513,0.8051948051948052,1.0
diabetes_pima,CART (ccp path),13,391598874,59.87012987012987,4,12,12,0,78.0,0.06841516494750977,0.8051948051948052,1.0
diabetes_pima,GA (NSGA-II),14,422989303,61.883116883116884,3,5,6,2560,78.0,8.853889465332031,0.8181818181818182,1.0
diabetes_pima,Random Search,14,1386287470,57.32467532467533,3,4,4,2560,78.0,14.374541282653809,0.7532467532467533,1.0
diabetes_pima,"GA (NSGA-II, archived)",14,216653336,56.61038961038961,4,5,5,2593,78.0,10.539207935333252,0.7402597402597403,1.0
diabetes_pima,CART (ccp path),14,1949768553,59.50649350649351,3,12,12,0,78.0,0.05643486976623535,0.8051948051948052,1.0
diabetes_pima,GA (NSGA-II),15,1257634627,55.84415584415585,2,4,4,2545,78.0,9.332813262939453,0.7272727272727273,1.0
diabetes_pima,Random Search,15,1803212195,59.740259740259745,2,4,4,2545,78.0,13.235876083374023,0.7792207792207793,1.0
diabetes_pima,"GA (NSGA-II, archived)",15,1423869278,61.376623376623385,3,5,5,2555,78.0,10.371868371963501,0.8051948051948052,1.0
diabetes_pima,CART (ccp path),15,880883854,54.85714285714286,4,12,12,0,78.0,0.10757803916931152,0.7532467532467533,1.0
diabetes_pima,GA (NSGA-II),16,1299643159,58.68831168831169,3,6,9,2541,78.0,9.042658805847168,0.7662337662337663,1.0
diabetes_pima,Random Search,16,943138913,58.63636363636364,3,5,5,2541,78.0,15.169771671295166,0.7662337662337663,1.0
diabetes_pima,"GA (NSGA-II, archived)",16,184272610,59.740259740259745,2,3,3,2579,78.0,8.931797742843628,0.7792207792207793,1.0
diabetes_pima,CART (ccp path),16,1464329760,60.61038961038961,3,12,12,0,78.0,0.05856060981750488,0.8181818181818182,1.0
diabetes_pima,GA (NSGA-II),17,470220048,57.532467532467535,5,6,8,2544,78.0,10.464606523513794,0.7532467532467533,1.0
diabetes_pima,Random Search,17,1178508187,55.84415584415585,2,5,5,2544,78.0,12.251702547073364,0.7272727272727273,1.0
diabetes_pima,"GA (NSGA-II, archived)",17,10730858,55.84415584415585,2,3,3,2595,78.0,7.886852979660034,0.7272727272727273,1.0
diabetes_pima,CART (ccp path),17,1912985185,53.37662337662338,2,12,12,0,78.0,0.06454586982727051,0.7012987012987013,1.0
diabetes_pima,GA (NSGA-II),18,578539962,57.7922077922078,2,3,4,2593,78.0,9.579747438430786,0.7532467532467533,1.0
diabetes_pima,Random Search,18,1810591283,59.53246753246754,3,5,5,2593,78.0,14.692880392074585,0.7792207792207793,1.0
diabetes_pima,"GA (NSGA-II, archived)",18,931050145,56.766233766233775,3,4,4,2560,78.0,8.795040845870972,0.7402597402597403,1.0
diabetes_pima,CART (ccp path),18,1127584228,57.83116883116883,2,12,12,0,78.0,0.08168888092041016,0.7662337662337663,1.0
diabetes_pima,GA (NSGA-II),19,1701553027,56.473684210526315,3,9,13,2551,78.0,8.789231538772583,0.7368421052631579,1.0
diabetes_pima,Random Search,19,1781897925,51.64473684210526,2,5,5,2551,78.0,13.758258819580078,0.6710526315789473,1.0
diabetes_pima,"GA (NSGA-II, archived)",19,1002637285,52.526315789473685,2,4,4,2569,78.0,7.7944886684417725,0.6842105263157895,1.0
diabetes_pima,CART (ccp path),19,106977114,57.71052631578948,2,12,12,0,78.0,0.09905147552490234,0.7631578947368421,1.0
diabetes_pima,GA (NSGA-II),20,1548174750,58.47368421052632,3,9,9,2567,78.0,8.526921510696411,0.7631578947368421,1.0
diabetes_pima,Random Search,20,1467982566,58.026315789473685,3,4,4,2567,78.0,15.525360345840454,0.7631578947368421,1.0
diabetes_pima,"GA (NSGA-II, archived)",20,1097626335,57.53947368421053,3,3,3,2596,78.0,9.172725200653076,0.75,1.0
diabetes_pima,CART (ccp path),20,492628700,58.828947368421055,2,12,12,0,78.0,0.1566026210784912,0.7763157894736842,1.0
diabetes_pima,GA (NSGA-II),21,1162351384,55.84415584415585,2,11,14,2588,78.0,9.910932302474976,0.7272727272727273,1.0
diabetes_pima,Random Search,21,375395233,56.324675324675326,4,7,7,2588,78.0,12.606747388839722,0.7402597402597403,1.0
diabetes_pima,"GA (NSGA-II, archived)",21,1224867387,54.84415584415584,3,3,3,2566,78.0,8.864193201065063,0.7142857142857143,1.0
diabetes_pima,CART (ccp path),21,1972834393,54.1948051948052,3,12,12,0,78.0,0.11516833305358887,0.7142857142857143,1.0
diabetes_pima,GA (NSGA-II),22,184245173,59.740259740259745,2,3,4,2554,78.0,9.09345006942749,0.7792207792207793,1.0
diabetes_pima,Random Search,22,1106139392,59.07792207792208,3,4,4,2554,78.0,12.420048952102661,0.7922077922077922,1.0
diabetes_pima,"GA (NSGA-II, archived)",22,1508444044,57.7922077922078,2,3,3,2569,78.0,9.377653121948242,0.7532467532467533,1.0
diabetes_pima,CART (ccp path),22,404417104,55.909090909090914,2,12,12,0,78.0,0.11213040351867676,0.7402597402597403,1.0
diabetes_pima,GA (NSGA-II),23,46173834,60.714285714285715,2,6,7,2559,78.0,9.32675552368164,0.7922077922077922,1.0
diabetes_pima,Random Search,23,2013625009,50.97402597402598,2,5,5,2559,78.0,14.867903470993042,0.6623376623376623,1.0
diabetes_pima,"GA (NSGA-II, archived)",23,1785555366,62.66233766233766,2,4,4,2599,78.0,9.07184386253357,0.8181818181818182,1.0
diabetes_pima,CART (ccp path),23,1968078287,59.57142857142858,2,12,12,0,78.0,0.0459902286529541,0.7922077922077922,1.0
diabetes_pima,GA (NSGA-II),24,1052569954,59.63636363636364,3,5,6,2606,78.0,9.40865159034729,0.7792207792207793,1.0
diabetes_pima,Random Search,24,823004339,56.32467532467533,3,5,5,2606,78.0,14.365351438522339,0.7402597402597403,1.0
diabetes_pima,"GA (NSGA-II, archived)",24,1555160217,57.7922077922078,2,4,4,2586,78.0,8.024325370788574,0.7532467532467533,1.0
diabetes_pima,CART (ccp path),24,1792396495,61.57142857142857,3,12,12,0,78.0,0.04887223243713379,0.8441558441558441,1.0
diabetes_pima,GA (NSGA-II),25,1285870496,57.7922077922078,2,5,6,2527,78.0,7.665593147277832,0.7532467532467533,1.0
diabetes_pima,Random Search,25,843571622,59.24675324675325,4,6,6,2527,78.0,12.18679165840149,0.7792207792207793,1.0
diabetes_pima,"GA (NSGA-II, archived)",25,1964060429,57.58441558441559,3,5,5,2501,78.0,7.870532512664795,0.7532467532467533,1.0
diabetes_pima,CART (ccp path),25,655590610,57.57142857142858,3,12,12,0,78.0,0.11565160751342773,0.7662337662337663,1.0
diabetes_pima,GA (NSGA-II),26,203266802,54.84415584415584,3,6,8,2547,78.0,8.586413621902466,0.7142857142857143,1.0
diabetes_pima,Random Search,26,374542617,52.922077922077925,2,3,3,2547,78.0,12.064109563827515,0.6883116883116883,1.0
diabetes_pima,"GA (NSGA-II, archived)",26,90788889,57.45454545454545,4,5,5,2557,78.0,8.042350053787231,0.7532467532467533,1.0
diabetes_pima,CART (ccp path),26,1164727041,55.77922077922078,3,12,12,0,78.0,0.04837441444396973,0.7402597402597403,1.0
diabetes_pima,GA (NSGA-II),27,1086890404,57.740259740259745,3,4,14,2523,78.0,7.130184888839722,0.7532467532467533,1.0
diabetes_pima,Random Search,27,606267365,56.766233766233775,3,5,5,2523,78.0,11.837526798248291,0.7402597402597403,1.0
diabetes_pima,"GA (NSGA-II, archived)",27,1486507879,55.84415584415585,2,3,3,2541,78.0,8.882412195205688,0.7272727272727273,1.0
diabetes_pima,CART (ccp path),27,1173325717,57.1948051948052,4,12,12,0,78.0,0.043999671936035156,0.7792207792207793,1.0
diabetes_pima,GA (NSGA-II),28,1732208440,60.714285714285715,2,10,14,2558,78.0,8.240479230880737,0.7922077922077922,1.0
diabetes_pima,Random Search,28,1634763028,60.714285714285715,2,5,5,2558,78.0,11.824904441833496,0.7922077922077922,1.0
diabetes_pima,"GA (NSGA-II, archived)",28,1949057209,60.714285714285715,2,4,4,2580,78.0,9.827940464019775,0.7922077922077922,1.0
diabetes_pima,CART (ccp path),28,32334084,56.09090909090909,2,12,12,0,78.0,0.049826860427856445,0.7402597402597403,1.0
diabetes_pima,GA (NSGA-II),29,1743054330,58.50000000000001,3,4,6,2530,78.0,8.708409070968628,0.7631578947368421,1.0
diabetes_pima,Random Search,29,965813125,55.5921052631579,2,5,5,2530,78.0,11.157297611236572,0.7236842105263158,1.0
diabetes_pima,"GA (NSGA-II, archived)",29,1059629171,58.184210526315795,4,4,4,2510,78.0,8.372840404510498,0.7631578947368421,1.0
diabetes_pima,CART (ccp path),29,1633198590,59.473684210526315,2,12,12,0,78.0,0.11195254325866699,0.7894736842105263,1.0
diabetes_pima,GA (NSGA-II),30,634982163,59.43421052631579,3,4,5,2573,78.0,9.745083332061768,0.7763157894736842,1.0
diabetes_pima,Random Search,30,734894020,58.19736842105263,3,4,4,2573,78.0,12.315078496932983,0.7763157894736842,1.0
diabetes_pima,"GA (NSGA-II, archived)",30,59145639,57.51315789473684,3,4,4,2503,78.0,7.287150859832764,0.75,1.0
diabetes_pima,CART (ccp path),30,1973404013,59.21052631578948,3,12,12,0,78.0,0.09754300117492676,0.7894736842105263,1.0
analcatdata_dmft,GA (NSGA-II),1,215425272,51.0,1,7,8,2546,256.0,8.175586223602295,0.2,1.0
analcatdata_dmft,Random Search,1,964812435,66.6625,3,8,8,2546,256.0,9.84104871749878,0.2625,1.0
analcatdata_dmft,"GA (NSGA-II, archived)",1,1419900276,60.21249999999999,3,7,7,2596,256.0,9.563031911849976,0.2375,1.0
analcatdata_dmft,CART (ccp path),1,1496289830,56.225,2,12,12,0,256.0,0.03839397430419922,0.225,1.0
analcatdata_dmft,GA (NSGA-II),2,834174823,66.5125,3,8,10,2580,256.0,8.882052183151245,0.2625,1.0
analcatdata_dmft,Random Search,2,1429252514,54.162499999999994,2,5,5,2580,256.0,11.080965280532837,0.2125,1.0
analcatdata_dmft,"GA (NSGA-II, archived)",2,2045514424,57.099999999999994,3,7,7,2551,256.0,10.444361209869385,0.225,1.0
analcatdata_dmft,CART (ccp path),2,1158616205,55.075,4,12,12,0,256.0,0.035479068756103516,0.25,1.0
analcatdata_dmft,GA (NSGA-II),3,726940447,60.1125,3,9,9,2598,256.0,10.045317649841309,0.2375,1.0
analcatdata_dmft,Random Search,3,1880815288,69.25,3,7,7,2598,256.0,12.491999864578247,0.275,1.0
analcatdata_dmft,"GA (NSGA-II, archived)",3,1766011929,57.225,2,8,8,2560,256.0,8.530700206756592,0.225,1.0
analcatdata_dmft,CART (ccp path),3,839500903,51.0,1,12,12,0,256.0,0.037880897521972656,0.2,1.0
analcatdata_dmft,GA (NSGA-II),4,842123150,54.137499999999996,2,5,5,2480,256.0,9.39607834815979,0.2125,1.0
analcatdata_dmft,Random Search,4,978007394,66.5375,3,5,5,2480,256.0,10.092896938323975,0.2625,1.0
analcatdata_dmft,"GA (NSGA-II, archived)",4,1577560249,63.65,2,6,6,2532,256.0,7.225337982177734,0.25,1.0
analcatdata_dmft,CART (ccp path),4,1914062939,58.68749999999999,3,12,12,0,256.0,0.02489757537841797,0.2375,1.0
analcatdata_dmft,GA (NSGA-II),5,678960115,60.31249999999999,4,10,11,2560,256.0,9.094149827957153,0.2375,1.0
analcatdata_dmft,Random Search,5,524528944,54.037499999999994,2,5,5,2560,256.0,10.44546627998352,0.2125,1.0
analcatdata_dmft,"GA (NSGA-II, archived)",5,1520673050,63.05,4,8,8,2587,256.0,10.899828672409058,0.25,1.0
analcatdata_dmft,CART (ccp path),5,1955272850,71.19999999999999,3,12,12,0,256.0,0.029709815979003906,0.3,1.0
analcatdata_dmft,GA (NSGA-II),6,1318570341,57.25,3,10,11,2570,256.0,8.620381593704224,0.225,1.0
analcatdata_dmft,Random Search,6,1553962813,75.39999999999999,3,5,5,2570,256.0,11.478011131286621,0.3,1.0
analcatdata_dmft,"GA (NSGA-II, archived)",6,1540049480,69.525,5,7,7,2583,256.0,10.974292993545532,0.275,1.0
analcatdata_dmft,CART (ccp path),6,155355815,63.75,4,12,12,0,256.0,0.06394577026367188,0.275,1.0
analcatdata_dmft,GA (NSGA-II),7,2053909922,66.6375,2,7,8,2551,256.0,8.575120687484741,0.2625,1.0
analcatdata_dmft,Random Search,7,775335105,56.725,3,8,8,2551,256.0,10.576534271240234,0.225,1.0
analcatdata_dmft,"GA (NSGA-II, archived)",7,1104882334,47.8125,1,6,6,2564,256.0,7.393303394317627,0.1875,1.0
analcatdata_dmft,CART (ccp path),7,742424644,50.5,2,12,12,0,256.0,0.055341482162475586,0.2,1.0
analcatdata_dmft,GA (NSGA-II),8,1910837648,60.77215189873417,4,8,11,2606,256.0,9.282840728759766,0.24050632911392406,1.0
analcatdata_dmft,Random Search,8,394150880,54.82278481012658,2,6,6,2606,256.0,10.144691705703735,0.21518987341772153,1.0
analcatdata_dmft,"GA (NSGA-II, archived)",8,1299708547,57.82278481012658,4,8,8,2540,256.0,7.931269407272339,0.22784810126582278,1.0
analcatdata_dmft,CART (ccp path),8,1676786677,48.962025316455694,2,12,12,0,256.0,0.04028010368347168,0.20253164556962025,1.0
analcatdata_dmft,GA (NSGA-II),9,1706656186,64.35443037974683,3,9,9,2562,256.0,8.276411294937134,0.25316455696202533,1.0
analcatdata_dmft,Random Search,9,1823242804,60.82278481012658,2,5,5,2562,256.0,10.342535972595215,0.24050632911392406,1.0
analcatdata_dmft,"GA (NSGA-II, archived)",9,738593949,67.50632911392404,4,9,9,2496,256.0,9.991909742355347,0.26582278481012656,1.0
analcatdata_dmft,CART (ccp path),9,533026938,56.53164556962025,3,12,12,0,256.0,0.08268928527832031,0.22784810126582278,1.0
analcatdata_dmft,GA (NSGA-II),10,1601997485,54.77215189873418,2,10,12,2549,256.0,9.091775894165039,0.21518987341772153,1.0
analcatdata_dmft,Random Search,10,1716323328,54.77215189873418,2,6,6,2549,256.0,9.758176326751709,0.21518987341772153,1.0
analcatdata_dmft,"GA (NSGA-II, archived)",10,1978279304,54.77215189873418,2,7,7,2541,256.0,8.938502788543701,0.21518987341772153,1.0
analcatdata_dmft,CART (ccp path),10,1217263184,50.88607594936708,2,12,12,0,256.0,0.023882389068603516,0.20253164556962025,1.0
analcatdata_dmft,GA (NSGA-II),11,1562222829,57.225,2,6,6,2543,256.0,9.014750003814697,0.225,1.0
analcatdata_dmft,Random Search,11,1351686870,78.51249999999999,4,6,6,2543,256.0,10.280901193618774,0.3125,1.0
analcatdata_dmft,"GA (NSGA-II, archived)",11,378696345,72.76249999999999,5,8,8,2527,256.0,8.420518398284912,0.2875,1.0
analcatdata_dmft,CART (ccp path),11,1346675420,58.68749999999999,2,12,12,0,256.0,0.06623721122741699,0.2375,1.0
analcatdata_dmft,GA (NSGA-II),12,752356577,54.162499999999994,2,10,11,2581,256.0,9.642681121826172,0.2125,1.0
analcatdata_dmft,Random Search,12,108316014,54.0875,2,5,5,2581,256.0,12.442836999893188,0.2125,1.0
analcatdata_dmft,"GA (NSGA-II, archived)",12,1918379867,51.0,1,5,5,2503,256.0,7.623180150985718,0.2,1.0
analcatdata_dmft,CART (ccp path),12,402067247,59.3375,3,12,12,0,256.0,0.02571702003479004,0.2625,1.0
analcatdata_dmft,GA (NSGA-II),13,319566633,51.0,1,6,6,2562,256.0,8.114393711090088,0.2,1.0
analcatdata_dmft,Random Search,13,304726658,51.0,1,5,5,2562,256.0,10.133554697036743,0.2,1.0
analcatdata_dmft,"GA (NSGA-II, archived)",13,1470325943,51.0,1,6,6,2542,256.0,9.148365259170532,0.2,1.0
analcatdata_dmft,CART (ccp path),13,10828817,59.224999999999994,3,12,12,0,256.0,0.031777381896972656,0.25,1.0
analcatdata_dmft,GA (NSGA-II),14,1140611223,63.55,2,20,24,2580,256.0,11.287207841873169,0.25,1.0
analcatdata_dmft,Random Search,14,140142256,66.7375,3,5,5,2580,256.0,11.839810132980347,0.2625,1.0
analcatdata_dmft,"GA (NSGA-II, archived)",14,1831876590,63.425,4,7,7,2482,256.0,9.666350364685059,0.25,1.0
analcatdata_dmft,CART (ccp path),14,1229164527,63.6125,3,12,12,0,256.0,0.10396075248718262,0.2625,1.0
analcatdata_dmft,GA (NSGA-II),15,2039406517,72.96249999999999,2,6,7,2571,256.0,9.226166725158691,0.2875,1.0
analcatdata_dmft,Random Search,15,544615552,79.21249999999999,3,8,8,2571,256.0,11.073835849761963,0.3125,1.0
analcatdata_dmft,"GA (NSGA-II, archived)",15,1792362560,79.0625,3,6,6,2496,256.0,9.495259046554565,0.3125,1.0
analcatdata_dmft,CART (ccp path),15,1938825528,64.575,2,12,12,0,256.0,0.026593446731567383,0.275,1.0
analcatdata_dmft,GA (NSGA-II),16,1093781151,81.825,6,9,9,2572,256.0,9.339388132095337,0.325,1.0
analcatdata_dmft,Random Search,16,803863721,66.0875,3,6,6,2572,256.0,11.748791456222534,0.2625,1.0
analcatdata_dmft,"GA (NSGA-II, archived)",16,787734377,72.96249999999999,3,5,5,2496,256.0,9.721559762954712,0.2875,1.0
analcatdata_dmft,CART (ccp path),16,1524038683,51.3375,3,12,12,0,256.0,0.0505678653717041,0.2125,1.0
analcatdata_dmft,GA (NSGA-II),17,1139194025,63.55,3,9,9,2628,256.0,9.153099536895752,0.25,1.0
analcatdata_dmft,Random Search,17,1965659569,63.55,3,5,5,2628,256.0,12.79701280593872,0.25,1.0
analcatdata_dmft,"GA (NSGA-II, archived)",17,1872402132,75.8,5,6,6,2567,256.0,9.227684736251831,0.3,1.0
analcatdata_dmft,CART (ccp path),17,1537694259,53.2375,2,12,12,0,256.0,0.08058357238769531,0.2125,1.0
analcatdata_dmft,GA (NSGA-II),18,725237850,60.89873417721519,4,13,17,2548,256.0,8.55230164527893,0.24050632911392406,1.0
analcatdata_dmft,Random Search,18,209699720,57.87341772151898,3,7,7,2548,256.0,11.335941076278687,0.22784810126582278,1.0
analcatdata_dmft,"GA (NSGA-II, archived)",18,1584505597,57.92405063291139,4,5,5,2585,256.0,8.74051284790039,0.22784810126582278,1.0
analcatdata_dmft,CART (ccp path),18,676599843,60.848101265822784,4,12,12,0,256.0,0.09238767623901367,0.26582278481012656,1.0
analcatdata_dmft,GA (NSGA-II),19,2013508948,58.0253164556962,2,5,5,2551,256.0,9.23013162612915,0.22784810126582278,1.0
analcatdata_dmft,Random Search,19,529461851,54.67088607594937,2,5,5,2551,256.0,10.439217567443848,0.21518987341772153,1.0
analcatdata_dmft,"GA (NSGA-II, archived)",19,436788487,54.67088607594936,3,7,7,2549,256.0,8.61839509010315,0.21518987341772153,1.0
analcatdata_dmft,CART (ccp path),19,1436049596,48.43037974683544,2,12,12,0,256.0,0.06892228126525879,0.20253164556962025,1.0
analcatdata_dmft,GA (NSGA-II),20,605784296,58.0253164556962,2,7,8,2525,256.0,10.222883462905884,0.22784810126582278,1.0
analcatdata_dmft,Random Search,20,1181248014,70.0759493670886,4,6,6,2525,256.0,10.7526113986969,0.27848101265822783,1.0
analcatdata_dmft,"GA (NSGA-II, archived)",20,744710970,54.79746835443038,3,7,7,2570,256.0,9.875441074371338,0.21518987341772153,1.0
analcatdata_dmft,CART (ccp path),20,636677540,64.16455696202532,3,12,12,0,256.0,0.06837296485900879,0.26582278481012656,1.0
analcatdata_dmft,GA (NSGA-II),21,226397121,54.137499999999996,2,11,11,2559,256.0,10.091003656387329,0.2125,1.0
analcatdata_dmft,Random Search,21,2031466468,51.0,1,5,5,2559,256.0,10.45560097694397,0.2,1.0
analcatdata_dmft,"GA (NSGA-II, archived)",21,376709553,57.324999999999996,2,6,6,2587,256.0,9.574918031692505,0.225,1.0
analcatdata_dmft,CART (ccp path),21,452119994,56.275,2,12,12,0,256.0,0.07413411140441895,0.225,1.0
analcatdata_dmft,GA (NSGA-II),22,664268800,51.0,1,10,13,2540,256.0,8.904568672180176,0.2,1.0
analcatdata_dmft,Random Search,22,1194864433,69.85,3,6,6,2540,256.0,9.982459545135498,0.275,1.0
analcatdata_dmft,"GA (NSGA-II, archived)",22,358888455,57.1,3,7,7,2572,256.0,9.326744794845581,0.225,1.0
analcatdata_dmft,CART (ccp path),22,618233157,51.0,1,12,12,0,256.0,0.041780948638916016,0.2,1.0
analcatdata_dmft,GA (NSGA-II),23,623447782,54.1125,2,6,7,2563,256.0,9.803264141082764,0.2125,1.0
analcatdata_dmft,Random Search,23,1685279508,60.46249999999999,3,5,5,2563,256.0,10.973958730697632,0.2375,1.0
analcatdata_dmft,"GA (NSGA-II, archived)",23,1818504218,57.2,3,7,7,2472,256.0,7.600376844406128,0.225,1.0
analcatdata_dmft,CART (ccp path),23,1270058196,61.849999999999994,2,12,12,0,256.0,0.024727344512939453,0.25,1.0
analcatdata_dmft,GA (NSGA-II),24,1089470149,66.7125,3,7,8,2591,256.0,9.28737998008728,0.2625,1.0
analcatdata_dmft,Random Search,24,621985317,75.425,3,7,7,2591,256.0,9.659669876098633,0.3,1.0
analcatdata_dmft,"GA (NSGA-II, archived)",24,515133076,66.7125,3,6,6,2542,256.0,7.813567638397217,0.2625,1.0
analcatdata_dmft,CART (ccp path),24,2125160075,63.3375,3,12,12,0,256.0,0.026622295379638672,0.2625,1.0
analcatdata_dmft,GA (NSGA-II),25,902607987,57.324999999999996,2,9,10,2524,256.0,8.860708951950073,0.225,1.0
analcatdata_dmft,Random Search,25,1523189138,63.55,3,6,6,2524,256.0,11.363741397857666,0.25,1.0
analcatdata_dmft,"GA (NSGA-II, archived)",25,1552653459,69.825,2,6,6,2597,256.0,8.379656076431274,0.275,1.0
analcatdata_dmft,CART (ccp path),25,1750353820,64.225,4,12,12,0,256.0,0.025925874710083008,0.275,1.0
analcatdata_dmft,GA (NSGA-II),26,293908811,57.275,3,4,4,2549,256.0,7.897992849349976,0.225,1.0
analcatdata_dmft,Random Search,26,108136830,60.4625,2,5,5,2549,256.0,9.305688381195068,0.2375,1.0
analcatdata_dmft,"GA (NSGA-II, archived)",26,1953323271,63.275000000000006,3,6,6,2543,256.0,8.624910593032837,0.25,1.0
analcatdata_dmft,CART (ccp path),26,2049040808,50.7375,2,12,12,0,256.0,0.03189206123352051,0.2125,1.0
analcatdata_dmft,GA (NSGA-II),27,772332207,54.137499999999996,2,4,4,2589,256.0,7.727838039398193,0.2125,1.0
analcatdata_dmft,Random Search,27,324544627,63.425,3,6,6,2589,256.0,10.863116025924683,0.25,1.0
analcatdata_dmft,"GA (NSGA-II, archived)",27,926206612,63.125,2,6,6,2588,256.0,7.640011787414551,0.25,1.0
analcatdata_dmft,CART (ccp path),27,1740535364,49.575,2,12,12,0,256.0,0.04008769989013672,0.2,1.0
analcatdata_dmft,GA (NSGA-II),28,2111471787,48.41772151898734,1,8,8,2565,256.0,8.402796506881714,0.189873417721519,1.0
analcatdata_dmft,Random Search,28,773713467,54.72151898734177,3,5,5,2565,256.0,8.95182490348816,0.21518987341772153,1.0
analcatdata_dmft,"GA (NSGA-II, archived)",28,1704035153,61.12658227848101,4,7,7,2611,256.0,8.677076816558838,0.24050632911392406,1.0
analcatdata_dmft,CART (ccp path),28,1024947977,66.41772151898734,2,12,12,0,256.0,0.058312416076660156,0.26582278481012656,1.0
analcatdata_dmft,GA (NSGA-II),29,1105333859,54.56962025316455,3,7,7,2535,256.0,8.123419046401978,0.21518987341772153,1.0
analcatdata_dmft,Random Search,29,1364985222,51.56962025316455,2,6,6,2535,256.0,9.453063726425171,0.20253164556962025,1.0
analcatdata_dmft,"GA (NSGA-II, archived)",29,1662725890,54.69620253164557,3,7,7,2529,256.0,8.261191606521606,0.21518987341772153,1.0
analcatdata_dmft,CART (ccp path),29,988214079,48.41772151898734,1,12,12,0,256.0,0.0593256950378418,0.189873417721519,1.0
analcatdata_dmft,GA (NSGA-II),30,1597860815,61.177215189873415,3,7,7,2588,256.0,9.403513431549072,0.24050632911392406,1.0
analcatdata_dmft,Random Search,30,614606101,78.84810126582279,4,6,6,2588,256.0,11.431496620178223,0.31645569620253167,1.0
analcatdata_dmft,"GA (NSGA-II, archived)",30,938726751,64.43037974683544,2,6,6,2480,256.0,8.145230531692505,0.25316455696202533,1.0
analcatdata_dmft,CART (ccp path),30,216071596,53.48101265822785,3,12,12,0,256.0,0.02410411834716797,0.21518987341772153,1.0
vehicle,GA (NSGA-II),1,265592756,96.67058823529413,6,8,8,2582,154.0,9.763331413269043,0.6470588235294118,1.0
vehicle,Random Search,1,1581535203,89.25882352941176,5,7,7,2582,154.0,12.954760313034058,0.6,1.0
vehicle,"GA (NSGA-II, archived)",1,288230271,94.98823529411763,6,10,10,2512,154.0,9.174308061599731,0.6352941176470588,1.0
vehicle,CART (ccp path),1,2072168029,98.57647058823528,3,12,12,0,154.0,0.2020556926727295,0.6941176470588235,1.0
vehicle,GA (NSGA-II),2,1808516015,105.83529411764705,7,10,11,2547,154.0,10.393417119979858,0.7058823529411765,1.0
vehicle,Random Search,2,932010638,88.56470588235294,6,8,8,2547,154.0,11.454946994781494,0.611764705882353,1.0
vehicle,"GA (NSGA-II, archived)",2,1980989016,88.91764705882353,4,7,7,2603,154.0,8.938494443893433,0.5882352941176471,1.0
vehicle,CART (ccp path),2,1760068464,102.65882352941176,4,12,12,0,154.0,0.15700864791870117,0.7294117647058823,1.0
vehicle,GA (NSGA-II),3,1674877650,94.01176470588236,5,6,7,2479,154.0,9.550678014755249,0.6235294117647059,1.0
vehicle,Random Search,3,485867394,82.91764705882352,7,10,10,2479,154.0,12.209309101104736,0.5647058823529412,1.0
vehicle,"GA (NSGA-II, archived)",3,2070225922,86.85882352941175,6,6,6,2506,154.0,10.807522535324097,0.5764705882352941,1.0
vehicle,CART (ccp path),3,1553214215,106.15294117647059,7,12,12,0,154.0,0.07286810874938965,0.7647058823529411,1.0
vehicle,GA (NSGA-II),4,1489073259,101.9764705882353,5,9,9,2507,154.0,11.53807520866394,0.6823529411764706,1.0
vehicle,Random Search,4,425417463,90.69411764705882,6,8,8,2507,154.0,12.68161916732788,0.6235294117647059,1.0
vehicle,"GA (NSGA-II, archived)",4,2016030190,93.54117647058823,5,6,6,2537,154.0,10.121425151824951,0.6235294117647059,1.0
vehicle,CART (ccp path),4,123131294,101.36470588235295,5,12,12,0,154.0,0.09679055213928223,0.7294117647058823,1.0
vehicle,GA (NSGA-II),5,1237648531,90.2470588235294,4,11,12,2556,154.0,10.928351163864136,0.6,1.0
vehicle,Random Search,5,505875756,84.68235294117648,7,11,11,2556,154.0,12.79715633392334,0.5882352941176471,1.0
vehicle,"GA (NSGA-II, archived)",5,1985608959,88.68235294117646,4,8,8,2596,154.0,11.331559658050537,0.5882352941176471,1.0
vehicle,CART (ccp path),5,465515958,97.21176470588235,4,12,12,0,154.0,0.26979994773864746,0.6941176470588235,1.0
vehicle,GA (NSGA-II),6,1009963262,85.98823529411764,6,8,9,2560,154.0,9.594959259033203,0.5764705882352941,1.0
vehicle,Random Search,6,1593123708,94.17647058823529,6,11,11,2560,154.0,12.134082078933716,0.6470588235294118,1.0
vehicle,"GA (NSGA-II, archived)",6,1261904322,87.14117647058823,4,6,6,2586,154.0,8.675779342651367,0.5764705882352941,1.0
vehicle,CART (ccp path),6,559249562,110.95294117647059,6,12,12,0,154.0,0.13731789588928223,0.8117647058823529,1.0
vehicle,GA (NSGA-II),7,1755754089,96.45238095238098,7,9,13,2541,154.0,10.335186243057251,0.6428571428571429,1.0
vehicle,Random Search,7,1948293414,100.64285714285714,6,11,11,2541,154.0,11.973673105239868,0.6904761904761905,1.0
vehicle,"GA (NSGA-II, archived)",7,487894693,86.23809523809524,4,6,6,2518,154.0,9.560034275054932,0.5714285714285714,1.0
vehicle,CART (ccp path),7,1930083672,107.98809523809524,7,12,12,0,154.0,0.20124340057373047,0.7976190476190477,1.0
vehicle,GA (NSGA-II),8,847868566,87.82142857142858,5,6,6,2522,154.0,9.878676176071167,0.5833333333333334,1.0
vehicle,Random Search,8,349045669,89.75,4,8,8,2522,154.0,13.389607667922974,0.6071428571428571,1.0
vehicle,"GA (NSGA-II, archived)",8,134248046,85.88095238095238,5,5,5,2514,154.0,9.646937370300293,0.5714285714285714,1.0
vehicle,CART (ccp path),8,1181636740,101.04761904761904,5,12,12,0,154.0,0.0994424819946289,0.7619047619047619,1.0
vehicle,GA (NSGA-II),9,147742091,97.70238095238096,5,7,7,2543,154.0,11.125596523284912,0.6547619047619048,1.0
vehicle,Random Search,9,123430553,81.52380952380952,5,10,10,2543,154.0,11.912083387374878,0.5476190476190477,1.0
vehicle,"GA (NSGA-II, archived)",9,1742568,98.22619047619048,6,9,9,2585,154.0,11.652163982391357,0.6547619047619048,1.0
vehicle,CART (ccp path),9,1118241085,102.44047619047619,4,12,12,0,154.0,0.07306981086730957,0.7261904761904762,1.0
vehicle,GA (NSGA-II),10,1301338839,92.97619047619047,7,9,10,2517,154.0,8.322346448898315,0.6190476190476191,1.0
vehicle,Random Search,10,688973299,86.29761904761907,6,7,7,2517,154.0,11.56511664390564,0.5833333333333334,1.0
vehicle,"GA (NSGA-II, archived)",10,991174414,101.46428571428571,7,8,8,2594,154.0,9.767698764801025,0.6785714285714286,1.0
vehicle,CART (ccp path),10,333853785,102.7857142857143,4,12,12,0,154.0,0.09612464904785156,0.7380952380952381,1.0
vehicle,GA (NSGA-II),11,1815476248,78.07058823529412,6,9,11,2510,154.0,9.537117958068848,0.5176470588235295,1.0
vehicle,Random Search,11,1874745464,93.94117647058823,6,8,8,2510,154.0,10.603323221206665,0.6470588235294118,1.0
vehicle,"GA (NSGA-II, archived)",11,1327655996,96.71764705882353,5,7,7,2552,154.0,9.969643115997314,0.6470588235294118,1.0
vehicle,CART (ccp path),11,589176885,106.65882352941176,4,12,12,0,154.0,0.07891011238098145,0.7529411764705882,1.0
vehicle,GA (NSGA-II),12,845732726,95.41176470588235,6,10,12,2560,154.0,11.04267692565918,0.6352941176470588,1.0
vehicle,Random Search,12,2106048756,85.70588235294117,6,7,7,2560,154.0,11.611954689025879,0.5764705882352941,1.0
vehicle,"GA (NSGA-II, archived)",12,1888550105,93.61176470588235,6,10,10,2532,154.0,10.312050580978394,0.6235294117647059,1.0
vehicle,CART (ccp path),12,1188076137,103.51764705882351,6,12,12,0,154.0,0.1897275447845459,0.788235294117647,1.0
vehicle,GA (NSGA-II),13,1577492715,95.6,4,12,12,2582,154.0,10.263999462127686,0.6352941176470588,1.0
vehicle,Random Search,13,486082321,90.70588235294117,5,9,9,2582,154.0,13.138155937194824,0.611764705882353,1.0
vehicle,"GA (NSGA-II, archived)",13,1413909880,93.25882352941177,7,8,8,2561,154.0,10.405454874038696,0.6235294117647059,1.0
vehicle,CART (ccp path),13,95649093,111.38823529411765,3,12,12,0,154.0,0.07702231407165527,0.8,1.0
vehicle,GA (NSGA-II),14,1038588957,89.96470588235293,7,12,15,2522,154.0,10.82039213180542,0.6,1.0
vehicle,Random Search,14,1513892117,83.27058823529411,5,10,10,2522,154.0,11.977877378463745,0.5647058823529412,1.0
vehicle,"GA (NSGA-II, archived)",14,1040170364,97.07058823529412,5,8,8,2540,154.0,13.069393157958984,0.6470588235294118,1.0
vehicle,CART (ccp path),14,1752932353,94.64705882352942,4,12,12,0,154.0,0.24399399757385254,0.6705882352941176,1.0
vehicle,GA (NSGA-II),15,652033346,97.83529411764704,8,11,13,2604,154.0,8.821488857269287,0.6588235294117647,1.0
vehicle,Random Search,15,1358352046,78.6,6,9,9,2604,154.0,11.718427181243896,0.5294117647058824,1.0
vehicle,"GA (NSGA-II, archived)",15,1791896663,90.43529411764706,4,4,4,2522,154.0,8.959635972976685,0.6,1.0
vehicle,CART (ccp path),15,617689908,96.67058823529412,6,12,12,0,154.0,0.1201174259185791,0.6941176470588235,1.0
vehicle,GA (NSGA-II),16,1888137123,89.37647058823529,6,17,20,2551,154.0,13.369930744171143,0.6,1.0
vehicle,Random Search,16,1558931471,90.8705882352941,6,10,10,2551,154.0,13.479393720626831,0.6352941176470588,1.0
vehicle,"GA (NSGA-II, archived)",16,1210219848,81.74117647058823,4,6,6,2571,154.0,10.952314376831055,0.5411764705882353,1.0
vehicle,CART (ccp path),16,64613539,96.09411764705881,4,12,12,0,154.0,0.14587020874023438,0.6823529411764706,1.0
vehicle,GA (NSGA-II),17,972492375,89.28571428571428,6,9,9,2535,154.0,9.16133975982666,0.5952380952380952,1.0
vehicle,Random Search,17,1554946702,84.42857142857143,6,9,9,2535,154.0,11.890856742858887,0.5714285714285714,1.0
vehicle,"GA (NSGA-II, archived)",17,1555802141,90.90476190476191,6,8,8,2546,154.0,11.221652746200562,0.6190476190476191,1.0
vehicle,CART (ccp path),17,1579171191,97.8452380952381,5,12,12,0,154.0,0.1016838550567627,0.7023809523809523,1.0
vehicle,GA (NSGA-II),18,1688416608,85.21428571428572,8,10,13,2477,154.0,10.647503137588501,0.5714285714285714,1.0
vehicle,Random Search,18,307685845,82.44047619047619,5,11,11,2477,154.0,11.261541604995728,0.5595238095238095,1.0
vehicle,"GA (NSGA-II, archived)",18,318886990,87.22619047619048,8,10,10,2547,154.0,10.35757565498352,0.5833333333333334,1.0
vehicle,CART (ccp path),18,1149449281,104.23809523809524,4,12,12,0,154.0,0.17678022384643555,0.7380952380952381,1.0
vehicle,GA (NSGA-II),19,716667454,94.86904761904762,5,6,7,2499,154.0,10.939635038375854,0.6309523809523809,1.0
vehicle,Random Search,19,1605530340,88.40476190476191,6,8,8,2499,154.0,13.441642999649048,0.5952380952380952,1.0
vehicle,"GA (NSGA-II, archived)",19,749671018,91.44047619047618,6,11,11,2536,154.0,11.350956916809082,0.6071428571428571,1.0
vehicle,CART (ccp path),19,594167810,102.90476190476191,4,12,12,0,154.0,0.10771608352661133,0.7380952380952381,1.0
vehicle,GA (NSGA-II),20,765205362,82.71428571428572,4,7,7,2519,154.0,8.051796197891235,0.5476190476190477,1.0
vehicle,Random Search,20,1546275519,91.5,6,11,11,2519,154.0,10.971199750900269,0.6190476190476191,1.0
vehicle,"GA (NSGA-II, archived)",20,1883437716,82.95238095238096,3,9,9,2525,154.0,9.483804702758789,0.5476190476190477,1.0
vehicle,CART (ccp path),20,1699619357,99.53571428571428,2,12,12,0,154.0,0.07946610450744629,0.7023809523809523,1.0
vehicle,GA (NSGA-II),21,1161387196,93.68235294117646,7,10,15,2535,154.0,9.339345932006836,0.6235294117647059,1.0
vehicle,Random Search,21,444368325,83.84705882352941,6,8,8,2535,154.0,12.206572532653809,0.5764705882352941,1.0
vehicle,"GA (NSGA-II, archived)",21,1238940392,88.49411764705883,6,11,11,2579,154.0,10.10304856300354,0.5882352941176471,1.0
vehicle,CART (ccp path),21,1079841713,97.83529411764705,5,12,12,0,154.0,0.12364435195922852,0.7058823529411765,1.0
vehicle,GA (NSGA-II),22,981083137,92.11764705882354,5,9,9,2556,154.0,9.953180313110352,0.611764705882353,1.0
vehicle,Random Search,22,1562065973,84.51764705882353,6,13,13,2556,154.0,12.017069578170776,0.5882352941176471,1.0
vehicle,"GA (NSGA-II, archived)",22,1407283479,95.6235294117647,5,7,7,2556,154.0,7.536670923233032,0.6352941176470588,1.0
vehicle,CART (ccp path),22,2046301128,96.48235294117647,5,12,12,0,154.0,0.08052492141723633,0.6941176470588235,1.0
vehicle,GA (NSGA-II),23,1849198021,81.76470588235293,4,5,5,2536,154.0,9.190683126449585,0.5411764705882353,1.0
vehicle,Random Search,23,647214312,89.21176470588235,5,9,9,2536,154.0,11.749592065811157,0.6,1.0
vehicle,"GA (NSGA-II, archived)",23,1040645923,95.24705882352941,5,10,10,2593,154.0,10.982290983200073,0.6352941176470588,1.0
vehicle,CART (ccp path),23,534611567,109.91764705882352,7,12,12,0,154.0,0.07858729362487793,0.8117647058823529,1.0
vehicle,GA (NSGA-II),24,113706045,84.58823529411765,6,7,7,2553,154.0,10.898630380630493,0.5647058823529412,1.0
vehicle,Random Search,24,1271102192,79.12941176470588,6,7,7,2553,154.0,12.043516635894775,0.5411764705882353,1.0
vehicle,"GA (NSGA-II, archived)",24,1188152103,87.34117647058824,8,9,9,2497,154.0,11.86948561668396,0.5882352941176471,1.0
vehicle,CART (ccp path),24,738005279,101.89411764705883,5,12,12,0,154.0,0.1070249080657959,0.7411764705882353,1.0
vehicle,GA (NSGA-II),25,924982605,87.16470588235293,4,7,7,2549,154.0,8.399085998535156,0.5764705882352941,1.0
vehicle,Random Search,25,1064716960,92.95294117647059,5,5,5,2549,154.0,13.175591230392456,0.6235294117647059,1.0
vehicle,"GA (NSGA-II, archived)",25,658012369,66.10588235294118,3,8,8,2513,154.0,11.322547197341919,0.43529411764705883,1.0
vehicle,CART (ccp path),25,371323053,108.70588235294119,7,12,12,0,154.0,0.2687258720397949,0.8235294117647058,1.0
vehicle,GA (NSGA-II),26,394162324,102.49411764705881,5,5,6,2533,154.0,11.59854245185852,0.6823529411764706,1.0
vehicle,Random Search,26,434271099,91.70588235294119,6,11,11,2533,154.0,12.511323690414429,0.6235294117647059,1.0
vehicle,"GA (NSGA-II, archived)",26,42500893,89.91764705882353,5,7,7,2596,154.0,10.007362127304077,0.6,1.0
vehicle,CART (ccp path),26,203384922,109.35294117647058,3,12,12,0,154.0,0.20470309257507324,0.7647058823529411,1.0
vehicle,GA (NSGA-II),27,1445601999,102.11904761904762,8,14,15,2519,154.0,10.148599624633789,0.6904761904761905,1.0
vehicle,Random Search,27,790306253,98.48809523809524,6,6,6,2519,154.0,13.067341566085815,0.6785714285714286,1.0
vehicle,"GA (NSGA-II, archived)",27,2074378349,87.94047619047622,5,7,7,2572,154.0,8.821441173553467,0.5833333333333334,1.0
vehicle,CART (ccp path),27,1871770627,115.39285714285714,4,12,12,0,154.0,0.2223796844482422,0.8452380952380952,1.0
vehicle,GA (NSGA-II),28,502575798,91.39285714285714,6,13,16,2534,154.0,10.635025262832642,0.6071428571428571,1.0
vehicle,Random Search,28,1722390416,79.84523809523809,5,7,7,2534,154.0,13.207409381866455,0.5357142857142857,1.0
vehicle,"GA (NSGA-II, archived)",28,1346596324,92.07142857142858,7,9,9,2564,154.0,11.295569896697998,0.6190476190476191,1.0
vehicle,CART (ccp path),28,94125768,101.85714285714285,6,12,12,0,154.0,0.07849621772766113,0.7380952380952381,1.0
vehicle,GA (NSGA-II),29,1368769918,102.97619047619047,6,8,8,2524,154.0,8.40219235420227,0.6904761904761905,1.0
vehicle,Random Search,29,344471301,84.36904761904762,6,10,10,2524,154.0,12.036070585250854,0.5833333333333334,1.0
vehicle,"GA (NSGA-II, archived)",29,380442253,89.5,5,7,7,2516,154.0,9.884994268417358,0.5952380952380952,1.0
vehicle,CART (ccp path),29,43856872,100.83333333333336,4,12,12,0,154.0,0.07693290710449219,0.7142857142857143,1.0
vehicle,GA (NSGA-II),30,137405744,90.63095238095238,5,11,14,2588,154.0,11.41435718536377,0.6071428571428571,1.0
vehicle,Random Search,30,1136880170,93.45238095238096,7,10,10,2588,154.0,11.518434524536133,0.6428571428571429,1.0
vehicle,"GA (NSGA-II, archived)",30,58611774,86.38095238095238,4,6,6,2545,154.0,9.236302852630615,0.5714285714285714,1.0
vehicle,CART (ccp path),30,516280328,104.54761904761907,4,12,12,0,154.0,0.08198332786560059,0.7380952380952381,1.0
tic_tac_toe,GA (NSGA-II),1,1048783679,129.14583333333334,3,4,4,2531,174.0,8.967665672302246,0.75,1.0
tic_tac_toe,Random Search,1,1837201213,125.08333333333333,3,6,6,2531,174.0,10.890254974365234,0.7291666666666666,1.0
tic_tac_toe,"GA (NSGA-II, archived)",1,151877555,115.29166666666666,2,3,3,2509,174.0,7.7299768924713135,0.6666666666666666,1.0
tic_tac_toe,CART (ccp path),1,744829891,142.71875,5,12,12,0,174.0,0.061367034912109375,0.90625,1.0
tic_tac_toe,GA (NSGA-II),2,1064469325,120.57291666666666,2,6,7,2545,174.0,8.984931468963623,0.6979166666666666,1.0
tic_tac_toe,Random Search,2,746709753,117.01041666666667,2,7,7,2545,174.0,12.538536310195923,0.6770833333333334,1.0
tic_tac_toe,"GA (NSGA-II, archived)",2,1329596632,137.63541666666666,4,5,5,2525,174.0,8.346511363983154,0.8020833333333334,1.0
tic_tac_toe,CART (ccp path),2,1318549366,142.41666666666666,5,12,12,0,174.0,0.05203676223754883,0.875,1.0
tic_tac_toe,GA (NSGA-II),3,1259231663,129.22916666666666,4,4,4,2484,174.0,7.638112783432007,0.75,1.0
tic_tac_toe,Random Search,3,582194661,132.66666666666669,2,9,9,2484,174.0,11.261800050735474,0.7708333333333334,1.0
tic_tac_toe,"GA (NSGA-II, archived)",3,1386121283,148.07291666666666,7,7,7,2559,174.0,8.65182900428772,0.8645833333333334,1.0
tic_tac_toe,CART (ccp path),3,388520058,146.33333333333331,6,12,12,0,174.0,0.05570054054260254,0.9166666666666666,1.0
tic_tac_toe,GA (NSGA-II),4,1859738918,125.72916666666666,3,3,3,2522,174.0,8.808472394943237,0.7291666666666666,1.0
tic_tac_toe,Random Search,4,11938628,139.39583333333334,3,6,6,2522,174.0,12.919191122055054,0.8125,1.0
tic_tac_toe,"GA (NSGA-II, archived)",4,1381215230,127.42708333333334,4,4,4,2504,174.0,9.195414066314697,0.7395833333333334,1.0
tic_tac_toe,CART (ccp path),4,1644064087,140.51041666666669,5,12,12,0,174.0,0.027960777282714844,0.8645833333333334,1.0
tic_tac_toe,GA (NSGA-II),5,204658649,122.20833333333334,3,6,7,2538,174.0,8.674964904785156,0.7083333333333334,1.0
tic_tac_toe,Random Search,5,1327281124,127.61458333333334,2,6,6,2538,174.0,12.851373195648193,0.7395833333333334,1.0
tic_tac_toe,"GA (NSGA-II, archived)",5,453886945,132.66666666666666,5,7,7,2546,174.0,9.636402368545532,0.7708333333333334,1.0
tic_tac_toe,CART (ccp path),5,1591603743,138.67708333333331,6,12,12,0,174.0,0.04452705383300781,0.8645833333333334,1.0
tic_tac_toe,GA (NSGA-II),6,36012067,143.0,3,5,6,2533,174.0,9.070727825164795,0.8333333333333334,1.0
tic_tac_toe,Random Search,6,1234833309,137.05208333333334,3,6,6,2533,174.0,13.101685523986816,0.8020833333333334,1.0
tic_tac_toe,"GA (NSGA-II, archived)",6,473300290,131.01041666666666,4,4,4,2603,174.0,8.964167356491089,0.7604166666666666,1.0
tic_tac_toe,CART (ccp path),6,1191921181,144.35416666666669,4,12,12,0,174.0,0.04419875144958496,0.875,1.0
tic_tac_toe,GA (NSGA-II),7,920023218,123.82291666666666,5,5,6,2552,174.0,10.066011190414429,0.71875,1.0
tic_tac_toe,Random Search,7,1998782380,121.95833333333333,3,5,5,2552,174.0,12.44393515586853,0.7083333333333334,1.0
tic_tac_toe,"GA (NSGA-II, archived)",7,122229691,116.96875,3,3,3,2557,174.0,9.175964832305908,0.6770833333333334,1.0
tic_tac_toe,CART (ccp path),7,210241044,138.36458333333334,8,12,12,0,174.0,0.031256675720214844,0.8854166666666666,1.0
tic_tac_toe,GA (NSGA-II),8,1325045345,127.32291666666667,3,7,9,2526,174.0,9.27907395362854,0.7395833333333334,1.0
tic_tac_toe,Random Search,8,1453514451,130.44791666666663,4,6,6,2526,174.0,12.035104274749756,0.7604166666666666,1.0
tic_tac_toe,"GA (NSGA-II, archived)",8,658204555,122.16666666666667,3,5,5,2542,174.0,9.125237703323364,0.7083333333333334,1.0
tic_tac_toe,CART (ccp path),8,1585440093,143.78125,8,12,12,0,174.0,0.02959132194519043,0.90625,1.0
tic_tac_toe,GA (NSGA-II),9,790432779,131.94736842105263,5,6,7,2551,174.0,9.589406490325928,0.7684210526315789,1.0
tic_tac_toe,Random Search,9,2030981531,135.3578947368421,4,6,6,2551,174.0,13.495062828063965,0.7894736842105263,1.0
tic_tac_toe,"GA (NSGA-II, archived)",9,175396520,128.57894736842104,3,3,3,2564,174.0,8.456873178482056,0.7473684210526316,1.0
tic_tac_toe,CART (ccp path),9,576327464,141.2421052631579,5,12,12,0,174.0,0.02820754051208496,0.8631578947368421,1.0
tic_tac_toe,GA (NSGA-II),10,871895739,130.5263157894737,3,8,9,2579,174.0,9.346797943115234,0.7578947368421053,1.0
tic_tac_toe,Random Search,10,1912947105,129.9578947368421,3,5,5,2579,174.0,11.925203084945679,0.7578947368421053,1.0
tic_tac_toe,"GA (NSGA-II, archived)",10,979051423,130.61052631578946,3,6,6,2471,174.0,7.969189405441284,0.7578947368421053,1.0
tic_tac_toe,CART (ccp path),10,61504903,148.90526315789475,7,12,12,0,174.0,0.0392603874206543,0.9263157894736842,1.0
tic_tac_toe,GA (NSGA-II),11,1200683217,124.05208333333334,3,5,5,2528,174.0,7.19781231880188,0.71875,1.0
tic_tac_toe,Random Search,11,1126596185,125.33333333333333,3,4,4,2528,174.0,12.96332597732544,0.7291666666666666,1.0
tic_tac_toe,"GA (NSGA-II, archived)",11,1428531598,134.44791666666666,4,5,5,2517,174.0,9.137975931167603,0.78125,1.0
tic_tac_toe,CART (ccp path),11,1966304378,145.64583333333331,5,12,12,0,174.0,0.03463315963745117,0.8958333333333334,1.0
tic_tac_toe,GA (NSGA-II),12,474170018,129.125,4,6,7,2556,174.0,9.0778489112854,0.75,1.0
tic_tac_toe,Random Search,12,282996936,125.6875,3,5,5,2556,174.0,11.647288084030151,0.7291666666666666,1.0
tic_tac_toe,"GA (NSGA-II, archived)",12,272612425,127.17708333333334,4,5,5,2594,174.0,8.425412893295288,0.7395833333333334,1.0
tic_tac_toe,CART (ccp path),12,1211981957,145.45833333333334,4,12,12,0,174.0,0.030039310455322266,0.8958333333333334,1.0
tic_tac_toe,GA (NSGA-II),13,495220213,130.86458333333331,3,5,6,2562,174.0,8.921623945236206,0.7604166666666666,1.0
tic_tac_toe,Random Search,13,1555220327,129.05208333333334,3,6,6,2562,174.0,12.893054008483887,0.7604166666666666,1.0
tic_tac_toe,"GA (NSGA-II, archived)",13,215466443,129.02083333333331,4,4,4,2542,174.0,9.12800669670105,0.75,1.0
tic_tac_toe,CART (ccp path),13,1639352383,139.4375,5,12,12,0,174.0,0.028258323669433594,0.8541666666666666,1.0
tic_tac_toe,GA (NSGA-II),14,2115818913,137.90625,4,6,7,2513,174.0,7.859584093093872,0.8020833333333334,1.0
tic_tac_toe,Random Search,14,737431156,141.625,5,7,7,2513,174.0,12.038474798202515,0.8333333333333334,1.0
tic_tac_toe,"GA (NSGA-II, archived)",14,1219591224,122.22916666666667,2,6,6,2617,174.0,10.148854732513428,0.7083333333333334,1.0
tic_tac_toe,CART (ccp path),14,236373505,139.625,5,12,12,0,174.0,0.041159629821777344,0.8541666666666666,1.0
tic_tac_toe,GA (NSGA-II),15,497642288,141.63541666666666,3,6,9,2550,174.0,7.8085668087005615,0.8229166666666666,1.0
tic_tac_toe,Random Search,15,523423883,145.86458333333331,5,7,7,2550,174.0,12.494942426681519,0.8645833333333334,1.0
tic_tac_toe,"GA (NSGA-II, archived)",15,842805732,139.9375,2,5,5,2577,174.0,9.075614929199219,0.8125,1.0
tic_tac_toe,CART (ccp path),15,1038683762,152.72916666666666,7,12,12,0,174.0,0.08153176307678223,0.9375,1.0
tic_tac_toe,GA (NSGA-II),16,881463072,134.15625,2,8,8,2570,174.0,9.460927486419678,0.78125,1.0
tic_tac_toe,Random Search,16,1916088830,121.91666666666667,2,5,5,2570,174.0,11.90638256072998,0.7083333333333334,1.0
tic_tac_toe,"GA (NSGA-II, archived)",16,1904444605,127.15625,3,6,6,2560,174.0,9.851501226425171,0.7395833333333334,1.0
tic_tac_toe,CART (ccp path),16,142476093,143.76041666666669,4,12,12,0,174.0,0.08476853370666504,0.8854166666666666,1.0
tic_tac_toe,GA (NSGA-II),17,1752120974,133.86458333333334,5,7,8,2531,174.0,12.247894048690796,0.78125,1.0
tic_tac_toe,Random Search,17,2127754282,123.86458333333333,3,5,5,2531,174.0,12.148806810379028,0.71875,1.0
tic_tac_toe,"GA (NSGA-II, archived)",17,12438438,120.48958333333333,3,5,5,2535,174.0,8.259247303009033,0.6979166666666666,1.0
tic_tac_toe,CART (ccp path),17,977927374,146.10416666666669,4,12,12,0,174.0,0.029444217681884766,0.8958333333333334,1.0
tic_tac_toe,GA (NSGA-II),18,1615323042,129.29166666666669,3,4,4,2606,174.0,9.621210813522339,0.75,1.0
tic_tac_toe,Random Search,18,668133170,120.15625,4,6,6,2606,174.0,11.896456956863403,0.6979166666666666,1.0
tic_tac_toe,"GA (NSGA-II, archived)",18,354619245,127.46875,3,3,3,2569,174.0,8.40956735610962,0.7395833333333334,1.0
tic_tac_toe,CART (ccp path),18,2039016617,138.57291666666666,5,12,12,0,174.0,0.06403827667236328,0.84375,1.0
tic_tac_toe,GA (NSGA-II),19,2109856171,125.0842105263158,4,9,11,2462,174.0,8.51267147064209,0.7263157894736842,1.0
tic_tac_toe,Random Search,19,173033787,130.63157894736844,3,7,7,2462,174.0,12.55133605003357,0.7578947368421053,1.0
tic_tac_toe,"GA (NSGA-II, archived)",19,1991489819,130.16842105263157,3,6,6,2541,174.0,10.175849199295044,0.7578947368421053,1.0
tic_tac_toe,CART (ccp path),19,548884920,143.58947368421053,6,12,12,0,174.0,0.08904790878295898,0.8736842105263158,1.0
tic_tac_toe,GA (NSGA-II),20,250568089,132.28421052631577,3,5,5,2568,174.0,9.074668645858765,0.7684210526315789,1.0
tic_tac_toe,Random Search,20,479340696,116.46315789473684,2,6,6,2568,174.0,12.392356395721436,0.6736842105263158,1.0
tic_tac_toe,"GA (NSGA-II, archived)",20,201105455,121.71578947368421,3,3,3,2486,174.0,9.407865524291992,0.7052631578947368,1.0
tic_tac_toe,CART (ccp path),20,1869401427,141.06315789473686,5,12,12,0,174.0,0.06557726860046387,0.8736842105263158,1.0
tic_tac_toe,GA (NSGA-II),21,957056937,125.75,3,5,7,2618,174.0,9.316841125488281,0.7291666666666666,1.0
tic_tac_toe,Random Search,21,233667174,132.5625,5,7,7,2618,174.0,11.945881843566895,0.7708333333333334,1.0
tic_tac_toe,"GA (NSGA-II, archived)",21,1170914022,130.48958333333331,5,7,7,2511,174.0,10.526823043823242,0.7604166666666666,1.0
tic_tac_toe,CART (ccp path),21,233552988,147.0625,9,12,12,0,174.0,0.06093430519104004,0.9375,1.0
tic_tac_toe,GA (NSGA-II),22,160023133,131.13541666666666,2,4,5,2549,174.0,8.391682624816895,0.7604166666666666,1.0
tic_tac_toe,Random Search,22,1579547625,126.57291666666667,3,6,6,2549,174.0,11.131030559539795,0.7395833333333334,1.0
tic_tac_toe,"GA (NSGA-II, archived)",22,1236172829,129.29166666666666,3,8,8,2543,174.0,9.468740940093994,0.75,1.0
tic_tac_toe,CART (ccp path),22,1037662159,141.29166666666666,8,12,12,0,174.0,0.09654855728149414,0.875,1.0
tic_tac_toe,GA (NSGA-II),23,982990364,134.44791666666669,3,5,6,2498,174.0,7.385500192642212,0.78125,1.0
tic_tac_toe,Random Search,23,1389639035,132.89583333333334,2,5,5,2498,174.0,10.858089447021484,0.7708333333333334,1.0
tic_tac_toe,"GA (NSGA-II, archived)",23,573593257,134.40625,2,3,3,2547,174.0,7.990461587905884,0.78125,1.0
tic_tac_toe,CART (ccp path),23,1433014171,153.61458333333331,7,12,12,0,174.0,0.031046152114868164,0.9479166666666666,1.0
tic_tac_toe,GA (NSGA-II),24,1463313050,118.625,2,3,3,2523,174.0,7.878922939300537,0.6875,1.0
tic_tac_toe,Random Search,24,1024336541,120.07291666666666,3,7,7,2523,174.0,11.354302883148193,0.6979166666666666,1.0
tic_tac_toe,"GA (NSGA-II, archived)",24,315771852,125.39583333333333,3,6,6,2532,174.0,8.216816186904907,0.7291666666666666,1.0
tic_tac_toe,CART (ccp path),24,1277710414,138.0625,2,12,12,0,174.0,0.02665257453918457,0.8125,1.0
tic_tac_toe,GA (NSGA-II),25,463823783,140.82291666666666,6,10,11,2480,174.0,11.148266792297363,0.8229166666666666,1.0
tic_tac_toe,Random Search,25,416876609,130.96875,4,4,4,2480,174.0,13.005000829696655,0.7604166666666666,1.0
tic_tac_toe,"GA (NSGA-II, archived)",25,60514691,130.92708333333331,2,7,7,2495,174.0,9.479820728302002,0.7604166666666666,1.0
tic_tac_toe,CART (ccp path),25,1168045717,143.34375,2,12,12,0,174.0,0.08249425888061523,0.84375,1.0
tic_tac_toe,GA (NSGA-II),26,1793888790,123.96875,2,6,7,2555,174.0,9.57055139541626,0.71875,1.0
tic_tac_toe,Random Search,26,1892632131,126.63541666666667,5,7,7,2555,174.0,11.049174547195435,0.7395833333333334,1.0
tic_tac_toe,"GA (NSGA-II, archived)",26,1357877008,128.95833333333334,4,6,6,2542,174.0,8.170426368713379,0.75,1.0
tic_tac_toe,CART (ccp path),26,1464445225,145.07291666666666,6,12,12,0,174.0,0.027421236038208008,0.8854166666666666,1.0
tic_tac_toe,GA (NSGA-II),27,1374901952,132.85416666666669,2,3,3,2632,174.0,8.368492841720581,0.7708333333333334,1.0
tic_tac_toe,Random Search,27,684907555,138.97916666666666,4,4,4,2632,174.0,12.684584140777588,0.8125,1.0
tic_tac_toe,"GA (NSGA-II, archived)",27,2408914,132.6875,3,4,4,2546,174.0,9.034565925598145,0.7708333333333334,1.0
tic_tac_toe,CART (ccp path),27,1676791448,149.27083333333334,7,12,12,0,174.0,0.029314517974853516,0.9583333333333334,1.0
tic_tac_toe,GA (NSGA-II),28,1480923367,137.73958333333334,4,7,7,2571,174.0,9.73301649093628,0.8020833333333334,1.0
tic_tac_toe,Random Search,28,556409913,127.91666666666666,4,4,4,2571,174.0,12.640649795532227,0.75,1.0
tic_tac_toe,"GA (NSGA-II, archived)",28,999728957,129.04166666666666,3,4,4,2600,174.0,7.871574640274048,0.75,1.0
tic_tac_toe,CART (ccp path),28,278598430,151.00000000000003,5,12,12,0,174.0,0.06713151931762695,0.9375,1.0
tic_tac_toe,GA (NSGA-II),29,762995966,142.6842105263158,5,7,10,2558,174.0,8.67263650894165,0.8315789473684211,1.0
tic_tac_toe,Random Search,29,1966552464,131.9473684210526,3,5,5,2558,174.0,12.963732481002808,0.7684210526315789,1.0
tic_tac_toe,"GA (NSGA-II, archived)",29,1654357780,142.70526315789476,5,6,6,2534,174.0,9.93686294555664,0.8315789473684211,1.0
tic_tac_toe,CART (ccp path),29,399505370,141.78947368421052,5,12,12,0,174.0,0.032959938049316406,0.8631578947368421,1.0
tic_tac_toe,GA (NSGA-II),30,4272166,121.61052631578946,4,5,5,2557,174.0,8.321792364120483,0.7052631578947368,1.0
tic_tac_toe,Random Search,30,1081206261,119.66315789473684,4,7,7,2557,174.0,13.89323091506958,0.6947368421052632,1.0
tic_tac_toe,"GA (NSGA-II, archived)",30,577360654,114.68421052631578,2,5,5,2561,174.0,9.78249740600586,0.6631578947368421,1.0
tic_tac_toe,CART (ccp path),30,48816528,132.6315789473684,4,12,12,0,174.0,0.0423731803894043,0.8,1.0
vowel,GA (NSGA-II),1,387222681,79.1010101010101,7,13,23,2508,188.0,10.308170080184937,0.43434343434343436,1.0
vowel,Random Search,1,1062321792,63.09090909090909,7,12,12,2508,188.0,14.692471027374268,0.36363636363636365,1.0
vowel,"GA (NSGA-II, archived)",1,503193940,61.18181818181818,6,9,9,2553,188.0,11.362377405166626,0.3333333333333333,1.0
vowel,CART (ccp path),1,2104683402,126.26262626262626,7,12,12,0,188.0,0.17663288116455078,0.8080808080808081,1.0
vowel,GA (NSGA-II),2,381817537,79.60606060606061,10,20,26,2535,188.0,15.009579420089722,0.45454545454545453,1.0
vowel,Random Search,2,793616585,67.25252525252525,8,13,13,2535,188.0,14.611075162887573,0.3838383838383838,1.0
vowel,"GA (NSGA-II, archived)",2,1856908665,62.0,8,12,12,2538,188.0,14.51309585571289,0.3434343434343434,1.0
vowel,CART (ccp path),2,564583428,112.8080808080808,10,12,12,0,188.0,0.1830883026123047,0.7676767676767676,1.0
vowel,GA (NSGA-II),3,1644166822,73.7979797979798,6,14,29,2576,188.0,13.933844089508057,0.40404040404040403,1.0
vowel,Random Search,3,448455194,59.96969696969697,6,11,11,2576,188.0,15.196483135223389,0.3333333333333333,1.0
vowel,"GA (NSGA-II, archived)",3,2045937520,72.03030303030305,7,11,11,2563,188.0,11.040316343307495,0.3939393939393939,1.0
vowel,CART (ccp path),3,197791422,116.24242424242424,8,12,12,0,188.0,0.224320650100708,0.7878787878787878,1.0
vowel,GA (NSGA-II),4,69512358,76.56565656565657,7,16,20,2569,188.0,12.888514041900635,0.42424242424242425,1.0
vowel,Random Search,4,1432326026,64.32323232323232,8,13,13,2569,188.0,14.643444776535034,0.36363636363636365,1.0
vowel,"GA (NSGA-II, archived)",4,245160821,61.24242424242424,6,8,8,2603,188.0,11.861579418182373,0.3333333333333333,1.0
vowel,CART (ccp path),4,2000342986,114.68686868686868,9,12,12,0,188.0,0.15586090087890625,0.7878787878787878,1.0
vowel,GA (NSGA-II),5,573654058,67.60606060606061,9,17,29,2524,188.0,13.772507190704346,0.37373737373737376,1.0
vowel,Random Search,5,2114242674,66.06060606060606,4,12,12,2524,188.0,14.178744316101074,0.36363636363636365,1.0
vowel,"GA (NSGA-II, archived)",5,789283865,59.313131313131315,6,10,10,2520,188.0,11.12768006324768,0.32323232323232326,1.0
vowel,CART (ccp path),5,235574577,121.37373737373738,10,12,12,0,188.0,0.1206977367401123,0.8282828282828283,1.0
vowel,GA (NSGA-II),6,728519643,70.77777777777777,8,17,19,2574,188.0,13.234658002853394,0.3939393939393939,1.0
vowel,Random Search,6,993546868,61.75757575757576,6,10,10,2574,188.0,14.679142951965332,0.3434343434343434,1.0
vowel,"GA (NSGA-II, archived)",6,34594403,67.84848484848486,7,10,10,2543,188.0,12.279942035675049,0.37373737373737376,1.0
vowel,CART (ccp path),6,1845574730,111.84848484848484,10,12,12,0,188.0,0.10835719108581543,0.7777777777777778,1.0
vowel,GA (NSGA-II),7,180578991,64.73737373737373,5,11,31,2488,188.0,10.824440479278564,0.35353535353535354,1.0
vowel,Random Search,7,562180953,69.78787878787878,7,11,11,2488,188.0,13.150437593460083,0.41414141414141414,1.0
vowel,"GA (NSGA-II, archived)",7,1302572956,69.86868686868686,7,16,16,2579,188.0,16.48269510269165,0.3939393939393939,1.0
vowel,CART (ccp path),7,1397194294,116.18181818181817,10,12,12,0,188.0,0.18783354759216309,0.8080808080808081,1.0
vowel,GA (NSGA-II),8,2083786295,78.73737373737374,6,16,25,2528,188.0,12.530195713043213,0.43434343434343436,1.0
vowel,Random Search,8,1430592581,60.79797979797979,6,10,10,2528,188.0,12.464918851852417,0.35353535353535354,1.0
vowel,"GA (NSGA-II, archived)",8,2054334926,69.77777777777777,5,8,8,2567,188.0,11.635484457015991,0.3838383838383838,1.0
vowel,CART (ccp path),8,79359227,114.74747474747475,8,12,12,0,188.0,0.24386215209960938,0.7474747474747475,1.0
vowel,GA (NSGA-II),9,1820140591,64.1111111111111,9,16,23,2532,188.0,13.525861501693726,0.35353535353535354,1.0
vowel,Random Search,9,779514855,60.71717171717171,7,9,9,2532,188.0,13.81148910522461,0.35353535353535354,1.0
vowel,"GA (NSGA-II, archived)",9,990306563,78.47474747474747,9,10,10,2546,188.0,11.838555574417114,0.43434343434343436,1.0
vowel,CART (ccp path),9,1292914231,106.8888888888889,8,12,12,0,188.0,0.22174429893493652,0.6868686868686869,1.0
vowel,GA (NSGA-II),10,376246010,64.65656565656565,5,12,16,2576,188.0,11.188665866851807,0.35353535353535354,1.0
vowel,Random Search,10,1460793162,65.43434343434343,10,13,13,2576,188.0,13.77357816696167,0.3838383838383838,1.0
vowel,"GA (NSGA-II, archived)",10,983622785,71.82828282828282,7,10,10,2507,188.0,10.59380555152893,0.3939393939393939,1.0
vowel,CART (ccp path),10,1042927348,122.56565656565655,9,12,12,0,188.0,0.10864663124084473,0.8484848484848485,1.0
vowel,GA (NSGA-II),11,379484647,82.6161616161616,8,10,19,2547,188.0,14.010118007659912,0.45454545454545453,1.0
vowel,Random Search,11,222108157,66.2929292929293,6,8,8,2547,188.0,13.20043396949768,0.37373737373737376,1.0
vowel,"GA (NSGA-II, archived)",11,744729495,87.31313131313132,7,10,10,2534,188.0,12.068562984466553,0.48484848484848486,1.0
vowel,CART (ccp path),11,1319006262,113.74747474747477,8,12,12,0,188.0,0.11279726028442383,0.7373737373737373,1.0
vowel,GA (NSGA-II),12,1958086676,70.14141414141413,7,15,31,2520,188.0,12.335320711135864,0.3838383838383838,1.0
vowel,Random Search,12,1705310764,56.77777777777778,8,13,13,2520,188.0,13.648034811019897,0.31313131313131315,1.0
vowel,"GA (NSGA-II, archived)",12,371292282,64.13131313131314,5,11,11,2498,188.0,11.18404483795166,0.35353535353535354,1.0
vowel,CART (ccp path),12,743793628,116.46464646464645,6,12,12,0,188.0,0.15623879432678223,0.7676767676767676,1.0
vowel,GA (NSGA-II),13,509149392,77.03030303030303,8,13,21,2606,188.0,12.210211515426636,0.42424242424242425,1.0
vowel,Random Search,13,633275725,67.02020202020202,6,9,9,2606,188.0,13.252089977264404,0.37373737373737376,1.0
vowel,"GA (NSGA-II, archived)",13,641272225,75.36363636363637,7,9,9,2524,188.0,11.832329511642456,0.41414141414141414,1.0
vowel,CART (ccp path),13,2100404990,118.17171717171715,8,12,12,0,188.0,0.10532832145690918,0.797979797979798,1.0
vowel,GA (NSGA-II),14,1635243949,69.91919191919192,7,12,14,2554,188.0,10.441606998443604,0.3838383838383838,1.0
vowel,Random Search,14,1358565443,69.82828282828282,6,9,9,2554,188.0,13.716310501098633,0.41414141414141414,1.0
vowel,"GA (NSGA-II, archived)",14,1276716640,62.8080808080808,7,8,8,2579,188.0,11.765796184539795,0.3434343434343434,1.0
vowel,CART (ccp path),14,1792056953,112.26262626262626,9,12,12,0,188.0,0.10912060737609863,0.7474747474747475,1.0
vowel,GA (NSGA-II),15,1663700461,75.42424242424242,5,12,20,2570,188.0,11.048552751541138,0.41414141414141414,1.0
vowel,Random Search,15,1446773912,66.62626262626263,7,10,10,2570,188.0,14.403448343276978,0.3838383838383838,1.0
vowel,"GA (NSGA-II, archived)",15,103434398,69.8989898989899,7,11,11,2518,188.0,10.439392566680908,0.3838383838383838,1.0
vowel,CART (ccp path),15,237474611,119.68686868686868,5,12,12,0,188.0,0.24581646919250488,0.7575757575757576,1.0
vowel,GA (NSGA-II),16,2079570329,64.29292929292929,7,16,20,2545,188.0,10.883287906646729,0.35353535353535354,1.0
vowel,Random Search,16,423516644,62.28282828282829,6,7,7,2545,188.0,13.634851932525635,0.36363636363636365,1.0
vowel,"GA (NSGA-II, archived)",16,384393921,65.67676767676768,7,11,11,2494,188.0,12.387702465057373,0.36363636363636365,1.0
vowel,CART (ccp path),16,1298540891,130.75757575757578,8,12,12,0,188.0,0.18610692024230957,0.8585858585858586,1.0
vowel,GA (NSGA-II),17,1233964382,78.37373737373738,7,21,31,2523,188.0,11.163091659545898,0.43434343434343436,1.0
vowel,Random Search,17,1290839050,63.12121212121212,5,10,10,2523,188.0,15.102529048919678,0.35353535353535354,1.0
vowel,"GA (NSGA-II, archived)",17,1506080222,71.9090909090909,6,9,9,2573,188.0,13.48411774635315,0.3939393939393939,1.0
vowel,CART (ccp path),17,217154333,113.82828282828284,8,12,12,0,188.0,0.20143628120422363,0.7373737373737373,1.0
vowel,GA (NSGA-II),18,621009317,67.66666666666667,9,19,27,2550,188.0,10.05495023727417,0.37373737373737376,1.0
vowel,Random Search,18,568537936,61.69696969696969,7,10,10,2550,188.0,13.742924451828003,0.3434343434343434,1.0
vowel,"GA (NSGA-II, archived)",18,2032582567,69.17171717171718,8,14,14,2561,188.0,12.299281358718872,0.3838383838383838,1.0
vowel,CART (ccp path),18,1347268249,116.3232323232323,9,12,12,0,188.0,0.22222018241882324,0.7878787878787878,1.0
vowel,GA (NSGA-II),19,118193690,65.35353535353536,7,12,32,2568,188.0,12.113346338272095,0.36363636363636365,1.0
vowel,Random Search,19,1266863630,60.888888888888886,5,11,11,2568,188.0,16.76177144050598,0.3434343434343434,1.0
vowel,"GA (NSGA-II, archived)",19,1658584406,66.42424242424244,7,8,8,2536,188.0,11.259521961212158,0.36363636363636365,1.0
vowel,CART (ccp path),19,2055736293,116.52525252525254,9,12,12,0,188.0,0.24518203735351562,0.7676767676767676,1.0
vowel,GA (NSGA-II),20,475600686,68.35353535353536,6,10,15,2549,188.0,12.10459017753601,0.37373737373737376,1.0
vowel,Random Search,20,1515643817,64.07070707070707,6,10,10,2549,188.0,15.449578046798706,0.35353535353535354,1.0
vowel,"GA (NSGA-II, archived)",20,265763230,60.89898989898989,6,8,8,2588,188.0,14.001633167266846,0.3333333333333333,1.0
vowel,CART (ccp path),20,1461061961,112.62626262626264,10,12,12,0,188.0,0.24510574340820312,0.7474747474747475,1.0
vowel,GA (NSGA-II),21,1576684462,72.16161616161615,9,17,20,2539,188.0,10.701659917831421,0.40404040404040403,1.0
vowel,Random Search,21,1678228233,58.26262626262626,7,10,10,2539,188.0,15.284490585327148,0.32323232323232326,1.0
vowel,"GA (NSGA-II, archived)",21,1409995892,64.11111111111111,8,10,10,2463,188.0,11.592822551727295,0.35353535353535354,1.0
vowel,CART (ccp path),21,220151612,118.05050505050505,10,12,12,0,188.0,0.10605835914611816,0.7777777777777778,1.0
vowel,GA (NSGA-II),22,2037521975,57.525252525252526,5,13,31,2531,188.0,12.483844757080078,0.31313131313131315,1.0
vowel,Random Search,22,1262549694,55.898989898989896,6,11,11,2531,188.0,13.615418672561646,0.3434343434343434,1.0
vowel,"GA (NSGA-II, archived)",22,733613045,65.73737373737373,8,10,10,2537,188.0,11.002846240997314,0.36363636363636365,1.0
vowel,CART (ccp path),22,1716017476,115.48484848484846,9,12,12,0,188.0,0.17754530906677246,0.7777777777777778,1.0
vowel,GA (NSGA-II),23,477312952,77.94949494949496,9,17,20,2551,188.0,11.923617362976074,0.43434343434343436,1.0
vowel,Random Search,23,620885393,75.17171717171718,7,10,10,2551,188.0,16.869178295135498,0.4444444444444444,1.0
vowel,"GA (NSGA-II, archived)",23,1397829129,59.45454545454546,6,9,9,2529,188.0,13.274511337280273,0.32323232323232326,1.0
vowel,CART (ccp path),23,1299789823,116.24242424242425,7,12,12,0,188.0,0.10756802558898926,0.8080808080808081,1.0
vowel,GA (NSGA-II),24,1453848372,59.53535353535354,5,12,48,2526,188.0,11.148688793182373,0.32323232323232326,1.0
vowel,Random Search,24,1126604535,64.66666666666667,5,11,11,2526,188.0,13.589001893997192,0.36363636363636365,1.0
vowel,"GA (NSGA-II, archived)",24,800805308,64.8989898989899,5,10,10,2563,188.0,13.427054643630981,0.35353535353535354,1.0
vowel,CART (ccp path),24,876550493,107.53535353535354,8,12,12,0,188.0,0.26523399353027344,0.6868686868686869,1.0
vowel,GA (NSGA-II),25,362284613,64.67676767676767,7,16,26,2499,188.0,10.838250398635864,0.35353535353535354,1.0
vowel,Random Search,25,1781259836,65.68686868686868,6,12,12,2499,188.0,14.357282161712646,0.37373737373737376,1.0
vowel,"GA (NSGA-II, archived)",25,590596658,62.98989898989899,5,9,9,2517,188.0,12.044408082962036,0.3434343434343434,1.0
vowel,CART (ccp path),25,1973145177,116.37373737373737,11,12,12,0,188.0,0.16732358932495117,0.797979797979798,1.0
vowel,GA (NSGA-II),26,1534121712,72.38383838383838,6,21,32,2558,188.0,15.32970666885376,0.40404040404040403,1.0
vowel,Random Search,26,33315612,81.32323232323233,8,10,10,2558,188.0,13.614239692687988,0.494949494949495,1.0
vowel,"GA (NSGA-II, archived)",26,750470140,71.68686868686868,8,9,9,2510,188.0,11.582842111587524,0.3939393939393939,1.0
vowel,CART (ccp path),26,682048380,116.31313131313132,9,12,12,0,188.0,0.19977951049804688,0.7575757575757576,1.0
vowel,GA (NSGA-II),27,382158536,63.888888888888886,6,11,12,2518,188.0,11.704089641571045,0.35353535353535354,1.0
vowel,Random Search,27,1003176577,60.15151515151515,7,11,11,2518,188.0,14.278265237808228,0.3333333333333333,1.0
vowel,"GA (NSGA-II, archived)",27,549143364,72.76767676767676,7,8,8,2563,188.0,12.95086407661438,0.40404040404040403,1.0
vowel,CART (ccp path),27,52997142,115.28282828282829,10,12,12,0,188.0,0.15276241302490234,0.797979797979798,1.0
vowel,GA (NSGA-II),28,1258234870,69.85858585858585,7,15,18,2553,188.0,11.72012972831726,0.3838383838383838,1.0
vowel,Random Search,28,613403203,62.61616161616162,8,10,10,2553,188.0,13.668334007263184,0.35353535353535354,1.0
vowel,"GA (NSGA-II, archived)",28,31136930,75.97979797979798,9,12,12,2554,188.0,10.92345666885376,0.42424242424242425,1.0
vowel,CART (ccp path),28,1130090694,117.03030303030302,10,12,12,0,188.0,0.1133430004119873,0.8080808080808081,1.0
vowel,GA (NSGA-II),29,2122795108,70.22222222222221,7,13,38,2502,188.0,9.60641860961914,0.3838383838383838,1.0
vowel,Random Search,29,127629450,67.67676767676767,6,10,10,2502,188.0,14.264945030212402,0.3838383838383838,1.0
vowel,"GA (NSGA-II, archived)",29,283111294,59.45454545454545,6,9,9,2542,188.0,9.778031826019287,0.32323232323232326,1.0
vowel,CART (ccp path),29,1559332658,119.56565656565657,6,12,12,0,188.0,0.11304068565368652,0.7575757575757576,1.0
vowel,GA (NSGA-II),30,215232252,80.88888888888889,7,12,14,2486,188.0,10.473079919815063,0.4444444444444444,1.0
vowel,Random Search,30,2131351736,65.38383838383838,7,13,13,2486,188.0,12.252420425415039,0.37373737373737376,1.0
vowel,"GA (NSGA-II, archived)",30,1913076403,63.03030303030303,5,10,10,2613,188.0,12.511684894561768,0.3434343434343434,1.0
vowel,CART (ccp path),30,799968338,124.23232323232324,9,12,12,0,188.0,0.21490120887756348,0.8181818181818182,1.0
credit_g,GA (NSGA-II),1,1583807982,127.44,4,7,8,2599,174.0,9.901909589767456,0.74,1.0
credit_g,Random Search,1,333657792,131.0,2,6,6,2599,174.0,14.195976734161377,0.76,1.0
credit_g,"GA (NSGA-II, archived)",1,1686649473,124.48,2,4,4,2544,174.0,8.867320775985718,0.72,1.0
credit_g,CART (ccp path),1,747449883,127.45,3,12,12,0,174.0,0.08274507522583008,0.79,1.0
credit_g,GA (NSGA-II),2,1773768404,121.1,1,5,7,2523,174.0,8.109557151794434,0.7,1.0
credit_g,Random Search,2,624442612,122.64999999999999,2,7,7,2523,174.0,13.416465520858765,0.71,1.0
credit_g,"GA (NSGA-II, archived)",2,1815587856,121.1,1,3,3,2521,174.0,9.338595390319824,0.7,1.0
credit_g,CART (ccp path),2,802451085,121.1,1,12,12,0,174.0,0.13688015937805176,0.7,1.0
credit_g,GA (NSGA-II),3,1756825963,129.59,3,7,10,2535,174.0,8.860302209854126,0.75,1.0
credit_g,Random Search,3,682261486,129.33,3,4,4,2535,174.0,12.574858903884888,0.75,1.0
credit_g,"GA (NSGA-II, archived)",3,840804737,125.92999999999999,2,3,3,2582,174.0,8.989308834075928,0.73,1.0
credit_g,CART (ccp path),3,1088284275,131.43,3,12,12,0,174.0,0.06512022018432617,0.77,1.0
credit_g,GA (NSGA-II),4,240375303,121.1,1,4,4,2504,174.0,8.607510089874268,0.7,1.0
credit_g,Random Search,4,936385911,121.1,1,5,5,2504,174.0,13.7178213596344,0.7,1.0
credit_g,"GA (NSGA-II, archived)",4,1987895279,121.1,1,2,2,2537,174.0,8.446894884109497,0.7,1.0
credit_g,CART (ccp path),4,710970197,136.76,3,12,12,0,174.0,0.1380937099456787,0.8,1.0
credit_g,GA (NSGA-II),5,49357998,122.81,2,4,5,2544,174.0,8.951888799667358,0.71,1.0
credit_g,Random Search,5,10706407,127.6,3,6,6,2544,174.0,13.320823907852173,0.74,1.0
credit_g,"GA (NSGA-II, archived)",5,898823125,129.57,4,5,5,2535,174.0,8.16227412223816,0.75,1.0
credit_g,CART (ccp path),5,275397999,127.64,5,12,12,0,174.0,0.15139508247375488,0.76,1.0
credit_g,GA (NSGA-II),6,521550310,121.1,1,5,5,2495,174.0,7.647692680358887,0.7,1.0
credit_g,Random Search,6,461100867,129.15,2,4,4,2495,174.0,11.686862230300903,0.75,1.0
credit_g,"GA (NSGA-II, archived)",6,1525544966,124.5,3,3,3,2575,174.0,8.9993896484375,0.72,1.0
credit_g,CART (ccp path),6,314797192,132.09,2,12,12,0,174.0,0.06252908706665039,0.77,1.0
credit_g,GA (NSGA-II),7,268789190,121.1,1,10,13,2561,174.0,7.6424500942230225,0.7,1.0
credit_g,Random Search,7,1872359554,124.0,2,6,6,2561,174.0,12.082821369171143,0.72,1.0
credit_g,"GA (NSGA-II, archived)",7,733416027,124.48,2,3,3,2550,174.0,7.667634725570679,0.72,1.0
credit_g,CART (ccp path),7,1557510090,130.76,2,12,12,0,174.0,0.08968377113342285,0.76,1.0
credit_g,GA (NSGA-II),8,1465345660,122.72999999999999,2,3,3,2529,174.0,7.911177158355713,0.71,1.0
credit_g,Random Search,8,1537571119,123.8,2,5,5,2529,174.0,12.294455766677856,0.72,1.0
credit_g,"GA (NSGA-II, archived)",8,2116335004,129.43,4,4,4,2553,174.0,8.934475660324097,0.75,1.0
credit_g,CART (ccp path),8,121346279,127.3,2,12,12,0,174.0,0.08268332481384277,0.74,1.0
credit_g,GA (NSGA-II),9,535760093,121.1,1,5,5,2507,174.0,7.597294092178345,0.7,1.0
credit_g,Random Search,9,556211576,127.78,2,6,6,2507,174.0,13.437339782714844,0.74,1.0
credit_g,"GA (NSGA-II, archived)",9,809474413,121.1,1,3,3,2583,174.0,9.409645557403564,0.7,1.0
credit_g,CART (ccp path),9,808131723,127.18,3,12,12,0,174.0,0.06507992744445801,0.74,1.0
credit_g,GA (NSGA-II),10,1739510666,124.52,2,7,15,2543,174.0,8.385643243789673,0.72,1.0
credit_g,Random Search,10,1395593215,122.75,2,4,4,2543,174.0,13.77161169052124,0.71,1.0
credit_g,"GA (NSGA-II, archived)",10,1361029625,121.1,1,3,3,2557,174.0,8.62300443649292,0.7,1.0
credit_g,CART (ccp path),10,494191998,130.42000000000002,3,12,12,0,174.0,0.0676426887512207,0.76,1.0
credit_g,GA (NSGA-II),11,1360360979,121.1,1,8,12,2505,174.0,9.40688705444336,0.7,1.0
credit_g,Random Search,11,1809151728,127.82000000000001,3,5,5,2505,174.0,12.924090147018433,0.74,1.0
credit_g,"GA (NSGA-II, archived)",11,1411634119,126.19,3,4,4,2524,174.0,8.49273157119751,0.73,1.0
credit_g,CART (ccp path),11,764497389,125.49,3,12,12,0,174.0,0.06429147720336914,0.73,1.0
credit_g,GA (NSGA-II),12,1002308289,127.94,2,4,4,2556,174.0,8.68350076675415,0.74,1.0
credit_g,Random Search,12,27561258,121.1,1,3,3,2556,174.0,13.94381856918335,0.7,1.0
credit_g,"GA (NSGA-II, archived)",12,982854236,126.14999999999999,3,4,4,2513,174.0,9.952636480331421,0.73,1.0
credit_g,CART (ccp path),12,836783368,121.1,1,12,12,0,174.0,0.0663750171661377,0.7,1.0
credit_g,GA (NSGA-II),13,1826635742,121.1,1,3,4,2570,174.0,7.22968602180481,0.7,1.0
credit_g,Random Search,13,1565649817,122.77,2,5,5,2570,174.0,12.259432554244995,0.71,1.0
credit_g,"GA (NSGA-II, archived)",13,435179384,122.77,2,4,4,2550,174.0,8.865485191345215,0.71,1.0
credit_g,CART (ccp path),13,1512888051,130.16,3,12,12,0,174.0,0.1284346580505371,0.76,1.0
credit_g,GA (NSGA-II),14,471205670,122.78999999999999,2,4,4,2505,174.0,8.428117752075195,0.71,1.0
credit_g,Random Search,14,2025977481,126.00999999999999,3,6,6,2505,174.0,12.677066087722778,0.73,1.0
credit_g,"GA (NSGA-II, archived)",14,66192104,121.1,1,5,5,2594,174.0,8.927721738815308,0.7,1.0
credit_g,CART (ccp path),14,1050915845,126.99,3,12,12,0,174.0,0.0680239200592041,0.75,1.0
credit_g,GA (NSGA-II),15,1683740656,131.36,2,4,4,2503,174.0,7.4201531410217285,0.76,1.0
credit_g,Random Search,15,1828977914,126.23,2,6,6,2503,174.0,11.654157876968384,0.73,1.0
credit_g,"GA (NSGA-II, archived)",15,1350670632,131.36,2,3,3,2502,174.0,8.444354057312012,0.76,1.0
credit_g,CART (ccp path),15,196833938,122.89999999999999,2,12,12,0,174.0,0.09373664855957031,0.74,1.0
credit_g,GA (NSGA-II),16,871396071,129.61,3,4,5,2561,174.0,8.230313301086426,0.75,1.0
credit_g,Random Search,16,465081181,132.47,3,5,5,2561,174.0,13.996225595474243,0.77,1.0
credit_g,"GA (NSGA-II, archived)",16,23580109,127.84,3,5,5,2513,174.0,8.836601495742798,0.74,1.0
credit_g,CART (ccp path),16,1903183203,134.89000000000001,3,12,12,0,174.0,0.06072282791137695,0.79,1.0
credit_g,GA (NSGA-II),17,2108874373,121.1,1,3,4,2548,174.0,8.056464672088623,0.7,1.0
credit_g,Random Search,17,1111632153,130.96,3,7,7,2548,174.0,12.174065351486206,0.76,1.0
credit_g,"GA (NSGA-II, archived)",17,167235494,137.8,4,7,7,2514,174.0,8.70761775970459,0.8,1.0
credit_g,CART (ccp path),17,172724467,135.39000000000001,3,12,12,0,174.0,0.09497833251953125,0.79,1.0
credit_g,GA (NSGA-II),18,1206427498,126.19000000000001,3,5,5,2599,174.0,8.61435842514038,0.73,1.0
credit_g,Random Search,18,486205925,124.52,2,6,6,2599,174.0,11.167381763458252,0.72,1.0
credit_g,"GA (NSGA-II, archived)",18,1600778232,121.1,1,3,3,2501,174.0,7.312033414840698,0.7,1.0
credit_g,CART (ccp path),18,1239604578,136.8,2,12,12,0,174.0,0.1299445629119873,0.8,1.0
credit_g,GA (NSGA-II),19,635239112,122.78999999999999,2,10,16,2546,174.0,8.364067316055298,0.71,1.0
credit_g,Random Search,19,1280793629,124.0,2,6,6,2546,174.0,11.463336944580078,0.72,1.0
credit_g,"GA (NSGA-II, archived)",19,449290854,122.78999999999999,2,4,4,2547,174.0,8.957270860671997,0.71,1.0
credit_g,CART (ccp path),19,1555416075,136.55,3,12,12,0,174.0,0.06283998489379883,0.81,1.0
credit_g,GA (NSGA-II),20,189184377,127.86,3,4,5,2559,174.0,5.959343671798706,0.74,1.0
credit_g,Random Search,20,258727469,127.34,3,5,5,2559,174.0,10.73970890045166,0.74,1.0
credit_g,"GA (NSGA-II, archived)",20,1852605173,121.1,1,2,2,2549,174.0,8.108672618865967,0.7,1.0
credit_g,CART (ccp path),20,1319836088,126.47,4,12,12,0,174.0,0.1714012622833252,0.75,1.0
credit_g,GA (NSGA-II),21,1645012567,139.77,4,5,6,2549,174.0,9.908408641815186,0.81,1.0
credit_g,Random Search,21,845196704,129.27,3,5,5,2549,174.0,14.139164924621582,0.75,1.0
credit_g,"GA (NSGA-II, archived)",21,879585854,122.81,2,4,4,2523,174.0,7.61041259765625,0.71,1.0
credit_g,CART (ccp path),21,792484135,134.69,2,12,12,0,174.0,0.08220934867858887,0.79,1.0
credit_g,GA (NSGA-II),22,643111623,131.26000000000002,3,6,6,2535,174.0,7.605974197387695,0.76,1.0
credit_g,Random Search,22,527183921,132.35000000000002,4,7,7,2535,174.0,11.424638032913208,0.77,1.0
credit_g,"GA (NSGA-II, archived)",22,1615705868,129.65,2,4,4,2569,174.0,8.543783903121948,0.75,1.0
credit_g,CART (ccp path),22,1919384552,136.60000000000002,2,12,12,0,174.0,0.06360006332397461,0.8,1.0
credit_g,GA (NSGA-II),23,683833989,126.17,2,8,12,2564,174.0,8.644968748092651,0.73,1.0
credit_g,Random Search,23,667706463,126.17,2,6,6,2564,174.0,13.346671104431152,0.73,1.0
credit_g,"GA (NSGA-II, archived)",23,664750023,122.81,2,5,5,2506,174.0,7.599651098251343,0.71,1.0
credit_g,CART (ccp path),23,814066457,124.10000000000001,3,12,12,0,174.0,0.18985724449157715,0.72,1.0
credit_g,GA (NSGA-II),24,793148531,126.23,2,7,7,2540,174.0,9.720670461654663,0.73,1.0
credit_g,Random Search,24,2110973513,131.81,2,6,6,2540,174.0,14.612751483917236,0.77,1.0
credit_g,"GA (NSGA-II, archived)",24,1649341836,126.23,2,6,6,2577,174.0,8.555435419082642,0.73,1.0
credit_g,CART (ccp path),24,1113353420,142.28,3,12,12,0,174.0,0.19788837432861328,0.84,1.0
credit_g,GA (NSGA-II),25,1962851869,122.71,2,6,11,2491,174.0,9.697579622268677,0.71,1.0
credit_g,Random Search,25,262278057,121.1,1,5,5,2491,174.0,12.125889778137207,0.7,1.0
credit_g,"GA (NSGA-II, archived)",25,950661152,124.44,2,5,5,2534,174.0,8.21676254272461,0.72,1.0
credit_g,CART (ccp path),25,392721946,130.87,4,12,12,0,174.0,0.15430617332458496,0.77,1.0
credit_g,GA (NSGA-II),26,213968621,121.1,1,3,5,2533,174.0,8.675048828125,0.7,1.0
credit_g,Random Search,26,1000883383,122.71,2,5,5,2533,174.0,13.252839803695679,0.71,1.0
credit_g,"GA (NSGA-II, archived)",26,1622415740,121.1,1,3,3,2545,174.0,8.375689029693604,0.7,1.0
credit_g,CART (ccp path),26,1576249874,123.92,2,12,12,0,174.0,0.09097075462341309,0.72,1.0
credit_g,GA (NSGA-II),27,1789105178,129.65,2,6,7,2559,174.0,8.40121340751648,0.75,1.0
credit_g,Random Search,27,1502933479,129.65,2,6,6,2559,174.0,14.267366170883179,0.75,1.0
credit_g,"GA (NSGA-II, archived)",27,792859970,134.70000000000002,3,3,3,2560,174.0,8.46821928024292,0.78,1.0
credit_g,CART (ccp path),27,476286962,130.0,3,12,12,0,174.0,0.17148184776306152,0.76,1.0
credit_g,GA (NSGA-II),28,917262319,121.1,1,10,13,2552,174.0,9.643494367599487,0.7,1.0
credit_g,Random Search,28,122504505,128.87,3,9,9,2552,174.0,12.352137804031372,0.75,1.0
credit_g,"GA (NSGA-II, archived)",28,100427877,121.1,1,4,4,2501,174.0,8.310218572616577,0.7,1.0
credit_g,CART (ccp path),28,1351378400,127.3,2,12,12,0,174.0,0.08054685592651367,0.74,1.0
credit_g,GA (NSGA-II),29,1406638331,126.09,3,7,9,2615,174.0,9.417750120162964,0.73,1.0
credit_g,Random Search,29,93482299,121.1,1,5,5,2615,174.0,13.096243381500244,0.7,1.0
credit_g,"GA (NSGA-II, archived)",29,732942112,121.1,1,4,4,2543,174.0,9.06236481666565,0.7,1.0
credit_g,CART (ccp path),29,435704480,121.1,1,12,12,0,174.0,0.1291675567626953,0.7,1.0
credit_g,GA (NSGA-II),30,465606186,124.48,2,3,3,2588,174.0,8.4462411403656,0.72,1.0
credit_g,Random Search,30,1532596221,124.32,3,7,7,2588,174.0,11.260287761688232,0.72,1.0
credit_g,"GA (NSGA-II, archived)",30,1686698400,126.19,3,4,4,2566,174.0,8.653753995895386,0.73,1.0
credit_g,CART (ccp path),30,1101269676,126.38000000000001,3,12,12,0,174.0,0.10220217704772949,0.74,1.0
qsar_biodeg,GA (NSGA-II),1,1538343305,84.97169811320755,5,7,10,2581,108.0,9.189088344573975,0.8018867924528302,1.0
qsar_biodeg,Random Search,1,707063153,78.52830188679246,3,4,4,2581,108.0,10.787020921707153,0.7358490566037735,1.0
qsar_biodeg,"GA (NSGA-II, archived)",1,1927151425,88.33018867924528,6,7,7,2529,108.0,10.47742223739624,0.839622641509434,1.0
qsar_biodeg,CART (ccp path),1,302100089,85.4811320754717,3,12,12,0,108.0,0.2502884864807129,0.8207547169811321,1.0
qsar_biodeg,GA (NSGA-II),2,495216901,81.4811320754717,3,5,5,2558,108.0,8.289741039276123,0.7641509433962265,1.0
qsar_biodeg,Random Search,2,1137596219,81.55660377358491,2,6,6,2558,108.0,10.618249893188477,0.7641509433962265,1.0
qsar_biodeg,"GA (NSGA-II, archived)",2,1599496956,81.36792452830188,3,5,5,2546,108.0,8.550050973892212,0.7641509433962265,1.0
qsar_biodeg,CART (ccp path),2,616964743,80.99056603773585,5,12,12,0,108.0,0.4239165782928467,0.7830188679245284,1.0
qsar_biodeg,GA (NSGA-II),3,835799501,79.36792452830187,4,4,4,2589,108.0,8.391156911849976,0.7452830188679245,1.0
qsar_biodeg,Random Search,3,1891154294,78.65094339622641,4,6,6,2589,108.0,10.875218391418457,0.7452830188679245,1.0
qsar_biodeg,"GA (NSGA-II, archived)",3,1186374104,79.48113207547169,3,5,5,2524,108.0,8.733482360839844,0.7452830188679245,1.0
qsar_biodeg,CART (ccp path),3,221038632,86.28301886792453,3,12,12,0,108.0,0.15729594230651855,0.8301886792452831,1.0
qsar_biodeg,GA (NSGA-II),4,654618389,83.311320754717,4,6,8,2540,108.0,8.818089723587036,0.7830188679245284,1.0
qsar_biodeg,Random Search,4,1437146640,88.80188679245283,3,5,5,2540,108.0,10.406572341918945,0.839622641509434,1.0
qsar_biodeg,"GA (NSGA-II, archived)",4,315269182,87.08490566037737,5,5,5,2574,108.0,8.345100402832031,0.8207547169811321,1.0
qsar_biodeg,CART (ccp path),4,1583376359,94.12264150943396,3,12,12,0,108.0,0.22133684158325195,0.9150943396226415,1.0
qsar_biodeg,GA (NSGA-II),5,1056914098,82.35849056603774,3,9,11,2517,108.0,8.6902916431427,0.7735849056603774,1.0
qsar_biodeg,Random Search,5,1298456355,83.96226415094338,5,8,8,2517,108.0,11.618341207504272,0.7924528301886793,1.0
qsar_biodeg,"GA (NSGA-II, archived)",5,1019418949,83.4056603773585,4,4,4,2556,108.0,8.545042753219604,0.7830188679245284,1.0
qsar_biodeg,CART (ccp path),5,817779153,88.02830188679245,6,12,12,0,108.0,0.3892402648925781,0.8584905660377359,1.0
qsar_biodeg,GA (NSGA-II),6,1713486974,84.02857142857142,4,7,7,2572,108.0,8.119826078414917,0.7904761904761904,1.0
qsar_biodeg,Random Search,6,296026573,80.67619047619047,5,6,6,2572,108.0,9.608864068984985,0.7714285714285715,1.0
qsar_biodeg,"GA (NSGA-II, archived)",6,1741596231,82.31428571428572,2,4,4,2555,108.0,9.464528799057007,0.7714285714285715,1.0
qsar_biodeg,CART (ccp path),6,151784499,84.06666666666668,5,12,12,0,108.0,0.26158881187438965,0.8095238095238095,1.0
qsar_biodeg,GA (NSGA-II),7,45668471,84.33333333333333,2,8,10,2539,108.0,8.029045104980469,0.7904761904761904,1.0
qsar_biodeg,Random Search,7,2142238377,88.33333333333334,2,8,8,2539,108.0,10.669453144073486,0.8285714285714286,1.0
qsar_biodeg,"GA (NSGA-II, archived)",7,1298862401,85.91428571428571,4,7,7,2576,108.0,8.478513479232788,0.8095238095238095,1.0
qsar_biodeg,CART (ccp path),7,640837076,88.5047619047619,3,12,12,0,108.0,0.31066274642944336,0.8476190476190476,1.0
qsar_biodeg,GA (NSGA-II),8,945632285,88.2,3,6,10,2501,108.0,8.379738330841064,0.8285714285714286,1.0
qsar_biodeg,Random Search,8,119215911,85.76190476190476,3,5,5,2501,108.0,10.93460988998413,0.8095238095238095,1.0
qsar_biodeg,"GA (NSGA-II, archived)",8,1863824664,88.2,3,5,5,2604,108.0,9.73255181312561,0.8285714285714286,1.0
qsar_biodeg,CART (ccp path),8,51708286,88.85714285714285,3,12,12,0,108.0,0.21410369873046875,0.8571428571428571,1.0
qsar_biodeg,GA (NSGA-II),9,1313875009,81.27619047619048,3,8,8,2501,108.0,7.759443044662476,0.7619047619047619,1.0
qsar_biodeg,Random Search,9,585532628,83.09523809523809,6,6,6,2501,108.0,11.322958707809448,0.7904761904761904,1.0
qsar_biodeg,"GA (NSGA-II, archived)",9,281349519,82.97142857142859,4,4,4,2545,108.0,9.971473217010498,0.780952380952381,1.0
qsar_biodeg,CART (ccp path),9,1017390770,87.27619047619048,5,12,12,0,108.0,0.18652558326721191,0.8380952380952381,1.0
qsar_biodeg,GA (NSGA-II),10,1096179115,86.8,5,7,7,2564,108.0,8.58676028251648,0.819047619047619,1.0
qsar_biodeg,Random Search,10,94926678,81.16190476190476,3,4,4,2564,108.0,11.324564933776855,0.7619047619047619,1.0
qsar_biodeg,"GA (NSGA-II, archived)",10,1290298957,89.04761904761905,5,6,6,2575,108.0,8.272603511810303,0.8380952380952381,1.0
qsar_biodeg,CART (ccp path),10,148307374,89.4,3,12,12,0,108.0,0.3285520076751709,0.8666666666666667,1.0
qsar_biodeg,GA (NSGA-II),11,1821843798,83.8679245283019,5,5,7,2526,108.0,8.403930425643921,0.7924528301886793,1.0
qsar_biodeg,Random Search,11,1414780909,81.10377358490567,3,6,6,2526,108.0,9.790485620498657,0.7641509433962265,1.0
qsar_biodeg,"GA (NSGA-II, archived)",11,1132271621,74.49056603773585,3,5,5,2483,108.0,7.491943597793579,0.6981132075471698,1.0
qsar_biodeg,CART (ccp path),11,163023995,81.21698113207547,5,12,12,0,108.0,0.3270599842071533,0.7830188679245284,1.0
qsar_biodeg,GA (NSGA-II),12,271037471,87.5,2,6,6,2512,108.0,8.400471210479736,0.8207547169811321,1.0
qsar_biodeg,Random Search,12,504731197,86.20754716981133,3,5,5,2512,108.0,10.93456244468689,0.8113207547169812,1.0
qsar_biodeg,"GA (NSGA-II, archived)",12,1307605478,87.5,2,7,7,2568,108.0,8.64432406425476,0.8207547169811321,1.0
qsar_biodeg,CART (ccp path),12,1495074324,88.78301886792454,4,12,12,0,108.0,0.2927224636077881,0.8584905660377359,1.0
qsar_biodeg,GA (NSGA-II),13,1163717709,86.15094339622642,5,5,5,2525,108.0,8.572379350662231,0.8113207547169812,1.0
qsar_biodeg,Random Search,13,1596085211,85.46226415094341,3,5,5,2525,108.0,9.637289047241211,0.8207547169811321,1.0
qsar_biodeg,"GA (NSGA-II, archived)",13,1565436601,86.0188679245283,6,7,7,2554,108.0,9.065827369689941,0.8113207547169812,1.0
qsar_biodeg,CART (ccp path),13,17043307,92.72641509433963,3,12,12,0,108.0,0.16047000885009766,0.8962264150943396,1.0
qsar_biodeg,GA (NSGA-II),14,798995887,85.25471698113208,4,8,12,2489,108.0,8.336167335510254,0.8018867924528302,1.0
qsar_biodeg,Random Search,14,1814154091,79.9245283018868,3,4,4,2489,108.0,10.545376777648926,0.7547169811320755,1.0
qsar_biodeg,"GA (NSGA-II, archived)",14,1022113412,80.41509433962264,4,6,6,2538,108.0,9.024611473083496,0.7547169811320755,1.0
qsar_biodeg,CART (ccp path),14,1175910959,86.22641509433963,3,12,12,0,108.0,0.32929491996765137,0.8301886792452831,1.0
qsar_biodeg,GA (NSGA-II),15,1904820769,84.18867924528301,5,5,6,2497,108.0,7.147168397903442,0.7924528301886793,1.0
qsar_biodeg,Random Search,15,1463273352,81.10377358490567,4,6,6,2497,108.0,10.493452787399292,0.7641509433962265,1.0
qsar_biodeg,"GA (NSGA-II, archived)",15,1354942323,81.44339622641509,4,4,4,2575,108.0,8.506764888763428,0.7641509433962265,1.0
qsar_biodeg,CART (ccp path),15,1233898794,84.93396226415095,7,12,12,0,108.0,0.23327279090881348,0.839622641509434,1.0
qsar_biodeg,GA (NSGA-II),16,1544523299,80.12380952380951,4,8,10,2530,108.0,8.472437143325806,0.7523809523809524,1.0
qsar_biodeg,Random Search,16,485506860,78.97142857142858,3,4,4,2530,108.0,10.864766597747803,0.7428571428571429,1.0
qsar_biodeg,"GA (NSGA-II, archived)",16,323716578,79.21904761904763,3,3,3,2642,108.0,8.204391241073608,0.7428571428571429,1.0
qsar_biodeg,CART (ccp path),16,1998154437,85.4,4,12,12,0,108.0,0.21886301040649414,0.8285714285714286,1.0
qsar_biodeg,GA (NSGA-II),17,2074294363,87.25714285714285,3,5,6,2536,108.0,8.346518993377686,0.819047619047619,1.0
qsar_biodeg,Random Search,17,185409432,88.38095238095238,5,7,7,2536,108.0,7.708415746688843,0.8380952380952381,1.0
qsar_biodeg,"GA (NSGA-II, archived)",17,1205522392,83.93333333333334,4,5,5,2524,108.0,6.651167869567871,0.7904761904761904,1.0
qsar_biodeg,CART (ccp path),17,2097157486,94.52380952380952,5,12,12,0,108.0,0.1728651523590088,0.9238095238095239,1.0
qsar_biodeg,GA (NSGA-II),18,1995636549,86.1047619047619,4,5,6,2468,108.0,5.4269609451293945,0.8095238095238095,1.0
qsar_biodeg,Random Search,18,193088498,85.33333333333334,2,5,5,2468,108.0,7.788262844085693,0.8,1.0
qsar_biodeg,"GA (NSGA-II, archived)",18,1065834986,86.93333333333334,5,6,6,2498,108.0,5.990478515625,0.819047619047619,1.0
qsar_biodeg,CART (ccp path),18,1475465140,90.12380952380953,4,12,12,0,108.0,0.19205713272094727,0.8666666666666667,1.0
qsar_biodeg,GA (NSGA-II),19,2022468199,88.14285714285715,4,10,11,2572,108.0,6.674582004547119,0.8285714285714286,1.0
qsar_biodeg,Random Search,19,210066522,81.33333333333333,2,4,4,2572,108.0,8.003916501998901,0.7619047619047619,1.0
qsar_biodeg,"GA (NSGA-II, archived)",19,1390784393,85.23809523809524,4,7,7,2527,108.0,6.268385648727417,0.8,1.0
qsar_biodeg,CART (ccp path),19,1768848081,90.73333333333333,2,12,12,0,108.0,0.20084285736083984,0.8666666666666667,1.0
qsar_biodeg,GA (NSGA-II),20,934126501,88.21904761904763,3,8,9,2560,108.0,6.246197938919067,0.8285714285714286,1.0
qsar_biodeg,Random Search,20,1175415302,89.25714285714285,3,5,5,2560,108.0,8.040289402008057,0.8380952380952381,1.0
qsar_biodeg,"GA (NSGA-II, archived)",20,845569349,88.04761904761905,4,7,7,2506,108.0,6.27809476852417,0.8285714285714286,1.0
qsar_biodeg,CART (ccp path),20,753052613,89.52380952380952,3,12,12,0,108.0,0.21071338653564453,0.8571428571428571,1.0
qsar_biodeg,GA (NSGA-II),21,761135304,84.16981132075473,4,9,16,2575,108.0,6.50719141960144,0.7924528301886793,1.0
qsar_biodeg,Random Search,21,1844088897,82.54716981132076,2,3,3,2575,108.0,7.645485162734985,0.7735849056603774,1.0
qsar_biodeg,"GA (NSGA-II, archived)",21,1116214768,84.28301886792453,4,5,5,2538,108.0,5.395901918411255,0.7924528301886793,1.0
qsar_biodeg,CART (ccp path),21,253001870,87.41509433962264,5,12,12,0,108.0,0.17731380462646484,0.8490566037735849,1.0
qsar_biodeg,GA (NSGA-II),22,1687756994,88.24528301886792,5,6,7,2580,108.0,5.995110511779785,0.8301886792452831,1.0
qsar_biodeg,Random Search,22,1493869626,86.37735849056604,3,9,9,2580,108.0,9.113475322723389,0.8113207547169812,1.0
qsar_biodeg,"GA (NSGA-II, archived)",22,1313692447,74.58490566037734,3,3,3,2543,108.0,6.601425886154175,0.6981132075471698,1.0
qsar_biodeg,CART (ccp path),22,825897319,90.45283018867924,3,12,12,0,108.0,0.15752673149108887,0.8679245283018868,1.0
qsar_biodeg,GA (NSGA-II),23,1519575398,83.9622641509434,6,8,9,2534,108.0,7.977580547332764,0.7924528301886793,1.0
qsar_biodeg,Random Search,23,1661460113,80.80188679245283,4,6,6,2534,108.0,7.269463777542114,0.7641509433962265,1.0
qsar_biodeg,"GA (NSGA-II, archived)",23,1260221186,80.39622641509435,4,5,5,2512,108.0,5.950414180755615,0.7547169811320755,1.0
qsar_biodeg,CART (ccp path),23,2059687323,87.44339622641509,4,12,12,0,108.0,0.15981221199035645,0.839622641509434,1.0
qsar_biodeg,GA (NSGA-II),24,669268507,88.18867924528304,4,8,10,2563,108.0,6.4501073360443115,0.8301886792452831,1.0
qsar_biodeg,Random Search,24,434356869,86.8301886792453,4,5,5,2563,108.0,7.901044130325317,0.8301886792452831,1.0
qsar_biodeg,"GA (NSGA-II, archived)",24,1840403593,82.47169811320755,3,4,4,2496,108.0,5.763641834259033,0.7735849056603774,1.0
qsar_biodeg,CART (ccp path),24,504641528,90.30188679245283,5,12,12,0,108.0,0.19032502174377441,0.8867924528301887,1.0
qsar_biodeg,GA (NSGA-II),25,1064792229,83.38679245283019,3,4,5,2556,108.0,6.426842212677002,0.7830188679245284,1.0
qsar_biodeg,Random Search,25,328590731,84.35849056603774,3,7,7,2556,108.0,7.5876305103302,0.7924528301886793,1.0
qsar_biodeg,"GA (NSGA-II, archived)",25,1547882880,86.28301886792454,4,4,4,2515,108.0,6.47960090637207,0.8113207547169812,1.0
qsar_biodeg,CART (ccp path),25,1280833774,84.88679245283019,3,12,12,0,108.0,0.15478110313415527,0.8113207547169812,1.0
qsar_biodeg,GA (NSGA-II),26,1447571295,82.2,4,6,9,2549,108.0,5.922142267227173,0.7714285714285715,1.0
qsar_biodeg,Random Search,26,763076768,81.08571428571427,4,6,6,2549,108.0,7.59664249420166,0.7619047619047619,1.0
qsar_biodeg,"GA (NSGA-II, archived)",26,1676657279,83.21904761904763,3,3,3,2497,108.0,6.452452898025513,0.780952380952381,1.0
qsar_biodeg,CART (ccp path),26,69367948,85.0952380952381,2,12,12,0,108.0,0.20887494087219238,0.8095238095238095,1.0
qsar_biodeg,GA (NSGA-II),27,1918956961,81.29523809523809,3,4,4,2578,108.0,6.3102126121521,0.7619047619047619,1.0
qsar_biodeg,Random Search,27,130109579,86.55238095238096,4,5,5,2578,108.0,7.2341907024383545,0.819047619047619,1.0
qsar_biodeg,"GA (NSGA-II, archived)",27,1757267961,92.64761904761905,3,5,5,2573,108.0,5.8639256954193115,0.8761904761904762,1.0
qsar_biodeg,CART (ccp path),27,845739885,86.4095238095238,3,12,12,0,108.0,0.1737825870513916,0.8285714285714286,1.0
qsar_biodeg,GA (NSGA-II),28,98968811,85.31428571428572,3,7,8,2586,108.0,7.182180404663086,0.8,1.0
qsar_biodeg,Random Search,28,400768365,83.25714285714287,3,6,6,2586,108.0,8.069750785827637,0.780952380952381,1.0
qsar_biodeg,"GA (NSGA-II, archived)",28,968955324,89.23809523809524,3,4,4,2508,108.0,5.65082049369812,0.8380952380952381,1.0
qsar_biodeg,CART (ccp path),28,1829619671,87.70476190476191,5,12,12,0,108.0,0.15702557563781738,0.8666666666666667,1.0
qsar_biodeg,GA (NSGA-II),29,101476466,85.93333333333334,3,7,9,2565,108.0,6.094626426696777,0.8095238095238095,1.0
qsar_biodeg,Random Search,29,1960127543,83.1047619047619,3,3,3,2565,108.0,8.0874662399292,0.780952380952381,1.0
qsar_biodeg,"GA (NSGA-II, archived)",29,2070251693,90.45714285714286,4,5,5,2559,108.0,6.313216209411621,0.8571428571428571,1.0
qsar_biodeg,CART (ccp path),29,660770811,85.94285714285715,6,12,12,0,108.0,0.1726546287536621,0.8571428571428571,1.0
qsar_biodeg,GA (NSGA-II),30,1137058762,80.08571428571429,3,6,9,2533,108.0,5.928598165512085,0.7523809523809524,1.0
qsar_biodeg,Random Search,30,418687423,81.18095238095239,4,6,6,2533,108.0,7.865079641342163,0.7619047619047619,1.0
qsar_biodeg,"GA (NSGA-II, archived)",30,571937411,77.21904761904761,2,5,5,2483,108.0,6.378195762634277,0.7238095238095238,1.0
qsar_biodeg,CART (ccp path),30,702887655,87.02857142857142,4,12,12,0,108.0,0.14340424537658691,0.8380952380952381,1.0
pc1,GA (NSGA-II),1,444356697,53.4054054054054,1,2,2,2513,58.0,6.174704551696777,0.9369369369369369,1.0
pc1,Random Search,1,118459716,53.75675675675676,2,3,3,2513,58.0,12.044331550598145,0.9459459459459459,1.0
pc1,"GA (NSGA-II, archived)",1,1632950149,53.4054054054054,1,4,4,2578,58.0,8.258427619934082,0.9369369369369369,1.0
pc1,CART (ccp path),1,405116475,53.96396396396396,3,12,12,0,58.0,0.2758309841156006,0.954954954954955,1.0
pc1,GA (NSGA-II),2,1024266812,53.88288288288288,2,5,15,2521,58.0,7.131916522979736,0.9459459459459459,1.0
pc1,Random Search,2,1996138532,53.9009009009009,2,4,4,2521,58.0,12.611734867095947,0.9459459459459459,1.0
pc1,"GA (NSGA-II, archived)",2,1747722154,53.4054054054054,1,2,2,2500,58.0,7.415204048156738,0.9369369369369369,1.0
pc1,CART (ccp path),2,837971367,53.846846846846844,2,12,12,0,58.0,0.1520216464996338,0.9459459459459459,1.0
pc1,GA (NSGA-II),3,233135757,52.89189189189189,1,3,3,2537,58.0,7.8724524974823,0.9279279279279279,1.0
pc1,Random Search,3,406534275,52.89189189189189,1,3,3,2537,58.0,12.205908298492432,0.9279279279279279,1.0
pc1,"GA (NSGA-II, archived)",3,2056207566,52.89189189189189,1,3,3,2578,58.0,8.585567712783813,0.9279279279279279,1.0
pc1,CART (ccp path),3,1788102852,53.23423423423423,3,12,12,0,58.0,0.11415505409240723,0.9459459459459459,1.0
pc1,GA (NSGA-II),4,641062638,52.89189189189189,1,2,5,2510,58.0,8.537181377410889,0.9279279279279279,1.0
pc1,Random Search,4,217666934,53.05405405405405,2,4,4,2510,58.0,12.23043704032898,0.9459459459459459,1.0
pc1,"GA (NSGA-II, archived)",4,112474147,52.89189189189189,1,3,3,2504,58.0,7.243637800216675,0.9279279279279279,1.0
pc1,CART (ccp path),4,1121861271,54.207207207207205,4,12,12,0,58.0,0.13443613052368164,0.963963963963964,1.0
pc1,GA (NSGA-II),5,1457326562,53.88288288288288,2,2,2,2531,58.0,8.536909341812134,0.9459459459459459,1.0
pc1,Random Search,5,1224817335,54.873873873873876,2,3,3,2531,58.0,11.699099063873291,0.963963963963964,1.0
pc1,"GA (NSGA-II, archived)",5,1166261643,53.846846846846844,2,2,2,2494,58.0,7.636485576629639,0.9459459459459459,1.0
pc1,CART (ccp path),5,1832237525,54.585585585585584,2,12,12,0,58.0,0.2477555274963379,0.963963963963964,1.0
pc1,GA (NSGA-II),6,140768320,52.89189189189189,1,4,15,2537,58.0,8.911674737930298,0.9279279279279279,1.0
pc1,Random Search,6,766977852,52.89189189189189,1,2,2,2537,58.0,12.832276344299316,0.9279279279279279,1.0
pc1,"GA (NSGA-II, archived)",6,1633476589,52.89189189189189,1,3,3,2529,58.0,8.285937547683716,0.9279279279279279,1.0
pc1,CART (ccp path),6,1728706283,53.29729729729729,2,12,12,0,58.0,0.10239982604980469,0.9369369369369369,1.0
pc1,GA (NSGA-II),7,398545763,52.89189189189189,1,4,7,2465,58.0,8.424280166625977,0.9279279279279279,1.0
pc1,Random Search,7,1776360912,52.89189189189189,1,4,4,2465,58.0,12.87212324142456,0.9279279279279279,1.0
pc1,"GA (NSGA-II, archived)",7,18568544,52.89189189189189,1,2,2,2495,58.0,7.292299747467041,0.9279279279279279,1.0
pc1,CART (ccp path),7,1854562514,53.29729729729729,2,12,12,0,58.0,0.13668179512023926,0.9369369369369369,1.0
pc1,GA (NSGA-II),8,1163638960,52.89189189189189,1,2,2,2524,58.0,6.424498081207275,0.9279279279279279,1.0
pc1,Random Search,8,43569451,52.89189189189189,1,3,3,2524,58.0,11.6790132522583,0.9279279279279279,1.0
pc1,"GA (NSGA-II, archived)",8,1623137594,52.89189189189189,1,4,4,2532,58.0,6.707679748535156,0.9279279279279279,1.0
pc1,CART (ccp path),8,581314563,52.89189189189189,1,12,12,0,58.0,0.15984201431274414,0.9279279279279279,1.0
pc1,GA (NSGA-II),9,352951832,52.89189189189189,1,2,3,2570,58.0,7.549138069152832,0.9279279279279279,1.0
pc1,Random Search,9,722848924,52.89189189189189,1,3,3,2570,58.0,10.948065757751465,0.9279279279279279,1.0
pc1,"GA (NSGA-II, archived)",9,414266374,52.89189189189189,1,2,2,2561,58.0,7.014270067214966,0.9279279279279279,1.0
pc1,CART (ccp path),9,574491027,52.89189189189189,1,12,12,0,58.0,0.1373279094696045,0.9279279279279279,1.0
pc1,GA (NSGA-II),10,1115382417,53.872727272727275,2,2,2,2556,58.0,6.90562629699707,0.9454545454545454,1.0
pc1,Random Search,10,975164297,53.872727272727275,2,4,4,2556,58.0,12.977251291275024,0.9454545454545454,1.0
pc1,"GA (NSGA-II, archived)",10,1462293458,53.872727272727275,2,2,2,2523,58.0,6.241394758224487,0.9454545454545454,1.0
pc1,CART (ccp path),10,98317218,54.54545454545454,3,12,12,0,58.0,0.10279202461242676,0.9636363636363636,1.0
pc1,GA (NSGA-II),11,104554123,53.4054054054054,1,4,21,2553,58.0,6.596907615661621,0.9369369369369369,1.0
pc1,Random Search,11,1684975005,53.4054054054054,1,3,3,2553,58.0,10.551483869552612,0.9369369369369369,1.0
pc1,"GA (NSGA-II, archived)",11,2071946838,53.4054054054054,1,2,2,2552,58.0,6.881422758102417,0.9369369369369369,1.0
pc1,CART (ccp path),11,369173373,53.4054054054054,1,12,12,0,58.0,0.10122060775756836,0.9369369369369369,1.0
pc1,GA (NSGA-II),12,1631998350,53.4054054054054,1,2,3,2563,58.0,7.146575689315796,0.9369369369369369,1.0
pc1,Random Search,12,1144207658,53.4054054054054,1,4,4,2563,58.0,12.43589973449707,0.9369369369369369,1.0
pc1,"GA (NSGA-II, archived)",12,822781769,53.4054054054054,1,2,2,2505,58.0,6.864222288131714,0.9369369369369369,1.0
pc1,CART (ccp path),12,993350408,53.41441441441441,2,12,12,0,58.0,0.11190986633300781,0.9459459459459459,1.0
pc1,GA (NSGA-II),13,889313814,52.89189189189189,1,2,2,2575,58.0,8.030252456665039,0.9279279279279279,1.0
pc1,Random Search,13,899352461,53.35135135135135,2,4,4,2575,58.0,12.618136405944824,0.9369369369369369,1.0
pc1,"GA (NSGA-II, archived)",13,1628816819,53.88288288288288,2,2,2,2568,58.0,7.10225510597229,0.9459459459459459,1.0
pc1,CART (ccp path),13,1306687800,52.89189189189189,1,12,12,0,58.0,0.12125515937805176,0.9279279279279279,1.0
pc1,GA (NSGA-II),14,521773912,52.89189189189189,1,2,3,2536,58.0,7.122294664382935,0.9279279279279279,1.0
pc1,Random Search,14,513067594,53.35135135135135,2,4,4,2536,58.0,13.458261728286743,0.9369369369369369,1.0
pc1,"GA (NSGA-II, archived)",14,1555572785,52.89189189189189,1,2,2,2533,58.0,6.987834215164185,0.9279279279279279,1.0
pc1,CART (ccp path),14,849882875,52.89189189189189,1,12,12,0,58.0,0.13346147537231445,0.9279279279279279,1.0
pc1,GA (NSGA-II),15,421059280,52.89189189189189,1,3,5,2509,58.0,8.075870275497437,0.9279279279279279,1.0
pc1,Random Search,15,690019545,52.89189189189189,1,3,3,2509,58.0,10.039929628372192,0.9279279279279279,1.0
pc1,"GA (NSGA-II, archived)",15,1348407847,53.369369369369366,2,3,3,2532,58.0,5.1715710163116455,0.9369369369369369,1.0
pc1,CART (ccp path),15,696021366,53.702702702702695,3,12,12,0,58.0,0.15118789672851562,0.9459459459459459,1.0
pc1,GA (NSGA-II),16,1620499093,52.89189189189189,1,3,12,2547,58.0,5.719815731048584,0.9279279279279279,1.0
pc1,Random Search,16,1243953314,53.35135135135135,2,3,3,2547,58.0,9.59538221359253,0.9369369369369369,1.0
pc1,"GA (NSGA-II, archived)",16,1057912993,53.387387387387385,2,2,2,2536,58.0,4.937601566314697,0.9369369369369369,1.0
pc1,CART (ccp path),16,1040040829,53.702702702702695,3,12,12,0,58.0,0.12623357772827148,0.9459459459459459,1.0
pc1,GA (NSGA-II),17,738416618,52.89189189189189,1,3,8,2511,58.0,4.882202386856079,0.9279279279279279,1.0
pc1,Random Search,17,192441594,52.89189189189189,1,3,3,2511,58.0,8.173427104949951,0.9279279279279279,1.0
pc1,"GA (NSGA-II, archived)",17,701877969,52.89189189189189,1,2,2,2581,58.0,5.6374053955078125,0.9279279279279279,1.0
pc1,CART (ccp path),17,41286215,53.31531531531531,2,12,12,0,58.0,0.149658203125,0.9369369369369369,1.0
pc1,GA (NSGA-II),18,669602290,53.88288288288288,2,3,7,2545,58.0,5.432925462722778,0.9459459459459459,1.0
pc1,Random Search,18,585729765,53.387387387387385,2,3,3,2545,58.0,8.535155057907104,0.9369369369369369,1.0
pc1,"GA (NSGA-II, archived)",18,1357827034,53.387387387387385,2,2,2,2595,58.0,5.016780376434326,0.9369369369369369,1.0
pc1,CART (ccp path),18,1469872470,53.846846846846844,2,12,12,0,58.0,0.12046265602111816,0.9459459459459459,1.0
pc1,GA (NSGA-II),19,1349362367,53.88288288288288,2,5,7,2553,58.0,5.411891460418701,0.9459459459459459,1.0
pc1,Random Search,19,644598043,53.387387387387385,2,2,2,2553,58.0,8.877043962478638,0.9369369369369369,1.0
pc1,"GA (NSGA-II, archived)",19,1986802165,53.81081081081081,2,4,4,2540,58.0,5.714162588119507,0.9459459459459459,1.0
pc1,CART (ccp path),19,1030059002,53.77477477477477,3,12,12,0,58.0,0.1011345386505127,0.9459459459459459,1.0
pc1,GA (NSGA-II),20,2090713716,53.372727272727275,1,3,5,2551,58.0,5.124347686767578,0.9363636363636364,1.0
pc1,Random Search,20,591968183,53.372727272727275,1,3,3,2551,58.0,8.612065076828003,0.9363636363636364,1.0
pc1,"GA (NSGA-II, archived)",20,1767875667,53.372727272727275,1,3,3,2547,58.0,5.121616363525391,0.9363636363636364,1.0
pc1,CART (ccp path),20,1569339802,54.22727272727273,2,12,12,0,58.0,0.10204935073852539,0.9545454545454546,1.0
pc1,GA (NSGA-II),21,955187312,53.4054054054054,1,5,8,2574,58.0,6.521334648132324,0.9369369369369369,1.0
pc1,Random Search,21,1255160604,53.4054054054054,1,3,3,2574,58.0,9.247875213623047,0.9369369369369369,1.0
pc1,"GA (NSGA-II, archived)",21,1477281054,53.4054054054054,1,3,3,2573,58.0,4.891817569732666,0.9369369369369369,1.0
pc1,CART (ccp path),21,942890666,53.828828828828826,2,12,12,0,58.0,0.10342621803283691,0.9459459459459459,1.0
pc1,GA (NSGA-II),22,1497815595,53.4054054054054,1,2,2,2514,58.0,5.320471286773682,0.9369369369369369,1.0
pc1,Random Search,22,1519501465,53.4054054054054,1,3,3,2514,58.0,8.607050657272339,0.9369369369369369,1.0
pc1,"GA (NSGA-II, archived)",22,1546995791,53.4054054054054,1,2,2,2551,58.0,6.590284824371338,0.9369369369369369,1.0
pc1,CART (ccp path),22,1332688704,53.4054054054054,1,12,12,0,58.0,0.12174630165100098,0.9369369369369369,1.0
pc1,GA (NSGA-II),23,483077219,53.846846846846844,2,4,13,2525,58.0,4.882249116897583,0.9459459459459459,1.0
pc1,Random Search,23,843248673,53.35135135135135,2,5,5,2525,58.0,9.625176906585693,0.9369369369369369,1.0
pc1,"GA (NSGA-II, archived)",23,1272312751,53.369369369369366,2,2,2,2590,58.0,5.195519924163818,0.9369369369369369,1.0
pc1,CART (ccp path),23,748401292,52.93693693693693,2,12,12,0,58.0,0.11221837997436523,0.9369369369369369,1.0
pc1,GA (NSGA-II),24,1499229966,53.387387387387385,2,7,12,2542,58.0,6.294531345367432,0.9369369369369369,1.0
pc1,Random Search,24,1775661442,53.369369369369366,2,3,3,2542,58.0,8.828742742538452,0.9369369369369369,1.0
pc1,"GA (NSGA-II, archived)",24,1388152880,52.89189189189189,1,2,2,2591,58.0,4.940138339996338,0.9279279279279279,1.0
pc1,CART (ccp path),24,491846023,52.89189189189189,1,12,12,0,58.0,0.11276388168334961,0.9279279279279279,1.0
pc1,GA (NSGA-II),25,201271210,52.89189189189189,1,4,5,2503,58.0,5.898519039154053,0.9279279279279279,1.0
pc1,Random Search,25,2116876379,53.27927927927927,2,3,3,2503,58.0,7.847102880477905,0.9369369369369369,1.0
pc1,"GA (NSGA-II, archived)",25,606879034,52.89189189189189,1,3,3,2503,58.0,4.881443738937378,0.9279279279279279,1.0
pc1,CART (ccp path),25,249219799,52.89189189189189,1,12,12,0,58.0,0.09164118766784668,0.9279279279279279,1.0
pc1,GA (NSGA-II),26,1941377830,53.369369369369366,2,4,25,2564,58.0,4.673282861709595,0.9369369369369369,1.0
pc1,Random Search,26,560941051,52.89189189189189,1,2,2,2564,58.0,8.534704208374023,0.9279279279279279,1.0
pc1,"GA (NSGA-II, archived)",26,171388592,52.89189189189189,1,2,2,2569,58.0,5.2353739738464355,0.9279279279279279,1.0
pc1,CART (ccp path),26,1280575968,53.648648648648646,3,12,12,0,58.0,0.10298371315002441,0.9459459459459459,1.0
pc1,GA (NSGA-II),27,1827932747,53.846846846846844,2,2,2,2509,58.0,4.409281492233276,0.9459459459459459,1.0
pc1,Random Search,27,152718016,52.89189189189189,1,2,2,2509,58.0,8.55226755142212,0.9279279279279279,1.0
pc1,"GA (NSGA-II, archived)",27,1712953204,53.846846846846844,2,2,2,2573,58.0,5.026192903518677,0.9459459459459459,1.0
pc1,CART (ccp path),27,171662146,54.16216216216216,2,12,12,0,58.0,0.11167359352111816,0.954954954954955,1.0
pc1,GA (NSGA-II),28,1115928917,53.369369369369366,2,11,17,2557,58.0,5.334568023681641,0.9369369369369369,1.0
pc1,Random Search,28,213210422,52.89189189189189,1,4,4,2557,58.0,9.482717990875244,0.9279279279279279,1.0
pc1,"GA (NSGA-II, archived)",28,352812140,52.89189189189189,1,2,2,2567,58.0,5.416334390640259,0.9279279279279279,1.0
pc1,CART (ccp path),28,763328109,53.29729729729729,2,12,12,0,58.0,0.10523629188537598,0.9369369369369369,1.0
pc1,GA (NSGA-II),29,1672198825,53.81081081081081,2,2,24,2542,58.0,5.556811571121216,0.9459459459459459,1.0
pc1,Random Search,29,380982779,53.387387387387385,2,3,3,2542,58.0,9.234291791915894,0.9369369369369369,1.0
pc1,"GA (NSGA-II, archived)",29,809687576,53.387387387387385,2,3,3,2531,58.0,5.1554646492004395,0.9369369369369369,1.0
pc1,CART (ccp path),29,1611021306,54.18018018018018,3,12,12,0,58.0,0.09923839569091797,0.954954954954955,1.0
pc1,GA (NSGA-II),30,154730972,53.85454545454545,2,3,80,2530,58.0,4.676310777664185,0.9454545454545454,1.0
pc1,Random Search,30,1702680323,53.872727272727275,2,2,2,2530,58.0,8.79628849029541,0.9454545454545454,1.0
pc1,"GA (NSGA-II, archived)",30,58110205,53.872727272727275,2,2,2,2602,58.0,5.898809909820557,0.9454545454545454,1.0
pc1,CART (ccp path),30,340092749,53.763636363636365,2,12,12,0,58.0,0.11690497398376465,0.9454545454545454,1.0
banknote,GA (NSGA-II),1,240552932,42.565217391304344,5,7,9,2524,50.0,11.099711418151855,0.8985507246376812,1.0
banknote,Random Search,1,2061836260,43.07246376811593,5,7,7,2524,50.0,13.010926723480225,0.9130434782608695,1.0
banknote,"GA (NSGA-II, archived)",1,254389707,45.73913043478261,4,4,4,2533,50.0,10.587299585342407,0.9565217391304348,1.0
banknote,CART (ccp path),1,1774718963,45.17391304347826,6,12,12,0,50.0,0.10672974586486816,0.9710144927536232,1.0
banknote,GA (NSGA-II),2,1502872231,43.5,4,4,7,2579,50.0,10.448022365570068,0.9057971014492754,1.0
banknote,Random Search,2,2097953418,44.94927536231884,3,5,5,2579,50.0,13.17984414100647,0.9492753623188406,1.0
banknote,"GA (NSGA-II, archived)",2,1860505727,45.60869565217392,7,7,7,2511,50.0,9.663665771484375,0.9565217391304348,1.0
banknote,CART (ccp path),2,504060924,44.93478260869566,7,12,12,0,50.0,0.05841517448425293,0.9927536231884058,1.0
banknote,GA (NSGA-II),3,1927870303,44.74452554744525,4,9,13,2557,50.0,10.981494188308716,0.9343065693430657,1.0
banknote,Random Search,3,693146526,43.722627737226276,6,6,6,2557,50.0,14.101223468780518,0.948905109489051,1.0
banknote,"GA (NSGA-II, archived)",3,1560773528,44.598540145985396,6,8,8,2535,50.0,10.463778734207153,0.9343065693430657,1.0
banknote,CART (ccp path),3,148467754,45.226277372262764,6,12,12,0,50.0,0.07320046424865723,0.9781021897810219,1.0
banknote,GA (NSGA-II),4,1646551599,44.970802919708035,5,9,14,2562,50.0,12.720890998840332,0.9562043795620438,1.0
banknote,Random Search,4,639917341,43.27737226277372,6,8,8,2562,50.0,14.829562902450562,0.9416058394160584,1.0
banknote,"GA (NSGA-II, archived)",4,342563577,41.372262773722625,5,5,5,2555,50.0,10.354671239852905,0.8613138686131386,1.0
banknote,CART (ccp path),4,1209986524,44.25547445255474,8,12,12,0,50.0,0.0550839900970459,0.9708029197080292,1.0
banknote,GA (NSGA-II),5,1851444938,45.58394160583942,5,8,10,2569,50.0,10.949947118759155,0.9562043795620438,1.0
banknote,Random Search,5,436195983,44.67883211678832,5,6,6,2569,50.0,13.535951375961304,0.9562043795620438,1.0
banknote,"GA (NSGA-II, archived)",5,105614849,45.437956204379574,6,9,9,2534,50.0,11.15384554862976,0.9562043795620438,1.0
banknote,CART (ccp path),5,1660911442,46.20437956204379,6,12,12,0,50.0,0.10784506797790527,0.9927007299270073,1.0
banknote,GA (NSGA-II),6,2138497474,44.77372262773723,5,7,14,2553,50.0,8.981947660446167,0.9343065693430657,1.0
banknote,Random Search,6,1252428771,46.24087591240876,5,6,6,2553,50.0,14.127588033676147,0.9708029197080292,1.0
banknote,"GA (NSGA-II, archived)",6,1246623026,47.284671532846716,5,6,6,2535,50.0,9.890698194503784,0.9927007299270073,1.0
banknote,CART (ccp path),6,2138592805,46.36496350364963,5,12,12,0,50.0,0.05363798141479492,0.9927007299270073,1.0
banknote,GA (NSGA-II),7,1226571279,44.41605839416058,4,9,16,2502,50.0,9.891160011291504,0.927007299270073,1.0
banknote,Random Search,7,1449723480,44.05109489051094,5,9,9,2502,50.0,12.945277452468872,0.9416058394160584,1.0
banknote,"GA (NSGA-II, archived)",7,771297628,45.2992700729927,5,8,8,2559,50.0,9.310781955718994,0.948905109489051,1.0
banknote,CART (ccp path),7,1675647634,45.85401459854015,7,12,12,0,50.0,0.049394845962524414,0.9927007299270073,1.0
banknote,GA (NSGA-II),8,1643306056,45.481751824817515,5,7,8,2522,50.0,9.267402172088623,0.9562043795620438,1.0
banknote,Random Search,8,1759570043,41.321167883211686,5,7,7,2522,50.0,14.182938814163208,0.8832116788321168,1.0
banknote,"GA (NSGA-II, archived)",8,1927316320,43.2992700729927,4,5,5,2595,50.0,11.727538824081421,0.9051094890510949,1.0
banknote,CART (ccp path),8,1691207440,43.868613138686136,6,12,12,0,50.0,0.15607261657714844,0.948905109489051,1.0
banknote,GA (NSGA-II),9,648975908,44.715328467153284,5,10,15,2554,50.0,10.992674350738525,0.9343065693430657,1.0
banknote,Random Search,9,1220439320,44.02919708029197,5,7,7,2554,50.0,14.738895177841187,0.9343065693430657,1.0
banknote,"GA (NSGA-II, archived)",9,134721995,44.99270072992701,7,8,8,2558,50.0,11.627554893493652,0.948905109489051,1.0
banknote,CART (ccp path),9,872730148,45.91240875912409,6,12,12,0,50.0,0.07741665840148926,0.9927007299270073,1.0
banknote,GA (NSGA-II),10,1381391640,42.78832116788321,4,6,11,2549,50.0,9.130714654922485,0.8905109489051095,1.0
banknote,Random Search,10,232474122,42.24087591240876,5,7,7,2549,50.0,12.00898814201355,0.927007299270073,1.0
banknote,"GA (NSGA-II, archived)",10,119745964,45.99270072992701,5,5,5,2532,50.0,6.742993593215942,0.9708029197080292,1.0
banknote,CART (ccp path),10,415990668,45.540145985401466,7,12,12,0,50.0,0.04454970359802246,0.9854014598540146,1.0
banknote,GA (NSGA-II),11,1318115108,45.637681159420296,5,9,13,2540,50.0,7.998629093170166,0.9565217391304348,1.0
banknote,Random Search,11,539614704,45.17391304347827,5,6,6,2540,50.0,10.587477207183838,0.9565217391304348,1.0
banknote,"GA (NSGA-II, archived)",11,1414382354,45.80434782608696,4,5,5,2575,50.0,7.9866344928741455,0.9637681159420289,1.0
banknote,CART (ccp path),11,653516385,45.79710144927536,6,12,12,0,50.0,0.04787445068359375,0.9855072463768116,1.0
banknote,GA (NSGA-II),12,922037807,42.40579710144927,4,8,15,2571,50.0,6.802536964416504,0.8840579710144928,1.0
banknote,Random Search,12,1899387452,44.04347826086957,5,6,6,2571,50.0,9.089122772216797,0.927536231884058,1.0
banknote,"GA (NSGA-II, archived)",12,62878359,44.949275362318836,6,10,10,2529,50.0,9.084083080291748,0.9492753623188406,1.0
banknote,CART (ccp path),12,2050455737,44.905797101449274,6,12,12,0,50.0,0.05051398277282715,0.9927536231884058,1.0
banknote,GA (NSGA-II),13,1432726612,46.0948905109489,5,7,8,2605,50.0,7.5818657875061035,0.9708029197080292,1.0
banknote,Random Search,13,1093107063,45.627737226277375,5,7,7,2605,50.0,10.335973739624023,0.9708029197080292,1.0
banknote,"GA (NSGA-II, archived)",13,1489753822,46.26277372262774,6,8,8,2507,50.0,7.335937261581421,0.9781021897810219,1.0
banknote,CART (ccp path),13,330113684,45.93430656934307,7,12,12,0,50.0,0.05175304412841797,0.9854014598540146,1.0
banknote,GA (NSGA-II),14,1073239919,44.80291970802921,5,11,18,2608,50.0,6.79261589050293,0.9343065693430657,1.0
banknote,Random Search,14,1214540673,44.34306569343066,4,6,6,2608,50.0,9.411588191986084,0.9416058394160584,1.0
banknote,"GA (NSGA-II, archived)",14,1932614984,45.81751824817518,4,7,7,2534,50.0,7.344675540924072,0.9562043795620438,1.0
banknote,CART (ccp path),14,411410196,46.44525547445255,7,12,12,0,50.0,0.06835293769836426,1.0,1.0
banknote,GA (NSGA-II),15,1309598134,45.408759124087595,5,6,6,2555,50.0,8.834583044052124,0.9562043795620438,1.0
banknote,Random Search,15,1375533709,44.14598540145985,4,8,8,2555,50.0,9.39248251914978,0.9635036496350365,1.0
banknote,"GA (NSGA-II, archived)",15,1298594602,44.058394160583944,4,6,6,2462,50.0,6.857877731323242,0.9197080291970803,1.0
banknote,CART (ccp path),15,591777100,45.01459854014599,6,12,12,0,50.0,0.05689263343811035,0.9708029197080292,1.0
banknote,GA (NSGA-II),16,1651265075,43.68613138686131,4,5,6,2552,50.0,6.591450929641724,0.9124087591240876,1.0
banknote,Random Search,16,665666549,43.86861313868613,7,9,9,2552,50.0,9.198452711105347,0.948905109489051,1.0
banknote,"GA (NSGA-II, archived)",16,1777629896,41.956204379562045,4,6,6,2500,50.0,7.29957914352417,0.8759124087591241,1.0
banknote,CART (ccp path),16,472214199,45.167883211678834,7,12,12,0,50.0,0.04786968231201172,0.9927007299270073,1.0
banknote,GA (NSGA-II),17,171331855,43.7007299270073,4,8,12,2650,50.0,8.524523258209229,0.9124087591240876,1.0
banknote,Random Search,17,1246202716,44.832116788321166,5,8,8,2650,50.0,11.05975079536438,0.9635036496350365,1.0
banknote,"GA (NSGA-II, archived)",17,1538030947,45.978102189781026,6,8,8,2559,50.0,7.3462231159210205,0.9708029197080292,1.0
banknote,CART (ccp path),17,1040779744,44.93430656934307,7,12,12,0,50.0,0.07435774803161621,0.9781021897810219,1.0
banknote,GA (NSGA-II),18,152503121,46.58394160583942,6,12,16,2553,50.0,8.309856414794922,0.9781021897810219,1.0
banknote,Random Search,18,1735204593,43.8029197080292,6,8,8,2553,50.0,9.398976802825928,0.9562043795620438,1.0
banknote,"GA (NSGA-II, archived)",18,664783649,43.92700729927007,4,6,6,2530,50.0,7.164524555206299,0.9197080291970803,1.0
banknote,CART (ccp path),18,776311592,46.04379562043796,6,12,12,0,50.0,0.04552412033081055,0.9927007299270073,1.0
banknote,GA (NSGA-II),19,908624813,45.41605839416059,6,8,8,2529,50.0,7.230068922042847,0.9635036496350365,1.0
banknote,Random Search,19,729014258,42.8905109489051,7,8,8,2529,50.0,9.688879489898682,0.9343065693430657,1.0
banknote,"GA (NSGA-II, archived)",19,418178744,45.91240875912409,5,7,7,2544,50.0,8.579733848571777,0.9781021897810219,1.0
banknote,CART (ccp path),19,1821223917,44.44525547445255,7,12,12,0,50.0,0.04815053939819336,0.9562043795620438,1.0
banknote,GA (NSGA-II),20,314971596,45.14598540145985,4,6,7,2543,50.0,7.530942916870117,0.9416058394160584,1.0
banknote,Random Search,20,716349496,45.01459854014599,3,6,6,2543,50.0,9.83617877960205,0.9416058394160584,1.0
banknote,"GA (NSGA-II, archived)",20,1056828531,44.8029197080292,5,7,7,2570,50.0,7.3498735427856445,0.9343065693430657,1.0
banknote,CART (ccp path),20,1936745392,45.91240875912409,7,12,12,0,50.0,0.059542179107666016,0.9927007299270073,1.0
banknote,GA (NSGA-II),21,1767136582,43.768115942028984,4,5,8,2552,50.0,6.896754503250122,0.9130434782608695,1.0
banknote,Random Search,21,1284043079,43.949275362318836,5,6,6,2552,50.0,10.193128108978271,0.9347826086956522,1.0
banknote,"GA (NSGA-II, archived)",21,1425707097,45.16666666666667,6,6,6,2549,50.0,7.999469757080078,0.9492753623188406,1.0
banknote,CART (ccp path),21,1627570975,45.07971014492753,6,12,12,0,50.0,0.05691933631896973,0.9927536231884058,1.0
banknote,GA (NSGA-II),22,117791390,43.95652173913044,3,7,8,2544,50.0,6.900263786315918,0.9130434782608695,1.0
banknote,Random Search,22,1068590793,45.630434782608695,4,5,5,2544,50.0,9.455817937850952,0.9637681159420289,1.0
banknote,"GA (NSGA-II, archived)",22,160752127,46.58695652173913,7,7,7,2507,50.0,7.084328651428223,0.9782608695652174,1.0
banknote,CART (ccp path),22,836198034,45.99275362318841,4,12,12,0,50.0,0.04770660400390625,0.9782608695652174,1.0
banknote,GA (NSGA-II),23,792243013,45.2043795620438,5,10,13,2529,50.0,8.218162298202515,0.9562043795620438,1.0
banknote,Random Search,23,920420829,43.52554744525548,4,7,7,2529,50.0,9.41784405708313,0.927007299270073,1.0
banknote,"GA (NSGA-II, archived)",23,1498795648,45.96350364963504,5,5,5,2477,50.0,7.17990517616272,0.9708029197080292,1.0
banknote,CART (ccp path),23,837157665,45.905109489051085,7,12,12,0,50.0,0.05007815361022949,1.0,1.0
banknote,GA (NSGA-II),24,1129475521,45.31386861313868,5,7,8,2505,50.0,6.765182256698608,0.948905109489051,1.0
banknote,Random Search,24,1086760801,43.31386861313869,5,7,7,2505,50.0,9.546268224716187,0.9051094890510949,1.0
banknote,"GA (NSGA-II, archived)",24,1109476718,44.175182481751825,4,5,5,2589,50.0,7.387068748474121,0.9197080291970803,1.0
banknote,CART (ccp path),24,668353158,45.642335766423365,7,12,12,0,50.0,0.05328679084777832,0.9854014598540146,1.0
banknote,GA (NSGA-II),25,800243782,44.94160583941605,5,7,10,2546,50.0,6.425949573516846,0.9416058394160584,1.0
banknote,Random Search,25,1986628355,44.715328467153284,7,8,8,2546,50.0,9.400555610656738,0.9635036496350365,1.0
banknote,"GA (NSGA-II, archived)",25,103453662,45.941605839416056,6,7,7,2517,50.0,7.638627767562866,0.9635036496350365,1.0
banknote,CART (ccp path),25,350509563,46.07299270072992,6,12,12,0,50.0,0.050997257232666016,0.9927007299270073,1.0
banknote,GA (NSGA-II),26,302579864,45.01459854014598,5,7,7,2566,50.0,6.700462818145752,0.9416058394160584,1.0
banknote,Random Search,26,214046452,43.45255474452555,4,5,5,2566,50.0,8.898662805557251,0.9124087591240876,1.0
banknote,"GA (NSGA-II, archived)",26,341478084,44.01459854014598,5,8,8,2523,50.0,7.898865461349487,0.9197080291970803,1.0
banknote,CART (ccp path),26,1670146696,45.31386861313868,8,12,12,0,50.0,0.04907941818237305,0.9781021897810219,1.0
banknote,GA (NSGA-II),27,562321194,44.90510948905109,5,5,5,2531,50.0,6.390127897262573,0.948905109489051,1.0
banknote,Random Search,27,905947859,42.34306569343066,6,8,8,2531,50.0,9.136057376861572,0.8978102189781022,1.0
banknote,"GA (NSGA-II, archived)",27,354889943,45.32846715328467,4,5,5,2600,50.0,7.559708833694458,0.948905109489051,1.0
banknote,CART (ccp path),27,2088442568,45.737226277372265,8,12,12,0,50.0,0.06355643272399902,0.9927007299270073,1.0
banknote,GA (NSGA-II),28,1813835698,45.64233576642336,5,12,12,2519,50.0,7.897378206253052,0.9562043795620438,1.0
banknote,Random Search,28,850479035,42.88321167883211,4,7,7,2519,50.0,9.232942581176758,0.8978102189781022,1.0
banknote,"GA (NSGA-II, archived)",28,11433197,44.57664233576642,6,10,10,2572,50.0,8.318528175354004,0.9416058394160584,1.0
banknote,CART (ccp path),28,1210467247,45.291970802919714,6,12,12,0,50.0,0.051546335220336914,0.9854014598540146,1.0
banknote,GA (NSGA-II),29,2041877478,45.051094890510946,4,9,10,2536,50.0,6.079186677932739,0.948905109489051,1.0
banknote,Random Search,29,252954904,43.28467153284671,5,7,7,2536,50.0,9.76365852355957,0.9197080291970803,1.0
banknote,"GA (NSGA-II, archived)",29,1446024554,43.34306569343065,4,4,4,2559,50.0,7.599820375442505,0.9051094890510949,1.0
banknote,CART (ccp path),29,1491071745,45.00000000000001,6,12,12,0,50.0,0.0544435977935791,0.9854014598540146,1.0
banknote,GA (NSGA-II),30,101238891,45.41605839416058,5,5,7,2532,50.0,7.511718273162842,0.948905109489051,1.0
banknote,Random Search,30,724570366,44.47445255474452,4,6,6,2532,50.0,8.980155944824219,0.927007299270073,1.0
banknote,"GA (NSGA-II, archived)",30,917885732,45.68613138686131,5,5,5,2557,50.0,6.901569604873657,0.9562043795620438,1.0
banknote,CART (ccp path),30,1321018771,45.510948905109494,6,12,12,0,50.0,0.0483393669128418,1.0,1.0
pc4,GA (NSGA-II),1,92351951,79.78767123287672,3,4,6,2564,90.0,7.58837103843689,0.8972602739726028,1.0
pc4,Random Search,1,1858594957,79.02739726027397,2,4,4,2564,90.0,13.692800998687744,0.8904109589041096,1.0
pc4,"GA (NSGA-II, archived)",1,530869223,79.77397260273973,2,2,2,2525,90.0,7.406304121017456,0.8972602739726028,1.0
pc4,CART (ccp path),1,953047135,80.24657534246575,2,12,12,0,90.0,0.17389178276062012,0.9041095890410958,1.0
pc4,GA (NSGA-II),2,381488992,83.84931506849315,2,4,4,2577,90.0,7.749560832977295,0.9452054794520548,1.0
pc4,Random Search,2,1487173226,80.27397260273973,3,4,4,2577,90.0,14.350828170776367,0.9041095890410958,1.0
pc4,"GA (NSGA-II, archived)",2,1882282361,80.41095890410959,2,3,3,2515,90.0,8.392517805099487,0.9041095890410958,1.0
pc4,CART (ccp path),2,1970581617,80.8013698630137,2,12,12,0,90.0,0.2728438377380371,0.910958904109589,1.0
pc4,GA (NSGA-II),3,1527162424,80.41095890410959,2,5,8,2556,90.0,7.062061071395874,0.9041095890410958,1.0
pc4,Random Search,3,1071391831,80.97945205479452,3,4,4,2556,90.0,14.586348056793213,0.910958904109589,1.0
pc4,"GA (NSGA-II, archived)",3,838640202,81.6027397260274,2,4,4,2528,90.0,7.763166904449463,0.9178082191780822,1.0
pc4,CART (ccp path),3,698924596,81.27397260273973,2,12,12,0,90.0,0.24609136581420898,0.9178082191780822,1.0
pc4,GA (NSGA-II),4,620298919,79.81506849315069,2,5,23,2544,90.0,8.420493602752686,0.8972602739726028,1.0
pc4,Random Search,4,413452275,80.28767123287672,3,6,6,2544,90.0,11.50277042388916,0.9041095890410958,1.0
pc4,"GA (NSGA-II, archived)",4,1644509827,78.62328767123287,2,3,3,2558,90.0,7.937567472457886,0.8835616438356164,1.0
pc4,CART (ccp path),4,156658399,80.69863013698631,4,12,12,0,90.0,0.34729576110839844,0.9178082191780822,1.0
pc4,GA (NSGA-II),5,16092921,79.19178082191782,2,4,5,2555,90.0,7.232581853866577,0.8904109589041096,1.0
pc4,Random Search,5,1514618807,79.21917808219179,2,4,4,2555,90.0,10.008708715438843,0.8904109589041096,1.0
pc4,"GA (NSGA-II, archived)",5,1886138828,80.38356164383562,3,5,5,2516,90.0,7.071563243865967,0.9041095890410958,1.0
pc4,CART (ccp path),5,2115574534,79.69178082191782,2,12,12,0,90.0,0.16901850700378418,0.8972602739726028,1.0
pc4,GA (NSGA-II),6,1746155943,79.20547945205479,3,3,7,2534,90.0,5.7691168785095215,0.8904109589041096,1.0
pc4,Random Search,6,704118667,80.76027397260275,3,7,7,2534,90.0,9.29437780380249,0.910958904109589,1.0
pc4,"GA (NSGA-II, archived)",6,1931370781,79.81506849315069,2,4,4,2499,90.0,5.6908533573150635,0.8972602739726028,1.0
pc4,CART (ccp path),6,765320197,81.48630136986303,3,12,12,0,90.0,0.17950916290283203,0.9246575342465754,1.0
pc4,GA (NSGA-II),7,1374948839,79.81506849315069,2,3,3,2567,90.0,5.788320302963257,0.8972602739726028,1.0
pc4,Random Search,7,856656407,79.81506849315069,2,3,3,2567,90.0,10.589996337890625,0.8972602739726028,1.0
pc4,"GA (NSGA-II, archived)",7,1485685390,80.35616438356165,2,4,4,2525,90.0,6.548870801925659,0.9041095890410958,1.0
pc4,CART (ccp path),7,1489996528,81.61643835616438,4,12,12,0,90.0,0.1995546817779541,0.9315068493150684,1.0
pc4,GA (NSGA-II),8,1126563698,78.02739726027397,1,3,4,2533,90.0,6.512516498565674,0.8767123287671232,1.0
pc4,Random Search,8,1033987006,79.21917808219179,2,5,5,2533,90.0,10.156577825546265,0.8904109589041096,1.0
pc4,"GA (NSGA-II, archived)",8,970029847,78.62328767123287,2,4,4,2615,90.0,6.1707763671875,0.8835616438356164,1.0
pc4,CART (ccp path),8,687116021,79.10958904109589,2,12,12,0,90.0,0.24063539505004883,0.8904109589041096,1.0
pc4,GA (NSGA-II),9,355549120,80.33793103448275,3,5,8,2532,90.0,5.2935850620269775,0.903448275862069,1.0
pc4,Random Search,9,1138499056,80.07586206896552,3,7,7,2532,90.0,8.853448390960693,0.903448275862069,1.0
pc4,"GA (NSGA-II, archived)",9,1636626841,79.1655172413793,2,3,3,2556,90.0,6.470588445663452,0.8896551724137931,1.0
pc4,CART (ccp path),9,2134844304,80.71724137931035,3,12,12,0,90.0,0.15094566345214844,0.9103448275862069,1.0
pc4,GA (NSGA-II),10,1430805006,79.76551724137931,2,3,3,2538,90.0,6.283873558044434,0.896551724137931,1.0
pc4,Random Search,10,634221441,80.32413793103449,2,4,4,2538,90.0,9.575577974319458,0.903448275862069,1.0
pc4,"GA (NSGA-II, archived)",10,193345977,80.32413793103449,2,3,3,2504,90.0,5.737515687942505,0.903448275862069,1.0
pc4,CART (ccp path),10,2064360180,80.2,2,12,12,0,90.0,0.20861434936523438,0.903448275862069,1.0
pc4,GA (NSGA-II),11,994890212,78.02739726027397,1,3,8,2497,90.0,6.314618349075317,0.8767123287671232,1.0
pc4,Random Search,11,1377102905,78.02739726027397,1,3,3,2497,90.0,9.556244373321533,0.8767123287671232,1.0
pc4,"GA (NSGA-II, archived)",11,35853071,78.62328767123287,2,2,2,2515,90.0,5.505519151687622,0.8835616438356164,1.0
pc4,CART (ccp path),11,1233588736,79.04109589041096,3,12,12,0,90.0,0.15725374221801758,0.8904109589041096,1.0
pc4,GA (NSGA-II),12,648837908,81.0068493150685,2,3,3,2558,90.0,6.417052507400513,0.910958904109589,1.0
pc4,Random Search,12,587084234,80.67808219178082,3,4,4,2558,90.0,11.047565698623657,0.910958904109589,1.0
pc4,"GA (NSGA-II, archived)",12,1624123508,80.93835616438356,2,2,2,2541,90.0,6.353483438491821,0.910958904109589,1.0
pc4,CART (ccp path),12,26160090,81.27397260273973,2,12,12,0,90.0,0.19556188583374023,0.9178082191780822,1.0
pc4,GA (NSGA-II),13,2100281904,78.60958904109589,2,4,10,2559,90.0,5.346182584762573,0.8835616438356164,1.0
pc4,Random Search,13,1275991806,78.5,2,4,4,2559,90.0,10.082778215408325,0.8835616438356164,1.0
pc4,"GA (NSGA-II, archived)",13,451177143,78.02739726027397,1,3,3,2520,90.0,6.307230710983276,0.8767123287671232,1.0
pc4,CART (ccp path),13,1162487047,80.69863013698631,5,12,12,0,90.0,0.17595934867858887,0.9178082191780822,1.0
pc4,GA (NSGA-II),14,1127731723,79.10958904109589,2,6,8,2549,90.0,7.2127745151519775,0.8904109589041096,1.0
pc4,Random Search,14,656250223,79.59589041095892,3,6,6,2549,90.0,8.986823558807373,0.8972602739726028,1.0
pc4,"GA (NSGA-II, archived)",14,2124262918,78.02739726027397,1,2,2,2530,90.0,5.34832501411438,0.8767123287671232,1.0
pc4,CART (ccp path),14,564158880,79.10273972602741,3,12,12,0,90.0,0.16713738441467285,0.8972602739726028,1.0
pc4,GA (NSGA-II),15,1021873446,79.81506849315069,2,5,6,2489,90.0,5.781137228012085,0.8972602739726028,1.0
pc4,Random Search,15,243154629,79.21917808219179,2,4,4,2489,90.0,9.260828733444214,0.8904109589041096,1.0
pc4,"GA (NSGA-II, archived)",15,571540700,79.21917808219179,2,3,3,2562,90.0,5.896411180496216,0.8904109589041096,1.0
pc4,CART (ccp path),15,974329890,78.3082191780822,2,12,12,0,90.0,0.1566011905670166,0.8835616438356164,1.0
pc4,GA (NSGA-II),16,664877309,80.97945205479452,3,6,7,2498,90.0,5.440940856933594,0.910958904109589,1.0
pc4,Random Search,16,79784756,81.54794520547946,3,5,5,2498,90.0,10.32840895652771,0.9178082191780822,1.0
pc4,"GA (NSGA-II, archived)",16,404858596,81.57534246575344,3,3,3,2596,90.0,6.514739036560059,0.9178082191780822,1.0
pc4,CART (ccp path),16,1606142419,81.2054794520548,3,12,12,0,90.0,0.16159558296203613,0.9178082191780822,1.0
pc4,GA (NSGA-II),17,515120155,80.9931506849315,3,6,7,2560,90.0,5.991957187652588,0.910958904109589,1.0
pc4,Random Search,17,2048798571,80.26027397260275,3,4,4,2560,90.0,10.22911262512207,0.9041095890410958,1.0
pc4,"GA (NSGA-II, archived)",17,881485930,81.57534246575344,3,5,5,2536,90.0,5.163372755050659,0.9178082191780822,1.0
pc4,CART (ccp path),17,1872475257,80.24657534246575,2,12,12,0,90.0,0.15236449241638184,0.9041095890410958,1.0
pc4,GA (NSGA-II),18,1557399984,79.19178082191782,2,9,13,2541,90.0,5.667931318283081,0.8904109589041096,1.0
pc4,Random Search,18,841035533,78.02739726027397,1,5,5,2541,90.0,9.303935289382935,0.8767123287671232,1.0
pc4,"GA (NSGA-II, archived)",18,470127054,78.02739726027397,1,3,3,2570,90.0,5.954275608062744,0.8767123287671232,1.0
pc4,CART (ccp path),18,952177915,79.2123287671233,4,12,12,0,90.0,0.23078155517578125,0.8972602739726028,1.0
pc4,GA (NSGA-II),19,1555040059,82.1103448275862,3,8,20,2524,90.0,5.368105173110962,0.9241379310344827,1.0
pc4,Random Search,19,468936015,79.73793103448276,2,6,6,2524,90.0,9.647719383239746,0.896551724137931,1.0
pc4,"GA (NSGA-II, archived)",19,1809778672,80.36551724137931,2,3,3,2528,90.0,5.482710838317871,0.903448275862069,1.0
pc4,CART (ccp path),19,1384014380,80.67586206896551,3,12,12,0,90.0,0.17110252380371094,0.9103448275862069,1.0
pc4,GA (NSGA-II),20,1152774144,80.36551724137931,2,2,2,2543,90.0,5.446425676345825,0.903448275862069,1.0
pc4,Random Search,20,749786736,80.6896551724138,3,5,5,2543,90.0,9.104983568191528,0.9103448275862069,1.0
pc4,"GA (NSGA-II, archived)",20,853366726,79.1655172413793,2,5,5,2585,90.0,6.107340335845947,0.8896551724137931,1.0
pc4,CART (ccp path),20,1528436907,80.80000000000001,2,12,12,0,90.0,0.21352648735046387,0.9103448275862069,1.0
pc4,GA (NSGA-II),21,334589005,78.02739726027397,1,6,8,2588,90.0,5.429930210113525,0.8767123287671232,1.0
pc4,Random Search,21,1342612876,78.02739726027397,1,3,3,2588,90.0,9.171283721923828,0.8767123287671232,1.0
pc4,"GA (NSGA-II, archived)",21,176073625,79.77397260273973,2,4,4,2571,90.0,6.115111827850342,0.8972602739726028,1.0
pc4,CART (ccp path),21,1439394998,79.65068493150686,2,12,12,0,90.0,0.16298794746398926,0.8972602739726028,1.0
pc4,GA (NSGA-II),22,601668049,79.21917808219179,2,4,4,2615,90.0,6.946779489517212,0.8904109589041096,1.0
pc4,Random Search,22,1541677312,78.62328767123287,2,5,5,2615,90.0,9.488262414932251,0.8835616438356164,1.0
pc4,"GA (NSGA-II, archived)",22,863327725,78.62328767123287,2,3,3,2540,90.0,5.856703996658325,0.8835616438356164,1.0
pc4,CART (ccp path),22,343338559,78.58219178082192,2,12,12,0,90.0,0.18726730346679688,0.8835616438356164,1.0
pc4,GA (NSGA-II),23,42000183,81.0068493150685,2,3,4,2562,90.0,5.368706464767456,0.910958904109589,1.0
pc4,Random Search,23,2042133508,79.97260273972603,2,4,4,2562,90.0,9.281416893005371,0.9041095890410958,1.0
pc4,"GA (NSGA-II, archived)",23,586006527,81.53424657534246,3,6,6,2539,90.0,5.875029563903809,0.9178082191780822,1.0
pc4,CART (ccp path),23,1916501738,80.66438356164383,3,12,12,0,90.0,0.16548490524291992,0.910958904109589,1.0
pc4,GA (NSGA-II),24,376362955,79.76027397260275,3,6,11,2508,90.0,6.060113191604614,0.8972602739726028,1.0
pc4,Random Search,24,223806231,80.34246575342466,3,3,3,2508,90.0,9.129196882247925,0.9041095890410958,1.0
pc4,"GA (NSGA-II, archived)",24,1714541655,78.62328767123287,2,2,2,2564,90.0,5.064220190048218,0.8835616438356164,1.0
pc4,CART (ccp path),24,421806082,80.73287671232877,2,12,12,0,90.0,0.21741890907287598,0.910958904109589,1.0
pc4,GA (NSGA-II),25,1797567251,81.0068493150685,2,4,4,2483,90.0,5.462972402572632,0.910958904109589,1.0
pc4,Random Search,25,1333727374,79.81506849315069,2,3,3,2483,90.0,9.557069063186646,0.8972602739726028,1.0
pc4,"GA (NSGA-II, archived)",25,1001111950,81.6027397260274,2,3,3,2534,90.0,6.204526424407959,0.9178082191780822,1.0
pc4,CART (ccp path),25,411946499,81.35616438356165,2,12,12,0,90.0,0.16425228118896484,0.9178082191780822,1.0
pc4,GA (NSGA-II),26,296828776,78.62328767123287,2,3,3,2536,90.0,5.60362696647644,0.8835616438356164,1.0
pc4,Random Search,26,644360515,80.51369863013699,3,5,5,2536,90.0,9.167754888534546,0.910958904109589,1.0
pc4,"GA (NSGA-II, archived)",26,1450899981,78.5958904109589,2,4,4,2566,90.0,5.963911056518555,0.8835616438356164,1.0
pc4,CART (ccp path),26,404908913,82.513698630137,3,12,12,0,90.0,0.19930529594421387,0.9383561643835616,1.0
pc4,GA (NSGA-II),27,264286548,79.20547945205479,3,3,5,2584,90.0,6.968666315078735,0.8904109589041096,1.0
pc4,Random Search,27,1171474289,78.62328767123287,2,4,4,2584,90.0,9.889690160751343,0.8835616438356164,1.0
pc4,"GA (NSGA-II, archived)",27,44563856,78.62328767123287,2,4,4,2523,90.0,5.507516384124756,0.8835616438356164,1.0
pc4,CART (ccp path),27,882513129,79.13698630136987,2,12,12,0,90.0,0.20049452781677246,0.8904109589041096,1.0
pc4,GA (NSGA-II),28,2025347270,79.77397260273973,2,2,2,2545,90.0,5.149542570114136,0.8972602739726028,1.0
pc4,Random Search,28,998931964,80.9931506849315,3,3,3,2545,90.0,9.763754844665527,0.910958904109589,1.0
pc4,"GA (NSGA-II, archived)",28,341427722,78.02739726027397,1,2,2,2607,90.0,5.462532997131348,0.8767123287671232,1.0
pc4,CART (ccp path),28,595038156,80.66438356164385,3,12,12,0,90.0,0.2097480297088623,0.910958904109589,1.0
pc4,GA (NSGA-II),29,1326932201,79.76551724137931,2,6,6,2596,90.0,5.1648266315460205,0.896551724137931,1.0
pc4,Random Search,29,166026527,80.82758620689656,3,5,5,2596,90.0,9.866050481796265,0.9103448275862069,1.0
pc4,"GA (NSGA-II, archived)",29,1400946081,80.33793103448275,3,3,3,2512,90.0,5.613670587539673,0.903448275862069,1.0
pc4,CART (ccp path),29,2102714904,80.80000000000001,2,12,12,0,90.0,0.18303155899047852,0.9103448275862069,1.0
pc4,GA (NSGA-II),30,635214384,78.56551724137931,1,2,2,2548,90.0,5.009782314300537,0.8827586206896552,1.0
pc4,Random Search,30,2117939398,78.56551724137931,1,2,2,2548,90.0,9.438501834869385,0.8827586206896552,1.0
pc4,"GA (NSGA-II, archived)",30,1262895065,79.15172413793104,2,3,3,2560,90.0,6.173424243927002,0.8896551724137931,1.0
pc4,CART (ccp path),30,1652618181,81.82758620689656,3,12,12,0,90.0,0.1622469425201416,0.9310344827586207,1.0
