dataset,method,fold,hypervolume,reference_nodes
analcatdata_dmft,CART (ccp path),1,56.225,256.0
analcatdata_dmft,CART (ccp path),2,55.075,256.0
analcatdata_dmft,CART (ccp path),3,51.0,256.0
analcatdata_dmft,CART (ccp path),4,58.68749999999999,256.0
analcatdata_dmft,CART (ccp path),5,71.19999999999999,256.0
analcatdata_dmft,CART (ccp path),6,63.75,256.0
analcatdata_dmft,CART (ccp path),7,50.5,256.0
analcatdata_dmft,CART (ccp path),8,48.962025316455694,256.0
analcatdata_dmft,CART (ccp path),9,56.53164556962023,256.0
analcatdata_dmft,CART (ccp path),10,50.886075949367076,256.0
analcatdata_dmft,CART (ccp path),11,58.68749999999999,256.0
analcatdata_dmft,CART (ccp path),12,59.3375,256.0
analcatdata_dmft,CART (ccp path),13,59.224999999999994,256.0
analcatdata_dmft,CART (ccp path),14,63.6125,256.0
analcatdata_dmft,CART (ccp path),15,64.575,256.0
analcatdata_dmft,CART (ccp path),16,51.3375,256.0
analcatdata_dmft,CART (ccp path),17,53.2375,256.0
analcatdata_dmft,CART (ccp path),18,60.84810126582276,256.0
analcatdata_dmft,CART (ccp path),19,48.43037974683544,256.0
analcatdata_dmft,CART (ccp path),20,64.1645569620253,256.0
analcatdata_dmft,CART (ccp path),21,56.275,256.0
analcatdata_dmft,CART (ccp path),22,51.0,256.0
analcatdata_dmft,CART (ccp path),23,61.849999999999994,256.0
analcatdata_dmft,CART (ccp path),24,63.3375,256.0
analcatdata_dmft,CART (ccp path),25,64.225,256.0
analcatdata_dmft,CART (ccp path),26,50.7375,256.0
analcatdata_dmft,CART (ccp path),27,49.575,256.0
analcatdata_dmft,CART (ccp path),28,66.41772151898732,256.0
analcatdata_dmft,CART (ccp path),29,48.41772151898734,256.0
analcatdata_dmft,CART (ccp path),30,53.48101265822784,256.0
analcatdata_dmft,"CART (ccp path, depth-capped)",1,53.7125,256.0
analcatdata_dmft,"CART (ccp path, depth-capped)",2,56.175,256.0
analcatdata_dmft,"CART (ccp path, depth-capped)",3,62.099999999999994,256.0
analcatdata_dmft,"CART (ccp path, depth-capped)",4,64.5375,256.0
analcatdata_dmft,"CART (ccp path, depth-capped)",5,67.125,256.0
analcatdata_dmft,"CART (ccp path, depth-capped)",6,67.30000000000001,256.0
analcatdata_dmft,"CART (ccp path, depth-capped)",7,53.212500000000006,256.0
analcatdata_dmft,"CART (ccp path, depth-capped)",8,55.392405063291136,256.0
analcatdata_dmft,"CART (ccp path, depth-capped)",9,60.21518987341772,256.0
analcatdata_dmft,"CART (ccp path, depth-capped)",10,53.48101265822785,256.0
analcatdata_dmft,"CART (ccp path, depth-capped)",11,61.27499999999999,256.0
analcatdata_dmft,"CART (ccp path, depth-capped)",12,62.9875,256.0
analcatdata_dmft,"CART (ccp path, depth-capped)",13,56.125,256.0
analcatdata_dmft,"CART (ccp path, depth-capped)",14,67.95,256.0
analcatdata_dmft,"CART (ccp path, depth-capped)",15,65.175,256.0
analcatdata_dmft,"CART (ccp path, depth-capped)",16,61.925,256.0
analcatdata_dmft,"CART (ccp path, depth-capped)",17,65.8375,256.0
analcatdata_dmft,"CART (ccp path, depth-capped)",18,48.41772151898734,256.0
analcatdata_dmft,"CART (ccp path, depth-capped)",19,51.0379746835443,256.0
analcatdata_dmft,"CART (ccp path, depth-capped)",20,63.088607594936704,256.0
analcatdata_dmft,"CART (ccp path, depth-capped)",21,56.275,256.0
analcatdata_dmft,"CART (ccp path, depth-capped)",22,53.912499999999994,256.0
analcatdata_dmft,"CART (ccp path, depth-capped)",23,66.03750000000001,256.0
analcatdata_dmft,"CART (ccp path, depth-capped)",24,67.075,256.0
analcatdata_dmft,"CART (ccp path, depth-capped)",25,66.4,256.0
analcatdata_dmft,"CART (ccp path, depth-capped)",26,47.8125,256.0
analcatdata_dmft,"CART (ccp path, depth-capped)",27,47.8125,256.0
analcatdata_dmft,"CART (ccp path, depth-capped)",28,67.17721518987341,256.0
analcatdata_dmft,"CART (ccp path, depth-capped)",29,48.41772151898734,256.0
analcatdata_dmft,"CART (ccp path, depth-capped)",30,66.87341772151898,256.0
analcatdata_dmft,GA (NSGA-II),1,51.0,256.0
analcatdata_dmft,GA (NSGA-II),2,72.78749999999998,256.0
analcatdata_dmft,GA (NSGA-II),3,51.0,256.0
analcatdata_dmft,GA (NSGA-II),4,60.21249999999999,256.0
analcatdata_dmft,GA (NSGA-II),5,69.65,256.0
analcatdata_dmft,GA (NSGA-II),6,57.25,256.0
analcatdata_dmft,GA (NSGA-II),7,66.6375,256.0
analcatdata_dmft,GA (NSGA-II),8,61.025316455696185,256.0
analcatdata_dmft,GA (NSGA-II),9,67.48101265822783,256.0
analcatdata_dmft,GA (NSGA-II),10,54.77215189873417,256.0
analcatdata_dmft,GA (NSGA-II),11,54.0875,256.0
analcatdata_dmft,GA (NSGA-II),12,54.162499999999994,256.0
analcatdata_dmft,GA (NSGA-II),13,51.0,256.0
analcatdata_dmft,GA (NSGA-II),14,63.55,256.0
analcatdata_dmft,GA (NSGA-II),15,72.96249999999999,256.0
analcatdata_dmft,GA (NSGA-II),16,69.375,256.0
analcatdata_dmft,GA (NSGA-II),17,66.5625,256.0
analcatdata_dmft,GA (NSGA-II),18,60.77215189873416,256.0
analcatdata_dmft,GA (NSGA-II),19,58.02531645569618,256.0
analcatdata_dmft,GA (NSGA-II),20,64.35443037974683,256.0
analcatdata_dmft,GA (NSGA-II),21,63.55,256.0
analcatdata_dmft,GA (NSGA-II),22,66.6875,256.0
analcatdata_dmft,GA (NSGA-II),23,51.0,256.0
analcatdata_dmft,GA (NSGA-II),24,72.98749999999998,256.0
analcatdata_dmft,GA (NSGA-II),25,57.324999999999996,256.0
analcatdata_dmft,GA (NSGA-II),26,57.275,256.0
analcatdata_dmft,GA (NSGA-II),27,54.137499999999996,256.0
analcatdata_dmft,GA (NSGA-II),28,48.41772151898734,256.0
analcatdata_dmft,GA (NSGA-II),29,48.41772151898734,256.0
analcatdata_dmft,GA (NSGA-II),30,76.83544303797468,256.0
analcatdata_dmft,"GA (NSGA-II, archived)",1,60.262499999999996,256.0
analcatdata_dmft,"GA (NSGA-II, archived)",2,62.949999999999996,256.0
analcatdata_dmft,"GA (NSGA-II, archived)",3,63.55,256.0
analcatdata_dmft,"GA (NSGA-II, archived)",4,66.7125,256.0
analcatdata_dmft,"GA (NSGA-II, archived)",5,59.96249999999999,256.0
analcatdata_dmft,"GA (NSGA-II, archived)",6,60.43749999999999,256.0
analcatdata_dmft,"GA (NSGA-II, archived)",7,47.8125,256.0
analcatdata_dmft,"GA (NSGA-II, archived)",8,60.97468354430379,256.0
analcatdata_dmft,"GA (NSGA-II, archived)",9,67.50632911392404,256.0
analcatdata_dmft,"GA (NSGA-II, archived)",10,54.77215189873417,256.0
analcatdata_dmft,"GA (NSGA-II, archived)",11,63.65,256.0
analcatdata_dmft,"GA (NSGA-II, archived)",12,51.0,256.0
analcatdata_dmft,"GA (NSGA-II, archived)",13,51.0,256.0
analcatdata_dmft,"GA (NSGA-II, archived)",14,63.15,256.0
analcatdata_dmft,"GA (NSGA-II, archived)",15,82.175,256.0
analcatdata_dmft,"GA (NSGA-II, archived)",16,72.96249999999999,256.0
analcatdata_dmft,"GA (NSGA-II, archived)",17,66.7375,256.0
analcatdata_dmft,"GA (NSGA-II, archived)",18,64.2278481012658,256.0
analcatdata_dmft,"GA (NSGA-II, archived)",19,51.59493670886074,256.0
analcatdata_dmft,"GA (NSGA-II, archived)",20,54.79746835443037,256.0
analcatdata_dmft,"GA (NSGA-II, archived)",21,57.324999999999996,256.0
analcatdata_dmft,"GA (NSGA-II, archived)",22,69.525,256.0
analcatdata_dmft,"GA (NSGA-II, archived)",23,63.375,256.0
analcatdata_dmft,"GA (NSGA-II, archived)",24,60.4875,256.0
analcatdata_dmft,"GA (NSGA-II, archived)",25,69.67500000000001,256.0
analcatdata_dmft,"GA (NSGA-II, archived)",26,63.125,256.0
analcatdata_dmft,"GA (NSGA-II, archived)",27,53.9375,256.0
analcatdata_dmft,"GA (NSGA-II, archived)",28,67.50632911392402,256.0
analcatdata_dmft,"GA (NSGA-II, archived)",29,57.87341772151896,256.0
analcatdata_dmft,"GA (NSGA-II, archived)",30,64.43037974683543,256.0
analcatdata_dmft,Random Search,1,66.6625,256.0
analcatdata_dmft,Random Search,2,54.162499999999994,256.0
analcatdata_dmft,Random Search,3,69.25,256.0
analcatdata_dmft,Random Search,4,66.5375,256.0
analcatdata_dmft,Random Search,5,54.037499999999994,256.0
analcatdata_dmft,Random Search,6,75.39999999999999,256.0
analcatdata_dmft,Random Search,7,56.725,256.0
analcatdata_dmft,Random Search,8,54.82278481012658,256.0
analcatdata_dmft,Random Search,9,60.822784810126564,256.0
analcatdata_dmft,Random Search,10,54.77215189873417,256.0
analcatdata_dmft,Random Search,11,78.51249999999999,256.0
analcatdata_dmft,Random Search,12,54.0875,256.0
analcatdata_dmft,Random Search,13,51.0,256.0
analcatdata_dmft,Random Search,14,66.7375,256.0
analcatdata_dmft,Random Search,15,79.21249999999999,256.0
analcatdata_dmft,Random Search,16,66.0875,256.0
analcatdata_dmft,Random Search,17,63.55,256.0
analcatdata_dmft,Random Search,18,57.87341772151896,256.0
analcatdata_dmft,Random Search,19,54.67088607594936,256.0
analcatdata_dmft,Random Search,20,70.0759493670886,256.0
analcatdata_dmft,Random Search,21,51.0,256.0
analcatdata_dmft,Random Search,22,69.85,256.0
analcatdata_dmft,Random Search,23,60.46249999999999,256.0
analcatdata_dmft,Random Search,24,75.425,256.0
analcatdata_dmft,Random Search,25,63.55,256.0
analcatdata_dmft,Random Search,26,60.4625,256.0
analcatdata_dmft,Random Search,27,63.425,256.0
analcatdata_dmft,Random Search,28,54.72151898734176,256.0
analcatdata_dmft,Random Search,29,51.56962025316454,256.0
analcatdata_dmft,Random Search,30,78.84810126582278,256.0
balance_scale,CART (ccp path),1,64.2063492063492,86.0
balance_scale,CART (ccp path),2,57.87301587301587,86.0
balance_scale,CART (ccp path),3,64.11111111111111,86.0
balance_scale,CART (ccp path),4,63.952380952380956,86.0
balance_scale,CART (ccp path),5,64.88888888888889,86.0
balance_scale,CART (ccp path),6,63.096774193548384,86.0
balance_scale,CART (ccp path),7,64.09677419354838,86.0
balance_scale,CART (ccp path),8,66.90322580645162,86.0
balance_scale,CART (ccp path),9,60.774193548387096,86.0
balance_scale,CART (ccp path),10,60.58064516129033,86.0
balance_scale,CART (ccp path),11,59.999999999999986,86.0
balance_scale,CART (ccp path),12,60.317460317460316,86.0
balance_scale,CART (ccp path),13,58.90476190476191,86.0
balance_scale,CART (ccp path),14,66.74603174603175,86.0
balance_scale,CART (ccp path),15,63.841269841269835,86.0
balance_scale,CART (ccp path),16,67.4516129032258,86.0
balance_scale,CART (ccp path),17,60.27419354838709,86.0
balance_scale,CART (ccp path),18,60.145161290322584,86.0
balance_scale,CART (ccp path),19,61.41935483870967,86.0
balance_scale,CART (ccp path),20,65.53225806451613,86.0
balance_scale,CART (ccp path),21,61.539682539682545,86.0
balance_scale,CART (ccp path),22,63.04761904761905,86.0
balance_scale,CART (ccp path),23,58.95238095238095,86.0
balance_scale,CART (ccp path),24,62.42857142857143,86.0
balance_scale,CART (ccp path),25,64.42857142857143,86.0
balance_scale,CART (ccp path),26,68.58064516129032,86.0
balance_scale,CART (ccp path),27,56.87096774193549,86.0
balance_scale,CART (ccp path),28,67.2741935483871,86.0
balance_scale,CART (ccp path),29,64.2258064516129,86.0
balance_scale,CART (ccp path),30,66.19354838709677,86.0
balance_scale,"CART (ccp path, depth-capped)",1,64.65079365079364,86.0
balance_scale,"CART (ccp path, depth-capped)",2,58.507936507936506,86.0
balance_scale,"CART (ccp path, depth-capped)",3,64.80952380952381,86.0
balance_scale,"CART (ccp path, depth-capped)",4,64.36507936507937,86.0
balance_scale,"CART (ccp path, depth-capped)",5,65.00000000000001,86.0
balance_scale,"CART (ccp path, depth-capped)",6,62.37096774193549,86.0
balance_scale,"CART (ccp path, depth-capped)",7,64.51612903225806,86.0
balance_scale,"CART (ccp path, depth-capped)",8,66.88709677419355,86.0
balance_scale,"CART (ccp path, depth-capped)",9,61.64516129032258,86.0
balance_scale,"CART (ccp path, depth-capped)",10,59.4516129032258,86.0
balance_scale,"CART (ccp path, depth-capped)",11,59.87301587301587,86.0
balance_scale,"CART (ccp path, depth-capped)",12,61.01587301587301,86.0
balance_scale,"CART (ccp path, depth-capped)",13,59.682539682539684,86.0
balance_scale,"CART (ccp path, depth-capped)",14,67.63492063492063,86.0
balance_scale,"CART (ccp path, depth-capped)",15,63.904761904761905,86.0
balance_scale,"CART (ccp path, depth-capped)",16,66.56451612903226,86.0
balance_scale,"CART (ccp path, depth-capped)",17,58.93548387096774,86.0
balance_scale,"CART (ccp path, depth-capped)",18,59.387096774193544,86.0
balance_scale,"CART (ccp path, depth-capped)",19,62.62903225806451,86.0
balance_scale,"CART (ccp path, depth-capped)",20,65.59677419354838,86.0
balance_scale,"CART (ccp path, depth-capped)",21,61.50793650793651,86.0
balance_scale,"CART (ccp path, depth-capped)",22,63.74603174603175,86.0
balance_scale,"CART (ccp path, depth-capped)",23,61.079365079365076,86.0
balance_scale,"CART (ccp path, depth-capped)",24,61.079365079365076,86.0
balance_scale,"CART (ccp path, depth-capped)",25,64.74603174603175,86.0
balance_scale,"CART (ccp path, depth-capped)",26,69.35483870967744,86.0
balance_scale,"CART (ccp path, depth-capped)",27,58.17741935483871,86.0
balance_scale,"CART (ccp path, depth-capped)",28,67.37096774193547,86.0
balance_scale,"CART (ccp path, depth-capped)",29,65.06451612903226,86.0
balance_scale,"CART (ccp path, depth-capped)",30,66.43548387096774,86.0
balance_scale,GA (NSGA-II),1,62.46031746031747,86.0
balance_scale,GA (NSGA-II),2,56.80952380952381,86.0
balance_scale,GA (NSGA-II),3,72.42857142857143,86.0
balance_scale,GA (NSGA-II),4,67.63492063492065,86.0
balance_scale,GA (NSGA-II),5,63.650793650793645,86.0
balance_scale,GA (NSGA-II),6,62.25806451612904,86.0
balance_scale,GA (NSGA-II),7,61.35483870967742,86.0
balance_scale,GA (NSGA-II),8,69.25806451612904,86.0
balance_scale,GA (NSGA-II),9,60.693548387096776,86.0
balance_scale,GA (NSGA-II),10,65.87096774193549,86.0
balance_scale,GA (NSGA-II),11,69.7936507936508,86.0
balance_scale,GA (NSGA-II),12,69.25396825396825,86.0
balance_scale,GA (NSGA-II),13,62.14285714285714,86.0
balance_scale,GA (NSGA-II),14,69.06349206349206,86.0
balance_scale,GA (NSGA-II),15,66.09523809523809,86.0
balance_scale,GA (NSGA-II),16,63.435483870967744,86.0
balance_scale,GA (NSGA-II),17,59.19354838709678,86.0
balance_scale,GA (NSGA-II),18,65.62903225806451,86.0
balance_scale,GA (NSGA-II),19,63.0483870967742,86.0
balance_scale,GA (NSGA-II),20,59.38709677419356,86.0
balance_scale,GA (NSGA-II),21,65.15873015873015,86.0
balance_scale,GA (NSGA-II),22,62.33333333333333,86.0
balance_scale,GA (NSGA-II),23,61.2063492063492,86.0
balance_scale,GA (NSGA-II),24,66.0952380952381,86.0
balance_scale,GA (NSGA-II),25,60.698412698412696,86.0
balance_scale,GA (NSGA-II),26,68.20967741935483,86.0
balance_scale,GA (NSGA-II),27,56.48387096774194,86.0
balance_scale,GA (NSGA-II),28,66.96774193548387,86.0
balance_scale,GA (NSGA-II),29,66.61290322580645,86.0
balance_scale,GA (NSGA-II),30,68.2741935483871,86.0
balance_scale,"GA (NSGA-II, archived)",1,60.01587301587302,86.0
balance_scale,"GA (NSGA-II, archived)",2,67.09523809523809,86.0
balance_scale,"GA (NSGA-II, archived)",3,61.66666666666667,86.0
balance_scale,"GA (NSGA-II, archived)",4,63.61904761904761,86.0
balance_scale,"GA (NSGA-II, archived)",5,65.77777777777777,86.0
balance_scale,"GA (NSGA-II, archived)",6,68.04838709677419,86.0
balance_scale,"GA (NSGA-II, archived)",7,62.693548387096776,86.0
balance_scale,"GA (NSGA-II, archived)",8,67.38709677419355,86.0
balance_scale,"GA (NSGA-II, archived)",9,62.74193548387097,86.0
balance_scale,"GA (NSGA-II, archived)",10,62.983870967741936,86.0
balance_scale,"GA (NSGA-II, archived)",11,64.84126984126985,86.0
balance_scale,"GA (NSGA-II, archived)",12,54.87301587301587,86.0
balance_scale,"GA (NSGA-II, archived)",13,54.682539682539684,86.0
balance_scale,"GA (NSGA-II, archived)",14,69.85714285714286,86.0
balance_scale,"GA (NSGA-II, archived)",15,68.53968253968253,86.0
balance_scale,"GA (NSGA-II, archived)",16,70.59677419354838,86.0
balance_scale,"GA (NSGA-II, archived)",17,64.45161290322581,86.0
balance_scale,"GA (NSGA-II, archived)",18,62.12903225806452,86.0
balance_scale,"GA (NSGA-II, archived)",19,64.35483870967742,86.0
balance_scale,"GA (NSGA-II, archived)",20,60.69354838709678,86.0
balance_scale,"GA (NSGA-II, archived)",21,69.22222222222223,86.0
balance_scale,"GA (NSGA-II, archived)",22,63.238095238095234,86.0
balance_scale,"GA (NSGA-II, archived)",23,60.82539682539682,86.0
balance_scale,"GA (NSGA-II, archived)",24,61.539682539682545,86.0
balance_scale,"GA (NSGA-II, archived)",25,67.28571428571429,86.0
balance_scale,"GA (NSGA-II, archived)",26,66.58064516129032,86.0
balance_scale,"GA (NSGA-II, archived)",27,56.38709677419355,86.0
balance_scale,"GA (NSGA-II, archived)",28,65.06451612903226,86.0
balance_scale,"GA (NSGA-II, archived)",29,67.41935483870968,86.0
balance_scale,"GA (NSGA-II, archived)",30,62.887096774193544,86.0
balance_scale,Random Search,1,64.84126984126983,86.0
balance_scale,Random Search,2,61.698412698412696,86.0
balance_scale,Random Search,3,65.4920634920635,86.0
balance_scale,Random Search,4,65.61904761904762,86.0
balance_scale,Random Search,5,65.36507936507937,86.0
balance_scale,Random Search,6,65.37096774193549,86.0
balance_scale,Random Search,7,66.09677419354838,86.0
balance_scale,Random Search,8,65.59677419354838,86.0
balance_scale,Random Search,9,59.33870967741935,86.0
balance_scale,Random Search,10,65.93548387096774,86.0
balance_scale,Random Search,11,65.5079365079365,86.0
balance_scale,Random Search,12,60.666666666666664,86.0
balance_scale,Random Search,13,61.968253968253975,86.0
balance_scale,Random Search,14,62.58730158730159,86.0
balance_scale,Random Search,15,63.7936507936508,86.0
balance_scale,Random Search,16,64.91935483870968,86.0
balance_scale,Random Search,17,61.12903225806452,86.0
balance_scale,Random Search,18,70.20967741935485,86.0
balance_scale,Random Search,19,57.0,86.0
balance_scale,Random Search,20,60.24193548387097,86.0
balance_scale,Random Search,21,66.34920634920636,86.0
balance_scale,Random Search,22,62.17460317460318,86.0
balance_scale,Random Search,23,63.14285714285714,86.0
balance_scale,Random Search,24,62.98412698412698,86.0
balance_scale,Random Search,25,59.06349206349206,86.0
balance_scale,Random Search,26,67.58064516129032,86.0
balance_scale,Random Search,27,63.193548387096776,86.0
balance_scale,Random Search,28,60.20967741935484,86.0
balance_scale,Random Search,29,61.903225806451616,86.0
balance_scale,Random Search,30,64.09677419354838,86.0
banknote,CART (ccp path),1,45.17391304347826,50.0
banknote,CART (ccp path),2,44.93478260869566,50.0
banknote,CART (ccp path),3,45.22627737226278,50.0
banknote,CART (ccp path),4,44.25547445255474,50.0
banknote,CART (ccp path),5,46.20437956204379,50.0
banknote,CART (ccp path),6,46.36496350364963,50.0
banknote,CART (ccp path),7,45.85401459854015,50.0
banknote,CART (ccp path),8,43.868613138686136,50.0
banknote,CART (ccp path),9,45.912408759124084,50.0
banknote,CART (ccp path),10,45.540145985401466,50.0
banknote,CART (ccp path),11,45.79710144927536,50.0
banknote,CART (ccp path),12,44.905797101449274,50.0
banknote,CART (ccp path),13,45.93430656934307,50.0
banknote,CART (ccp path),14,46.44525547445255,50.0
banknote,CART (ccp path),15,45.01459854014598,50.0
banknote,CART (ccp path),16,45.167883211678834,50.0
banknote,CART (ccp path),17,44.93430656934307,50.0
banknote,CART (ccp path),18,46.04379562043796,50.0
banknote,CART (ccp path),19,44.44525547445255,50.0
banknote,CART (ccp path),20,45.912408759124084,50.0
banknote,CART (ccp path),21,45.07971014492753,50.0
banknote,CART (ccp path),22,45.992753623188406,50.0
banknote,CART (ccp path),23,45.90510948905109,50.0
banknote,CART (ccp path),24,45.64233576642336,50.0
banknote,CART (ccp path),25,46.07299270072993,50.0
banknote,CART (ccp path),26,45.31386861313868,50.0
banknote,CART (ccp path),27,45.73722627737226,50.0
banknote,CART (ccp path),28,45.29197080291971,50.0
banknote,CART (ccp path),29,44.99999999999999,50.0
banknote,CART (ccp path),30,45.51094890510949,50.0
banknote,"CART (ccp path, depth-capped)",1,45.17391304347826,50.0
banknote,"CART (ccp path, depth-capped)",2,44.94927536231886,50.0
banknote,"CART (ccp path, depth-capped)",3,45.145985401459846,50.0
banknote,"CART (ccp path, depth-capped)",4,44.25547445255474,50.0
banknote,"CART (ccp path, depth-capped)",5,46.160583941605836,50.0
banknote,"CART (ccp path, depth-capped)",6,46.35036496350365,50.0
banknote,"CART (ccp path, depth-capped)",7,45.89781021897811,50.0
banknote,"CART (ccp path, depth-capped)",8,43.82481751824817,50.0
banknote,"CART (ccp path, depth-capped)",9,45.86861313868613,50.0
banknote,"CART (ccp path, depth-capped)",10,45.59854014598541,50.0
banknote,"CART (ccp path, depth-capped)",11,45.811594202898554,50.0
banknote,"CART (ccp path, depth-capped)",12,45.15217391304348,50.0
banknote,"CART (ccp path, depth-capped)",13,45.90510948905111,50.0
banknote,"CART (ccp path, depth-capped)",14,46.43065693430656,50.0
banknote,"CART (ccp path, depth-capped)",15,45.029197080291965,50.0
banknote,"CART (ccp path, depth-capped)",16,44.992700729927016,50.0
banknote,"CART (ccp path, depth-capped)",17,44.94890510948906,50.0
banknote,"CART (ccp path, depth-capped)",18,46.13138686131387,50.0
banknote,"CART (ccp path, depth-capped)",19,44.474452554744516,50.0
banknote,"CART (ccp path, depth-capped)",20,45.8978102189781,50.0
banknote,"CART (ccp path, depth-capped)",21,44.768115942028984,50.0
banknote,"CART (ccp path, depth-capped)",22,45.913043478260875,50.0
banknote,"CART (ccp path, depth-capped)",23,45.93430656934306,50.0
banknote,"CART (ccp path, depth-capped)",24,45.67153284671533,50.0
banknote,"CART (ccp path, depth-capped)",25,46.07299270072992,50.0
banknote,"CART (ccp path, depth-capped)",26,45.35766423357664,50.0
banknote,"CART (ccp path, depth-capped)",27,45.69343065693431,50.0
banknote,"CART (ccp path, depth-capped)",28,45.291970802919714,50.0
banknote,"CART (ccp path, depth-capped)",29,45.072992700729934,50.0
banknote,"CART (ccp path, depth-capped)",30,45.52554744525548,50.0
banknote,GA (NSGA-II),1,45.224637681159415,50.0
banknote,GA (NSGA-II),2,43.51449275362319,50.0
banknote,GA (NSGA-II),3,45.24087591240876,50.0
banknote,GA (NSGA-II),4,42.78832116788321,50.0
banknote,GA (NSGA-II),5,45.01459854014598,50.0
banknote,GA (NSGA-II),6,45.70072992700731,50.0
banknote,GA (NSGA-II),7,44.664233576642324,50.0
banknote,GA (NSGA-II),8,43.357664233576635,50.0
banknote,GA (NSGA-II),9,44.175182481751825,50.0
banknote,GA (NSGA-II),10,45.56204379562043,50.0
banknote,GA (NSGA-II),11,44.92028985507247,50.0
banknote,GA (NSGA-II),12,42.44927536231884,50.0
banknote,GA (NSGA-II),13,45.897810218978094,50.0
banknote,GA (NSGA-II),14,45.43065693430657,50.0
banknote,GA (NSGA-II),15,45.28467153284672,50.0
banknote,GA (NSGA-II),16,43.98540145985402,50.0
banknote,GA (NSGA-II),17,44.17518248175183,50.0
banknote,GA (NSGA-II),18,46.839416058394164,50.0
banknote,GA (NSGA-II),19,44.52554744525546,50.0
banknote,GA (NSGA-II),20,45.46715328467154,50.0
banknote,GA (NSGA-II),21,44.6376811594203,50.0
banknote,GA (NSGA-II),22,45.22463768115942,50.0
banknote,GA (NSGA-II),23,44.88321167883212,50.0
banknote,GA (NSGA-II),24,45.116788321167874,50.0
banknote,GA (NSGA-II),25,44.072992700729934,50.0
banknote,GA (NSGA-II),26,44.38686131386861,50.0
banknote,GA (NSGA-II),27,44.78832116788321,50.0
banknote,GA (NSGA-II),28,44.700729927007295,50.0
banknote,GA (NSGA-II),29,44.62043795620437,50.0
banknote,GA (NSGA-II),30,44.57664233576642,50.0
banknote,"GA (NSGA-II, archived)",1,44.89130434782609,50.0
banknote,"GA (NSGA-II, archived)",2,45.130434782608695,50.0
banknote,"GA (NSGA-II, archived)",3,44.0,50.0
banknote,"GA (NSGA-II, archived)",4,42.270072992700726,50.0
banknote,"GA (NSGA-II, archived)",5,43.48905109489051,50.0
banknote,"GA (NSGA-II, archived)",6,45.84671532846715,50.0
banknote,"GA (NSGA-II, archived)",7,45.01459854014598,50.0
banknote,"GA (NSGA-II, archived)",8,43.510948905109494,50.0
banknote,"GA (NSGA-II, archived)",9,45.48175182481752,50.0
banknote,"GA (NSGA-II, archived)",10,44.38686131386861,50.0
banknote,"GA (NSGA-II, archived)",11,45.45652173913044,50.0
banknote,"GA (NSGA-II, archived)",12,45.36231884057972,50.0
banknote,"GA (NSGA-II, archived)",13,45.54744525547445,50.0
banknote,"GA (NSGA-II, archived)",14,45.956204379562045,50.0
banknote,"GA (NSGA-II, archived)",15,44.35766423357665,50.0
banknote,"GA (NSGA-II, archived)",16,43.68613138686131,50.0
banknote,"GA (NSGA-II, archived)",17,43.832116788321166,50.0
banknote,"GA (NSGA-II, archived)",18,44.058394160583944,50.0
banknote,"GA (NSGA-II, archived)",19,43.5985401459854,50.0
banknote,"GA (NSGA-II, archived)",20,43.75912408759124,50.0
banknote,"GA (NSGA-II, archived)",21,42.80434782608695,50.0
banknote,"GA (NSGA-II, archived)",22,45.96376811594203,50.0
banknote,"GA (NSGA-II, archived)",23,43.52554744525547,50.0
banknote,"GA (NSGA-II, archived)",24,44.16058394160584,50.0
banknote,"GA (NSGA-II, archived)",25,45.029197080291965,50.0
banknote,"GA (NSGA-II, archived)",26,44.30656934306569,50.0
banknote,"GA (NSGA-II, archived)",27,46.12408759124087,50.0
banknote,"GA (NSGA-II, archived)",28,44.52554744525547,50.0
banknote,"GA (NSGA-II, archived)",29,45.124087591240865,50.0
banknote,"GA (NSGA-II, archived)",30,45.97080291970803,50.0
banknote,Random Search,1,43.07246376811594,50.0
banknote,Random Search,2,44.94927536231884,50.0
banknote,Random Search,3,43.722627737226276,50.0
banknote,Random Search,4,43.27737226277372,50.0
banknote,Random Search,5,44.67883211678832,50.0
banknote,Random Search,6,46.24087591240876,50.0
banknote,Random Search,7,44.10948905109488,50.0
banknote,Random Search,8,41.26277372262774,50.0
banknote,Random Search,9,44.02919708029197,50.0
banknote,Random Search,10,42.24087591240876,50.0
banknote,Random Search,11,45.17391304347827,50.0
banknote,Random Search,12,44.04347826086956,50.0
banknote,Random Search,13,45.627737226277375,50.0
banknote,Random Search,14,44.34306569343066,50.0
banknote,Random Search,15,44.14598540145985,50.0
banknote,Random Search,16,43.86861313868613,50.0
banknote,Random Search,17,44.83211678832116,50.0
banknote,Random Search,18,43.802919708029194,50.0
banknote,Random Search,19,42.8905109489051,50.0
banknote,Random Search,20,45.01459854014599,50.0
banknote,Random Search,21,43.949275362318836,50.0
banknote,Random Search,22,45.63043478260869,50.0
banknote,Random Search,23,43.52554744525548,50.0
banknote,Random Search,24,43.31386861313869,50.0
banknote,Random Search,25,44.71532846715329,50.0
banknote,Random Search,26,43.45255474452555,50.0
banknote,Random Search,27,42.34306569343066,50.0
banknote,Random Search,28,42.88321167883211,50.0
banknote,Random Search,29,43.284671532846716,50.0
banknote,Random Search,30,44.47445255474452,50.0
blood_transfusion,CART (ccp path),1,120.21333333333334,152.0
blood_transfusion,CART (ccp path),2,125.85333333333332,152.0
blood_transfusion,CART (ccp path),3,117.05333333333333,152.0
blood_transfusion,CART (ccp path),4,119.62666666666668,152.0
blood_transfusion,CART (ccp path),5,123.17333333333333,152.0
blood_transfusion,CART (ccp path),6,120.24000000000001,152.0
blood_transfusion,CART (ccp path),7,116.61333333333333,152.0
blood_transfusion,CART (ccp path),8,120.24000000000001,152.0
blood_transfusion,CART (ccp path),9,116.3108108108108,152.0
blood_transfusion,CART (ccp path),10,119.63513513513513,152.0
blood_transfusion,CART (ccp path),11,129.16,152.0
blood_transfusion,CART (ccp path),12,114.76,152.0
blood_transfusion,CART (ccp path),13,121.8,152.0
blood_transfusion,CART (ccp path),14,116.64,152.0
blood_transfusion,CART (ccp path),15,118.30666666666666,152.0
blood_transfusion,CART (ccp path),16,121.74666666666667,152.0
blood_transfusion,CART (ccp path),17,114.76,152.0
blood_transfusion,CART (ccp path),18,120.54666666666667,152.0
blood_transfusion,CART (ccp path),19,119.58108108108107,152.0
blood_transfusion,CART (ccp path),20,116.3108108108108,152.0
blood_transfusion,CART (ccp path),21,114.76,152.0
blood_transfusion,CART (ccp path),22,114.98666666666666,152.0
blood_transfusion,CART (ccp path),23,114.76,152.0
blood_transfusion,CART (ccp path),24,120.08000000000001,152.0
blood_transfusion,CART (ccp path),25,128.46666666666667,152.0
blood_transfusion,CART (ccp path),26,114.76,152.0
blood_transfusion,CART (ccp path),27,118.41333333333333,152.0
blood_transfusion,CART (ccp path),28,122.17333333333335,152.0
blood_transfusion,CART (ccp path),29,116.3108108108108,152.0
blood_transfusion,CART (ccp path),30,120.0135135135135,152.0
blood_transfusion,"CART (ccp path, depth-capped)",1,120.29333333333334,152.0
blood_transfusion,"CART (ccp path, depth-capped)",2,126.2,152.0
blood_transfusion,"CART (ccp path, depth-capped)",3,120.48,152.0
blood_transfusion,"CART (ccp path, depth-capped)",4,118.33333333333333,152.0
blood_transfusion,"CART (ccp path, depth-capped)",5,123.68,152.0
blood_transfusion,"CART (ccp path, depth-capped)",6,121.69333333333333,152.0
blood_transfusion,"CART (ccp path, depth-capped)",7,118.62666666666667,152.0
blood_transfusion,"CART (ccp path, depth-capped)",8,118.57333333333334,152.0
blood_transfusion,"CART (ccp path, depth-capped)",9,116.3108108108108,152.0
blood_transfusion,"CART (ccp path, depth-capped)",10,119.90540540540539,152.0
blood_transfusion,"CART (ccp path, depth-capped)",11,129.85333333333335,152.0
blood_transfusion,"CART (ccp path, depth-capped)",12,114.76,152.0
blood_transfusion,"CART (ccp path, depth-capped)",13,122.30666666666669,152.0
blood_transfusion,"CART (ccp path, depth-capped)",14,122.49333333333334,152.0
blood_transfusion,"CART (ccp path, depth-capped)",15,118.52,152.0
blood_transfusion,"CART (ccp path, depth-capped)",16,123.97333333333334,152.0
blood_transfusion,"CART (ccp path, depth-capped)",17,114.76,152.0
blood_transfusion,"CART (ccp path, depth-capped)",18,124.29333333333334,152.0
blood_transfusion,"CART (ccp path, depth-capped)",19,123.33783783783784,152.0
blood_transfusion,"CART (ccp path, depth-capped)",20,116.3108108108108,152.0
blood_transfusion,"CART (ccp path, depth-capped)",21,118.57333333333334,152.0
blood_transfusion,"CART (ccp path, depth-capped)",22,114.76,152.0
blood_transfusion,"CART (ccp path, depth-capped)",23,118.62666666666667,152.0
blood_transfusion,"CART (ccp path, depth-capped)",24,120.18666666666668,152.0
blood_transfusion,"CART (ccp path, depth-capped)",25,128.10666666666668,152.0
blood_transfusion,"CART (ccp path, depth-capped)",26,116.26666666666667,152.0
blood_transfusion,"CART (ccp path, depth-capped)",27,118.46666666666667,152.0
blood_transfusion,"CART (ccp path, depth-capped)",28,122.49333333333334,152.0
blood_transfusion,"CART (ccp path, depth-capped)",29,116.3108108108108,152.0
blood_transfusion,"CART (ccp path, depth-capped)",30,120.0945945945946,152.0
blood_transfusion,GA (NSGA-II),1,116.74666666666667,152.0
blood_transfusion,GA (NSGA-II),2,124.45333333333333,152.0
blood_transfusion,GA (NSGA-II),3,118.73333333333333,152.0
blood_transfusion,GA (NSGA-II),4,118.52,152.0
blood_transfusion,GA (NSGA-II),5,122.49333333333334,152.0
blood_transfusion,GA (NSGA-II),6,120.58666666666667,152.0
blood_transfusion,GA (NSGA-II),7,114.76,152.0
blood_transfusion,GA (NSGA-II),8,120.58666666666667,152.0
blood_transfusion,GA (NSGA-II),9,118.32432432432432,152.0
blood_transfusion,GA (NSGA-II),10,118.32432432432432,152.0
blood_transfusion,GA (NSGA-II),11,126.36,152.0
blood_transfusion,GA (NSGA-II),12,116.58666666666667,152.0
blood_transfusion,GA (NSGA-II),13,116.74666666666667,152.0
blood_transfusion,GA (NSGA-II),14,114.76,152.0
blood_transfusion,GA (NSGA-II),15,118.67999999999999,152.0
blood_transfusion,GA (NSGA-II),16,118.73333333333333,152.0
blood_transfusion,GA (NSGA-II),17,114.76,152.0
blood_transfusion,GA (NSGA-II),18,116.72,152.0
blood_transfusion,GA (NSGA-II),19,120.33783783783782,152.0
blood_transfusion,GA (NSGA-II),20,116.3108108108108,152.0
blood_transfusion,GA (NSGA-II),21,116.74666666666667,152.0
blood_transfusion,GA (NSGA-II),22,122.52000000000001,152.0
blood_transfusion,GA (NSGA-II),23,118.57333333333334,152.0
blood_transfusion,GA (NSGA-II),24,114.76,152.0
blood_transfusion,GA (NSGA-II),25,128.29333333333335,152.0
blood_transfusion,GA (NSGA-II),26,114.76,152.0
blood_transfusion,GA (NSGA-II),27,114.76,152.0
blood_transfusion,GA (NSGA-II),28,122.38666666666667,152.0
blood_transfusion,GA (NSGA-II),29,118.24324324324324,152.0
blood_transfusion,GA (NSGA-II),30,120.28378378378378,152.0
blood_transfusion,"GA (NSGA-II, archived)",1,118.65333333333334,152.0
blood_transfusion,"GA (NSGA-II, archived)",2,114.76,152.0
blood_transfusion,"GA (NSGA-II, archived)",3,118.67999999999999,152.0
blood_transfusion,"GA (NSGA-II, archived)",4,114.76,152.0
blood_transfusion,"GA (NSGA-II, archived)",5,120.61333333333334,152.0
blood_transfusion,"GA (NSGA-II, archived)",6,116.74666666666667,152.0
blood_transfusion,"GA (NSGA-II, archived)",7,116.72,152.0
blood_transfusion,"GA (NSGA-II, archived)",8,118.70666666666666,152.0
blood_transfusion,"GA (NSGA-II, archived)",9,120.25675675675674,152.0
blood_transfusion,"GA (NSGA-II, archived)",10,118.21621621621621,152.0
blood_transfusion,"GA (NSGA-II, archived)",11,124.37333333333333,152.0
blood_transfusion,"GA (NSGA-II, archived)",12,116.58666666666667,152.0
blood_transfusion,"GA (NSGA-II, archived)",13,116.72,152.0
blood_transfusion,"GA (NSGA-II, archived)",14,116.61333333333333,152.0
blood_transfusion,"GA (NSGA-II, archived)",15,118.67999999999999,152.0
blood_transfusion,"GA (NSGA-II, archived)",16,120.61333333333334,152.0
blood_transfusion,"GA (NSGA-II, archived)",17,116.69333333333333,152.0
blood_transfusion,"GA (NSGA-II, archived)",18,114.76,152.0
blood_transfusion,"GA (NSGA-II, archived)",19,118.32432432432432,152.0
blood_transfusion,"GA (NSGA-II, archived)",20,116.3108108108108,152.0
blood_transfusion,"GA (NSGA-II, archived)",21,118.62666666666667,152.0
blood_transfusion,"GA (NSGA-II, archived)",22,120.58666666666667,152.0
blood_transfusion,"GA (NSGA-II, archived)",23,116.74666666666667,152.0
blood_transfusion,"GA (NSGA-II, archived)",24,116.74666666666667,152.0
blood_transfusion,"GA (NSGA-II, archived)",25,130.2266666666667,152.0
blood_transfusion,"GA (NSGA-II, archived)",26,114.76,152.0
blood_transfusion,"GA (NSGA-II, archived)",27,122.22666666666667,152.0
blood_transfusion,"GA (NSGA-II, archived)",28,120.45333333333335,152.0
blood_transfusion,"GA (NSGA-II, archived)",29,116.3108108108108,152.0
blood_transfusion,"GA (NSGA-II, archived)",30,116.3108108108108,152.0
blood_transfusion,Random Search,1,116.74666666666667,152.0
blood_transfusion,Random Search,2,122.09333333333333,152.0
blood_transfusion,Random Search,3,120.61333333333334,152.0
blood_transfusion,Random Search,4,114.76,152.0
blood_transfusion,Random Search,5,122.82666666666667,152.0
blood_transfusion,Random Search,6,116.72,152.0
blood_transfusion,Random Search,7,122.12,152.0
blood_transfusion,Random Search,8,122.22666666666667,152.0
blood_transfusion,Random Search,9,116.3108108108108,152.0
blood_transfusion,Random Search,10,116.3108108108108,152.0
blood_transfusion,Random Search,11,118.70666666666666,152.0
blood_transfusion,Random Search,12,118.49333333333333,152.0
blood_transfusion,Random Search,13,125.88000000000001,152.0
blood_transfusion,Random Search,14,114.76,152.0
blood_transfusion,Random Search,15,116.50666666666667,152.0
blood_transfusion,Random Search,16,118.73333333333333,152.0
blood_transfusion,Random Search,17,114.76,152.0
blood_transfusion,Random Search,18,118.38666666666667,152.0
blood_transfusion,Random Search,19,118.32432432432432,152.0
blood_transfusion,Random Search,20,116.3108108108108,152.0
blood_transfusion,Random Search,21,116.72,152.0
blood_transfusion,Random Search,22,118.57333333333332,152.0
blood_transfusion,Random Search,23,116.74666666666667,152.0
blood_transfusion,Random Search,24,127.86666666666669,152.0
blood_transfusion,Random Search,25,118.33333333333333,152.0
blood_transfusion,Random Search,26,114.76,152.0
blood_transfusion,Random Search,27,123.89333333333333,152.0
blood_transfusion,Random Search,28,118.41333333333333,152.0
blood_transfusion,Random Search,29,118.16216216216216,152.0
blood_transfusion,Random Search,30,118.18918918918918,152.0
breast_w,CART (ccp path),1,29.32857142857143,34.0
breast_w,CART (ccp path),2,31.285714285714285,34.0
breast_w,CART (ccp path),3,30.385714285714286,34.0
breast_w,CART (ccp path),4,29.5,34.0
breast_w,CART (ccp path),5,29.271428571428576,34.0
breast_w,CART (ccp path),6,30.028571428571432,34.0
breast_w,CART (ccp path),7,29.914285714285715,34.0
breast_w,CART (ccp path),8,30.514285714285716,34.0
breast_w,CART (ccp path),9,30.95714285714286,34.0
breast_w,CART (ccp path),10,29.898550724637683,34.0
breast_w,CART (ccp path),11,29.885714285714286,34.0
breast_w,CART (ccp path),12,31.071428571428573,34.0
breast_w,CART (ccp path),13,29.914285714285718,34.0
breast_w,CART (ccp path),14,29.799999999999997,34.0
breast_w,CART (ccp path),15,30.3,34.0
breast_w,CART (ccp path),16,30.714285714285715,34.0
breast_w,CART (ccp path),17,29.842857142857145,34.0
breast_w,CART (ccp path),18,29.528571428571432,34.0
breast_w,CART (ccp path),19,29.885714285714286,34.0
breast_w,CART (ccp path),20,30.014492753623188,34.0
breast_w,CART (ccp path),21,29.32857142857143,34.0
breast_w,CART (ccp path),22,31.185714285714287,34.0
breast_w,CART (ccp path),23,29.385714285714286,34.0
breast_w,CART (ccp path),24,29.742857142857144,34.0
breast_w,CART (ccp path),25,29.97142857142857,34.0
breast_w,CART (ccp path),26,30.328571428571433,34.0
breast_w,CART (ccp path),27,30.385714285714286,34.0
breast_w,CART (ccp path),28,30.442857142857147,34.0
breast_w,CART (ccp path),29,29.942857142857143,34.0
breast_w,CART (ccp path),30,29.304347826086953,34.0
breast_w,"CART (ccp path, depth-capped)",1,29.78571428571429,34.0
breast_w,"CART (ccp path, depth-capped)",2,31.285714285714285,34.0
breast_w,"CART (ccp path, depth-capped)",3,30.385714285714286,34.0
breast_w,"CART (ccp path, depth-capped)",4,29.5,34.0
breast_w,"CART (ccp path, depth-capped)",5,29.271428571428576,34.0
breast_w,"CART (ccp path, depth-capped)",6,30.228571428571428,34.0
breast_w,"CART (ccp path, depth-capped)",7,29.914285714285715,34.0
breast_w,"CART (ccp path, depth-capped)",8,30.57142857142857,34.0
breast_w,"CART (ccp path, depth-capped)",9,30.95714285714286,34.0
breast_w,"CART (ccp path, depth-capped)",10,29.89855072463768,34.0
breast_w,"CART (ccp path, depth-capped)",11,29.885714285714286,34.0
breast_w,"CART (ccp path, depth-capped)",12,31.071428571428573,34.0
breast_w,"CART (ccp path, depth-capped)",13,29.914285714285718,34.0
breast_w,"CART (ccp path, depth-capped)",14,29.799999999999997,34.0
breast_w,"CART (ccp path, depth-capped)",15,30.3,34.0
breast_w,"CART (ccp path, depth-capped)",16,30.714285714285715,34.0
breast_w,"CART (ccp path, depth-capped)",17,29.82857142857143,34.0
breast_w,"CART (ccp path, depth-capped)",18,29.52857142857143,34.0
breast_w,"CART (ccp path, depth-capped)",19,29.885714285714286,34.0
breast_w,"CART (ccp path, depth-capped)",20,30.05797101449275,34.0
breast_w,"CART (ccp path, depth-capped)",21,29.74285714285714,34.0
breast_w,"CART (ccp path, depth-capped)",22,31.542857142857144,34.0
breast_w,"CART (ccp path, depth-capped)",23,29.414285714285715,34.0
breast_w,"CART (ccp path, depth-capped)",24,29.742857142857144,34.0
breast_w,"CART (ccp path, depth-capped)",25,29.97142857142857,34.0
breast_w,"CART (ccp path, depth-capped)",26,30.328571428571433,34.0
breast_w,"CART (ccp path, depth-capped)",27,30.385714285714286,34.0
breast_w,"CART (ccp path, depth-capped)",28,30.471428571428575,34.0
breast_w,"CART (ccp path, depth-capped)",29,29.942857142857143,34.0
breast_w,"CART (ccp path, depth-capped)",30,29.33333333333333,34.0
breast_w,GA (NSGA-II),1,30.78571428571429,34.0
breast_w,GA (NSGA-II),2,32.2,34.0
breast_w,GA (NSGA-II),3,30.1,34.0
breast_w,GA (NSGA-II),4,29.15714285714286,34.0
breast_w,GA (NSGA-II),5,31.25714285714286,34.0
breast_w,GA (NSGA-II),6,30.42857142857143,34.0
breast_w,GA (NSGA-II),7,30.1,34.0
breast_w,GA (NSGA-II),8,31.75714285714286,34.0
breast_w,GA (NSGA-II),9,30.871428571428574,34.0
breast_w,GA (NSGA-II),10,30.028985507246375,34.0
breast_w,GA (NSGA-II),11,30.428571428571427,34.0
breast_w,GA (NSGA-II),12,30.985714285714288,34.0
breast_w,GA (NSGA-II),13,30.4,34.0
breast_w,GA (NSGA-II),14,30.985714285714288,34.0
breast_w,GA (NSGA-II),15,30.014285714285716,34.0
breast_w,GA (NSGA-II),16,30.042857142857144,34.0
breast_w,GA (NSGA-II),17,31.200000000000003,34.0
breast_w,GA (NSGA-II),18,31.25714285714286,34.0
breast_w,GA (NSGA-II),19,31.314285714285717,34.0
breast_w,GA (NSGA-II),20,30.420289855072465,34.0
breast_w,GA (NSGA-II),21,32.05714285714286,34.0
breast_w,GA (NSGA-II),22,31.728571428571428,34.0
breast_w,GA (NSGA-II),23,30.542857142857144,34.0
breast_w,GA (NSGA-II),24,31.700000000000003,34.0
breast_w,GA (NSGA-II),25,30.485714285714288,34.0
breast_w,GA (NSGA-II),26,31.285714285714285,34.0
breast_w,GA (NSGA-II),27,31.42857142857143,34.0
breast_w,GA (NSGA-II),28,30.842857142857145,34.0
breast_w,GA (NSGA-II),29,29.657142857142862,34.0
breast_w,GA (NSGA-II),30,30.478260869565215,34.0
breast_w,"GA (NSGA-II, archived)",1,30.514285714285712,34.0
breast_w,"GA (NSGA-II, archived)",2,32.22857142857143,34.0
breast_w,"GA (NSGA-II, archived)",3,29.657142857142862,34.0
breast_w,"GA (NSGA-II, archived)",4,29.985714285714288,34.0
breast_w,"GA (NSGA-II, archived)",5,30.4,34.0
breast_w,"GA (NSGA-II, archived)",6,30.985714285714288,34.0
breast_w,"GA (NSGA-II, archived)",7,30.228571428571428,34.0
breast_w,"GA (NSGA-II, archived)",8,31.25714285714286,34.0
breast_w,"GA (NSGA-II, archived)",9,31.08571428571429,34.0
breast_w,"GA (NSGA-II, archived)",10,30.811594202898547,34.0
breast_w,"GA (NSGA-II, archived)",11,30.042857142857144,34.0
breast_w,"GA (NSGA-II, archived)",12,31.371428571428574,34.0
breast_w,"GA (NSGA-II, archived)",13,30.485714285714288,34.0
breast_w,"GA (NSGA-II, archived)",14,30.42857142857143,34.0
breast_w,"GA (NSGA-II, archived)",15,31.871428571428574,34.0
breast_w,"GA (NSGA-II, archived)",16,30.900000000000002,34.0
breast_w,"GA (NSGA-II, archived)",17,30.071428571428577,34.0
breast_w,"GA (NSGA-II, archived)",18,31.17142857142857,34.0
breast_w,"GA (NSGA-II, archived)",19,30.542857142857144,34.0
breast_w,"GA (NSGA-II, archived)",20,31.681159420289855,34.0
breast_w,"GA (NSGA-II, archived)",21,30.9,34.0
breast_w,"GA (NSGA-II, archived)",22,30.542857142857144,34.0
breast_w,"GA (NSGA-II, archived)",23,30.071428571428577,34.0
breast_w,"GA (NSGA-II, archived)",24,31.314285714285717,34.0
breast_w,"GA (NSGA-II, archived)",25,29.657142857142862,34.0
breast_w,"GA (NSGA-II, archived)",26,31.61428571428572,34.0
breast_w,"GA (NSGA-II, archived)",27,30.371428571428574,34.0
breast_w,"GA (NSGA-II, archived)",28,29.542857142857148,34.0
breast_w,"GA (NSGA-II, archived)",29,30.25714285714286,34.0
breast_w,"GA (NSGA-II, archived)",30,29.492753623188406,34.0
breast_w,Random Search,1,30.385714285714286,34.0
breast_w,Random Search,2,31.514285714285716,34.0
breast_w,Random Search,3,30.8,34.0
breast_w,Random Search,4,29.600000000000005,34.0
breast_w,Random Search,5,29.657142857142862,34.0
breast_w,Random Search,6,30.700000000000003,34.0
breast_w,Random Search,7,30.142857142857142,34.0
breast_w,Random Search,8,30.985714285714288,34.0
breast_w,Random Search,9,31.200000000000003,34.0
breast_w,Random Search,10,29.608695652173914,34.0
breast_w,Random Search,11,30.514285714285716,34.0
breast_w,Random Search,12,31.871428571428574,34.0
breast_w,Random Search,13,30.314285714285717,34.0
breast_w,Random Search,14,29.15714285714286,34.0
breast_w,Random Search,15,30.17142857142857,34.0
breast_w,Random Search,16,30.971428571428575,34.0
breast_w,Random Search,17,30.1,34.0
breast_w,Random Search,18,31.35714285714286,34.0
breast_w,Random Search,19,30.542857142857144,34.0
breast_w,Random Search,20,31.086956521739133,34.0
breast_w,Random Search,21,30.757142857142856,34.0
breast_w,Random Search,22,31.17142857142857,34.0
breast_w,Random Search,23,29.92857142857143,34.0
breast_w,Random Search,24,30.542857142857144,34.0
breast_w,Random Search,25,31.142857142857146,34.0
breast_w,Random Search,26,31.871428571428574,34.0
breast_w,Random Search,27,31.228571428571428,34.0
breast_w,Random Search,28,30.17142857142857,34.0
breast_w,Random Search,29,31.34285714285714,34.0
breast_w,Random Search,30,29.884057971014492,34.0
climate_crashes,CART (ccp path),1,33.18518518518518,36.0
climate_crashes,CART (ccp path),2,33.48148148148148,36.0
climate_crashes,CART (ccp path),3,32.40740740740741,36.0
climate_crashes,CART (ccp path),4,32.40740740740741,36.0
climate_crashes,CART (ccp path),5,33.11111111111111,36.0
climate_crashes,CART (ccp path),6,33.7962962962963,36.0
climate_crashes,CART (ccp path),7,32.18518518518519,36.0
climate_crashes,CART (ccp path),8,32.0,36.0
climate_crashes,CART (ccp path),9,32.25925925925926,36.0
climate_crashes,CART (ccp path),10,32.87037037037037,36.0
climate_crashes,CART (ccp path),11,32.833333333333336,36.0
climate_crashes,CART (ccp path),12,32.833333333333336,36.0
climate_crashes,CART (ccp path),13,32.870370370370374,36.0
climate_crashes,CART (ccp path),14,32.40740740740741,36.0
climate_crashes,CART (ccp path),15,32.03703703703704,36.0
climate_crashes,CART (ccp path),16,32.2962962962963,36.0
climate_crashes,CART (ccp path),17,32.2962962962963,36.0
climate_crashes,CART (ccp path),18,32.75925925925926,36.0
climate_crashes,CART (ccp path),19,34.148148148148145,36.0
climate_crashes,CART (ccp path),20,31.75925925925926,36.0
climate_crashes,CART (ccp path),21,32.833333333333336,36.0
climate_crashes,CART (ccp path),22,33.48148148148148,36.0
climate_crashes,CART (ccp path),23,33.37037037037037,36.0
climate_crashes,CART (ccp path),24,32.40740740740741,36.0
climate_crashes,CART (ccp path),25,33.481481481481474,36.0
climate_crashes,CART (ccp path),26,32.61111111111111,36.0
climate_crashes,CART (ccp path),27,31.962962962962965,36.0
climate_crashes,CART (ccp path),28,33.31481481481482,36.0
climate_crashes,CART (ccp path),29,32.2962962962963,36.0
climate_crashes,CART (ccp path),30,32.907407407407405,36.0
climate_crashes,"CART (ccp path, depth-capped)",1,33.18518518518518,36.0
climate_crashes,"CART (ccp path, depth-capped)",2,33.481481481481474,36.0
climate_crashes,"CART (ccp path, depth-capped)",3,32.407407407407405,36.0
climate_crashes,"CART (ccp path, depth-capped)",4,32.407407407407405,36.0
climate_crashes,"CART (ccp path, depth-capped)",5,33.11111111111111,36.0
climate_crashes,"CART (ccp path, depth-capped)",6,33.7962962962963,36.0
climate_crashes,"CART (ccp path, depth-capped)",7,32.18518518518518,36.0
climate_crashes,"CART (ccp path, depth-capped)",8,32.0,36.0
climate_crashes,"CART (ccp path, depth-capped)",9,32.25925925925926,36.0
climate_crashes,"CART (ccp path, depth-capped)",10,32.870370370370374,36.0
climate_crashes,"CART (ccp path, depth-capped)",11,32.83333333333333,36.0
climate_crashes,"CART (ccp path, depth-capped)",12,32.83333333333333,36.0
climate_crashes,"CART (ccp path, depth-capped)",13,32.87037037037037,36.0
climate_crashes,"CART (ccp path, depth-capped)",14,32.407407407407405,36.0
climate_crashes,"CART (ccp path, depth-capped)",15,32.03703703703704,36.0
climate_crashes,"CART (ccp path, depth-capped)",16,32.2962962962963,36.0
climate_crashes,"CART (ccp path, depth-capped)",17,32.2962962962963,36.0
climate_crashes,"CART (ccp path, depth-capped)",18,32.75925925925926,36.0
climate_crashes,"CART (ccp path, depth-capped)",19,34.148148148148145,36.0
climate_crashes,"CART (ccp path, depth-capped)",20,31.75925925925926,36.0
climate_crashes,"CART (ccp path, depth-capped)",21,32.83333333333333,36.0
climate_crashes,"CART (ccp path, depth-capped)",22,33.481481481481474,36.0
climate_crashes,"CART (ccp path, depth-capped)",23,33.37037037037037,36.0
climate_crashes,"CART (ccp path, depth-capped)",24,32.407407407407405,36.0
climate_crashes,"CART (ccp path, depth-capped)",25,33.48148148148148,36.0
climate_crashes,"CART (ccp path, depth-capped)",26,32.81481481481481,36.0
climate_crashes,"CART (ccp path, depth-capped)",27,31.75925925925926,36.0
climate_crashes,"CART (ccp path, depth-capped)",28,33.31481481481482,36.0
climate_crashes,"CART (ccp path, depth-capped)",29,32.2962962962963,36.0
climate_crashes,"CART (ccp path, depth-capped)",30,32.907407407407405,36.0
climate_crashes,GA (NSGA-II),1,32.40740740740741,36.0
climate_crashes,GA (NSGA-II),2,32.40740740740741,36.0
climate_crashes,GA (NSGA-II),3,32.40740740740741,36.0
climate_crashes,GA (NSGA-II),4,32.98148148148148,36.0
climate_crashes,GA (NSGA-II),5,31.75925925925926,36.0
climate_crashes,GA (NSGA-II),6,32.2962962962963,36.0
climate_crashes,GA (NSGA-II),7,31.75925925925926,36.0
climate_crashes,GA (NSGA-II),8,31.75925925925926,36.0
climate_crashes,GA (NSGA-II),9,31.75925925925926,36.0
climate_crashes,GA (NSGA-II),10,32.907407407407405,36.0
climate_crashes,GA (NSGA-II),11,32.40740740740741,36.0
climate_crashes,GA (NSGA-II),12,32.40740740740741,36.0
climate_crashes,GA (NSGA-II),13,32.40740740740741,36.0
climate_crashes,GA (NSGA-II),14,32.40740740740741,36.0
climate_crashes,GA (NSGA-II),15,32.2962962962963,36.0
climate_crashes,GA (NSGA-II),16,31.75925925925926,36.0
climate_crashes,GA (NSGA-II),17,31.75925925925926,36.0
climate_crashes,GA (NSGA-II),18,31.75925925925926,36.0
climate_crashes,GA (NSGA-II),19,31.75925925925926,36.0
climate_crashes,GA (NSGA-II),20,31.75925925925926,36.0
climate_crashes,GA (NSGA-II),21,32.40740740740741,36.0
climate_crashes,GA (NSGA-II),22,32.40740740740741,36.0
climate_crashes,GA (NSGA-II),23,32.40740740740741,36.0
climate_crashes,GA (NSGA-II),24,32.40740740740741,36.0
climate_crashes,GA (NSGA-II),25,31.75925925925926,36.0
climate_crashes,GA (NSGA-II),26,32.2962962962963,36.0
climate_crashes,GA (NSGA-II),27,31.75925925925926,36.0
climate_crashes,GA (NSGA-II),28,31.75925925925926,36.0
climate_crashes,GA (NSGA-II),29,31.75925925925926,36.0
climate_crashes,GA (NSGA-II),30,31.75925925925926,36.0
climate_crashes,"GA (NSGA-II, archived)",1,32.40740740740741,36.0
climate_crashes,"GA (NSGA-II, archived)",2,32.40740740740741,36.0
climate_crashes,"GA (NSGA-II, archived)",3,33.55555555555555,36.0
climate_crashes,"GA (NSGA-II, archived)",4,32.40740740740741,36.0
climate_crashes,"GA (NSGA-II, archived)",5,32.907407407407405,36.0
climate_crashes,"GA (NSGA-II, archived)",6,31.75925925925926,36.0
climate_crashes,"GA (NSGA-II, archived)",7,31.75925925925926,36.0
climate_crashes,"GA (NSGA-II, archived)",8,31.75925925925926,36.0
climate_crashes,"GA (NSGA-II, archived)",9,31.75925925925926,36.0
climate_crashes,"GA (NSGA-II, archived)",10,31.75925925925926,36.0
climate_crashes,"GA (NSGA-II, archived)",11,32.40740740740741,36.0
climate_crashes,"GA (NSGA-II, archived)",12,32.40740740740741,36.0
climate_crashes,"GA (NSGA-II, archived)",13,32.40740740740741,36.0
climate_crashes,"GA (NSGA-II, archived)",14,32.40740740740741,36.0
climate_crashes,"GA (NSGA-II, archived)",15,31.75925925925926,36.0
climate_crashes,"GA (NSGA-II, archived)",16,31.75925925925926,36.0
climate_crashes,"GA (NSGA-II, archived)",17,32.333333333333336,36.0
climate_crashes,"GA (NSGA-II, archived)",18,32.2962962962963,36.0
climate_crashes,"GA (NSGA-II, archived)",19,31.75925925925926,36.0
climate_crashes,"GA (NSGA-II, archived)",20,31.75925925925926,36.0
climate_crashes,"GA (NSGA-II, archived)",21,32.94444444444444,36.0
climate_crashes,"GA (NSGA-II, archived)",22,32.833333333333336,36.0
climate_crashes,"GA (NSGA-II, archived)",23,32.40740740740741,36.0
climate_crashes,"GA (NSGA-II, archived)",24,32.40740740740741,36.0
climate_crashes,"GA (NSGA-II, archived)",25,31.75925925925926,36.0
climate_crashes,"GA (NSGA-II, archived)",26,31.75925925925926,36.0
climate_crashes,"GA (NSGA-II, archived)",27,31.75925925925926,36.0
climate_crashes,"GA (NSGA-II, archived)",28,31.75925925925926,36.0
climate_crashes,"GA (NSGA-II, archived)",29,31.75925925925926,36.0
climate_crashes,"GA (NSGA-II, archived)",30,31.75925925925926,36.0
climate_crashes,Random Search,1,32.7962962962963,36.0
climate_crashes,Random Search,2,32.72222222222222,36.0
climate_crashes,Random Search,3,32.40740740740741,36.0
climate_crashes,Random Search,4,32.94444444444444,36.0
climate_crashes,Random Search,5,32.61111111111111,36.0
climate_crashes,Random Search,6,31.75925925925926,36.0
climate_crashes,Random Search,7,31.75925925925926,36.0
climate_crashes,Random Search,8,32.53703703703704,36.0
climate_crashes,Random Search,9,31.75925925925926,36.0
climate_crashes,Random Search,10,31.75925925925926,36.0
climate_crashes,Random Search,11,32.870370370370374,36.0
climate_crashes,Random Search,12,32.42592592592593,36.0
climate_crashes,Random Search,13,33.574074074074076,36.0
climate_crashes,Random Search,14,32.40740740740741,36.0
climate_crashes,Random Search,15,31.75925925925926,36.0
climate_crashes,Random Search,16,31.75925925925926,36.0
climate_crashes,Random Search,17,31.75925925925926,36.0
climate_crashes,Random Search,18,32.074074074074076,36.0
climate_crashes,Random Search,19,32.2962962962963,36.0
climate_crashes,Random Search,20,31.75925925925926,36.0
climate_crashes,Random Search,21,32.40740740740741,36.0
climate_crashes,Random Search,22,32.907407407407405,36.0
climate_crashes,Random Search,23,32.7962962962963,36.0
climate_crashes,Random Search,24,32.40740740740741,36.0
climate_crashes,Random Search,25,31.75925925925926,36.0
climate_crashes,Random Search,26,32.0,36.0
climate_crashes,Random Search,27,31.75925925925926,36.0
climate_crashes,Random Search,28,31.75925925925926,36.0
climate_crashes,Random Search,29,32.46296296296296,36.0
climate_crashes,Random Search,30,31.85185185185185,36.0
credit_approval,CART (ccp path),1,55.797101449275374,72.0
credit_approval,CART (ccp path),2,59.826086956521735,72.0
credit_approval,CART (ccp path),3,62.739130434782616,72.0
credit_approval,CART (ccp path),4,57.68115942028985,72.0
credit_approval,CART (ccp path),5,63.594202898550726,72.0
credit_approval,CART (ccp path),6,60.014492753623195,72.0
credit_approval,CART (ccp path),7,59.826086956521735,72.0
credit_approval,CART (ccp path),8,61.08695652173914,72.0
credit_approval,CART (ccp path),9,58.42028985507246,72.0
credit_approval,CART (ccp path),10,57.811594202898554,72.0
credit_approval,CART (ccp path),11,60.6231884057971,72.0
credit_approval,CART (ccp path),12,55.913043478260875,72.0
credit_approval,CART (ccp path),13,59.913043478260875,72.0
credit_approval,CART (ccp path),14,57.0,72.0
credit_approval,CART (ccp path),15,56.53623188405797,72.0
credit_approval,CART (ccp path),16,59.72463768115942,72.0
credit_approval,CART (ccp path),17,61.608695652173914,72.0
credit_approval,CART (ccp path),18,57.71014492753623,72.0
credit_approval,CART (ccp path),19,62.652173913043484,72.0
credit_approval,CART (ccp path),20,62.652173913043484,72.0
credit_approval,CART (ccp path),21,58.85507246376812,72.0
credit_approval,CART (ccp path),22,58.88405797101449,72.0
credit_approval,CART (ccp path),23,55.42028985507247,72.0
credit_approval,CART (ccp path),24,64.1304347826087,72.0
credit_approval,CART (ccp path),25,58.27536231884058,72.0
credit_approval,CART (ccp path),26,57.94202898550725,72.0
credit_approval,CART (ccp path),27,61.59420289855072,72.0
credit_approval,CART (ccp path),28,62.057971014492765,72.0
credit_approval,CART (ccp path),29,60.014492753623195,72.0
credit_approval,CART (ccp path),30,60.637681159420296,72.0
credit_approval,"CART (ccp path, depth-capped)",1,56.40579710144928,72.0
credit_approval,"CART (ccp path, depth-capped)",2,61.05797101449276,72.0
credit_approval,"CART (ccp path, depth-capped)",3,62.73913043478261,72.0
credit_approval,"CART (ccp path, depth-capped)",4,57.826086956521735,72.0
credit_approval,"CART (ccp path, depth-capped)",5,64.34782608695653,72.0
credit_approval,"CART (ccp path, depth-capped)",6,61.536231884057976,72.0
credit_approval,"CART (ccp path, depth-capped)",7,60.46376811594203,72.0
credit_approval,"CART (ccp path, depth-capped)",8,61.20289855072464,72.0
credit_approval,"CART (ccp path, depth-capped)",9,57.88405797101449,72.0
credit_approval,"CART (ccp path, depth-capped)",10,58.42028985507246,72.0
credit_approval,"CART (ccp path, depth-capped)",11,61.6231884057971,72.0
credit_approval,"CART (ccp path, depth-capped)",12,56.02898550724638,72.0
credit_approval,"CART (ccp path, depth-capped)",13,60.76811594202899,72.0
credit_approval,"CART (ccp path, depth-capped)",14,57.53623188405797,72.0
credit_approval,"CART (ccp path, depth-capped)",15,59.492753623188406,72.0
credit_approval,"CART (ccp path, depth-capped)",16,60.47826086956522,72.0
credit_approval,"CART (ccp path, depth-capped)",17,62.13043478260869,72.0
credit_approval,"CART (ccp path, depth-capped)",18,57.768115942028984,72.0
credit_approval,"CART (ccp path, depth-capped)",19,62.65217391304348,72.0
credit_approval,"CART (ccp path, depth-capped)",20,62.65217391304348,72.0
credit_approval,"CART (ccp path, depth-capped)",21,59.405797101449274,72.0
credit_approval,"CART (ccp path, depth-capped)",22,62.46376811594203,72.0
credit_approval,"CART (ccp path, depth-capped)",23,57.60869565217392,72.0
credit_approval,"CART (ccp path, depth-capped)",24,64.30434782608695,72.0
credit_approval,"CART (ccp path, depth-capped)",25,59.02898550724638,72.0
credit_approval,"CART (ccp path, depth-capped)",26,58.52173913043478,72.0
credit_approval,"CART (ccp path, depth-capped)",27,62.26086956521739,72.0
credit_approval,"CART (ccp path, depth-capped)",28,62.42028985507247,72.0
credit_approval,"CART (ccp path, depth-capped)",29,60.73913043478261,72.0
credit_approval,"CART (ccp path, depth-capped)",30,60.10144927536232,72.0
credit_approval,GA (NSGA-II),1,55.1304347826087,72.0
credit_approval,GA (NSGA-II),2,61.130434782608695,72.0
credit_approval,GA (NSGA-II),3,65.86956521739131,72.0
credit_approval,GA (NSGA-II),4,57.927536231884055,72.0
credit_approval,GA (NSGA-II),5,65.10144927536231,72.0
credit_approval,GA (NSGA-II),6,60.04347826086956,72.0
credit_approval,GA (NSGA-II),7,61.10144927536231,72.0
credit_approval,GA (NSGA-II),8,60.10144927536232,72.0
credit_approval,GA (NSGA-II),9,58.10144927536232,72.0
credit_approval,GA (NSGA-II),10,58.92753623188406,72.0
credit_approval,GA (NSGA-II),11,60.1304347826087,72.0
credit_approval,GA (NSGA-II),12,56.1304347826087,72.0
credit_approval,GA (NSGA-II),13,61.130434782608695,72.0
credit_approval,GA (NSGA-II),14,58.10144927536232,72.0
credit_approval,GA (NSGA-II),15,61.07246376811594,72.0
credit_approval,GA (NSGA-II),16,63.956521739130444,72.0
credit_approval,GA (NSGA-II),17,59.04347826086956,72.0
credit_approval,GA (NSGA-II),18,58.98550724637681,72.0
credit_approval,GA (NSGA-II),19,64.10144927536233,72.0
credit_approval,GA (NSGA-II),20,64.10144927536233,72.0
credit_approval,GA (NSGA-II),21,60.10144927536232,72.0
credit_approval,GA (NSGA-II),22,63.1304347826087,72.0
credit_approval,GA (NSGA-II),23,58.1304347826087,72.0
credit_approval,GA (NSGA-II),24,64.10144927536233,72.0
credit_approval,GA (NSGA-II),25,57.10144927536233,72.0
credit_approval,GA (NSGA-II),26,59.10144927536231,72.0
credit_approval,GA (NSGA-II),27,62.10144927536233,72.0
credit_approval,GA (NSGA-II),28,61.04347826086956,72.0
credit_approval,GA (NSGA-II),29,58.10144927536232,72.0
credit_approval,GA (NSGA-II),30,61.10144927536231,72.0
credit_approval,"GA (NSGA-II, archived)",1,56.10144927536232,72.0
credit_approval,"GA (NSGA-II, archived)",2,61.130434782608695,72.0
credit_approval,"GA (NSGA-II, archived)",3,63.1304347826087,72.0
credit_approval,"GA (NSGA-II, archived)",4,62.07246376811594,72.0
credit_approval,"GA (NSGA-II, archived)",5,65.10144927536231,72.0
credit_approval,"GA (NSGA-II, archived)",6,60.04347826086956,72.0
credit_approval,"GA (NSGA-II, archived)",7,61.10144927536231,72.0
credit_approval,"GA (NSGA-II, archived)",8,60.10144927536232,72.0
credit_approval,"GA (NSGA-II, archived)",9,59.07246376811594,72.0
credit_approval,"GA (NSGA-II, archived)",10,58.072463768115945,72.0
credit_approval,"GA (NSGA-II, archived)",11,60.1304347826087,72.0
credit_approval,"GA (NSGA-II, archived)",12,58.014492753623195,72.0
credit_approval,"GA (NSGA-II, archived)",13,62.10144927536232,72.0
credit_approval,"GA (NSGA-II, archived)",14,58.10144927536232,72.0
credit_approval,"GA (NSGA-II, archived)",15,61.07246376811594,72.0
credit_approval,"GA (NSGA-II, archived)",16,62.10144927536233,72.0
credit_approval,"GA (NSGA-II, archived)",17,58.10144927536232,72.0
credit_approval,"GA (NSGA-II, archived)",18,57.10144927536233,72.0
credit_approval,"GA (NSGA-II, archived)",19,64.10144927536233,72.0
credit_approval,"GA (NSGA-II, archived)",20,64.10144927536233,72.0
credit_approval,"GA (NSGA-II, archived)",21,61.01449275362319,72.0
credit_approval,"GA (NSGA-II, archived)",22,64.10144927536233,72.0
credit_approval,"GA (NSGA-II, archived)",23,58.1304347826087,72.0
credit_approval,"GA (NSGA-II, archived)",24,65.04347826086958,72.0
credit_approval,"GA (NSGA-II, archived)",25,57.10144927536233,72.0
credit_approval,"GA (NSGA-II, archived)",26,59.10144927536231,72.0
credit_approval,"GA (NSGA-II, archived)",27,63.04347826086957,72.0
credit_approval,"GA (NSGA-II, archived)",28,59.10144927536231,72.0
credit_approval,"GA (NSGA-II, archived)",29,58.10144927536232,72.0
credit_approval,"GA (NSGA-II, archived)",30,61.10144927536231,72.0
credit_approval,Random Search,1,55.1304347826087,72.0
credit_approval,Random Search,2,61.130434782608695,72.0
credit_approval,Random Search,3,63.1304347826087,72.0
credit_approval,Random Search,4,61.10144927536231,72.0
credit_approval,Random Search,5,65.10144927536231,72.0
credit_approval,Random Search,6,60.75362318840579,72.0
credit_approval,Random Search,7,61.10144927536231,72.0
credit_approval,Random Search,8,60.84057971014493,72.0
credit_approval,Random Search,9,58.10144927536232,72.0
credit_approval,Random Search,10,57.10144927536233,72.0
credit_approval,Random Search,11,60.1304347826087,72.0
credit_approval,Random Search,12,57.10144927536233,72.0
credit_approval,Random Search,13,62.10144927536232,72.0
credit_approval,Random Search,14,58.10144927536232,72.0
credit_approval,Random Search,15,60.95652173913043,72.0
credit_approval,Random Search,16,62.10144927536233,72.0
credit_approval,Random Search,17,58.10144927536232,72.0
credit_approval,Random Search,18,57.10144927536233,72.0
credit_approval,Random Search,19,64.10144927536233,72.0
credit_approval,Random Search,20,64.10144927536233,72.0
credit_approval,Random Search,21,60.10144927536232,72.0
credit_approval,Random Search,22,64.10144927536233,72.0
credit_approval,Random Search,23,58.1304347826087,72.0
credit_approval,Random Search,24,64.10144927536233,72.0
credit_approval,Random Search,25,58.811594202898554,72.0
credit_approval,Random Search,26,59.10144927536231,72.0
credit_approval,Random Search,27,62.10144927536233,72.0
credit_approval,Random Search,28,60.985507246376805,72.0
credit_approval,Random Search,29,58.10144927536232,72.0
credit_approval,Random Search,30,62.04347826086956,72.0
credit_g,CART (ccp path),1,127.45,174.0
credit_g,CART (ccp path),2,121.1,174.0
credit_g,CART (ccp path),3,131.43,174.0
credit_g,CART (ccp path),4,136.76,174.0
credit_g,CART (ccp path),5,127.64,174.0
credit_g,CART (ccp path),6,132.09,174.0
credit_g,CART (ccp path),7,130.76,174.0
credit_g,CART (ccp path),8,127.3,174.0
credit_g,CART (ccp path),9,127.18,174.0
credit_g,CART (ccp path),10,130.42000000000002,174.0
credit_g,CART (ccp path),11,125.49,174.0
credit_g,CART (ccp path),12,121.1,174.0
credit_g,CART (ccp path),13,130.16,174.0
credit_g,CART (ccp path),14,126.99,174.0
credit_g,CART (ccp path),15,122.89999999999999,174.0
credit_g,CART (ccp path),16,134.89000000000001,174.0
credit_g,CART (ccp path),17,135.39000000000001,174.0
credit_g,CART (ccp path),18,136.8,174.0
credit_g,CART (ccp path),19,136.55,174.0
credit_g,CART (ccp path),20,126.47,174.0
credit_g,CART (ccp path),21,134.69,174.0
credit_g,CART (ccp path),22,136.60000000000002,174.0
credit_g,CART (ccp path),23,124.10000000000001,174.0
credit_g,CART (ccp path),24,142.28,174.0
credit_g,CART (ccp path),25,130.87,174.0
credit_g,CART (ccp path),26,123.92,174.0
credit_g,CART (ccp path),27,130.0,174.0
credit_g,CART (ccp path),28,127.3,174.0
credit_g,CART (ccp path),29,121.1,174.0
credit_g,CART (ccp path),30,126.38000000000001,174.0
credit_g,"CART (ccp path, depth-capped)",1,126.39999999999999,174.0
credit_g,"CART (ccp path, depth-capped)",2,121.1,174.0
credit_g,"CART (ccp path, depth-capped)",3,133.82,174.0
credit_g,"CART (ccp path, depth-capped)",4,138.83,174.0
credit_g,"CART (ccp path, depth-capped)",5,132.71999999999997,174.0
credit_g,"CART (ccp path, depth-capped)",6,135.81,174.0
credit_g,"CART (ccp path, depth-capped)",7,132.57,174.0
credit_g,"CART (ccp path, depth-capped)",8,129.45,174.0
credit_g,"CART (ccp path, depth-capped)",9,129.09,174.0
credit_g,"CART (ccp path, depth-capped)",10,130.58,174.0
credit_g,"CART (ccp path, depth-capped)",11,121.1,174.0
credit_g,"CART (ccp path, depth-capped)",12,122.75,174.0
credit_g,"CART (ccp path, depth-capped)",13,128.99,174.0
credit_g,"CART (ccp path, depth-capped)",14,130.58,174.0
credit_g,"CART (ccp path, depth-capped)",15,121.1,174.0
credit_g,"CART (ccp path, depth-capped)",16,137.48000000000002,174.0
credit_g,"CART (ccp path, depth-capped)",17,135.91,174.0
credit_g,"CART (ccp path, depth-capped)",18,141.86999999999998,174.0
credit_g,"CART (ccp path, depth-capped)",19,136.54,174.0
credit_g,"CART (ccp path, depth-capped)",20,124.34,174.0
credit_g,"CART (ccp path, depth-capped)",21,136.13,174.0
credit_g,"CART (ccp path, depth-capped)",22,137.60000000000002,174.0
credit_g,"CART (ccp path, depth-capped)",23,126.11,174.0
credit_g,"CART (ccp path, depth-capped)",24,136.13,174.0
credit_g,"CART (ccp path, depth-capped)",25,130.57999999999998,174.0
credit_g,"CART (ccp path, depth-capped)",26,124.39999999999999,174.0
credit_g,"CART (ccp path, depth-capped)",27,134.42,174.0
credit_g,"CART (ccp path, depth-capped)",28,128.89,174.0
credit_g,"CART (ccp path, depth-capped)",29,121.1,174.0
credit_g,"CART (ccp path, depth-capped)",30,126.03,174.0
credit_g,GA (NSGA-II),1,134.62,174.0
credit_g,GA (NSGA-II),2,124.44,174.0
credit_g,GA (NSGA-II),3,127.94,174.0
credit_g,GA (NSGA-II),4,121.1,174.0
credit_g,GA (NSGA-II),5,122.81,174.0
credit_g,GA (NSGA-II),6,121.1,174.0
credit_g,GA (NSGA-II),7,121.1,174.0
credit_g,GA (NSGA-II),8,122.78999999999999,174.0
credit_g,GA (NSGA-II),9,122.77,174.0
credit_g,GA (NSGA-II),10,124.52,174.0
credit_g,GA (NSGA-II),11,126.07,174.0
credit_g,GA (NSGA-II),12,127.94,174.0
credit_g,GA (NSGA-II),13,124.44,174.0
credit_g,GA (NSGA-II),14,124.48,174.0
credit_g,GA (NSGA-II),15,124.52,174.0
credit_g,GA (NSGA-II),16,129.61,174.0
credit_g,GA (NSGA-II),17,124.48,174.0
credit_g,GA (NSGA-II),18,126.19000000000001,174.0
credit_g,GA (NSGA-II),19,124.48,174.0
credit_g,GA (NSGA-II),20,127.82,174.0
credit_g,GA (NSGA-II),21,136.43,174.0
credit_g,GA (NSGA-II),22,127.88000000000001,174.0
credit_g,GA (NSGA-II),23,122.78999999999999,174.0
credit_g,GA (NSGA-II),24,126.23,174.0
credit_g,GA (NSGA-II),25,126.11,174.0
credit_g,GA (NSGA-II),26,127.67999999999999,174.0
credit_g,GA (NSGA-II),27,134.7,174.0
credit_g,GA (NSGA-II),28,121.1,174.0
credit_g,GA (NSGA-II),29,126.23,174.0
credit_g,GA (NSGA-II),30,121.1,174.0
credit_g,"GA (NSGA-II, archived)",1,124.48,174.0
credit_g,"GA (NSGA-II, archived)",2,121.1,174.0
credit_g,"GA (NSGA-II, archived)",3,126.05,174.0
credit_g,"GA (NSGA-II, archived)",4,121.1,174.0
credit_g,"GA (NSGA-II, archived)",5,129.49,174.0
credit_g,"GA (NSGA-II, archived)",6,129.59,174.0
credit_g,"GA (NSGA-II, archived)",7,124.48,174.0
credit_g,"GA (NSGA-II, archived)",8,124.44,174.0
credit_g,"GA (NSGA-II, archived)",9,121.1,174.0
credit_g,"GA (NSGA-II, archived)",10,127.78,174.0
credit_g,"GA (NSGA-II, archived)",11,131.24,174.0
credit_g,"GA (NSGA-II, archived)",12,126.17,174.0
credit_g,"GA (NSGA-II, archived)",13,124.52,174.0
credit_g,"GA (NSGA-II, archived)",14,121.1,174.0
credit_g,"GA (NSGA-II, archived)",15,127.94,174.0
credit_g,"GA (NSGA-II, archived)",16,129.59,174.0
credit_g,"GA (NSGA-II, archived)",17,124.48,174.0
credit_g,"GA (NSGA-II, archived)",18,121.1,174.0
credit_g,"GA (NSGA-II, archived)",19,121.1,174.0
credit_g,"GA (NSGA-II, archived)",20,121.1,174.0
credit_g,"GA (NSGA-II, archived)",21,134.58,174.0
credit_g,"GA (NSGA-II, archived)",22,127.88000000000001,174.0
credit_g,"GA (NSGA-II, archived)",23,122.81,174.0
credit_g,"GA (NSGA-II, archived)",24,121.1,174.0
credit_g,"GA (NSGA-II, archived)",25,122.77,174.0
credit_g,"GA (NSGA-II, archived)",26,124.46,174.0
credit_g,"GA (NSGA-II, archived)",27,127.94,174.0
credit_g,"GA (NSGA-II, archived)",28,121.1,174.0
credit_g,"GA (NSGA-II, archived)",29,121.1,174.0
credit_g,"GA (NSGA-II, archived)",30,124.52,174.0
credit_g,Random Search,1,131.0,174.0
credit_g,Random Search,2,122.64999999999999,174.0
credit_g,Random Search,3,129.33,174.0
credit_g,Random Search,4,121.1,174.0
credit_g,Random Search,5,127.6,174.0
credit_g,Random Search,6,129.15,174.0
credit_g,Random Search,7,124.0,174.0
credit_g,Random Search,8,123.8,174.0
credit_g,Random Search,9,127.78,174.0
credit_g,Random Search,10,122.75,174.0
credit_g,Random Search,11,127.82000000000001,174.0
credit_g,Random Search,12,121.1,174.0
credit_g,Random Search,13,125.95,174.0
credit_g,Random Search,14,126.00999999999999,174.0
credit_g,Random Search,15,126.23,174.0
credit_g,Random Search,16,132.47,174.0
credit_g,Random Search,17,130.48,174.0
credit_g,Random Search,18,124.52,174.0
credit_g,Random Search,19,124.0,174.0
credit_g,Random Search,20,127.34,174.0
credit_g,Random Search,21,129.27,174.0
credit_g,Random Search,22,132.35000000000002,174.0
credit_g,Random Search,23,126.17,174.0
credit_g,Random Search,24,131.81,174.0
credit_g,Random Search,25,121.1,174.0
credit_g,Random Search,26,122.71,174.0
credit_g,Random Search,27,129.65,174.0
credit_g,Random Search,28,128.87,174.0
credit_g,Random Search,29,121.1,174.0
credit_g,Random Search,30,124.32,174.0
diabetes_pima,CART (ccp path),1,55.46753246753247,78.0
diabetes_pima,CART (ccp path),2,52.61038961038961,78.0
diabetes_pima,CART (ccp path),3,56.09090909090909,78.0
diabetes_pima,CART (ccp path),4,59.8961038961039,78.0
diabetes_pima,CART (ccp path),5,54.961038961038966,78.0
diabetes_pima,CART (ccp path),6,54.01298701298702,78.0
diabetes_pima,CART (ccp path),7,56.84415584415585,78.0
diabetes_pima,CART (ccp path),8,57.18181818181818,78.0
diabetes_pima,CART (ccp path),9,63.0,78.0
diabetes_pima,CART (ccp path),10,52.776315789473685,78.0
diabetes_pima,CART (ccp path),11,56.896103896103895,78.0
diabetes_pima,CART (ccp path),12,54.766233766233775,78.0
diabetes_pima,CART (ccp path),13,59.87012987012987,78.0
diabetes_pima,CART (ccp path),14,59.50649350649351,78.0
diabetes_pima,CART (ccp path),15,54.85714285714286,78.0
diabetes_pima,CART (ccp path),16,60.61038961038961,78.0
diabetes_pima,CART (ccp path),17,53.37662337662338,78.0
diabetes_pima,CART (ccp path),18,57.83116883116883,78.0
diabetes_pima,CART (ccp path),19,57.71052631578948,78.0
diabetes_pima,CART (ccp path),20,58.828947368421055,78.0
diabetes_pima,CART (ccp path),21,54.1948051948052,78.0
diabetes_pima,CART (ccp path),22,55.909090909090914,78.0
diabetes_pima,CART (ccp path),23,59.57142857142858,78.0
diabetes_pima,CART (ccp path),24,61.57142857142857,78.0
diabetes_pima,CART (ccp path),25,57.57142857142858,78.0
diabetes_pima,CART (ccp path),26,55.77922077922078,78.0
diabetes_pima,CART (ccp path),27,57.1948051948052,78.0
diabetes_pima,CART (ccp path),28,56.09090909090909,78.0
diabetes_pima,CART (ccp path),29,59.473684210526315,78.0
diabetes_pima,CART (ccp path),30,59.21052631578948,78.0
diabetes_pima,"CART (ccp path, depth-capped)",1,56.03896103896104,78.0
diabetes_pima,"CART (ccp path, depth-capped)",2,53.22077922077922,78.0
diabetes_pima,"CART (ccp path, depth-capped)",3,61.06493506493507,78.0
diabetes_pima,"CART (ccp path, depth-capped)",4,60.62337662337662,78.0
diabetes_pima,"CART (ccp path, depth-capped)",5,56.45454545454545,78.0
diabetes_pima,"CART (ccp path, depth-capped)",6,59.22077922077922,78.0
diabetes_pima,"CART (ccp path, depth-capped)",7,58.2987012987013,78.0
diabetes_pima,"CART (ccp path, depth-capped)",8,57.8051948051948,78.0
diabetes_pima,"CART (ccp path, depth-capped)",9,64.67105263157895,78.0
diabetes_pima,"CART (ccp path, depth-capped)",10,51.5921052631579,78.0
diabetes_pima,"CART (ccp path, depth-capped)",11,58.32467532467533,78.0
diabetes_pima,"CART (ccp path, depth-capped)",12,55.27272727272727,78.0
diabetes_pima,"CART (ccp path, depth-capped)",13,56.324675324675326,78.0
diabetes_pima,"CART (ccp path, depth-capped)",14,60.23376623376624,78.0
diabetes_pima,"CART (ccp path, depth-capped)",15,54.24675324675325,78.0
diabetes_pima,"CART (ccp path, depth-capped)",16,62.740259740259745,78.0
diabetes_pima,"CART (ccp path, depth-capped)",17,56.45454545454545,78.0
diabetes_pima,"CART (ccp path, depth-capped)",18,56.1948051948052,78.0
diabetes_pima,"CART (ccp path, depth-capped)",19,57.93421052631579,78.0
diabetes_pima,"CART (ccp path, depth-capped)",20,59.065789473684205,78.0
diabetes_pima,"CART (ccp path, depth-capped)",21,55.532467532467535,78.0
diabetes_pima,"CART (ccp path, depth-capped)",22,57.37662337662338,78.0
diabetes_pima,"CART (ccp path, depth-capped)",23,60.142857142857146,78.0
diabetes_pima,"CART (ccp path, depth-capped)",24,60.18181818181819,78.0
diabetes_pima,"CART (ccp path, depth-capped)",25,56.96103896103896,78.0
diabetes_pima,"CART (ccp path, depth-capped)",26,55.93506493506493,78.0
diabetes_pima,"CART (ccp path, depth-capped)",27,57.37662337662338,78.0
diabetes_pima,"CART (ccp path, depth-capped)",28,56.45454545454545,78.0
diabetes_pima,"CART (ccp path, depth-capped)",29,60.0,78.0
diabetes_pima,"CART (ccp path, depth-capped)",30,60.0,78.0
diabetes_pima,GA (NSGA-II),1,53.84415584415584,78.0
diabetes_pima,GA (NSGA-II),2,55.81818181818182,78.0
diabetes_pima,GA (NSGA-II),3,60.714285714285715,78.0
diabetes_pima,GA (NSGA-II),4,56.81818181818182,78.0
diabetes_pima,GA (NSGA-II),5,57.42857142857142,78.0
diabetes_pima,GA (NSGA-II),6,58.71428571428572,78.0
diabetes_pima,GA (NSGA-II),7,61.532467532467535,78.0
diabetes_pima,GA (NSGA-II),8,58.68831168831169,78.0
diabetes_pima,GA (NSGA-II),9,63.46052631578948,78.0
diabetes_pima,GA (NSGA-II),10,52.578947368421055,78.0
diabetes_pima,GA (NSGA-II),11,62.66233766233766,78.0
diabetes_pima,GA (NSGA-II),12,52.922077922077925,78.0
diabetes_pima,GA (NSGA-II),13,59.740259740259745,78.0
diabetes_pima,GA (NSGA-II),14,58.740259740259745,78.0
diabetes_pima,GA (NSGA-II),15,55.84415584415585,78.0
diabetes_pima,GA (NSGA-II),16,59.61038961038962,78.0
diabetes_pima,GA (NSGA-II),17,58.33766233766234,78.0
diabetes_pima,GA (NSGA-II),18,56.81818181818182,78.0
diabetes_pima,GA (NSGA-II),19,54.60526315789474,78.0
diabetes_pima,GA (NSGA-II),20,59.328947368421055,78.0
diabetes_pima,GA (NSGA-II),21,55.84415584415585,78.0
diabetes_pima,GA (NSGA-II),22,59.740259740259745,78.0
diabetes_pima,GA (NSGA-II),23,60.714285714285715,78.0
diabetes_pima,GA (NSGA-II),24,59.58441558441559,78.0
diabetes_pima,GA (NSGA-II),25,58.71428571428572,78.0
diabetes_pima,GA (NSGA-II),26,53.896103896103895,78.0
diabetes_pima,GA (NSGA-II),27,58.68831168831169,78.0
diabetes_pima,GA (NSGA-II),28,60.714285714285715,78.0
diabetes_pima,GA (NSGA-II),29,58.52631578947369,78.0
diabetes_pima,GA (NSGA-II),30,55.5921052631579,78.0
diabetes_pima,"GA (NSGA-II, archived)",1,55.66233766233766,78.0
diabetes_pima,"GA (NSGA-II, archived)",2,53.896103896103895,78.0
diabetes_pima,"GA (NSGA-II, archived)",3,63.55844155844156,78.0
diabetes_pima,"GA (NSGA-II, archived)",4,57.83116883116883,78.0
diabetes_pima,"GA (NSGA-II, archived)",5,54.87012987012987,78.0
diabetes_pima,"GA (NSGA-II, archived)",6,58.61038961038962,78.0
diabetes_pima,"GA (NSGA-II, archived)",7,58.58441558441559,78.0
diabetes_pima,"GA (NSGA-II, archived)",8,58.76623376623377,78.0
diabetes_pima,"GA (NSGA-II, archived)",9,62.5,78.0
diabetes_pima,"GA (NSGA-II, archived)",10,54.473684210526315,78.0
diabetes_pima,"GA (NSGA-II, archived)",11,58.71428571428572,78.0
diabetes_pima,"GA (NSGA-II, archived)",12,52.922077922077925,78.0
diabetes_pima,"GA (NSGA-II, archived)",13,59.740259740259745,78.0
diabetes_pima,"GA (NSGA-II, archived)",14,57.7922077922078,78.0
diabetes_pima,"GA (NSGA-II, archived)",15,59.740259740259745,78.0
diabetes_pima,"GA (NSGA-II, archived)",16,59.68831168831169,78.0
diabetes_pima,"GA (NSGA-II, archived)",17,58.61038961038962,78.0
diabetes_pima,"GA (NSGA-II, archived)",18,55.84415584415585,78.0
diabetes_pima,"GA (NSGA-II, archived)",19,54.5,78.0
diabetes_pima,"GA (NSGA-II, archived)",20,58.47368421052632,78.0
diabetes_pima,"GA (NSGA-II, archived)",21,56.63636363636363,78.0
diabetes_pima,"GA (NSGA-II, archived)",22,57.7922077922078,78.0
diabetes_pima,"GA (NSGA-II, archived)",23,60.714285714285715,78.0
diabetes_pima,"GA (NSGA-II, archived)",24,57.7922077922078,78.0
diabetes_pima,"GA (NSGA-II, archived)",25,56.76623376623377,78.0
diabetes_pima,"GA (NSGA-II, archived)",26,52.922077922077925,78.0
diabetes_pima,"GA (NSGA-II, archived)",27,57.68831168831169,78.0
diabetes_pima,"GA (NSGA-II, archived)",28,60.63636363636364,78.0
diabetes_pima,"GA (NSGA-II, archived)",29,55.539473684210535,78.0
diabetes_pima,"GA (NSGA-II, archived)",30,56.57894736842105,78.0
diabetes_pima,Random Search,1,53.935064935064936,78.0
diabetes_pima,Random Search,2,56.63636363636364,78.0
diabetes_pima,Random Search,3,61.58441558441559,78.0
diabetes_pima,Random Search,4,57.740259740259745,78.0
diabetes_pima,Random Search,5,55.63636363636364,78.0
diabetes_pima,Random Search,6,59.22077922077923,78.0
diabetes_pima,Random Search,7,58.76623376623377,78.0
diabetes_pima,Random Search,8,58.76623376623377,78.0
diabetes_pima,Random Search,9,62.5,78.0
diabetes_pima,Random Search,10,54.60526315789474,78.0
diabetes_pima,Random Search,11,62.61038961038962,78.0
diabetes_pima,Random Search,12,53.896103896103895,78.0
diabetes_pima,Random Search,13,55.84415584415585,78.0
diabetes_pima,Random Search,14,57.32467532467533,78.0
diabetes_pima,Random Search,15,59.740259740259745,78.0
diabetes_pima,Random Search,16,58.63636363636364,78.0
diabetes_pima,Random Search,17,55.84415584415585,78.0
diabetes_pima,Random Search,18,59.53246753246754,78.0
diabetes_pima,Random Search,19,51.64473684210526,78.0
diabetes_pima,Random Search,20,58.026315789473685,78.0
diabetes_pima,Random Search,21,56.324675324675326,78.0
diabetes_pima,Random Search,22,59.07792207792208,78.0
diabetes_pima,Random Search,23,50.97402597402598,78.0
diabetes_pima,Random Search,24,56.32467532467533,78.0
diabetes_pima,Random Search,25,59.24675324675325,78.0
diabetes_pima,Random Search,26,52.922077922077925,78.0
diabetes_pima,Random Search,27,56.766233766233775,78.0
diabetes_pima,Random Search,28,60.714285714285715,78.0
diabetes_pima,Random Search,29,55.5921052631579,78.0
diabetes_pima,Random Search,30,58.19736842105263,78.0
dresses_sales,CART (ccp path),1,78.32000000000001,126.0
dresses_sales,CART (ccp path),2,79.78,126.0
dresses_sales,CART (ccp path),3,72.5,126.0
dresses_sales,CART (ccp path),4,73.0,126.0
dresses_sales,CART (ccp path),5,74.84,126.0
dresses_sales,CART (ccp path),6,72.5,126.0
dresses_sales,CART (ccp path),7,72.64,126.0
dresses_sales,CART (ccp path),8,76.22,126.0
dresses_sales,CART (ccp path),9,73.7,126.0
dresses_sales,CART (ccp path),10,81.38000000000001,126.0
dresses_sales,CART (ccp path),11,72.5,126.0
dresses_sales,CART (ccp path),12,88.17999999999999,126.0
dresses_sales,CART (ccp path),13,72.5,126.0
dresses_sales,CART (ccp path),14,72.5,126.0
dresses_sales,CART (ccp path),15,79.28,126.0
dresses_sales,CART (ccp path),16,72.5,126.0
dresses_sales,CART (ccp path),17,76.74,126.0
dresses_sales,CART (ccp path),18,72.5,126.0
dresses_sales,CART (ccp path),19,81.32000000000001,126.0
dresses_sales,CART (ccp path),20,72.5,126.0
dresses_sales,CART (ccp path),21,72.5,126.0
dresses_sales,CART (ccp path),22,81.54,126.0
dresses_sales,CART (ccp path),23,72.5,126.0
dresses_sales,CART (ccp path),24,84.62,126.0
dresses_sales,CART (ccp path),25,72.5,126.0
dresses_sales,CART (ccp path),26,76.38,126.0
dresses_sales,CART (ccp path),27,73.5,126.0
dresses_sales,CART (ccp path),28,73.44,126.0
dresses_sales,CART (ccp path),29,74.98,126.0
dresses_sales,CART (ccp path),30,77.60000000000001,126.0
dresses_sales,"CART (ccp path, depth-capped)",1,82.02000000000001,126.0
dresses_sales,"CART (ccp path, depth-capped)",2,79.16000000000001,126.0
dresses_sales,"CART (ccp path, depth-capped)",3,72.5,126.0
dresses_sales,"CART (ccp path, depth-capped)",4,72.5,126.0
dresses_sales,"CART (ccp path, depth-capped)",5,74.88,126.0
dresses_sales,"CART (ccp path, depth-capped)",6,74.4,126.0
dresses_sales,"CART (ccp path, depth-capped)",7,74.88,126.0
dresses_sales,"CART (ccp path, depth-capped)",8,76.38,126.0
dresses_sales,"CART (ccp path, depth-capped)",9,81.94000000000001,126.0
dresses_sales,"CART (ccp path, depth-capped)",10,83.36000000000001,126.0
dresses_sales,"CART (ccp path, depth-capped)",11,72.5,126.0
dresses_sales,"CART (ccp path, depth-capped)",12,89.86,126.0
dresses_sales,"CART (ccp path, depth-capped)",13,72.5,126.0
dresses_sales,"CART (ccp path, depth-capped)",14,76.86,126.0
dresses_sales,"CART (ccp path, depth-capped)",15,79.64,126.0
dresses_sales,"CART (ccp path, depth-capped)",16,72.5,126.0
dresses_sales,"CART (ccp path, depth-capped)",17,77.06,126.0
dresses_sales,"CART (ccp path, depth-capped)",18,72.5,126.0
dresses_sales,"CART (ccp path, depth-capped)",19,85.1,126.0
dresses_sales,"CART (ccp path, depth-capped)",20,72.5,126.0
dresses_sales,"CART (ccp path, depth-capped)",21,74.76,126.0
dresses_sales,"CART (ccp path, depth-capped)",22,81.94000000000001,126.0
dresses_sales,"CART (ccp path, depth-capped)",23,73.88,126.0
dresses_sales,"CART (ccp path, depth-capped)",24,83.60000000000001,126.0
dresses_sales,"CART (ccp path, depth-capped)",25,72.5,126.0
dresses_sales,"CART (ccp path, depth-capped)",26,74.88,126.0
dresses_sales,"CART (ccp path, depth-capped)",27,72.5,126.0
dresses_sales,"CART (ccp path, depth-capped)",28,72.5,126.0
dresses_sales,"CART (ccp path, depth-capped)",29,74.88,126.0
dresses_sales,"CART (ccp path, depth-capped)",30,76.58000000000001,126.0
dresses_sales,GA (NSGA-II),1,79.84,126.0
dresses_sales,GA (NSGA-II),2,74.96000000000001,126.0
dresses_sales,GA (NSGA-II),3,87.14,126.0
dresses_sales,GA (NSGA-II),4,77.30000000000001,126.0
dresses_sales,GA (NSGA-II),5,77.34,126.0
dresses_sales,GA (NSGA-II),6,79.80000000000001,126.0
dresses_sales,GA (NSGA-II),7,74.96000000000001,126.0
dresses_sales,GA (NSGA-II),8,82.34,126.0
dresses_sales,GA (NSGA-II),9,77.34,126.0
dresses_sales,GA (NSGA-II),10,86.94,126.0
dresses_sales,GA (NSGA-II),11,82.18,126.0
dresses_sales,GA (NSGA-II),12,72.5,126.0
dresses_sales,GA (NSGA-II),13,74.96000000000001,126.0
dresses_sales,GA (NSGA-II),14,82.22000000000001,126.0
dresses_sales,GA (NSGA-II),15,82.14,126.0
dresses_sales,GA (NSGA-II),16,77.34,126.0
dresses_sales,GA (NSGA-II),17,82.22000000000001,126.0
dresses_sales,GA (NSGA-II),18,74.92,126.0
dresses_sales,GA (NSGA-II),19,74.92,126.0
dresses_sales,GA (NSGA-II),20,79.84,126.0
dresses_sales,GA (NSGA-II),21,72.5,126.0
dresses_sales,GA (NSGA-II),22,82.30000000000001,126.0
dresses_sales,GA (NSGA-II),23,74.92,126.0
dresses_sales,GA (NSGA-II),24,79.88000000000001,126.0
dresses_sales,GA (NSGA-II),25,77.42,126.0
dresses_sales,GA (NSGA-II),26,74.96000000000001,126.0
dresses_sales,GA (NSGA-II),27,72.5,126.0
dresses_sales,GA (NSGA-II),28,72.5,126.0
dresses_sales,GA (NSGA-II),29,74.88,126.0
dresses_sales,GA (NSGA-II),30,79.76,126.0
dresses_sales,"GA (NSGA-II, archived)",1,74.8,126.0
dresses_sales,"GA (NSGA-II, archived)",2,77.42,126.0
dresses_sales,"GA (NSGA-II, archived)",3,82.30000000000001,126.0
dresses_sales,"GA (NSGA-II, archived)",4,72.5,126.0
dresses_sales,"GA (NSGA-II, archived)",5,72.5,126.0
dresses_sales,"GA (NSGA-II, archived)",6,74.96000000000001,126.0
dresses_sales,"GA (NSGA-II, archived)",7,77.42,126.0
dresses_sales,"GA (NSGA-II, archived)",8,77.34,126.0
dresses_sales,"GA (NSGA-II, archived)",9,82.10000000000001,126.0
dresses_sales,"GA (NSGA-II, archived)",10,84.48,126.0
dresses_sales,"GA (NSGA-II, archived)",11,91.78,126.0
dresses_sales,"GA (NSGA-II, archived)",12,87.10000000000001,126.0
dresses_sales,"GA (NSGA-II, archived)",13,72.5,126.0
dresses_sales,"GA (NSGA-II, archived)",14,72.5,126.0
dresses_sales,"GA (NSGA-II, archived)",15,77.3,126.0
dresses_sales,"GA (NSGA-II, archived)",16,82.18,126.0
dresses_sales,"GA (NSGA-II, archived)",17,77.30000000000001,126.0
dresses_sales,"GA (NSGA-II, archived)",18,72.5,126.0
dresses_sales,"GA (NSGA-II, archived)",19,74.96000000000001,126.0
dresses_sales,"GA (NSGA-II, archived)",20,74.8,126.0
dresses_sales,"GA (NSGA-II, archived)",21,74.96000000000001,126.0
dresses_sales,"GA (NSGA-II, archived)",22,79.88000000000001,126.0
dresses_sales,"GA (NSGA-II, archived)",23,87.14,126.0
dresses_sales,"GA (NSGA-II, archived)",24,72.5,126.0
dresses_sales,"GA (NSGA-II, archived)",25,72.5,126.0
dresses_sales,"GA (NSGA-II, archived)",26,72.5,126.0
dresses_sales,"GA (NSGA-II, archived)",27,72.5,126.0
dresses_sales,"GA (NSGA-II, archived)",28,72.5,126.0
dresses_sales,"GA (NSGA-II, archived)",29,74.92,126.0
dresses_sales,"GA (NSGA-II, archived)",30,72.5,126.0
dresses_sales,Random Search,1,77.42,126.0
dresses_sales,Random Search,2,79.2,126.0
dresses_sales,Random Search,3,87.14,126.0
dresses_sales,Random Search,4,79.16000000000001,126.0
dresses_sales,Random Search,5,72.5,126.0
dresses_sales,Random Search,6,76.7,126.0
dresses_sales,Random Search,7,74.96000000000001,126.0
dresses_sales,Random Search,8,74.92,126.0
dresses_sales,Random Search,9,78.76,126.0
dresses_sales,Random Search,10,89.62,126.0
dresses_sales,Random Search,11,74.88,126.0
dresses_sales,Random Search,12,72.5,126.0
dresses_sales,Random Search,13,84.2,126.0
dresses_sales,Random Search,14,76.78,126.0
dresses_sales,Random Search,15,79.60000000000001,126.0
dresses_sales,Random Search,16,81.14000000000001,126.0
dresses_sales,Random Search,17,74.96000000000001,126.0
dresses_sales,Random Search,18,72.5,126.0
dresses_sales,Random Search,19,74.96000000000001,126.0
dresses_sales,Random Search,20,74.96000000000001,126.0
dresses_sales,Random Search,21,84.60000000000001,126.0
dresses_sales,Random Search,22,74.96000000000001,126.0
dresses_sales,Random Search,23,77.34,126.0
dresses_sales,Random Search,24,74.84,126.0
dresses_sales,Random Search,25,79.88000000000001,126.0
dresses_sales,Random Search,26,72.5,126.0
dresses_sales,Random Search,27,74.96000000000001,126.0
dresses_sales,Random Search,28,74.68,126.0
dresses_sales,Random Search,29,72.5,126.0
dresses_sales,Random Search,30,81.54,126.0
eucalyptus,CART (ccp path),1,82.85135135135135,140.0
eucalyptus,CART (ccp path),2,76.4189189189189,140.0
eucalyptus,CART (ccp path),3,96.14864864864866,140.0
eucalyptus,CART (ccp path),4,83.5945945945946,140.0
eucalyptus,CART (ccp path),5,82.87837837837839,140.0
eucalyptus,CART (ccp path),6,88.0135135135135,140.0
eucalyptus,CART (ccp path),7,73.2054794520548,140.0
eucalyptus,CART (ccp path),8,88.76712328767124,140.0
eucalyptus,CART (ccp path),9,97.79452054794521,140.0
eucalyptus,CART (ccp path),10,81.98630136986301,140.0
eucalyptus,CART (ccp path),11,83.45945945945945,140.0
eucalyptus,CART (ccp path),12,89.29729729729729,140.0
eucalyptus,CART (ccp path),13,83.20270270270271,140.0
eucalyptus,CART (ccp path),14,85.20270270270272,140.0
eucalyptus,CART (ccp path),15,89.22972972972973,140.0
eucalyptus,CART (ccp path),16,74.89189189189189,140.0
eucalyptus,CART (ccp path),17,90.3972602739726,140.0
eucalyptus,CART (ccp path),18,84.31506849315069,140.0
eucalyptus,CART (ccp path),19,83.63013698630137,140.0
eucalyptus,CART (ccp path),20,83.73972602739727,140.0
eucalyptus,CART (ccp path),21,83.13513513513514,140.0
eucalyptus,CART (ccp path),22,85.06756756756758,140.0
eucalyptus,CART (ccp path),23,73.83783783783784,140.0
eucalyptus,CART (ccp path),24,78.94594594594595,140.0
eucalyptus,CART (ccp path),25,89.17567567567568,140.0
eucalyptus,CART (ccp path),26,88.5,140.0
eucalyptus,CART (ccp path),27,83.27397260273973,140.0
eucalyptus,CART (ccp path),28,84.50684931506851,140.0
eucalyptus,CART (ccp path),29,86.76712328767123,140.0
eucalyptus,CART (ccp path),30,92.16438356164383,140.0
eucalyptus,"CART (ccp path, depth-capped)",1,88.14864864864866,140.0
eucalyptus,"CART (ccp path, depth-capped)",2,81.36486486486487,140.0
eucalyptus,"CART (ccp path, depth-capped)",3,95.04054054054055,140.0
eucalyptus,"CART (ccp path, depth-capped)",4,81.63513513513513,140.0
eucalyptus,"CART (ccp path, depth-capped)",5,84.6081081081081,140.0
eucalyptus,"CART (ccp path, depth-capped)",6,87.66216216216218,140.0
eucalyptus,"CART (ccp path, depth-capped)",7,74.86301369863014,140.0
eucalyptus,"CART (ccp path, depth-capped)",8,92.95890410958904,140.0
eucalyptus,"CART (ccp path, depth-capped)",9,99.94520547945204,140.0
eucalyptus,"CART (ccp path, depth-capped)",10,88.1917808219178,140.0
eucalyptus,"CART (ccp path, depth-capped)",11,85.16216216216216,140.0
eucalyptus,"CART (ccp path, depth-capped)",12,91.47297297297297,140.0
eucalyptus,"CART (ccp path, depth-capped)",13,82.94594594594595,140.0
eucalyptus,"CART (ccp path, depth-capped)",14,83.02702702702703,140.0
eucalyptus,"CART (ccp path, depth-capped)",15,91.58108108108108,140.0
eucalyptus,"CART (ccp path, depth-capped)",16,74.95945945945947,140.0
eucalyptus,"CART (ccp path, depth-capped)",17,90.84931506849314,140.0
eucalyptus,"CART (ccp path, depth-capped)",18,87.20547945205479,140.0
eucalyptus,"CART (ccp path, depth-capped)",19,85.38356164383562,140.0
eucalyptus,"CART (ccp path, depth-capped)",20,89.3972602739726,140.0
eucalyptus,"CART (ccp path, depth-capped)",21,81.77027027027027,140.0
eucalyptus,"CART (ccp path, depth-capped)",22,88.6081081081081,140.0
eucalyptus,"CART (ccp path, depth-capped)",23,71.78378378378379,140.0
eucalyptus,"CART (ccp path, depth-capped)",24,80.95945945945947,140.0
eucalyptus,"CART (ccp path, depth-capped)",25,95.28378378378379,140.0
eucalyptus,"CART (ccp path, depth-capped)",26,96.7972972972973,140.0
eucalyptus,"CART (ccp path, depth-capped)",27,86.3972602739726,140.0
eucalyptus,"CART (ccp path, depth-capped)",28,86.91780821917808,140.0
eucalyptus,"CART (ccp path, depth-capped)",29,89.0,140.0
eucalyptus,"CART (ccp path, depth-capped)",30,91.60273972602741,140.0
eucalyptus,GA (NSGA-II),1,74.48648648648648,140.0
eucalyptus,GA (NSGA-II),2,72.52702702702702,140.0
eucalyptus,GA (NSGA-II),3,70.13513513513513,140.0
eucalyptus,GA (NSGA-II),4,82.87837837837839,140.0
eucalyptus,GA (NSGA-II),5,68.87837837837837,140.0
eucalyptus,GA (NSGA-II),6,83.81081081081082,140.0
eucalyptus,GA (NSGA-II),7,71.58904109589041,140.0
eucalyptus,GA (NSGA-II),8,69.87671232876713,140.0
eucalyptus,GA (NSGA-II),9,71.53424657534246,140.0
eucalyptus,GA (NSGA-II),10,69.57534246575344,140.0
eucalyptus,GA (NSGA-II),11,68.6891891891892,140.0
eucalyptus,GA (NSGA-II),12,77.5945945945946,140.0
eucalyptus,GA (NSGA-II),13,81.10810810810813,140.0
eucalyptus,GA (NSGA-II),14,66.45945945945947,140.0
eucalyptus,GA (NSGA-II),15,70.51351351351352,140.0
eucalyptus,GA (NSGA-II),16,72.47297297297297,140.0
eucalyptus,GA (NSGA-II),17,73.46575342465754,140.0
eucalyptus,GA (NSGA-II),18,84.20547945205479,140.0
eucalyptus,GA (NSGA-II),19,74.84931506849315,140.0
eucalyptus,GA (NSGA-II),20,74.9041095890411,140.0
eucalyptus,GA (NSGA-II),21,79.14864864864865,140.0
eucalyptus,GA (NSGA-II),22,77.75675675675676,140.0
eucalyptus,GA (NSGA-II),23,75.85135135135135,140.0
eucalyptus,GA (NSGA-II),24,69.93243243243242,140.0
eucalyptus,GA (NSGA-II),25,72.44594594594595,140.0
eucalyptus,GA (NSGA-II),26,67.08108108108108,140.0
eucalyptus,GA (NSGA-II),27,68.13698630136986,140.0
eucalyptus,GA (NSGA-II),28,75.06849315068493,140.0
eucalyptus,GA (NSGA-II),29,58.6986301369863,140.0
eucalyptus,GA (NSGA-II),30,66.01369863013699,140.0
eucalyptus,"GA (NSGA-II, archived)",1,76.17567567567568,140.0
eucalyptus,"GA (NSGA-II, archived)",2,77.64864864864863,140.0
eucalyptus,"GA (NSGA-II, archived)",3,79.82432432432432,140.0
eucalyptus,"GA (NSGA-II, archived)",4,73.16216216216218,140.0
eucalyptus,"GA (NSGA-II, archived)",5,68.9054054054054,140.0
eucalyptus,"GA (NSGA-II, archived)",6,72.0945945945946,140.0
eucalyptus,"GA (NSGA-II, archived)",7,67.78082191780823,140.0
eucalyptus,"GA (NSGA-II, archived)",8,56.71232876712329,140.0
eucalyptus,"GA (NSGA-II, archived)",9,78.41095890410959,140.0
eucalyptus,"GA (NSGA-II, archived)",10,69.76712328767124,140.0
eucalyptus,"GA (NSGA-II, archived)",11,67.08108108108108,140.0
eucalyptus,"GA (NSGA-II, archived)",12,84.8918918918919,140.0
eucalyptus,"GA (NSGA-II, archived)",13,62.94594594594595,140.0
eucalyptus,"GA (NSGA-II, archived)",14,79.58108108108107,140.0
eucalyptus,"GA (NSGA-II, archived)",15,74.24324324324326,140.0
eucalyptus,"GA (NSGA-II, archived)",16,75.85135135135135,140.0
eucalyptus,"GA (NSGA-II, archived)",17,83.16438356164385,140.0
eucalyptus,"GA (NSGA-II, archived)",18,73.38356164383562,140.0
eucalyptus,"GA (NSGA-II, archived)",19,78.4931506849315,140.0
eucalyptus,"GA (NSGA-II, archived)",20,67.91780821917808,140.0
eucalyptus,"GA (NSGA-II, archived)",21,74.02702702702703,140.0
eucalyptus,"GA (NSGA-II, archived)",22,73.91891891891893,140.0
eucalyptus,"GA (NSGA-II, archived)",23,72.36486486486487,140.0
eucalyptus,"GA (NSGA-II, archived)",24,65.2027027027027,140.0
eucalyptus,"GA (NSGA-II, archived)",25,72.3918918918919,140.0
eucalyptus,"GA (NSGA-II, archived)",26,77.29729729729729,140.0
eucalyptus,"GA (NSGA-II, archived)",27,75.17808219178082,140.0
eucalyptus,"GA (NSGA-II, archived)",28,82.54794520547945,140.0
eucalyptus,"GA (NSGA-II, archived)",29,73.27397260273973,140.0
eucalyptus,"GA (NSGA-II, archived)",30,69.76712328767124,140.0
eucalyptus,Random Search,1,72.02702702702703,140.0
eucalyptus,Random Search,2,66.48648648648648,140.0
eucalyptus,Random Search,3,72.89189189189189,140.0
eucalyptus,Random Search,4,70.45945945945947,140.0
eucalyptus,Random Search,5,69.59459459459458,140.0
eucalyptus,Random Search,6,75.60810810810811,140.0
eucalyptus,Random Search,7,69.93150684931507,140.0
eucalyptus,Random Search,8,69.58904109589041,140.0
eucalyptus,Random Search,9,66.93150684931507,140.0
eucalyptus,Random Search,10,63.28767123287672,140.0
eucalyptus,Random Search,11,62.486486486486484,140.0
eucalyptus,Random Search,12,70.74324324324324,140.0
eucalyptus,Random Search,13,66.62162162162163,140.0
eucalyptus,Random Search,14,73.0945945945946,140.0
eucalyptus,Random Search,15,69.45945945945945,140.0
eucalyptus,Random Search,16,63.51351351351352,140.0
eucalyptus,Random Search,17,74.98630136986301,140.0
eucalyptus,Random Search,18,82.46575342465754,140.0
eucalyptus,Random Search,19,71.89041095890411,140.0
eucalyptus,Random Search,20,77.20547945205479,140.0
eucalyptus,Random Search,21,64.98648648648648,140.0
eucalyptus,Random Search,22,70.24324324324323,140.0
eucalyptus,Random Search,23,61.283783783783775,140.0
eucalyptus,Random Search,24,67.95945945945945,140.0
eucalyptus,Random Search,25,75.41891891891892,140.0
eucalyptus,Random Search,26,76.51351351351352,140.0
eucalyptus,Random Search,27,77.86301369863013,140.0
eucalyptus,Random Search,28,72.84931506849314,140.0
eucalyptus,Random Search,29,64.10958904109589,140.0
eucalyptus,Random Search,30,60.630136986301366,140.0
ilpd,CART (ccp path),1,73.83050847457626,102.0
ilpd,CART (ccp path),2,71.89830508474576,102.0
ilpd,CART (ccp path),3,71.89830508474576,102.0
ilpd,CART (ccp path),4,73.13793103448276,102.0
ilpd,CART (ccp path),5,73.13793103448276,102.0
ilpd,CART (ccp path),6,73.5,102.0
ilpd,CART (ccp path),7,71.39655172413792,102.0
ilpd,CART (ccp path),8,71.39655172413792,102.0
ilpd,CART (ccp path),9,71.39655172413792,102.0
ilpd,CART (ccp path),10,72.75862068965516,102.0
ilpd,CART (ccp path),11,71.89830508474576,102.0
ilpd,CART (ccp path),12,71.89830508474576,102.0
ilpd,CART (ccp path),13,71.89830508474576,102.0
ilpd,CART (ccp path),14,73.13793103448276,102.0
ilpd,CART (ccp path),15,73.13793103448276,102.0
ilpd,CART (ccp path),16,73.13793103448276,102.0
ilpd,CART (ccp path),17,72.72413793103448,102.0
ilpd,CART (ccp path),18,72.9655172413793,102.0
ilpd,CART (ccp path),19,71.39655172413792,102.0
ilpd,CART (ccp path),20,72.9310344827586,102.0
ilpd,CART (ccp path),21,71.89830508474576,102.0
ilpd,CART (ccp path),22,73.33898305084745,102.0
ilpd,CART (ccp path),23,71.89830508474576,102.0
ilpd,CART (ccp path),24,73.13793103448276,102.0
ilpd,CART (ccp path),25,73.13793103448276,102.0
ilpd,CART (ccp path),26,73.13793103448276,102.0
ilpd,CART (ccp path),27,71.39655172413792,102.0
ilpd,CART (ccp path),28,73.32758620689656,102.0
ilpd,CART (ccp path),29,71.39655172413792,102.0
ilpd,CART (ccp path),30,71.39655172413792,102.0
ilpd,"CART (ccp path, depth-capped)",1,76.54237288135593,102.0
ilpd,"CART (ccp path, depth-capped)",2,73.3728813559322,102.0
ilpd,"CART (ccp path, depth-capped)",3,71.89830508474576,102.0
ilpd,"CART (ccp path, depth-capped)",4,73.13793103448276,102.0
ilpd,"CART (ccp path, depth-capped)",5,73.13793103448276,102.0
ilpd,"CART (ccp path, depth-capped)",6,73.13793103448276,102.0
ilpd,"CART (ccp path, depth-capped)",7,71.39655172413792,102.0
ilpd,"CART (ccp path, depth-capped)",8,71.39655172413792,102.0
ilpd,"CART (ccp path, depth-capped)",9,71.39655172413792,102.0
ilpd,"CART (ccp path, depth-capped)",10,75.89655172413792,102.0
ilpd,"CART (ccp path, depth-capped)",11,71.89830508474576,102.0
ilpd,"CART (ccp path, depth-capped)",12,71.89830508474576,102.0
ilpd,"CART (ccp path, depth-capped)",13,72.9322033898305,102.0
ilpd,"CART (ccp path, depth-capped)",14,73.13793103448276,102.0
ilpd,"CART (ccp path, depth-capped)",15,73.13793103448276,102.0
ilpd,"CART (ccp path, depth-capped)",16,73.13793103448276,102.0
ilpd,"CART (ccp path, depth-capped)",17,74.53448275862068,102.0
ilpd,"CART (ccp path, depth-capped)",18,72.9655172413793,102.0
ilpd,"CART (ccp path, depth-capped)",19,71.39655172413792,102.0
ilpd,"CART (ccp path, depth-capped)",20,71.39655172413792,102.0
ilpd,"CART (ccp path, depth-capped)",21,71.89830508474576,102.0
ilpd,"CART (ccp path, depth-capped)",22,73.3728813559322,102.0
ilpd,"CART (ccp path, depth-capped)",23,71.89830508474576,102.0
ilpd,"CART (ccp path, depth-capped)",24,73.13793103448276,102.0
ilpd,"CART (ccp path, depth-capped)",25,73.13793103448276,102.0
ilpd,"CART (ccp path, depth-capped)",26,73.13793103448276,102.0
ilpd,"CART (ccp path, depth-capped)",27,71.39655172413792,102.0
ilpd,"CART (ccp path, depth-capped)",28,73.0,102.0
ilpd,"CART (ccp path, depth-capped)",29,71.39655172413792,102.0
ilpd,"CART (ccp path, depth-capped)",30,71.39655172413792,102.0
ilpd,GA (NSGA-II),1,71.89830508474576,102.0
ilpd,GA (NSGA-II),2,76.83050847457626,102.0
ilpd,GA (NSGA-II),3,73.54237288135592,102.0
ilpd,GA (NSGA-II),4,73.13793103448276,102.0
ilpd,GA (NSGA-II),5,76.41379310344827,102.0
ilpd,GA (NSGA-II),6,74.8448275862069,102.0
ilpd,GA (NSGA-II),7,73.06896551724137,102.0
ilpd,GA (NSGA-II),8,76.24137931034483,102.0
ilpd,GA (NSGA-II),9,71.39655172413792,102.0
ilpd,GA (NSGA-II),10,74.8103448275862,102.0
ilpd,GA (NSGA-II),11,71.89830508474576,102.0
ilpd,GA (NSGA-II),12,73.44067796610169,102.0
ilpd,GA (NSGA-II),13,75.11864406779661,102.0
ilpd,GA (NSGA-II),14,76.55172413793103,102.0
ilpd,GA (NSGA-II),15,73.13793103448276,102.0
ilpd,GA (NSGA-II),16,73.13793103448276,102.0
ilpd,GA (NSGA-II),17,73.10344827586206,102.0
ilpd,GA (NSGA-II),18,71.39655172413792,102.0
ilpd,GA (NSGA-II),19,71.39655172413792,102.0
ilpd,GA (NSGA-II),20,73.10344827586206,102.0
ilpd,GA (NSGA-II),21,71.89830508474576,102.0
ilpd,GA (NSGA-II),22,78.3728813559322,102.0
ilpd,GA (NSGA-II),23,71.89830508474576,102.0
ilpd,GA (NSGA-II),24,74.8448275862069,102.0
ilpd,GA (NSGA-II),25,73.13793103448276,102.0
ilpd,GA (NSGA-II),26,76.41379310344827,102.0
ilpd,GA (NSGA-II),27,76.31034482758619,102.0
ilpd,GA (NSGA-II),28,71.39655172413792,102.0
ilpd,GA (NSGA-II),29,73.10344827586206,102.0
ilpd,GA (NSGA-II),30,71.39655172413792,102.0
ilpd,"GA (NSGA-II, archived)",1,73.57627118644066,102.0
ilpd,"GA (NSGA-II, archived)",2,71.89830508474576,102.0
ilpd,"GA (NSGA-II, archived)",3,73.57627118644066,102.0
ilpd,"GA (NSGA-II, archived)",4,73.13793103448276,102.0
ilpd,"GA (NSGA-II, archived)",5,76.55172413793103,102.0
ilpd,"GA (NSGA-II, archived)",6,81.32758620689656,102.0
ilpd,"GA (NSGA-II, archived)",7,73.06896551724137,102.0
ilpd,"GA (NSGA-II, archived)",8,73.03448275862068,102.0
ilpd,"GA (NSGA-II, archived)",9,71.39655172413792,102.0
ilpd,"GA (NSGA-II, archived)",10,71.39655172413792,102.0
ilpd,"GA (NSGA-II, archived)",11,74.98305084745762,102.0
ilpd,"GA (NSGA-II, archived)",12,71.89830508474576,102.0
ilpd,"GA (NSGA-II, archived)",13,73.57627118644066,102.0
ilpd,"GA (NSGA-II, archived)",14,76.55172413793103,102.0
ilpd,"GA (NSGA-II, archived)",15,73.13793103448276,102.0
ilpd,"GA (NSGA-II, archived)",16,73.13793103448276,102.0
ilpd,"GA (NSGA-II, archived)",17,73.10344827586206,102.0
ilpd,"GA (NSGA-II, archived)",18,74.77586206896551,102.0
ilpd,"GA (NSGA-II, archived)",19,71.39655172413792,102.0
ilpd,"GA (NSGA-II, archived)",20,73.10344827586206,102.0
ilpd,"GA (NSGA-II, archived)",21,76.83050847457626,102.0
ilpd,"GA (NSGA-II, archived)",22,73.57627118644066,102.0
ilpd,"GA (NSGA-II, archived)",23,71.89830508474576,102.0
ilpd,"GA (NSGA-II, archived)",24,73.13793103448276,102.0
ilpd,"GA (NSGA-II, archived)",25,73.13793103448276,102.0
ilpd,"GA (NSGA-II, archived)",26,73.13793103448276,102.0
ilpd,"GA (NSGA-II, archived)",27,71.39655172413792,102.0
ilpd,"GA (NSGA-II, archived)",28,73.03448275862068,102.0
ilpd,"GA (NSGA-II, archived)",29,73.03448275862068,102.0
ilpd,"GA (NSGA-II, archived)",30,71.39655172413792,102.0
ilpd,Random Search,1,71.89830508474576,102.0
ilpd,Random Search,2,73.47457627118644,102.0
ilpd,Random Search,3,73.57627118644066,102.0
ilpd,Random Search,4,73.13793103448276,102.0
ilpd,Random Search,5,73.13793103448276,102.0
ilpd,Random Search,6,76.37931034482759,102.0
ilpd,Random Search,7,71.39655172413792,102.0
ilpd,Random Search,8,74.74137931034483,102.0
ilpd,Random Search,9,74.18965517241378,102.0
ilpd,Random Search,10,71.39655172413792,102.0
ilpd,Random Search,11,79.27118644067797,102.0
ilpd,Random Search,12,71.89830508474576,102.0
ilpd,Random Search,13,74.98305084745762,102.0
ilpd,Random Search,14,74.74137931034484,102.0
ilpd,Random Search,15,73.13793103448276,102.0
ilpd,Random Search,16,73.13793103448276,102.0
ilpd,Random Search,17,71.39655172413792,102.0
ilpd,Random Search,18,74.60344827586206,102.0
ilpd,Random Search,19,74.70689655172413,102.0
ilpd,Random Search,20,71.39655172413792,102.0
ilpd,Random Search,21,74.47457627118644,102.0
ilpd,Random Search,22,73.57627118644066,102.0
ilpd,Random Search,23,71.89830508474576,102.0
ilpd,Random Search,24,73.13793103448276,102.0
ilpd,Random Search,25,73.13793103448276,102.0
ilpd,Random Search,26,73.13793103448276,102.0
ilpd,Random Search,27,71.39655172413792,102.0
ilpd,Random Search,28,78.08620689655172,102.0
ilpd,Random Search,29,73.06896551724137,102.0
ilpd,Random Search,30,71.39655172413792,102.0
kc2,CART (ccp path),1,43.679245283018865,52.0
kc2,CART (ccp path),2,42.11320754716981,52.0
kc2,CART (ccp path),3,44.94230769230769,52.0
kc2,CART (ccp path),4,42.92307692307692,52.0
kc2,CART (ccp path),5,42.05769230769231,52.0
kc2,CART (ccp path),6,42.730769230769226,52.0
kc2,CART (ccp path),7,44.53846153846153,52.0
kc2,CART (ccp path),8,42.730769230769226,52.0
kc2,CART (ccp path),9,42.80769230769231,52.0
kc2,CART (ccp path),10,43.28846153846153,52.0
kc2,CART (ccp path),11,41.22641509433962,52.0
kc2,CART (ccp path),12,44.84905660377358,52.0
kc2,CART (ccp path),13,43.59615384615385,52.0
kc2,CART (ccp path),14,43.78846153846154,52.0
kc2,CART (ccp path),15,42.05769230769231,52.0
kc2,CART (ccp path),16,44.53846153846153,52.0
kc2,CART (ccp path),17,41.942307692307686,52.0
kc2,CART (ccp path),18,41.07692307692308,52.0
kc2,CART (ccp path),19,41.942307692307686,52.0
kc2,CART (ccp path),20,42.80769230769231,52.0
kc2,CART (ccp path),21,42.94339622641509,52.0
kc2,CART (ccp path),22,42.9622641509434,52.0
kc2,CART (ccp path),23,42.76923076923077,52.0
kc2,CART (ccp path),24,44.192307692307686,52.0
kc2,CART (ccp path),25,43.78846153846154,52.0
kc2,CART (ccp path),26,43.67307692307693,52.0
kc2,CART (ccp path),27,41.07692307692308,52.0
kc2,CART (ccp path),28,41.942307692307686,52.0
kc2,CART (ccp path),29,41.86538461538461,52.0
kc2,CART (ccp path),30,41.96153846153847,52.0
kc2,"CART (ccp path, depth-capped)",1,43.886792452830186,52.0
kc2,"CART (ccp path, depth-capped)",2,42.18867924528302,52.0
kc2,"CART (ccp path, depth-capped)",3,45.71153846153846,52.0
kc2,"CART (ccp path, depth-capped)",4,44.26923076923077,52.0
kc2,"CART (ccp path, depth-capped)",5,42.09615384615385,52.0
kc2,"CART (ccp path, depth-capped)",6,42.80769230769231,52.0
kc2,"CART (ccp path, depth-capped)",7,44.730769230769226,52.0
kc2,"CART (ccp path, depth-capped)",8,42.80769230769231,52.0
kc2,"CART (ccp path, depth-capped)",9,42.92307692307692,52.0
kc2,"CART (ccp path, depth-capped)",10,43.36538461538461,52.0
kc2,"CART (ccp path, depth-capped)",11,41.30188679245283,52.0
kc2,"CART (ccp path, depth-capped)",12,44.84905660377358,52.0
kc2,"CART (ccp path, depth-capped)",13,43.63461538461539,52.0
kc2,"CART (ccp path, depth-capped)",14,43.90384615384615,52.0
kc2,"CART (ccp path, depth-capped)",15,42.09615384615385,52.0
kc2,"CART (ccp path, depth-capped)",16,44.730769230769226,52.0
kc2,"CART (ccp path, depth-capped)",17,42.92307692307692,52.0
kc2,"CART (ccp path, depth-capped)",18,41.11538461538461,52.0
kc2,"CART (ccp path, depth-capped)",19,42.01923076923077,52.0
kc2,"CART (ccp path, depth-capped)",20,42.80769230769231,52.0
kc2,"CART (ccp path, depth-capped)",21,42.509433962264154,52.0
kc2,"CART (ccp path, depth-capped)",22,43.075471698113205,52.0
kc2,"CART (ccp path, depth-capped)",23,42.09615384615385,52.0
kc2,"CART (ccp path, depth-capped)",24,44.42307692307692,52.0
kc2,"CART (ccp path, depth-capped)",25,44.46153846153846,52.0
kc2,"CART (ccp path, depth-capped)",26,43.82692307692308,52.0
kc2,"CART (ccp path, depth-capped)",27,41.11538461538461,52.0
kc2,"CART (ccp path, depth-capped)",28,42.01923076923077,52.0
kc2,"CART (ccp path, depth-capped)",29,42.01923076923077,52.0
kc2,"CART (ccp path, depth-capped)",30,42.38461538461538,52.0
kc2,GA (NSGA-II),1,42.264150943396224,52.0
kc2,GA (NSGA-II),2,45.0377358490566,52.0
kc2,GA (NSGA-II),3,46.73076923076924,52.0
kc2,GA (NSGA-II),4,43.0,52.0
kc2,GA (NSGA-II),5,43.07692307692308,52.0
kc2,GA (NSGA-II),6,43.03846153846154,52.0
kc2,GA (NSGA-II),7,43.98076923076923,52.0
kc2,GA (NSGA-II),8,43.98076923076923,52.0
kc2,GA (NSGA-II),9,42.09615384615384,52.0
kc2,GA (NSGA-II),10,41.15384615384615,52.0
kc2,GA (NSGA-II),11,42.264150943396224,52.0
kc2,GA (NSGA-II),12,43.15094339622641,52.0
kc2,GA (NSGA-II),13,43.07692307692308,52.0
kc2,GA (NSGA-II),14,42.05769230769231,52.0
kc2,GA (NSGA-II),15,43.07692307692308,52.0
kc2,GA (NSGA-II),16,44.92307692307692,52.0
kc2,GA (NSGA-II),17,43.03846153846154,52.0
kc2,GA (NSGA-II),18,40.21153846153846,52.0
kc2,GA (NSGA-II),19,43.03846153846154,52.0
kc2,GA (NSGA-II),20,40.21153846153846,52.0
kc2,GA (NSGA-II),21,43.18867924528302,52.0
kc2,GA (NSGA-II),22,43.18867924528302,52.0
kc2,GA (NSGA-II),23,43.86538461538461,52.0
kc2,GA (NSGA-II),24,41.19230769230769,52.0
kc2,GA (NSGA-II),25,47.78846153846155,52.0
kc2,GA (NSGA-II),26,43.98076923076923,52.0
kc2,GA (NSGA-II),27,41.15384615384615,52.0
kc2,GA (NSGA-II),28,43.82692307692307,52.0
kc2,GA (NSGA-II),29,40.21153846153846,52.0
kc2,GA (NSGA-II),30,42.05769230769231,52.0
kc2,"GA (NSGA-II, archived)",1,44.11320754716981,52.0
kc2,"GA (NSGA-II, archived)",2,43.886792452830186,52.0
kc2,"GA (NSGA-II, archived)",3,45.90384615384616,52.0
kc2,"GA (NSGA-II, archived)",4,43.07692307692308,52.0
kc2,"GA (NSGA-II, archived)",5,41.19230769230769,52.0
kc2,"GA (NSGA-II, archived)",6,43.03846153846154,52.0
kc2,"GA (NSGA-II, archived)",7,41.15384615384615,52.0
kc2,"GA (NSGA-II, archived)",8,42.05769230769231,52.0
kc2,"GA (NSGA-II, archived)",9,44.8076923076923,52.0
kc2,"GA (NSGA-II, archived)",10,42.01923076923077,52.0
kc2,"GA (NSGA-II, archived)",11,43.0,52.0
kc2,"GA (NSGA-II, archived)",12,44.0377358490566,52.0
kc2,"GA (NSGA-II, archived)",13,43.07692307692308,52.0
kc2,"GA (NSGA-II, archived)",14,43.07692307692308,52.0
kc2,"GA (NSGA-II, archived)",15,41.19230769230769,52.0
kc2,"GA (NSGA-II, archived)",16,45.86538461538462,52.0
kc2,"GA (NSGA-II, archived)",17,41.15384615384615,52.0
kc2,"GA (NSGA-II, archived)",18,40.21153846153846,52.0
kc2,"GA (NSGA-II, archived)",19,40.21153846153846,52.0
kc2,"GA (NSGA-II, archived)",20,43.90384615384615,52.0
kc2,"GA (NSGA-II, archived)",21,44.11320754716981,52.0
kc2,"GA (NSGA-II, archived)",22,43.18867924528302,52.0
kc2,"GA (NSGA-II, archived)",23,44.019230769230774,52.0
kc2,"GA (NSGA-II, archived)",24,44.019230769230774,52.0
kc2,"GA (NSGA-II, archived)",25,46.769230769230774,52.0
kc2,"GA (NSGA-II, archived)",26,47.75000000000001,52.0
kc2,"GA (NSGA-II, archived)",27,41.15384615384615,52.0
kc2,"GA (NSGA-II, archived)",28,42.05769230769231,52.0
kc2,"GA (NSGA-II, archived)",29,41.15384615384615,52.0
kc2,"GA (NSGA-II, archived)",30,41.11538461538461,52.0
kc2,Random Search,1,42.264150943396224,52.0
kc2,Random Search,2,45.0377358490566,52.0
kc2,Random Search,3,44.019230769230774,52.0
kc2,Random Search,4,42.09615384615385,52.0
kc2,Random Search,5,43.07692307692308,52.0
kc2,Random Search,6,41.15384615384615,52.0
kc2,Random Search,7,43.98076923076923,52.0
kc2,Random Search,8,41.63461538461538,52.0
kc2,Random Search,9,44.192307692307686,52.0
kc2,Random Search,10,42.09615384615384,52.0
kc2,Random Search,11,41.339622641509436,52.0
kc2,Random Search,12,44.77358490566037,52.0
kc2,Random Search,13,44.019230769230774,52.0
kc2,Random Search,14,44.96153846153846,52.0
kc2,Random Search,15,41.19230769230769,52.0
kc2,Random Search,16,43.98076923076923,52.0
kc2,Random Search,17,42.09615384615384,52.0
kc2,Random Search,18,41.15384615384615,52.0
kc2,Random Search,19,41.480769230769226,52.0
kc2,Random Search,20,42.44230769230769,52.0
kc2,Random Search,21,42.81132075471698,52.0
kc2,Random Search,22,43.18867924528302,52.0
kc2,Random Search,23,43.90384615384615,52.0
kc2,Random Search,24,43.07692307692308,52.0
kc2,Random Search,25,47.78846153846155,52.0
kc2,Random Search,26,43.03846153846154,52.0
kc2,Random Search,27,42.653846153846146,52.0
kc2,Random Search,28,43.03846153846154,52.0
kc2,Random Search,29,40.21153846153846,52.0
kc2,Random Search,30,42.01923076923077,52.0
pc1,CART (ccp path),1,53.96396396396396,58.0
pc1,CART (ccp path),2,53.84684684684685,58.0
pc1,CART (ccp path),3,53.23423423423423,58.0
pc1,CART (ccp path),4,54.20720720720721,58.0
pc1,CART (ccp path),5,54.585585585585584,58.0
pc1,CART (ccp path),6,53.29729729729729,58.0
pc1,CART (ccp path),7,53.29729729729729,58.0
pc1,CART (ccp path),8,52.891891891891895,58.0
pc1,CART (ccp path),9,52.891891891891895,58.0
pc1,CART (ccp path),10,54.54545454545454,58.0
pc1,CART (ccp path),11,53.405405405405396,58.0
pc1,CART (ccp path),12,53.4144144144144,58.0
pc1,CART (ccp path),13,52.891891891891895,58.0
pc1,CART (ccp path),14,52.891891891891895,58.0
pc1,CART (ccp path),15,53.70270270270271,58.0
pc1,CART (ccp path),16,53.70270270270271,58.0
pc1,CART (ccp path),17,53.31531531531531,58.0
pc1,CART (ccp path),18,53.84684684684685,58.0
pc1,CART (ccp path),19,53.77477477477478,58.0
pc1,CART (ccp path),20,54.22727272727273,58.0
pc1,CART (ccp path),21,53.82882882882883,58.0
pc1,CART (ccp path),22,53.405405405405396,58.0
pc1,CART (ccp path),23,52.93693693693694,58.0
pc1,CART (ccp path),24,52.891891891891895,58.0
pc1,CART (ccp path),25,52.891891891891895,58.0
pc1,CART (ccp path),26,53.64864864864865,58.0
pc1,CART (ccp path),27,54.16216216216216,58.0
pc1,CART (ccp path),28,53.29729729729729,58.0
pc1,CART (ccp path),29,54.18018018018017,58.0
pc1,CART (ccp path),30,53.763636363636365,58.0
pc1,"CART (ccp path, depth-capped)",1,54.07207207207207,58.0
pc1,"CART (ccp path, depth-capped)",2,53.846846846846844,58.0
pc1,"CART (ccp path, depth-capped)",3,52.89189189189189,58.0
pc1,"CART (ccp path, depth-capped)",4,54.33333333333333,58.0
pc1,"CART (ccp path, depth-capped)",5,54.8018018018018,58.0
pc1,"CART (ccp path, depth-capped)",6,53.29729729729729,58.0
pc1,"CART (ccp path, depth-capped)",7,53.29729729729729,58.0
pc1,"CART (ccp path, depth-capped)",8,52.89189189189189,58.0
pc1,"CART (ccp path, depth-capped)",9,52.89189189189189,58.0
pc1,"CART (ccp path, depth-capped)",10,54.54545454545454,58.0
pc1,"CART (ccp path, depth-capped)",11,53.4054054054054,58.0
pc1,"CART (ccp path, depth-capped)",12,53.4054054054054,58.0
pc1,"CART (ccp path, depth-capped)",13,53.189189189189186,58.0
pc1,"CART (ccp path, depth-capped)",14,53.29729729729729,58.0
pc1,"CART (ccp path, depth-capped)",15,53.31531531531531,58.0
pc1,"CART (ccp path, depth-capped)",16,53.702702702702695,58.0
pc1,"CART (ccp path, depth-capped)",17,53.31531531531531,58.0
pc1,"CART (ccp path, depth-capped)",18,53.846846846846844,58.0
pc1,"CART (ccp path, depth-capped)",19,53.77477477477477,58.0
pc1,"CART (ccp path, depth-capped)",20,54.263636363636365,58.0
pc1,"CART (ccp path, depth-capped)",21,53.81081081081081,58.0
pc1,"CART (ccp path, depth-capped)",22,53.4054054054054,58.0
pc1,"CART (ccp path, depth-capped)",23,53.207207207207205,58.0
pc1,"CART (ccp path, depth-capped)",24,53.26126126126126,58.0
pc1,"CART (ccp path, depth-capped)",25,53.189189189189186,58.0
pc1,"CART (ccp path, depth-capped)",26,53.666666666666664,58.0
pc1,"CART (ccp path, depth-capped)",27,54.27027027027027,58.0
pc1,"CART (ccp path, depth-capped)",28,53.29729729729729,58.0
pc1,"CART (ccp path, depth-capped)",29,54.18018018018018,58.0
pc1,"CART (ccp path, depth-capped)",30,53.763636363636365,58.0
pc1,GA (NSGA-II),1,53.405405405405396,58.0
pc1,GA (NSGA-II),2,53.405405405405396,58.0
pc1,GA (NSGA-II),3,52.891891891891895,58.0
pc1,GA (NSGA-II),4,53.36936936936936,58.0
pc1,GA (NSGA-II),5,53.88288288288289,58.0
pc1,GA (NSGA-II),6,52.891891891891895,58.0
pc1,GA (NSGA-II),7,53.38738738738738,58.0
pc1,GA (NSGA-II),8,52.891891891891895,58.0
pc1,GA (NSGA-II),9,53.38738738738738,58.0
pc1,GA (NSGA-II),10,53.872727272727275,58.0
pc1,GA (NSGA-II),11,53.405405405405396,58.0
pc1,GA (NSGA-II),12,53.405405405405396,58.0
pc1,GA (NSGA-II),13,52.891891891891895,58.0
pc1,GA (NSGA-II),14,52.891891891891895,58.0
pc1,GA (NSGA-II),15,52.891891891891895,58.0
pc1,GA (NSGA-II),16,52.891891891891895,58.0
pc1,GA (NSGA-II),17,52.891891891891895,58.0
pc1,GA (NSGA-II),18,53.36936936936936,58.0
pc1,GA (NSGA-II),19,53.88288288288289,58.0
pc1,GA (NSGA-II),20,53.372727272727275,58.0
pc1,GA (NSGA-II),21,53.86486486486487,58.0
pc1,GA (NSGA-II),22,53.405405405405396,58.0
pc1,GA (NSGA-II),23,53.88288288288289,58.0
pc1,GA (NSGA-II),24,52.891891891891895,58.0
pc1,GA (NSGA-II),25,52.891891891891895,58.0
pc1,GA (NSGA-II),26,52.891891891891895,58.0
pc1,GA (NSGA-II),27,53.84684684684685,58.0
pc1,GA (NSGA-II),28,52.891891891891895,58.0
pc1,GA (NSGA-II),29,53.38738738738738,58.0
pc1,GA (NSGA-II),30,53.85454545454545,58.0
pc1,"GA (NSGA-II, archived)",1,53.405405405405396,58.0
pc1,"GA (NSGA-II, archived)",2,53.405405405405396,58.0
pc1,"GA (NSGA-II, archived)",3,52.891891891891895,58.0
pc1,"GA (NSGA-II, archived)",4,52.891891891891895,58.0
pc1,"GA (NSGA-II, archived)",5,53.84684684684685,58.0
pc1,"GA (NSGA-II, archived)",6,52.891891891891895,58.0
pc1,"GA (NSGA-II, archived)",7,52.891891891891895,58.0
pc1,"GA (NSGA-II, archived)",8,52.891891891891895,58.0
pc1,"GA (NSGA-II, archived)",9,52.891891891891895,58.0
pc1,"GA (NSGA-II, archived)",10,53.872727272727275,58.0
pc1,"GA (NSGA-II, archived)",11,53.405405405405396,58.0
pc1,"GA (NSGA-II, archived)",12,53.405405405405396,58.0
pc1,"GA (NSGA-II, archived)",13,53.88288288288289,58.0
pc1,"GA (NSGA-II, archived)",14,52.891891891891895,58.0
pc1,"GA (NSGA-II, archived)",15,52.891891891891895,58.0
pc1,"GA (NSGA-II, archived)",16,53.38738738738738,58.0
pc1,"GA (NSGA-II, archived)",17,52.891891891891895,58.0
pc1,"GA (NSGA-II, archived)",18,53.38738738738738,58.0
pc1,"GA (NSGA-II, archived)",19,52.891891891891895,58.0
pc1,"GA (NSGA-II, archived)",20,53.372727272727275,58.0
pc1,"GA (NSGA-II, archived)",21,53.405405405405396,58.0
pc1,"GA (NSGA-II, archived)",22,53.405405405405396,58.0
pc1,"GA (NSGA-II, archived)",23,53.36936936936936,58.0
pc1,"GA (NSGA-II, archived)",24,52.891891891891895,58.0
pc1,"GA (NSGA-II, archived)",25,52.891891891891895,58.0
pc1,"GA (NSGA-II, archived)",26,52.891891891891895,58.0
pc1,"GA (NSGA-II, archived)",27,52.891891891891895,58.0
pc1,"GA (NSGA-II, archived)",28,52.891891891891895,58.0
pc1,"GA (NSGA-II, archived)",29,53.38738738738738,58.0
pc1,"GA (NSGA-II, archived)",30,53.872727272727275,58.0
pc1,Random Search,1,53.75675675675676,58.0
pc1,Random Search,2,53.90090090090091,58.0
pc1,Random Search,3,52.891891891891895,58.0
pc1,Random Search,4,53.054054054054056,58.0
pc1,Random Search,5,54.873873873873876,58.0
pc1,Random Search,6,52.891891891891895,58.0
pc1,Random Search,7,52.891891891891895,58.0
pc1,Random Search,8,52.891891891891895,58.0
pc1,Random Search,9,52.891891891891895,58.0
pc1,Random Search,10,53.872727272727275,58.0
pc1,Random Search,11,53.405405405405396,58.0
pc1,Random Search,12,53.405405405405396,58.0
pc1,Random Search,13,53.35135135135135,58.0
pc1,Random Search,14,53.35135135135135,58.0
pc1,Random Search,15,52.891891891891895,58.0
pc1,Random Search,16,53.35135135135135,58.0
pc1,Random Search,17,52.891891891891895,58.0
pc1,Random Search,18,53.38738738738738,58.0
pc1,Random Search,19,53.38738738738738,58.0
pc1,Random Search,20,53.372727272727275,58.0
pc1,Random Search,21,53.405405405405396,58.0
pc1,Random Search,22,53.405405405405396,58.0
pc1,Random Search,23,53.35135135135135,58.0
pc1,Random Search,24,53.36936936936936,58.0
pc1,Random Search,25,53.27927927927927,58.0
pc1,Random Search,26,52.891891891891895,58.0
pc1,Random Search,27,52.891891891891895,58.0
pc1,Random Search,28,52.891891891891895,58.0
pc1,Random Search,29,53.38738738738738,58.0
pc1,Random Search,30,53.872727272727275,58.0
pc4,CART (ccp path),1,80.24657534246575,90.0
pc4,CART (ccp path),2,80.8013698630137,90.0
pc4,CART (ccp path),3,81.27397260273973,90.0
pc4,CART (ccp path),4,80.69863013698631,90.0
pc4,CART (ccp path),5,79.69178082191782,90.0
pc4,CART (ccp path),6,81.48630136986303,90.0
pc4,CART (ccp path),7,81.61643835616438,90.0
pc4,CART (ccp path),8,79.10958904109589,90.0
pc4,CART (ccp path),9,80.71724137931034,90.0
pc4,CART (ccp path),10,80.2,90.0
pc4,CART (ccp path),11,79.04109589041096,90.0
pc4,CART (ccp path),12,81.27397260273973,90.0
pc4,CART (ccp path),13,80.69863013698631,90.0
pc4,CART (ccp path),14,79.10273972602741,90.0
pc4,CART (ccp path),15,78.3082191780822,90.0
pc4,CART (ccp path),16,81.2054794520548,90.0
pc4,CART (ccp path),17,80.24657534246575,90.0
pc4,CART (ccp path),18,79.2123287671233,90.0
pc4,CART (ccp path),19,80.67586206896551,90.0
pc4,CART (ccp path),20,80.8,90.0
pc4,CART (ccp path),21,79.65068493150686,90.0
pc4,CART (ccp path),22,78.58219178082192,90.0
pc4,CART (ccp path),23,80.66438356164383,90.0
pc4,CART (ccp path),24,80.73287671232877,90.0
pc4,CART (ccp path),25,81.35616438356165,90.0
pc4,CART (ccp path),26,82.513698630137,90.0
pc4,CART (ccp path),27,79.13698630136987,90.0
pc4,CART (ccp path),28,80.66438356164385,90.0
pc4,CART (ccp path),29,80.8,90.0
pc4,CART (ccp path),30,81.82758620689657,90.0
pc4,"CART (ccp path, depth-capped)",1,80.27397260273972,90.0
pc4,"CART (ccp path, depth-capped)",2,80.93835616438356,90.0
pc4,"CART (ccp path, depth-capped)",3,81.52054794520548,90.0
pc4,"CART (ccp path, depth-capped)",4,81.6095890410959,90.0
pc4,"CART (ccp path, depth-capped)",5,79.69178082191782,90.0
pc4,"CART (ccp path, depth-capped)",6,80.35616438356165,90.0
pc4,"CART (ccp path, depth-capped)",7,81.74657534246576,90.0
pc4,"CART (ccp path, depth-capped)",8,79.15068493150685,90.0
pc4,"CART (ccp path, depth-capped)",9,80.77241379310345,90.0
pc4,"CART (ccp path, depth-capped)",10,80.28275862068965,90.0
pc4,"CART (ccp path, depth-capped)",11,79.66438356164383,90.0
pc4,"CART (ccp path, depth-capped)",12,82.10273972602741,90.0
pc4,"CART (ccp path, depth-capped)",13,80.17808219178083,90.0
pc4,"CART (ccp path, depth-capped)",14,79.08219178082192,90.0
pc4,"CART (ccp path, depth-capped)",15,79.10958904109589,90.0
pc4,"CART (ccp path, depth-capped)",16,82.10273972602741,90.0
pc4,"CART (ccp path, depth-capped)",17,80.35616438356165,90.0
pc4,"CART (ccp path, depth-capped)",18,78.58219178082192,90.0
pc4,"CART (ccp path, depth-capped)",19,80.91034482758621,90.0
pc4,"CART (ccp path, depth-capped)",20,80.88275862068966,90.0
pc4,"CART (ccp path, depth-capped)",21,81.1095890410959,90.0
pc4,"CART (ccp path, depth-capped)",22,79.19178082191782,90.0
pc4,"CART (ccp path, depth-capped)",23,81.82876712328768,90.0
pc4,"CART (ccp path, depth-capped)",24,80.93835616438356,90.0
pc4,"CART (ccp path, depth-capped)",25,81.4931506849315,90.0
pc4,"CART (ccp path, depth-capped)",26,81.36986301369863,90.0
pc4,"CART (ccp path, depth-capped)",27,79.16438356164383,90.0
pc4,"CART (ccp path, depth-capped)",28,80.35616438356165,90.0
pc4,"CART (ccp path, depth-capped)",29,80.8551724137931,90.0
pc4,"CART (ccp path, depth-capped)",30,80.11724137931036,90.0
pc4,GA (NSGA-II),1,80.36986301369862,90.0
pc4,GA (NSGA-II),2,80.41095890410959,90.0
pc4,GA (NSGA-II),3,80.36986301369862,90.0
pc4,GA (NSGA-II),4,79.20547945205479,90.0
pc4,GA (NSGA-II),5,79.19178082191782,90.0
pc4,GA (NSGA-II),6,79.78767123287672,90.0
pc4,GA (NSGA-II),7,79.81506849315069,90.0
pc4,GA (NSGA-II),8,78.02739726027397,90.0
pc4,GA (NSGA-II),9,79.75172413793103,90.0
pc4,GA (NSGA-II),10,79.76551724137931,90.0
pc4,GA (NSGA-II),11,78.02739726027397,90.0
pc4,GA (NSGA-II),12,81.0068493150685,90.0
pc4,GA (NSGA-II),13,80.7876712328767,90.0
pc4,GA (NSGA-II),14,79.77397260273973,90.0
pc4,GA (NSGA-II),15,79.81506849315069,90.0
pc4,GA (NSGA-II),16,80.96575342465754,90.0
pc4,GA (NSGA-II),17,80.41095890410959,90.0
pc4,GA (NSGA-II),18,78.02739726027397,90.0
pc4,GA (NSGA-II),19,80.9655172413793,90.0
pc4,GA (NSGA-II),20,80.36551724137931,90.0
pc4,GA (NSGA-II),21,78.60958904109589,90.0
pc4,GA (NSGA-II),22,79.77397260273973,90.0
pc4,GA (NSGA-II),23,80.35616438356165,90.0
pc4,GA (NSGA-II),24,80.32876712328768,90.0
pc4,GA (NSGA-II),25,80.38356164383562,90.0
pc4,GA (NSGA-II),26,79.77397260273973,90.0
pc4,GA (NSGA-II),27,78.62328767123287,90.0
pc4,GA (NSGA-II),28,81.0068493150685,90.0
pc4,GA (NSGA-II),29,79.72413793103448,90.0
pc4,GA (NSGA-II),30,78.56551724137931,90.0
pc4,"GA (NSGA-II, archived)",1,78.60958904109589,90.0
pc4,"GA (NSGA-II, archived)",2,80.41095890410959,90.0
pc4,"GA (NSGA-II, archived)",3,81.6027397260274,90.0
pc4,"GA (NSGA-II, archived)",4,78.60958904109589,90.0
pc4,"GA (NSGA-II, archived)",5,79.8013698630137,90.0
pc4,"GA (NSGA-II, archived)",6,79.81506849315069,90.0
pc4,"GA (NSGA-II, archived)",7,80.96575342465754,90.0
pc4,"GA (NSGA-II, archived)",8,79.76027397260273,90.0
pc4,"GA (NSGA-II, archived)",9,79.75172413793103,90.0
pc4,"GA (NSGA-II, archived)",10,80.35172413793104,90.0
pc4,"GA (NSGA-II, archived)",11,79.76027397260275,90.0
pc4,"GA (NSGA-II, archived)",12,81.58904109589041,90.0
pc4,"GA (NSGA-II, archived)",13,78.60958904109589,90.0
pc4,"GA (NSGA-II, archived)",14,78.02739726027397,90.0
pc4,"GA (NSGA-II, archived)",15,78.62328767123287,90.0
pc4,"GA (NSGA-II, archived)",16,78.60958904109589,90.0
pc4,"GA (NSGA-II, archived)",17,81.57534246575344,90.0
pc4,"GA (NSGA-II, archived)",18,78.60958904109589,90.0
pc4,"GA (NSGA-II, archived)",19,79.69655172413793,90.0
pc4,"GA (NSGA-II, archived)",20,79.1655172413793,90.0
pc4,"GA (NSGA-II, archived)",21,79.19178082191782,90.0
pc4,"GA (NSGA-II, archived)",22,79.21917808219179,90.0
pc4,"GA (NSGA-II, archived)",23,81.0068493150685,90.0
pc4,"GA (NSGA-II, archived)",24,78.62328767123287,90.0
pc4,"GA (NSGA-II, archived)",25,81.6027397260274,90.0
pc4,"GA (NSGA-II, archived)",26,78.02739726027397,90.0
pc4,"GA (NSGA-II, archived)",27,78.62328767123287,90.0
pc4,"GA (NSGA-II, archived)",28,78.02739726027397,90.0
pc4,"GA (NSGA-II, archived)",29,81.52413793103447,90.0
pc4,"GA (NSGA-II, archived)",30,79.73793103448276,90.0
pc4,Random Search,1,79.02739726027397,90.0
pc4,Random Search,2,80.27397260273973,90.0
pc4,Random Search,3,80.97945205479452,90.0
pc4,Random Search,4,80.28767123287672,90.0
pc4,Random Search,5,79.21917808219179,90.0
pc4,Random Search,6,80.76027397260275,90.0
pc4,Random Search,7,79.81506849315069,90.0
pc4,Random Search,8,79.21917808219179,90.0
pc4,Random Search,9,80.07586206896552,90.0
pc4,Random Search,10,80.32413793103449,90.0
pc4,Random Search,11,78.02739726027397,90.0
pc4,Random Search,12,80.67808219178082,90.0
pc4,Random Search,13,78.5,90.0
pc4,Random Search,14,79.59589041095892,90.0
pc4,Random Search,15,79.21917808219179,90.0
pc4,Random Search,16,81.54794520547946,90.0
pc4,Random Search,17,80.26027397260275,90.0
pc4,Random Search,18,78.02739726027397,90.0
pc4,Random Search,19,79.73793103448276,90.0
pc4,Random Search,20,80.6896551724138,90.0
pc4,Random Search,21,78.02739726027397,90.0
pc4,Random Search,22,78.62328767123287,90.0
pc4,Random Search,23,79.97260273972603,90.0
pc4,Random Search,24,80.34246575342466,90.0
pc4,Random Search,25,79.81506849315069,90.0
pc4,Random Search,26,80.51369863013699,90.0
pc4,Random Search,27,78.62328767123287,90.0
pc4,Random Search,28,80.9931506849315,90.0
pc4,Random Search,29,80.82758620689656,90.0
pc4,Random Search,30,78.56551724137931,90.0
qsar_biodeg,CART (ccp path),1,85.4811320754717,108.0
qsar_biodeg,CART (ccp path),2,80.99056603773585,108.0
qsar_biodeg,CART (ccp path),3,86.28301886792453,108.0
qsar_biodeg,CART (ccp path),4,94.12264150943398,108.0
qsar_biodeg,CART (ccp path),5,88.02830188679245,108.0
qsar_biodeg,CART (ccp path),6,84.06666666666668,108.0
qsar_biodeg,CART (ccp path),7,88.5047619047619,108.0
qsar_biodeg,CART (ccp path),8,88.85714285714285,108.0
qsar_biodeg,CART (ccp path),9,87.27619047619048,108.0
qsar_biodeg,CART (ccp path),10,89.4,108.0
qsar_biodeg,CART (ccp path),11,81.21698113207547,108.0
qsar_biodeg,CART (ccp path),12,88.78301886792454,108.0
qsar_biodeg,CART (ccp path),13,92.72641509433963,108.0
qsar_biodeg,CART (ccp path),14,86.22641509433963,108.0
qsar_biodeg,CART (ccp path),15,84.93396226415095,108.0
qsar_biodeg,CART (ccp path),16,85.4,108.0
qsar_biodeg,CART (ccp path),17,94.52380952380953,108.0
qsar_biodeg,CART (ccp path),18,90.12380952380953,108.0
qsar_biodeg,CART (ccp path),19,90.73333333333333,108.0
qsar_biodeg,CART (ccp path),20,89.52380952380952,108.0
qsar_biodeg,CART (ccp path),21,87.41509433962264,108.0
qsar_biodeg,CART (ccp path),22,90.45283018867924,108.0
qsar_biodeg,CART (ccp path),23,87.44339622641509,108.0
qsar_biodeg,CART (ccp path),24,90.30188679245283,108.0
qsar_biodeg,CART (ccp path),25,84.88679245283019,108.0
qsar_biodeg,CART (ccp path),26,85.0952380952381,108.0
qsar_biodeg,CART (ccp path),27,86.4095238095238,108.0
qsar_biodeg,CART (ccp path),28,87.70476190476191,108.0
qsar_biodeg,CART (ccp path),29,85.94285714285715,108.0
qsar_biodeg,CART (ccp path),30,87.02857142857142,108.0
qsar_biodeg,"CART (ccp path, depth-capped)",1,87.09433962264151,108.0
qsar_biodeg,"CART (ccp path, depth-capped)",2,80.79245283018868,108.0
qsar_biodeg,"CART (ccp path, depth-capped)",3,86.66037735849056,108.0
qsar_biodeg,"CART (ccp path, depth-capped)",4,96.32075471698114,108.0
qsar_biodeg,"CART (ccp path, depth-capped)",5,89.44339622641509,108.0
qsar_biodeg,"CART (ccp path, depth-capped)",6,85.70476190476191,108.0
qsar_biodeg,"CART (ccp path, depth-capped)",7,89.53333333333333,108.0
qsar_biodeg,"CART (ccp path, depth-capped)",8,89.73333333333333,108.0
qsar_biodeg,"CART (ccp path, depth-capped)",9,87.96190476190476,108.0
qsar_biodeg,"CART (ccp path, depth-capped)",10,88.73333333333333,108.0
qsar_biodeg,"CART (ccp path, depth-capped)",11,79.12264150943396,108.0
qsar_biodeg,"CART (ccp path, depth-capped)",12,89.16981132075472,108.0
qsar_biodeg,"CART (ccp path, depth-capped)",13,93.04716981132074,108.0
qsar_biodeg,"CART (ccp path, depth-capped)",14,86.81132075471699,108.0
qsar_biodeg,"CART (ccp path, depth-capped)",15,86.83962264150944,108.0
qsar_biodeg,"CART (ccp path, depth-capped)",16,84.82857142857144,108.0
qsar_biodeg,"CART (ccp path, depth-capped)",17,93.56190476190476,108.0
qsar_biodeg,"CART (ccp path, depth-capped)",18,89.77142857142857,108.0
qsar_biodeg,"CART (ccp path, depth-capped)",19,91.41904761904762,108.0
qsar_biodeg,"CART (ccp path, depth-capped)",20,90.26666666666667,108.0
qsar_biodeg,"CART (ccp path, depth-capped)",21,87.5754716981132,108.0
qsar_biodeg,"CART (ccp path, depth-capped)",22,91.13207547169813,108.0
qsar_biodeg,"CART (ccp path, depth-capped)",23,88.06603773584905,108.0
qsar_biodeg,"CART (ccp path, depth-capped)",24,89.11320754716981,108.0
qsar_biodeg,"CART (ccp path, depth-capped)",25,86.4811320754717,108.0
qsar_biodeg,"CART (ccp path, depth-capped)",26,87.15238095238097,108.0
qsar_biodeg,"CART (ccp path, depth-capped)",27,86.88571428571429,108.0
qsar_biodeg,"CART (ccp path, depth-capped)",28,86.2,108.0
qsar_biodeg,"CART (ccp path, depth-capped)",29,84.39047619047618,108.0
qsar_biodeg,"CART (ccp path, depth-capped)",30,88.95238095238095,108.0
qsar_biodeg,GA (NSGA-II),1,81.38679245283018,108.0
qsar_biodeg,GA (NSGA-II),2,83.38679245283019,108.0
qsar_biodeg,GA (NSGA-II),3,78.28301886792453,108.0
qsar_biodeg,GA (NSGA-II),4,84.13207547169813,108.0
qsar_biodeg,GA (NSGA-II),5,84.76415094339625,108.0
qsar_biodeg,GA (NSGA-II),6,86.16190476190476,108.0
qsar_biodeg,GA (NSGA-II),7,88.0857142857143,108.0
qsar_biodeg,GA (NSGA-II),8,84.02857142857144,108.0
qsar_biodeg,GA (NSGA-II),9,84.08571428571429,108.0
qsar_biodeg,GA (NSGA-II),10,86.06666666666666,108.0
qsar_biodeg,GA (NSGA-II),11,83.17924528301887,108.0
qsar_biodeg,GA (NSGA-II),12,87.5,108.0
qsar_biodeg,GA (NSGA-II),13,86.35849056603774,108.0
qsar_biodeg,GA (NSGA-II),14,86.83962264150945,108.0
qsar_biodeg,GA (NSGA-II),15,82.43396226415095,108.0
qsar_biodeg,GA (NSGA-II),16,85.95238095238095,108.0
qsar_biodeg,GA (NSGA-II),17,88.08571428571429,108.0
qsar_biodeg,GA (NSGA-II),18,85.14285714285715,108.0
qsar_biodeg,GA (NSGA-II),19,84.16190476190478,108.0
qsar_biodeg,GA (NSGA-II),20,87.29523809523809,108.0
qsar_biodeg,GA (NSGA-II),21,85.04716981132076,108.0
qsar_biodeg,GA (NSGA-II),22,86.39622641509435,108.0
qsar_biodeg,GA (NSGA-II),23,84.93396226415095,108.0
qsar_biodeg,GA (NSGA-II),24,87.12264150943396,108.0
qsar_biodeg,GA (NSGA-II),25,87.08490566037736,108.0
qsar_biodeg,GA (NSGA-II),26,82.14285714285714,108.0
qsar_biodeg,GA (NSGA-II),27,83.23809523809524,108.0
qsar_biodeg,GA (NSGA-II),28,88.93333333333335,108.0
qsar_biodeg,GA (NSGA-II),29,87.80000000000001,108.0
qsar_biodeg,GA (NSGA-II),30,86.12380952380954,108.0
qsar_biodeg,"GA (NSGA-II, archived)",1,84.43396226415095,108.0
qsar_biodeg,"GA (NSGA-II, archived)",2,81.38679245283019,108.0
qsar_biodeg,"GA (NSGA-II, archived)",3,81.60377358490565,108.0
qsar_biodeg,"GA (NSGA-II, archived)",4,85.51886792452831,108.0
qsar_biodeg,"GA (NSGA-II, archived)",5,83.31132075471697,108.0
qsar_biodeg,"GA (NSGA-II, archived)",6,82.31428571428572,108.0
qsar_biodeg,"GA (NSGA-II, archived)",7,84.27619047619046,108.0
qsar_biodeg,"GA (NSGA-II, archived)",8,86.25714285714287,108.0
qsar_biodeg,"GA (NSGA-II, archived)",9,87.45714285714286,108.0
qsar_biodeg,"GA (NSGA-II, archived)",10,89.06666666666666,108.0
qsar_biodeg,"GA (NSGA-II, archived)",11,78.30188679245282,108.0
qsar_biodeg,"GA (NSGA-II, archived)",12,86.35849056603776,108.0
qsar_biodeg,"GA (NSGA-II, archived)",13,88.99056603773586,108.0
qsar_biodeg,"GA (NSGA-II, archived)",14,81.33018867924528,108.0
qsar_biodeg,"GA (NSGA-II, archived)",15,86.80188679245283,108.0
qsar_biodeg,"GA (NSGA-II, archived)",16,83.14285714285714,108.0
qsar_biodeg,"GA (NSGA-II, archived)",17,81.27619047619048,108.0
qsar_biodeg,"GA (NSGA-II, archived)",18,84.95238095238095,108.0
qsar_biodeg,"GA (NSGA-II, archived)",19,85.23809523809524,108.0
qsar_biodeg,"GA (NSGA-II, archived)",20,89.93333333333334,108.0
qsar_biodeg,"GA (NSGA-II, archived)",21,82.54716981132076,108.0
qsar_biodeg,"GA (NSGA-II, archived)",22,82.80188679245283,108.0
qsar_biodeg,"GA (NSGA-II, archived)",23,82.22641509433963,108.0
qsar_biodeg,"GA (NSGA-II, archived)",24,92.65094339622642,108.0
qsar_biodeg,"GA (NSGA-II, archived)",25,80.50943396226417,108.0
qsar_biodeg,"GA (NSGA-II, archived)",26,84.02857142857144,108.0
qsar_biodeg,"GA (NSGA-II, archived)",27,85.06666666666666,108.0
qsar_biodeg,"GA (NSGA-II, archived)",28,92.5142857142857,108.0
qsar_biodeg,"GA (NSGA-II, archived)",29,87.00952380952381,108.0
qsar_biodeg,"GA (NSGA-II, archived)",30,75.33333333333334,108.0
qsar_biodeg,Random Search,1,78.52830188679246,108.0
qsar_biodeg,Random Search,2,81.55660377358491,108.0
qsar_biodeg,Random Search,3,78.65094339622641,108.0
qsar_biodeg,Random Search,4,88.80188679245283,108.0
qsar_biodeg,Random Search,5,83.96226415094338,108.0
qsar_biodeg,Random Search,6,80.67619047619047,108.0
qsar_biodeg,Random Search,7,88.33333333333334,108.0
qsar_biodeg,Random Search,8,85.76190476190476,108.0
qsar_biodeg,Random Search,9,83.09523809523809,108.0
qsar_biodeg,Random Search,10,81.16190476190476,108.0
qsar_biodeg,Random Search,11,81.10377358490567,108.0
qsar_biodeg,Random Search,12,86.20754716981133,108.0
qsar_biodeg,Random Search,13,85.46226415094341,108.0
qsar_biodeg,Random Search,14,79.9245283018868,108.0
qsar_biodeg,Random Search,15,81.10377358490567,108.0
qsar_biodeg,Random Search,16,78.97142857142858,108.0
qsar_biodeg,Random Search,17,88.38095238095238,108.0
qsar_biodeg,Random Search,18,85.33333333333334,108.0
qsar_biodeg,Random Search,19,81.33333333333333,108.0
qsar_biodeg,Random Search,20,89.25714285714285,108.0
qsar_biodeg,Random Search,21,82.54716981132076,108.0
qsar_biodeg,Random Search,22,86.37735849056604,108.0
qsar_biodeg,Random Search,23,80.80188679245283,108.0
qsar_biodeg,Random Search,24,86.8301886792453,108.0
qsar_biodeg,Random Search,25,84.35849056603774,108.0
qsar_biodeg,Random Search,26,81.08571428571427,108.0
qsar_biodeg,Random Search,27,86.55238095238096,108.0
qsar_biodeg,Random Search,28,83.25714285714287,108.0
qsar_biodeg,Random Search,29,83.1047619047619,108.0
qsar_biodeg,Random Search,30,81.18095238095239,108.0
tic_tac_toe,CART (ccp path),1,142.71875,174.0
tic_tac_toe,CART (ccp path),2,142.41666666666666,174.0
tic_tac_toe,CART (ccp path),3,146.33333333333331,174.0
tic_tac_toe,CART (ccp path),4,140.51041666666669,174.0
tic_tac_toe,CART (ccp path),5,138.67708333333331,174.0
tic_tac_toe,CART (ccp path),6,144.35416666666669,174.0
tic_tac_toe,CART (ccp path),7,138.36458333333334,174.0
tic_tac_toe,CART (ccp path),8,143.78125,174.0
tic_tac_toe,CART (ccp path),9,141.2421052631579,174.0
tic_tac_toe,CART (ccp path),10,148.90526315789475,174.0
tic_tac_toe,CART (ccp path),11,145.64583333333331,174.0
tic_tac_toe,CART (ccp path),12,145.45833333333334,174.0
tic_tac_toe,CART (ccp path),13,139.4375,174.0
tic_tac_toe,CART (ccp path),14,139.625,174.0
tic_tac_toe,CART (ccp path),15,152.72916666666666,174.0
tic_tac_toe,CART (ccp path),16,143.76041666666669,174.0
tic_tac_toe,CART (ccp path),17,146.10416666666669,174.0
tic_tac_toe,CART (ccp path),18,138.57291666666666,174.0
tic_tac_toe,CART (ccp path),19,143.58947368421053,174.0
tic_tac_toe,CART (ccp path),20,141.06315789473686,174.0
tic_tac_toe,CART (ccp path),21,147.0625,174.0
tic_tac_toe,CART (ccp path),22,141.29166666666666,174.0
tic_tac_toe,CART (ccp path),23,153.61458333333331,174.0
tic_tac_toe,CART (ccp path),24,138.0625,174.0
tic_tac_toe,CART (ccp path),25,143.34375,174.0
tic_tac_toe,CART (ccp path),26,145.07291666666666,174.0
tic_tac_toe,CART (ccp path),27,149.27083333333334,174.0
tic_tac_toe,CART (ccp path),28,151.00000000000003,174.0
tic_tac_toe,CART (ccp path),29,141.78947368421052,174.0
tic_tac_toe,CART (ccp path),30,132.6315789473684,174.0
tic_tac_toe,"CART (ccp path, depth-capped)",1,135.0625,174.0
tic_tac_toe,"CART (ccp path, depth-capped)",2,134.89583333333331,174.0
tic_tac_toe,"CART (ccp path, depth-capped)",3,147.03125,174.0
tic_tac_toe,"CART (ccp path, depth-capped)",4,137.3125,174.0
tic_tac_toe,"CART (ccp path, depth-capped)",5,136.23958333333334,174.0
tic_tac_toe,"CART (ccp path, depth-capped)",6,144.58333333333334,174.0
tic_tac_toe,"CART (ccp path, depth-capped)",7,135.66666666666666,174.0
tic_tac_toe,"CART (ccp path, depth-capped)",8,135.20833333333334,174.0
tic_tac_toe,"CART (ccp path, depth-capped)",9,135.95789473684212,174.0
tic_tac_toe,"CART (ccp path, depth-capped)",10,144.32631578947368,174.0
tic_tac_toe,"CART (ccp path, depth-capped)",11,143.38541666666666,174.0
tic_tac_toe,"CART (ccp path, depth-capped)",12,139.88541666666666,174.0
tic_tac_toe,"CART (ccp path, depth-capped)",13,135.0,174.0
tic_tac_toe,"CART (ccp path, depth-capped)",14,134.875,174.0
tic_tac_toe,"CART (ccp path, depth-capped)",15,150.09375,174.0
tic_tac_toe,"CART (ccp path, depth-capped)",16,143.28125,174.0
tic_tac_toe,"CART (ccp path, depth-capped)",17,144.77083333333334,174.0
tic_tac_toe,"CART (ccp path, depth-capped)",18,134.52083333333334,174.0
tic_tac_toe,"CART (ccp path, depth-capped)",19,142.48421052631576,174.0
tic_tac_toe,"CART (ccp path, depth-capped)",20,136.16842105263157,174.0
tic_tac_toe,"CART (ccp path, depth-capped)",21,138.4375,174.0
tic_tac_toe,"CART (ccp path, depth-capped)",22,141.5,174.0
tic_tac_toe,"CART (ccp path, depth-capped)",23,151.41666666666669,174.0
tic_tac_toe,"CART (ccp path, depth-capped)",24,140.11458333333331,174.0
tic_tac_toe,"CART (ccp path, depth-capped)",25,147.09375,174.0
tic_tac_toe,"CART (ccp path, depth-capped)",26,141.27083333333331,174.0
tic_tac_toe,"CART (ccp path, depth-capped)",27,141.79166666666669,174.0
tic_tac_toe,"CART (ccp path, depth-capped)",28,144.31249999999997,174.0
tic_tac_toe,"CART (ccp path, depth-capped)",29,141.0842105263158,174.0
tic_tac_toe,"CART (ccp path, depth-capped)",30,130.74736842105264,174.0
tic_tac_toe,GA (NSGA-II),1,135.79166666666669,174.0
tic_tac_toe,GA (NSGA-II),2,130.67708333333334,174.0
tic_tac_toe,GA (NSGA-II),3,127.55208333333334,174.0
tic_tac_toe,GA (NSGA-II),4,125.75,174.0
tic_tac_toe,GA (NSGA-II),5,132.375,174.0
tic_tac_toe,GA (NSGA-II),6,127.57291666666667,174.0
tic_tac_toe,GA (NSGA-II),7,127.23958333333333,174.0
tic_tac_toe,GA (NSGA-II),8,129.08333333333334,174.0
tic_tac_toe,GA (NSGA-II),9,126.92631578947368,174.0
tic_tac_toe,GA (NSGA-II),10,131.42105263157896,174.0
tic_tac_toe,GA (NSGA-II),11,127.48958333333334,174.0
tic_tac_toe,GA (NSGA-II),12,128.8125,174.0
tic_tac_toe,GA (NSGA-II),13,113.53125,174.0
tic_tac_toe,GA (NSGA-II),14,139.39583333333334,174.0
tic_tac_toe,GA (NSGA-II),15,139.9375,174.0
tic_tac_toe,GA (NSGA-II),16,126.92708333333334,174.0
tic_tac_toe,GA (NSGA-II),17,127.44791666666667,174.0
tic_tac_toe,GA (NSGA-II),18,132.72916666666669,174.0
tic_tac_toe,GA (NSGA-II),19,132.1157894736842,174.0
tic_tac_toe,GA (NSGA-II),20,121.73684210526315,174.0
tic_tac_toe,GA (NSGA-II),21,132.5625,174.0
tic_tac_toe,GA (NSGA-II),22,131.13541666666666,174.0
tic_tac_toe,GA (NSGA-II),23,136.04166666666666,174.0
tic_tac_toe,GA (NSGA-II),24,116.96875,174.0
tic_tac_toe,GA (NSGA-II),25,130.94791666666666,174.0
tic_tac_toe,GA (NSGA-II),26,123.96875,174.0
tic_tac_toe,GA (NSGA-II),27,132.6875,174.0
tic_tac_toe,GA (NSGA-II),28,130.78125,174.0
tic_tac_toe,GA (NSGA-II),29,137.62105263157895,174.0
tic_tac_toe,GA (NSGA-II),30,125.25263157894737,174.0
tic_tac_toe,"GA (NSGA-II, archived)",1,123.90625,174.0
tic_tac_toe,"GA (NSGA-II, archived)",2,124.05208333333333,174.0
tic_tac_toe,"GA (NSGA-II, archived)",3,127.53125,174.0
tic_tac_toe,"GA (NSGA-II, archived)",4,132.6875,174.0
tic_tac_toe,"GA (NSGA-II, archived)",5,132.39583333333334,174.0
tic_tac_toe,"GA (NSGA-II, archived)",6,145.93749999999997,174.0
tic_tac_toe,"GA (NSGA-II, archived)",7,116.96875,174.0
tic_tac_toe,"GA (NSGA-II, archived)",8,118.77083333333333,174.0
tic_tac_toe,"GA (NSGA-II, archived)",9,119.83157894736843,174.0
tic_tac_toe,"GA (NSGA-II, archived)",10,137.34736842105264,174.0
tic_tac_toe,"GA (NSGA-II, archived)",11,125.79166666666666,174.0
tic_tac_toe,"GA (NSGA-II, archived)",12,130.80208333333331,174.0
tic_tac_toe,"GA (NSGA-II, archived)",13,125.375,174.0
tic_tac_toe,"GA (NSGA-II, archived)",14,141.26041666666666,174.0
tic_tac_toe,"GA (NSGA-II, archived)",15,139.9375,174.0
tic_tac_toe,"GA (NSGA-II, archived)",16,125.70833333333333,174.0
tic_tac_toe,"GA (NSGA-II, archived)",17,118.77083333333333,174.0
tic_tac_toe,"GA (NSGA-II, archived)",18,132.1875,174.0
tic_tac_toe,"GA (NSGA-II, archived)",19,135.31578947368422,174.0
tic_tac_toe,"GA (NSGA-II, archived)",20,132.26315789473682,174.0
tic_tac_toe,"GA (NSGA-II, archived)",21,123.98958333333334,174.0
tic_tac_toe,"GA (NSGA-II, archived)",22,137.59375,174.0
tic_tac_toe,"GA (NSGA-II, archived)",23,139.64583333333334,174.0
tic_tac_toe,"GA (NSGA-II, archived)",24,118.6875,174.0
tic_tac_toe,"GA (NSGA-II, archived)",25,130.84375,174.0
tic_tac_toe,"GA (NSGA-II, archived)",26,133.63541666666666,174.0
tic_tac_toe,"GA (NSGA-II, archived)",27,132.6875,174.0
tic_tac_toe,"GA (NSGA-II, archived)",28,127.30208333333334,174.0
tic_tac_toe,"GA (NSGA-II, archived)",29,142.6842105263158,174.0
tic_tac_toe,"GA (NSGA-II, archived)",30,118.17894736842105,174.0
tic_tac_toe,Random Search,1,125.08333333333333,174.0
tic_tac_toe,Random Search,2,117.01041666666667,174.0
tic_tac_toe,Random Search,3,132.66666666666669,174.0
tic_tac_toe,Random Search,4,139.39583333333334,174.0
tic_tac_toe,Random Search,5,127.61458333333334,174.0
tic_tac_toe,Random Search,6,137.05208333333334,174.0
tic_tac_toe,Random Search,7,121.95833333333333,174.0
tic_tac_toe,Random Search,8,130.44791666666663,174.0
tic_tac_toe,Random Search,9,135.3578947368421,174.0
tic_tac_toe,Random Search,10,129.9578947368421,174.0
tic_tac_toe,Random Search,11,125.33333333333333,174.0
tic_tac_toe,Random Search,12,125.6875,174.0
tic_tac_toe,Random Search,13,129.05208333333334,174.0
tic_tac_toe,Random Search,14,141.625,174.0
tic_tac_toe,Random Search,15,145.86458333333331,174.0
tic_tac_toe,Random Search,16,121.91666666666667,174.0
tic_tac_toe,Random Search,17,123.86458333333333,174.0
tic_tac_toe,Random Search,18,120.15625,174.0
tic_tac_toe,Random Search,19,130.63157894736844,174.0
tic_tac_toe,Random Search,20,116.46315789473684,174.0
tic_tac_toe,Random Search,21,132.5625,174.0
tic_tac_toe,Random Search,22,126.57291666666667,174.0
tic_tac_toe,Random Search,23,132.89583333333334,174.0
tic_tac_toe,Random Search,24,120.07291666666666,174.0
tic_tac_toe,Random Search,25,130.96875,174.0
tic_tac_toe,Random Search,26,126.63541666666667,174.0
tic_tac_toe,Random Search,27,138.97916666666666,174.0
tic_tac_toe,Random Search,28,127.91666666666666,174.0
tic_tac_toe,Random Search,29,131.9473684210526,174.0
tic_tac_toe,Random Search,30,119.66315789473684,174.0
vehicle,CART (ccp path),1,98.57647058823528,154.0
vehicle,CART (ccp path),2,102.65882352941176,154.0
vehicle,CART (ccp path),3,106.15294117647059,154.0
vehicle,CART (ccp path),4,101.36470588235295,154.0
vehicle,CART (ccp path),5,97.21176470588235,154.0
vehicle,CART (ccp path),6,110.95294117647059,154.0
vehicle,CART (ccp path),7,107.98809523809524,154.0
vehicle,CART (ccp path),8,101.04761904761904,154.0
vehicle,CART (ccp path),9,102.44047619047619,154.0
vehicle,CART (ccp path),10,102.7857142857143,154.0
vehicle,CART (ccp path),11,106.65882352941176,154.0
vehicle,CART (ccp path),12,103.51764705882351,154.0
vehicle,CART (ccp path),13,111.38823529411765,154.0
vehicle,CART (ccp path),14,94.64705882352942,154.0
vehicle,CART (ccp path),15,96.67058823529412,154.0
vehicle,CART (ccp path),16,96.09411764705881,154.0
vehicle,CART (ccp path),17,97.8452380952381,154.0
vehicle,CART (ccp path),18,104.23809523809524,154.0
vehicle,CART (ccp path),19,102.90476190476191,154.0
vehicle,CART (ccp path),20,99.53571428571428,154.0
vehicle,CART (ccp path),21,97.83529411764705,154.0
vehicle,CART (ccp path),22,96.48235294117647,154.0
vehicle,CART (ccp path),23,109.91764705882352,154.0
vehicle,CART (ccp path),24,101.89411764705883,154.0
vehicle,CART (ccp path),25,108.70588235294119,154.0
vehicle,CART (ccp path),26,109.35294117647058,154.0
vehicle,CART (ccp path),27,115.39285714285714,154.0
vehicle,CART (ccp path),28,101.85714285714285,154.0
vehicle,CART (ccp path),29,100.83333333333336,154.0
vehicle,CART (ccp path),30,104.54761904761907,154.0
vehicle,"CART (ccp path, depth-capped)",1,101.16470588235295,154.0
vehicle,"CART (ccp path, depth-capped)",2,103.96470588235294,154.0
vehicle,"CART (ccp path, depth-capped)",3,107.18823529411765,154.0
vehicle,"CART (ccp path, depth-capped)",4,107.12941176470586,154.0
vehicle,"CART (ccp path, depth-capped)",5,96.41176470588235,154.0
vehicle,"CART (ccp path, depth-capped)",6,107.25882352941177,154.0
vehicle,"CART (ccp path, depth-capped)",7,106.2857142857143,154.0
vehicle,"CART (ccp path, depth-capped)",8,99.73809523809524,154.0
vehicle,"CART (ccp path, depth-capped)",9,102.48809523809524,154.0
vehicle,"CART (ccp path, depth-capped)",10,105.27380952380952,154.0
vehicle,"CART (ccp path, depth-capped)",11,108.63529411764705,154.0
vehicle,"CART (ccp path, depth-capped)",12,104.84705882352941,154.0
vehicle,"CART (ccp path, depth-capped)",13,114.82352941176472,154.0
vehicle,"CART (ccp path, depth-capped)",14,96.07058823529411,154.0
vehicle,"CART (ccp path, depth-capped)",15,95.74117647058823,154.0
vehicle,"CART (ccp path, depth-capped)",16,99.74117647058824,154.0
vehicle,"CART (ccp path, depth-capped)",17,95.48809523809524,154.0
vehicle,"CART (ccp path, depth-capped)",18,104.91666666666667,154.0
vehicle,"CART (ccp path, depth-capped)",19,104.08333333333331,154.0
vehicle,"CART (ccp path, depth-capped)",20,102.67857142857142,154.0
vehicle,"CART (ccp path, depth-capped)",21,97.4470588235294,154.0
vehicle,"CART (ccp path, depth-capped)",22,99.0235294117647,154.0
vehicle,"CART (ccp path, depth-capped)",23,107.60000000000002,154.0
vehicle,"CART (ccp path, depth-capped)",24,106.51764705882353,154.0
vehicle,"CART (ccp path, depth-capped)",25,107.02352941176471,154.0
vehicle,"CART (ccp path, depth-capped)",26,110.85882352941177,154.0
vehicle,"CART (ccp path, depth-capped)",27,110.57142857142856,154.0
vehicle,"CART (ccp path, depth-capped)",28,105.39285714285714,154.0
vehicle,"CART (ccp path, depth-capped)",29,108.60714285714286,154.0
vehicle,"CART (ccp path, depth-capped)",30,105.05952380952381,154.0
vehicle,GA (NSGA-II),1,90.34117647058824,154.0
vehicle,GA (NSGA-II),2,103.94117647058823,154.0
vehicle,GA (NSGA-II),3,97.18823529411766,154.0
vehicle,GA (NSGA-II),4,95.94117647058825,154.0
vehicle,GA (NSGA-II),5,72.78823529411765,154.0
vehicle,GA (NSGA-II),6,97.07058823529412,154.0
vehicle,GA (NSGA-II),7,86.0,154.0
vehicle,GA (NSGA-II),8,91.20238095238095,154.0
vehicle,GA (NSGA-II),9,93.19047619047618,154.0
vehicle,GA (NSGA-II),10,108.29761904761905,154.0
vehicle,GA (NSGA-II),11,86.15294117647056,154.0
vehicle,GA (NSGA-II),12,83.44705882352942,154.0
vehicle,GA (NSGA-II),13,98.72941176470589,154.0
vehicle,GA (NSGA-II),14,88.70588235294117,154.0
vehicle,GA (NSGA-II),15,86.36470588235294,154.0
vehicle,GA (NSGA-II),16,94.79999999999998,154.0
vehicle,GA (NSGA-II),17,88.01190476190476,154.0
vehicle,GA (NSGA-II),18,82.50000000000001,154.0
vehicle,GA (NSGA-II),19,86.42857142857142,154.0
vehicle,GA (NSGA-II),20,100.07142857142857,154.0
vehicle,GA (NSGA-II),21,92.00000000000001,154.0
vehicle,GA (NSGA-II),22,76.67058823529412,154.0
vehicle,GA (NSGA-II),23,90.63529411764706,154.0
vehicle,GA (NSGA-II),24,79.25882352941177,154.0
vehicle,GA (NSGA-II),25,95.45882352941176,154.0
vehicle,GA (NSGA-II),26,106.78823529411764,154.0
vehicle,GA (NSGA-II),27,94.79761904761905,154.0
vehicle,GA (NSGA-II),28,91.44047619047618,154.0
vehicle,GA (NSGA-II),29,86.09523809523809,154.0
vehicle,GA (NSGA-II),30,98.9285714285714,154.0
vehicle,"GA (NSGA-II, archived)",1,93.72941176470589,154.0
vehicle,"GA (NSGA-II, archived)",2,86.6470588235294,154.0
vehicle,"GA (NSGA-II, archived)",3,83.3294117647059,154.0
vehicle,"GA (NSGA-II, archived)",4,86.62352941176471,154.0
vehicle,"GA (NSGA-II, archived)",5,92.11764705882354,154.0
vehicle,"GA (NSGA-II, archived)",6,86.78823529411764,154.0
vehicle,"GA (NSGA-II, archived)",7,95.13095238095238,154.0
vehicle,"GA (NSGA-II, archived)",8,92.80952380952382,154.0
vehicle,"GA (NSGA-II, archived)",9,101.67857142857144,154.0
vehicle,"GA (NSGA-II, archived)",10,93.1904761904762,154.0
vehicle,"GA (NSGA-II, archived)",11,89.98823529411763,154.0
vehicle,"GA (NSGA-II, archived)",12,90.2235294117647,154.0
vehicle,"GA (NSGA-II, archived)",13,92.23529411764706,154.0
vehicle,"GA (NSGA-II, archived)",14,93.31764705882351,154.0
vehicle,"GA (NSGA-II, archived)",15,92.74117647058824,154.0
vehicle,"GA (NSGA-II, archived)",16,96.92941176470589,154.0
vehicle,"GA (NSGA-II, archived)",17,92.09523809523812,154.0
vehicle,"GA (NSGA-II, archived)",18,91.2738095238095,154.0
vehicle,"GA (NSGA-II, archived)",19,93.09523809523812,154.0
vehicle,"GA (NSGA-II, archived)",20,82.38095238095241,154.0
vehicle,"GA (NSGA-II, archived)",21,95.31764705882352,154.0
vehicle,"GA (NSGA-II, archived)",22,95.52941176470588,154.0
vehicle,"GA (NSGA-II, archived)",23,93.87058823529412,154.0
vehicle,"GA (NSGA-II, archived)",24,74.72941176470587,154.0
vehicle,"GA (NSGA-II, archived)",25,79.8235294117647,154.0
vehicle,"GA (NSGA-II, archived)",26,93.91764705882352,154.0
vehicle,"GA (NSGA-II, archived)",27,89.33333333333333,154.0
vehicle,"GA (NSGA-II, archived)",28,89.16666666666666,154.0
vehicle,"GA (NSGA-II, archived)",29,87.79761904761905,154.0
vehicle,"GA (NSGA-II, archived)",30,82.73809523809524,154.0
vehicle,Random Search,1,89.25882352941176,154.0
vehicle,Random Search,2,88.56470588235294,154.0
vehicle,Random Search,3,82.91764705882352,154.0
vehicle,Random Search,4,90.69411764705883,154.0
vehicle,Random Search,5,84.68235294117648,154.0
vehicle,Random Search,6,94.17647058823529,154.0
vehicle,Random Search,7,100.64285714285714,154.0
vehicle,Random Search,8,89.75,154.0
vehicle,Random Search,9,81.52380952380952,154.0
vehicle,Random Search,10,86.29761904761907,154.0
vehicle,Random Search,11,93.94117647058823,154.0
vehicle,Random Search,12,85.70588235294116,154.0
vehicle,Random Search,13,90.70588235294119,154.0
vehicle,Random Search,14,83.27058823529411,154.0
vehicle,Random Search,15,78.17647058823529,154.0
vehicle,Random Search,16,90.87058823529411,154.0
vehicle,Random Search,17,84.42857142857142,154.0
vehicle,Random Search,18,82.44047619047619,154.0
vehicle,Random Search,19,88.4047619047619,154.0
vehicle,Random Search,20,91.49999999999999,154.0
vehicle,Random Search,21,83.84705882352941,154.0
vehicle,Random Search,22,84.51764705882353,154.0
vehicle,Random Search,23,89.21176470588235,154.0
vehicle,Random Search,24,79.12941176470588,154.0
vehicle,Random Search,25,92.95294117647059,154.0
vehicle,Random Search,26,91.70588235294119,154.0
vehicle,Random Search,27,98.48809523809524,154.0
vehicle,Random Search,28,79.84523809523809,154.0
vehicle,Random Search,29,84.36904761904763,154.0
vehicle,Random Search,30,93.45238095238096,154.0
vowel,CART (ccp path),1,126.26262626262626,188.0
vowel,CART (ccp path),2,112.80808080808082,188.0
vowel,CART (ccp path),3,116.24242424242424,188.0
vowel,CART (ccp path),4,114.68686868686869,188.0
vowel,CART (ccp path),5,121.37373737373738,188.0
vowel,CART (ccp path),6,111.84848484848484,188.0
vowel,CART (ccp path),7,116.18181818181817,188.0
vowel,CART (ccp path),8,114.74747474747475,188.0
vowel,CART (ccp path),9,106.8888888888889,188.0
vowel,CART (ccp path),10,122.56565656565658,188.0
vowel,CART (ccp path),11,113.74747474747477,188.0
vowel,CART (ccp path),12,116.46464646464646,188.0
vowel,CART (ccp path),13,118.17171717171716,188.0
vowel,CART (ccp path),14,112.26262626262626,188.0
vowel,CART (ccp path),15,119.68686868686868,188.0
vowel,CART (ccp path),16,130.75757575757578,188.0
vowel,CART (ccp path),17,113.82828282828284,188.0
vowel,CART (ccp path),18,116.3232323232323,188.0
vowel,CART (ccp path),19,116.52525252525254,188.0
vowel,CART (ccp path),20,112.62626262626264,188.0
vowel,CART (ccp path),21,118.05050505050505,188.0
vowel,CART (ccp path),22,115.48484848484846,188.0
vowel,CART (ccp path),23,116.24242424242425,188.0
vowel,CART (ccp path),24,107.53535353535354,188.0
vowel,CART (ccp path),25,116.37373737373738,188.0
vowel,CART (ccp path),26,116.31313131313132,188.0
vowel,CART (ccp path),27,115.28282828282829,188.0
vowel,CART (ccp path),28,117.03030303030303,188.0
vowel,CART (ccp path),29,119.56565656565658,188.0
vowel,CART (ccp path),30,124.23232323232324,188.0
vowel,"CART (ccp path, depth-capped)",1,128.04040404040404,188.0
vowel,"CART (ccp path, depth-capped)",2,97.8989898989899,188.0
vowel,"CART (ccp path, depth-capped)",3,116.96969696969697,188.0
vowel,"CART (ccp path, depth-capped)",4,103.56565656565658,188.0
vowel,"CART (ccp path, depth-capped)",5,107.95959595959599,188.0
vowel,"CART (ccp path, depth-capped)",6,103.5050505050505,188.0
vowel,"CART (ccp path, depth-capped)",7,101.43434343434343,188.0
vowel,"CART (ccp path, depth-capped)",8,105.6060606060606,188.0
vowel,"CART (ccp path, depth-capped)",9,105.7878787878788,188.0
vowel,"CART (ccp path, depth-capped)",10,119.64646464646468,188.0
vowel,"CART (ccp path, depth-capped)",11,107.93939393939394,188.0
vowel,"CART (ccp path, depth-capped)",12,112.19191919191921,188.0
vowel,"CART (ccp path, depth-capped)",13,108.00000000000001,188.0
vowel,"CART (ccp path, depth-capped)",14,108.59595959595958,188.0
vowel,"CART (ccp path, depth-capped)",15,110.15151515151516,188.0
vowel,"CART (ccp path, depth-capped)",16,125.85858585858585,188.0
vowel,"CART (ccp path, depth-capped)",17,103.82828282828281,188.0
vowel,"CART (ccp path, depth-capped)",18,107.43434343434343,188.0
vowel,"CART (ccp path, depth-capped)",19,109.14141414141415,188.0
vowel,"CART (ccp path, depth-capped)",20,109.56565656565658,188.0
vowel,"CART (ccp path, depth-capped)",21,112.5656565656566,188.0
vowel,"CART (ccp path, depth-capped)",22,106.14141414141415,188.0
vowel,"CART (ccp path, depth-capped)",23,105.86868686868686,188.0
vowel,"CART (ccp path, depth-capped)",24,103.85858585858585,188.0
vowel,"CART (ccp path, depth-capped)",25,109.12121212121214,188.0
vowel,"CART (ccp path, depth-capped)",26,113.65656565656563,188.0
vowel,"CART (ccp path, depth-capped)",27,97.12121212121214,188.0
vowel,"CART (ccp path, depth-capped)",28,104.84848484848487,188.0
vowel,"CART (ccp path, depth-capped)",29,118.08080808080807,188.0
vowel,"CART (ccp path, depth-capped)",30,121.14141414141413,188.0
vowel,GA (NSGA-II),1,76.86868686868686,188.0
vowel,GA (NSGA-II),2,64.83838383838383,188.0
vowel,GA (NSGA-II),3,69.87878787878788,188.0
vowel,GA (NSGA-II),4,73.29292929292929,188.0
vowel,GA (NSGA-II),5,63.17171717171717,188.0
vowel,GA (NSGA-II),6,62.42424242424242,188.0
vowel,GA (NSGA-II),7,68.43434343434342,188.0
vowel,GA (NSGA-II),8,68.0909090909091,188.0
vowel,GA (NSGA-II),9,60.35353535353534,188.0
vowel,GA (NSGA-II),10,75.08080808080807,188.0
vowel,GA (NSGA-II),11,63.030303030303024,188.0
vowel,GA (NSGA-II),12,63.03030303030303,188.0
vowel,GA (NSGA-II),13,82.55555555555554,188.0
vowel,GA (NSGA-II),14,66.020202020202,188.0
vowel,GA (NSGA-II),15,64.6161616161616,188.0
vowel,GA (NSGA-II),16,64.13131313131312,188.0
vowel,GA (NSGA-II),17,55.93939393939393,188.0
vowel,GA (NSGA-II),18,68.2121212121212,188.0
vowel,GA (NSGA-II),19,78.4949494949495,188.0
vowel,GA (NSGA-II),20,67.28282828282828,188.0
vowel,GA (NSGA-II),21,77.26262626262626,188.0
vowel,GA (NSGA-II),22,66.22222222222221,188.0
vowel,GA (NSGA-II),23,61.91919191919191,188.0
vowel,GA (NSGA-II),24,59.29292929292929,188.0
vowel,GA (NSGA-II),25,73.19191919191918,188.0
vowel,GA (NSGA-II),26,78.49494949494948,188.0
vowel,GA (NSGA-II),27,59.55555555555555,188.0
vowel,GA (NSGA-II),28,74.15151515151514,188.0
vowel,GA (NSGA-II),29,61.060606060606055,188.0
vowel,GA (NSGA-II),30,60.91919191919191,188.0
vowel,"GA (NSGA-II, archived)",1,61.080808080808076,188.0
vowel,"GA (NSGA-II, archived)",2,63.7070707070707,188.0
vowel,"GA (NSGA-II, archived)",3,87.77777777777776,188.0
vowel,"GA (NSGA-II, archived)",4,64.73737373737373,188.0
vowel,"GA (NSGA-II, archived)",5,64.1111111111111,188.0
vowel,"GA (NSGA-II, archived)",6,59.31313131313131,188.0
vowel,"GA (NSGA-II, archived)",7,78.6060606060606,188.0
vowel,"GA (NSGA-II, archived)",8,64.75757575757575,188.0
vowel,"GA (NSGA-II, archived)",9,71.5050505050505,188.0
vowel,"GA (NSGA-II, archived)",10,74.6161616161616,188.0
vowel,"GA (NSGA-II, archived)",11,77.41414141414141,188.0
vowel,"GA (NSGA-II, archived)",12,75.64646464646464,188.0
vowel,"GA (NSGA-II, archived)",13,74.85858585858584,188.0
vowel,"GA (NSGA-II, archived)",14,69.93939393939394,188.0
vowel,"GA (NSGA-II, archived)",15,81.94949494949493,188.0
vowel,"GA (NSGA-II, archived)",16,62.32323232323232,188.0
vowel,"GA (NSGA-II, archived)",17,67.38383838383838,188.0
vowel,"GA (NSGA-II, archived)",18,62.34343434343434,188.0
vowel,"GA (NSGA-II, archived)",19,71.88888888888889,188.0
vowel,"GA (NSGA-II, archived)",20,62.96969696969697,188.0
vowel,"GA (NSGA-II, archived)",21,69.77777777777779,188.0
vowel,"GA (NSGA-II, archived)",22,57.48484848484848,188.0
vowel,"GA (NSGA-II, archived)",23,71.1010101010101,188.0
vowel,"GA (NSGA-II, archived)",24,58.92929292929293,188.0
vowel,"GA (NSGA-II, archived)",25,81.36363636363636,188.0
vowel,"GA (NSGA-II, archived)",26,71.1010101010101,188.0
vowel,"GA (NSGA-II, archived)",27,81.3030303030303,188.0
vowel,"GA (NSGA-II, archived)",28,69.23232323232322,188.0
vowel,"GA (NSGA-II, archived)",29,83.81818181818181,188.0
vowel,"GA (NSGA-II, archived)",30,53.626262626262616,188.0
vowel,Random Search,1,63.090909090909086,188.0
vowel,Random Search,2,67.25252525252525,188.0
vowel,Random Search,3,59.96969696969696,188.0
vowel,Random Search,4,64.26262626262626,188.0
vowel,Random Search,5,66.16161616161615,188.0
vowel,Random Search,6,61.75757575757576,188.0
vowel,Random Search,7,69.78787878787877,188.0
vowel,Random Search,8,60.79797979797979,188.0
vowel,Random Search,9,60.71717171717171,188.0
vowel,Random Search,10,65.43434343434343,188.0
vowel,Random Search,11,66.29292929292929,188.0
vowel,Random Search,12,56.777777777777764,188.0
vowel,Random Search,13,67.020202020202,188.0
vowel,Random Search,14,69.82828282828282,188.0
vowel,Random Search,15,66.62626262626263,188.0
vowel,Random Search,16,62.22222222222222,188.0
vowel,Random Search,17,63.12121212121211,188.0
vowel,Random Search,18,61.696969696969695,188.0
vowel,Random Search,19,60.888888888888886,188.0
vowel,Random Search,20,64.07070707070706,188.0
vowel,Random Search,21,58.262626262626256,188.0
vowel,Random Search,22,55.898989898989896,188.0
vowel,Random Search,23,75.17171717171718,188.0
vowel,Random Search,24,64.66666666666666,188.0
vowel,Random Search,25,65.68686868686868,188.0
vowel,Random Search,26,81.32323232323233,188.0
vowel,Random Search,27,60.151515151515156,188.0
vowel,Random Search,28,62.616161616161605,188.0
vowel,Random Search,29,67.67676767676768,188.0
vowel,Random Search,30,65.38383838383838,188.0
wdbc,CART (ccp path),1,39.45614035087719,44.0
wdbc,CART (ccp path),2,40.2280701754386,44.0
wdbc,CART (ccp path),3,41.12280701754386,44.0
wdbc,CART (ccp path),4,40.122807017543856,44.0
wdbc,CART (ccp path),5,39.473684210526315,44.0
wdbc,CART (ccp path),6,39.315789473684205,44.0
wdbc,CART (ccp path),7,39.94736842105263,44.0
wdbc,CART (ccp path),8,40.71929824561404,44.0
wdbc,CART (ccp path),9,37.87719298245614,44.0
wdbc,CART (ccp path),10,37.089285714285715,44.0
wdbc,CART (ccp path),11,39.070175438596486,44.0
wdbc,CART (ccp path),12,39.89473684210526,44.0
wdbc,CART (ccp path),13,40.438596491228076,44.0
wdbc,CART (ccp path),14,39.84210526315789,44.0
wdbc,CART (ccp path),15,39.98245614035088,44.0
wdbc,CART (ccp path),16,40.1578947368421,44.0
wdbc,CART (ccp path),17,38.78947368421053,44.0
wdbc,CART (ccp path),18,39.21052631578948,44.0
wdbc,CART (ccp path),19,35.98245614035088,44.0
wdbc,CART (ccp path),20,41.30357142857143,44.0
wdbc,CART (ccp path),21,37.66666666666667,44.0
wdbc,CART (ccp path),22,38.929824561403514,44.0
wdbc,CART (ccp path),23,40.68421052631579,44.0
wdbc,CART (ccp path),24,39.0,44.0
wdbc,CART (ccp path),25,40.6140350877193,44.0
wdbc,CART (ccp path),26,40.64912280701755,44.0
wdbc,CART (ccp path),27,38.78947368421053,44.0
wdbc,CART (ccp path),28,38.280701754385966,44.0
wdbc,CART (ccp path),29,39.438596491228076,44.0
wdbc,CART (ccp path),30,40.73214285714286,44.0
wdbc,"CART (ccp path, depth-capped)",1,39.01754385964912,44.0
wdbc,"CART (ccp path, depth-capped)",2,40.228070175438596,44.0
wdbc,"CART (ccp path, depth-capped)",3,40.614035087719294,44.0
wdbc,"CART (ccp path, depth-capped)",4,40.12280701754386,44.0
wdbc,"CART (ccp path, depth-capped)",5,39.473684210526315,44.0
wdbc,"CART (ccp path, depth-capped)",6,38.78947368421053,44.0
wdbc,"CART (ccp path, depth-capped)",7,39.94736842105263,44.0
wdbc,"CART (ccp path, depth-capped)",8,40.719298245614034,44.0
wdbc,"CART (ccp path, depth-capped)",9,39.10526315789473,44.0
wdbc,"CART (ccp path, depth-capped)",10,37.089285714285715,44.0
wdbc,"CART (ccp path, depth-capped)",11,39.070175438596486,44.0
wdbc,"CART (ccp path, depth-capped)",12,39.89473684210525,44.0
wdbc,"CART (ccp path, depth-capped)",13,39.94736842105263,44.0
wdbc,"CART (ccp path, depth-capped)",14,39.017543859649116,44.0
wdbc,"CART (ccp path, depth-capped)",15,39.98245614035088,44.0
wdbc,"CART (ccp path, depth-capped)",16,40.1578947368421,44.0
wdbc,"CART (ccp path, depth-capped)",17,38.78947368421053,44.0
wdbc,"CART (ccp path, depth-capped)",18,39.21052631578947,44.0
wdbc,"CART (ccp path, depth-capped)",19,35.98245614035088,44.0
wdbc,"CART (ccp path, depth-capped)",20,40.80357142857143,44.0
wdbc,"CART (ccp path, depth-capped)",21,37.66666666666667,44.0
wdbc,"CART (ccp path, depth-capped)",22,38.473684210526315,44.0
wdbc,"CART (ccp path, depth-capped)",23,40.68421052631579,44.0
wdbc,"CART (ccp path, depth-capped)",24,38.99999999999999,44.0
wdbc,"CART (ccp path, depth-capped)",25,40.10526315789473,44.0
wdbc,"CART (ccp path, depth-capped)",26,40.01754385964912,44.0
wdbc,"CART (ccp path, depth-capped)",27,38.78947368421053,44.0
wdbc,"CART (ccp path, depth-capped)",28,38.280701754385966,44.0
wdbc,"CART (ccp path, depth-capped)",29,39.43859649122807,44.0
wdbc,"CART (ccp path, depth-capped)",30,40.732142857142854,44.0
wdbc,GA (NSGA-II),1,37.19298245614035,44.0
wdbc,GA (NSGA-II),2,38.631578947368425,44.0
wdbc,GA (NSGA-II),3,39.3859649122807,44.0
wdbc,GA (NSGA-II),4,40.10526315789474,44.0
wdbc,GA (NSGA-II),5,41.36842105263158,44.0
wdbc,GA (NSGA-II),6,41.26315789473685,44.0
wdbc,GA (NSGA-II),7,40.03508771929825,44.0
wdbc,GA (NSGA-II),8,40.03508771929825,44.0
wdbc,GA (NSGA-II),9,37.877192982456144,44.0
wdbc,GA (NSGA-II),10,37.82142857142858,44.0
wdbc,GA (NSGA-II),11,39.89473684210527,44.0
wdbc,GA (NSGA-II),12,38.631578947368425,44.0
wdbc,GA (NSGA-II),13,40.82456140350877,44.0
wdbc,GA (NSGA-II),14,38.59649122807018,44.0
wdbc,GA (NSGA-II),15,40.82456140350877,44.0
wdbc,GA (NSGA-II),16,40.82456140350877,44.0
wdbc,GA (NSGA-II),17,38.66666666666667,44.0
wdbc,GA (NSGA-II),18,40.10526315789474,44.0
wdbc,GA (NSGA-II),19,37.70175438596491,44.0
wdbc,GA (NSGA-II),20,42.07142857142857,44.0
wdbc,GA (NSGA-II),21,37.08771929824562,44.0
wdbc,GA (NSGA-II),22,39.92982456140351,44.0
wdbc,GA (NSGA-II),23,41.33333333333333,44.0
wdbc,GA (NSGA-II),24,37.91228070175439,44.0
wdbc,GA (NSGA-II),25,40.10526315789474,44.0
wdbc,GA (NSGA-II),26,40.10526315789474,44.0
wdbc,GA (NSGA-II),27,39.3859649122807,44.0
wdbc,GA (NSGA-II),28,38.66666666666667,44.0
wdbc,GA (NSGA-II),29,39.3859649122807,44.0
wdbc,GA (NSGA-II),30,40.78571428571429,44.0
wdbc,"GA (NSGA-II, archived)",1,39.14035087719298,44.0
wdbc,"GA (NSGA-II, archived)",2,35.75438596491228,44.0
wdbc,"GA (NSGA-II, archived)",3,39.35087719298246,44.0
wdbc,"GA (NSGA-II, archived)",4,39.315789473684205,44.0
wdbc,"GA (NSGA-II, archived)",5,38.66666666666667,44.0
wdbc,"GA (NSGA-II, archived)",6,40.82456140350877,44.0
wdbc,"GA (NSGA-II, archived)",7,38.66666666666667,44.0
wdbc,"GA (NSGA-II, archived)",8,37.84210526315789,44.0
wdbc,"GA (NSGA-II, archived)",9,37.228070175438596,44.0
wdbc,"GA (NSGA-II, archived)",10,36.39285714285714,44.0
wdbc,"GA (NSGA-II, archived)",11,39.85964912280702,44.0
wdbc,"GA (NSGA-II, archived)",12,38.631578947368425,44.0
wdbc,"GA (NSGA-II, archived)",13,40.10526315789474,44.0
wdbc,"GA (NSGA-II, archived)",14,37.91228070175439,44.0
wdbc,"GA (NSGA-II, archived)",15,38.59649122807018,44.0
wdbc,"GA (NSGA-II, archived)",16,40.78947368421053,44.0
wdbc,"GA (NSGA-II, archived)",17,38.56140350877193,44.0
wdbc,"GA (NSGA-II, archived)",18,40.614035087719294,44.0
wdbc,"GA (NSGA-II, archived)",19,36.473684210526315,44.0
wdbc,"GA (NSGA-II, archived)",20,41.375,44.0
wdbc,"GA (NSGA-II, archived)",21,37.561403508771924,44.0
wdbc,"GA (NSGA-II, archived)",22,38.59649122807018,44.0
wdbc,"GA (NSGA-II, archived)",23,41.36842105263158,44.0
wdbc,"GA (NSGA-II, archived)",24,38.82456140350877,44.0
wdbc,"GA (NSGA-II, archived)",25,40.07017543859649,44.0
wdbc,"GA (NSGA-II, archived)",26,40.07017543859649,44.0
wdbc,"GA (NSGA-II, archived)",27,37.666666666666664,44.0
wdbc,"GA (NSGA-II, archived)",28,39.315789473684205,44.0
wdbc,"GA (NSGA-II, archived)",29,38.66666666666667,44.0
wdbc,"GA (NSGA-II, archived)",30,39.982142857142854,44.0
wdbc,Random Search,1,40.07017543859649,44.0
wdbc,Random Search,2,38.89473684210526,44.0
wdbc,Random Search,3,40.192982456140356,44.0
wdbc,Random Search,4,39.35087719298246,44.0
wdbc,Random Search,5,39.105263157894726,44.0
wdbc,Random Search,6,39.56140350877193,44.0
wdbc,Random Search,7,39.31578947368421,44.0
wdbc,Random Search,8,37.94736842105263,44.0
wdbc,Random Search,9,36.89473684210526,44.0
wdbc,Random Search,10,36.39285714285714,44.0
wdbc,Random Search,11,39.35087719298245,44.0
wdbc,Random Search,12,38.631578947368425,44.0
wdbc,Random Search,13,39.3859649122807,44.0
wdbc,Random Search,14,37.280701754385966,44.0
wdbc,Random Search,15,39.3859649122807,44.0
wdbc,Random Search,16,40.982456140350884,44.0
wdbc,Random Search,17,39.3859649122807,44.0
wdbc,Random Search,18,38.3859649122807,44.0
wdbc,Random Search,19,35.07017543859649,44.0
wdbc,Random Search,20,39.92857142857143,44.0
wdbc,Random Search,21,36.333333333333336,44.0
wdbc,Random Search,22,39.35087719298245,44.0
wdbc,Random Search,23,40.64912280701755,44.0
wdbc,Random Search,24,37.45614035087719,44.0
wdbc,Random Search,25,41.54385964912281,44.0
wdbc,Random Search,26,40.10526315789474,44.0
wdbc,Random Search,27,39.96491228070176,44.0
wdbc,Random Search,28,40.10526315789474,44.0
wdbc,Random Search,29,39.47368421052632,44.0
wdbc,Random Search,30,39.32142857142857,44.0
