dataset,method,fold,accuracy,nodes
dresses_sales,"CART (ccp path, depth-capped)",1,0.58,1.0
dresses_sales,"CART (ccp path, depth-capped)",1,0.66,7.0
dresses_sales,"CART (ccp path, depth-capped)",2,0.58,1.0
dresses_sales,"CART (ccp path, depth-capped)",2,0.62,7.0
dresses_sales,"CART (ccp path, depth-capped)",2,0.64,31.0
dresses_sales,"CART (ccp path, depth-capped)",3,0.58,1.0
dresses_sales,"CART (ccp path, depth-capped)",4,0.58,1.0
dresses_sales,"CART (ccp path, depth-capped)",5,0.58,1.0
dresses_sales,"CART (ccp path, depth-capped)",5,0.6,7.0
dresses_sales,"CART (ccp path, depth-capped)",6,0.58,1.0
dresses_sales,"CART (ccp path, depth-capped)",6,0.6,31.0
dresses_sales,"CART (ccp path, depth-capped)",7,0.58,1.0
dresses_sales,"CART (ccp path, depth-capped)",7,0.6,7.0
dresses_sales,"CART (ccp path, depth-capped)",8,0.58,1.0
dresses_sales,"CART (ccp path, depth-capped)",8,0.6,25.0
dresses_sales,"CART (ccp path, depth-capped)",8,0.62,33.0
dresses_sales,"CART (ccp path, depth-capped)",9,0.58,1.0
dresses_sales,"CART (ccp path, depth-capped)",9,0.6,5.0
dresses_sales,"CART (ccp path, depth-capped)",9,0.66,9.0
dresses_sales,"CART (ccp path, depth-capped)",10,0.58,1.0
dresses_sales,"CART (ccp path, depth-capped)",10,0.66,15.0
dresses_sales,"CART (ccp path, depth-capped)",10,0.68,27.0
dresses_sales,"CART (ccp path, depth-capped)",11,0.58,1.0
dresses_sales,"CART (ccp path, depth-capped)",12,0.58,1.0
dresses_sales,"CART (ccp path, depth-capped)",12,0.62,5.0
dresses_sales,"CART (ccp path, depth-capped)",12,0.66,19.0
dresses_sales,"CART (ccp path, depth-capped)",12,0.74,23.0
dresses_sales,"CART (ccp path, depth-capped)",13,0.58,1.0
dresses_sales,"CART (ccp path, depth-capped)",14,0.58,1.0
dresses_sales,"CART (ccp path, depth-capped)",14,0.6,7.0
dresses_sales,"CART (ccp path, depth-capped)",14,0.62,27.0
dresses_sales,"CART (ccp path, depth-capped)",15,0.58,1.0
dresses_sales,"CART (ccp path, depth-capped)",15,0.64,7.0
dresses_sales,"CART (ccp path, depth-capped)",16,0.58,1.0
dresses_sales,"CART (ccp path, depth-capped)",17,0.58,1.0
dresses_sales,"CART (ccp path, depth-capped)",17,0.6,7.0
dresses_sales,"CART (ccp path, depth-capped)",17,0.62,17.0
dresses_sales,"CART (ccp path, depth-capped)",18,0.58,1.0
dresses_sales,"CART (ccp path, depth-capped)",19,0.58,1.0
dresses_sales,"CART (ccp path, depth-capped)",19,0.64,7.0
dresses_sales,"CART (ccp path, depth-capped)",19,0.66,23.0
dresses_sales,"CART (ccp path, depth-capped)",19,0.68,39.0
dresses_sales,"CART (ccp path, depth-capped)",19,0.7,43.0
dresses_sales,"CART (ccp path, depth-capped)",20,0.58,1.0
dresses_sales,"CART (ccp path, depth-capped)",21,0.58,1.0
dresses_sales,"CART (ccp path, depth-capped)",21,0.6,13.0
dresses_sales,"CART (ccp path, depth-capped)",22,0.58,1.0
dresses_sales,"CART (ccp path, depth-capped)",22,0.6,5.0
dresses_sales,"CART (ccp path, depth-capped)",22,0.66,9.0
dresses_sales,"CART (ccp path, depth-capped)",23,0.58,1.0
dresses_sales,"CART (ccp path, depth-capped)",23,0.6,57.0
dresses_sales,"CART (ccp path, depth-capped)",24,0.58,1.0
dresses_sales,"CART (ccp path, depth-capped)",24,0.68,15.0
dresses_sales,"CART (ccp path, depth-capped)",25,0.58,1.0
dresses_sales,"CART (ccp path, depth-capped)",26,0.58,1.0
dresses_sales,"CART (ccp path, depth-capped)",26,0.6,7.0
dresses_sales,"CART (ccp path, depth-capped)",27,0.58,1.0
dresses_sales,"CART (ccp path, depth-capped)",28,0.58,1.0
dresses_sales,"CART (ccp path, depth-capped)",29,0.58,1.0
dresses_sales,"CART (ccp path, depth-capped)",29,0.6,7.0
dresses_sales,"CART (ccp path, depth-capped)",30,0.58,1.0
dresses_sales,"CART (ccp path, depth-capped)",30,0.6,13.0
dresses_sales,"CART (ccp path, depth-capped)",30,0.62,35.0
kc2,"CART (ccp path, depth-capped)",1,0.7924528301886793,1.0
kc2,"CART (ccp path, depth-capped)",1,0.8490566037735849,5.0
kc2,"CART (ccp path, depth-capped)",1,0.8679245283018868,9.0
kc2,"CART (ccp path, depth-capped)",2,0.7924528301886793,1.0
kc2,"CART (ccp path, depth-capped)",2,0.8301886792452831,5.0
kc2,"CART (ccp path, depth-capped)",3,0.8076923076923077,1.0
kc2,"CART (ccp path, depth-capped)",3,0.9038461538461539,5.0
kc2,"CART (ccp path, depth-capped)",4,0.8076923076923077,1.0
kc2,"CART (ccp path, depth-capped)",4,0.8461538461538461,5.0
kc2,"CART (ccp path, depth-capped)",4,0.8653846153846154,15.0
kc2,"CART (ccp path, depth-capped)",4,0.8846153846153846,23.0
kc2,"CART (ccp path, depth-capped)",5,0.8076923076923077,1.0
kc2,"CART (ccp path, depth-capped)",5,0.8269230769230769,5.0
kc2,"CART (ccp path, depth-capped)",6,0.7884615384615384,1.0
kc2,"CART (ccp path, depth-capped)",6,0.8269230769230769,5.0
kc2,"CART (ccp path, depth-capped)",6,0.8461538461538461,11.0
kc2,"CART (ccp path, depth-capped)",7,0.7884615384615384,1.0
kc2,"CART (ccp path, depth-capped)",7,0.8846153846153846,5.0
kc2,"CART (ccp path, depth-capped)",8,0.7884615384615384,1.0
kc2,"CART (ccp path, depth-capped)",8,0.8269230769230769,5.0
kc2,"CART (ccp path, depth-capped)",8,0.8461538461538461,11.0
kc2,"CART (ccp path, depth-capped)",9,0.7884615384615384,1.0
kc2,"CART (ccp path, depth-capped)",9,0.8461538461538461,5.0
kc2,"CART (ccp path, depth-capped)",10,0.7884615384615384,1.0
kc2,"CART (ccp path, depth-capped)",10,0.8269230769230769,5.0
kc2,"CART (ccp path, depth-capped)",10,0.8653846153846154,17.0
kc2,"CART (ccp path, depth-capped)",11,0.7924528301886793,1.0
kc2,"CART (ccp path, depth-capped)",11,0.8113207547169812,5.0
kc2,"CART (ccp path, depth-capped)",12,0.7924528301886793,1.0
kc2,"CART (ccp path, depth-capped)",12,0.8867924528301887,5.0
kc2,"CART (ccp path, depth-capped)",13,0.8076923076923077,1.0
kc2,"CART (ccp path, depth-capped)",13,0.8461538461538461,5.0
kc2,"CART (ccp path, depth-capped)",13,0.8653846153846154,19.0
kc2,"CART (ccp path, depth-capped)",14,0.8076923076923077,1.0
kc2,"CART (ccp path, depth-capped)",14,0.8653846153846154,5.0
kc2,"CART (ccp path, depth-capped)",15,0.8076923076923077,1.0
kc2,"CART (ccp path, depth-capped)",15,0.8269230769230769,5.0
kc2,"CART (ccp path, depth-capped)",16,0.7884615384615384,1.0
kc2,"CART (ccp path, depth-capped)",16,0.8846153846153846,5.0
kc2,"CART (ccp path, depth-capped)",17,0.7884615384615384,1.0
kc2,"CART (ccp path, depth-capped)",17,0.8461538461538461,5.0
kc2,"CART (ccp path, depth-capped)",18,0.7884615384615384,1.0
kc2,"CART (ccp path, depth-capped)",18,0.8076923076923077,5.0
kc2,"CART (ccp path, depth-capped)",19,0.7884615384615384,1.0
kc2,"CART (ccp path, depth-capped)",19,0.8269230769230769,5.0
kc2,"CART (ccp path, depth-capped)",20,0.7884615384615384,1.0
kc2,"CART (ccp path, depth-capped)",20,0.8461538461538461,7.0
kc2,"CART (ccp path, depth-capped)",21,0.7924528301886793,1.0
kc2,"CART (ccp path, depth-capped)",21,0.8301886792452831,5.0
kc2,"CART (ccp path, depth-capped)",21,0.8490566037735849,35.0
kc2,"CART (ccp path, depth-capped)",22,0.7924528301886793,1.0
kc2,"CART (ccp path, depth-capped)",22,0.8490566037735849,5.0
kc2,"CART (ccp path, depth-capped)",23,0.8076923076923077,1.0
kc2,"CART (ccp path, depth-capped)",23,0.8269230769230769,5.0
kc2,"CART (ccp path, depth-capped)",24,0.8076923076923077,1.0
kc2,"CART (ccp path, depth-capped)",24,0.8461538461538461,5.0
kc2,"CART (ccp path, depth-capped)",24,0.8653846153846154,11.0
kc2,"CART (ccp path, depth-capped)",24,0.8846153846153846,19.0
kc2,"CART (ccp path, depth-capped)",25,0.8076923076923077,1.0
kc2,"CART (ccp path, depth-capped)",25,0.8653846153846154,5.0
kc2,"CART (ccp path, depth-capped)",25,0.8846153846153846,23.0
kc2,"CART (ccp path, depth-capped)",26,0.7884615384615384,1.0
kc2,"CART (ccp path, depth-capped)",26,0.8653846153846154,5.0
kc2,"CART (ccp path, depth-capped)",27,0.7884615384615384,1.0
kc2,"CART (ccp path, depth-capped)",27,0.8076923076923077,5.0
kc2,"CART (ccp path, depth-capped)",28,0.7884615384615384,1.0
kc2,"CART (ccp path, depth-capped)",28,0.8269230769230769,5.0
kc2,"CART (ccp path, depth-capped)",29,0.7884615384615384,1.0
kc2,"CART (ccp path, depth-capped)",29,0.8269230769230769,5.0
kc2,"CART (ccp path, depth-capped)",30,0.7884615384615384,1.0
kc2,"CART (ccp path, depth-capped)",30,0.8076923076923077,5.0
kc2,"CART (ccp path, depth-capped)",30,0.8461538461538461,19.0
climate_crashes,"CART (ccp path, depth-capped)",1,0.9259259259259259,1.0
climate_crashes,"CART (ccp path, depth-capped)",1,0.9629629629629629,15.0
climate_crashes,"CART (ccp path, depth-capped)",2,0.9259259259259259,1.0
climate_crashes,"CART (ccp path, depth-capped)",2,0.9629629629629629,7.0
climate_crashes,"CART (ccp path, depth-capped)",3,0.9259259259259259,1.0
climate_crashes,"CART (ccp path, depth-capped)",4,0.9259259259259259,1.0
climate_crashes,"CART (ccp path, depth-capped)",5,0.9074074074074074,1.0
climate_crashes,"CART (ccp path, depth-capped)",5,0.9259259259259259,9.0
climate_crashes,"CART (ccp path, depth-capped)",5,0.9629629629629629,13.0
climate_crashes,"CART (ccp path, depth-capped)",6,0.9074074074074074,1.0
climate_crashes,"CART (ccp path, depth-capped)",6,0.9629629629629629,7.0
climate_crashes,"CART (ccp path, depth-capped)",6,0.9814814814814815,13.0
climate_crashes,"CART (ccp path, depth-capped)",7,0.9074074074074074,1.0
climate_crashes,"CART (ccp path, depth-capped)",7,0.9259259259259259,13.0
climate_crashes,"CART (ccp path, depth-capped)",8,0.9074074074074074,1.0
climate_crashes,"CART (ccp path, depth-capped)",8,0.9259259259259259,23.0
climate_crashes,"CART (ccp path, depth-capped)",9,0.9074074074074074,1.0
climate_crashes,"CART (ccp path, depth-capped)",9,0.9259259259259259,9.0
climate_crashes,"CART (ccp path, depth-capped)",10,0.9074074074074074,1.0
climate_crashes,"CART (ccp path, depth-capped)",10,0.9259259259259259,5.0
climate_crashes,"CART (ccp path, depth-capped)",10,0.9444444444444444,7.0
climate_crashes,"CART (ccp path, depth-capped)",11,0.9259259259259259,1.0
climate_crashes,"CART (ccp path, depth-capped)",11,0.9444444444444444,13.0
climate_crashes,"CART (ccp path, depth-capped)",12,0.9259259259259259,1.0
climate_crashes,"CART (ccp path, depth-capped)",12,0.9444444444444444,13.0
climate_crashes,"CART (ccp path, depth-capped)",13,0.9259259259259259,1.0
climate_crashes,"CART (ccp path, depth-capped)",13,0.9444444444444444,11.0
climate_crashes,"CART (ccp path, depth-capped)",14,0.9259259259259259,1.0
climate_crashes,"CART (ccp path, depth-capped)",15,0.9074074074074074,1.0
climate_crashes,"CART (ccp path, depth-capped)",15,0.9259259259259259,21.0
climate_crashes,"CART (ccp path, depth-capped)",16,0.9074074074074074,1.0
climate_crashes,"CART (ccp path, depth-capped)",16,0.9259259259259259,7.0
climate_crashes,"CART (ccp path, depth-capped)",17,0.9074074074074074,1.0
climate_crashes,"CART (ccp path, depth-capped)",17,0.9259259259259259,7.0
climate_crashes,"CART (ccp path, depth-capped)",18,0.9074074074074074,1.0
climate_crashes,"CART (ccp path, depth-capped)",18,0.9444444444444444,9.0
climate_crashes,"CART (ccp path, depth-capped)",19,0.9074074074074074,1.0
climate_crashes,"CART (ccp path, depth-capped)",19,0.9629629629629629,7.0
climate_crashes,"CART (ccp path, depth-capped)",19,1.0,15.0
climate_crashes,"CART (ccp path, depth-capped)",20,0.9074074074074074,1.0
climate_crashes,"CART (ccp path, depth-capped)",21,0.9259259259259259,1.0
climate_crashes,"CART (ccp path, depth-capped)",21,0.9444444444444444,13.0
climate_crashes,"CART (ccp path, depth-capped)",22,0.9259259259259259,1.0
climate_crashes,"CART (ccp path, depth-capped)",22,0.9629629629629629,7.0
climate_crashes,"CART (ccp path, depth-capped)",23,0.9259259259259259,1.0
climate_crashes,"CART (ccp path, depth-capped)",23,0.9444444444444444,7.0
climate_crashes,"CART (ccp path, depth-capped)",23,0.9629629629629629,13.0
climate_crashes,"CART (ccp path, depth-capped)",24,0.9259259259259259,1.0
climate_crashes,"CART (ccp path, depth-capped)",25,0.9074074074074074,1.0
climate_crashes,"CART (ccp path, depth-capped)",25,0.9629629629629629,5.0
climate_crashes,"CART (ccp path, depth-capped)",26,0.9074074074074074,1.0
climate_crashes,"CART (ccp path, depth-capped)",26,0.9444444444444444,13.0
climate_crashes,"CART (ccp path, depth-capped)",26,0.9629629629629629,25.0
climate_crashes,"CART (ccp path, depth-capped)",27,0.9074074074074074,1.0
climate_crashes,"CART (ccp path, depth-capped)",28,0.9074074074074074,1.0
climate_crashes,"CART (ccp path, depth-capped)",28,0.9814814814814815,15.0
climate_crashes,"CART (ccp path, depth-capped)",29,0.9074074074074074,1.0
climate_crashes,"CART (ccp path, depth-capped)",29,0.9259259259259259,7.0
climate_crashes,"CART (ccp path, depth-capped)",30,0.9074074074074074,1.0
climate_crashes,"CART (ccp path, depth-capped)",30,0.9444444444444444,5.0
wdbc,"CART (ccp path, depth-capped)",1,0.6140350877192983,1.0
wdbc,"CART (ccp path, depth-capped)",1,0.8771929824561403,5.0
wdbc,"CART (ccp path, depth-capped)",1,0.8947368421052632,9.0
wdbc,"CART (ccp path, depth-capped)",1,0.9473684210526315,11.0
wdbc,"CART (ccp path, depth-capped)",2,0.6140350877192983,1.0
wdbc,"CART (ccp path, depth-capped)",2,0.9122807017543859,3.0
wdbc,"CART (ccp path, depth-capped)",2,0.9473684210526315,13.0
wdbc,"CART (ccp path, depth-capped)",2,0.9649122807017544,15.0
wdbc,"CART (ccp path, depth-capped)",3,0.631578947368421,1.0
wdbc,"CART (ccp path, depth-capped)",3,0.9298245614035088,3.0
wdbc,"CART (ccp path, depth-capped)",3,0.9473684210526315,5.0
wdbc,"CART (ccp path, depth-capped)",3,0.9649122807017544,13.0
wdbc,"CART (ccp path, depth-capped)",4,0.631578947368421,1.0
wdbc,"CART (ccp path, depth-capped)",4,0.9473684210526315,5.0
wdbc,"CART (ccp path, depth-capped)",4,0.9649122807017544,7.0
wdbc,"CART (ccp path, depth-capped)",5,0.631578947368421,1.0
wdbc,"CART (ccp path, depth-capped)",5,0.9473684210526315,5.0
wdbc,"CART (ccp path, depth-capped)",6,0.631578947368421,1.0
wdbc,"CART (ccp path, depth-capped)",6,0.9298245614035088,5.0
wdbc,"CART (ccp path, depth-capped)",7,0.631578947368421,1.0
wdbc,"CART (ccp path, depth-capped)",7,0.9298245614035088,5.0
wdbc,"CART (ccp path, depth-capped)",7,0.9649122807017544,11.0
wdbc,"CART (ccp path, depth-capped)",8,0.631578947368421,1.0
wdbc,"CART (ccp path, depth-capped)",8,0.9122807017543859,3.0
wdbc,"CART (ccp path, depth-capped)",8,0.9649122807017544,5.0
wdbc,"CART (ccp path, depth-capped)",9,0.631578947368421,1.0
wdbc,"CART (ccp path, depth-capped)",9,0.8596491228070176,3.0
wdbc,"CART (ccp path, depth-capped)",9,0.8947368421052632,5.0
wdbc,"CART (ccp path, depth-capped)",9,0.9298245614035088,9.0
wdbc,"CART (ccp path, depth-capped)",10,0.625,1.0
wdbc,"CART (ccp path, depth-capped)",10,0.8571428571428571,3.0
wdbc,"CART (ccp path, depth-capped)",10,0.875,5.0
wdbc,"CART (ccp path, depth-capped)",11,0.6140350877192983,1.0
wdbc,"CART (ccp path, depth-capped)",11,0.8947368421052632,3.0
wdbc,"CART (ccp path, depth-capped)",11,0.9298245614035088,11.0
wdbc,"CART (ccp path, depth-capped)",12,0.6140350877192983,1.0
wdbc,"CART (ccp path, depth-capped)",12,0.8947368421052632,3.0
wdbc,"CART (ccp path, depth-capped)",12,0.9298245614035088,5.0
wdbc,"CART (ccp path, depth-capped)",12,0.9473684210526315,9.0
wdbc,"CART (ccp path, depth-capped)",13,0.631578947368421,1.0
wdbc,"CART (ccp path, depth-capped)",13,0.9122807017543859,5.0
wdbc,"CART (ccp path, depth-capped)",13,0.9473684210526315,7.0
wdbc,"CART (ccp path, depth-capped)",13,0.9649122807017544,13.0
wdbc,"CART (ccp path, depth-capped)",14,0.631578947368421,1.0
wdbc,"CART (ccp path, depth-capped)",14,0.8771929824561403,5.0
wdbc,"CART (ccp path, depth-capped)",14,0.9122807017543859,7.0
wdbc,"CART (ccp path, depth-capped)",14,0.9298245614035088,13.0
wdbc,"CART (ccp path, depth-capped)",14,0.9473684210526315,19.0
wdbc,"CART (ccp path, depth-capped)",15,0.631578947368421,1.0
wdbc,"CART (ccp path, depth-capped)",15,0.9473684210526315,5.0
wdbc,"CART (ccp path, depth-capped)",15,0.9649122807017544,15.0
wdbc,"CART (ccp path, depth-capped)",16,0.631578947368421,1.0
wdbc,"CART (ccp path, depth-capped)",16,0.9649122807017544,5.0
wdbc,"CART (ccp path, depth-capped)",17,0.631578947368421,1.0
wdbc,"CART (ccp path, depth-capped)",17,0.9298245614035088,5.0
wdbc,"CART (ccp path, depth-capped)",18,0.631578947368421,1.0
wdbc,"CART (ccp path, depth-capped)",18,0.9122807017543859,3.0
wdbc,"CART (ccp path, depth-capped)",18,0.9298245614035088,13.0
wdbc,"CART (ccp path, depth-capped)",19,0.631578947368421,1.0
wdbc,"CART (ccp path, depth-capped)",19,0.7894736842105263,3.0
wdbc,"CART (ccp path, depth-capped)",19,0.8245614035087719,5.0
wdbc,"CART (ccp path, depth-capped)",19,0.8421052631578947,13.0
wdbc,"CART (ccp path, depth-capped)",19,0.8596491228070176,19.0
wdbc,"CART (ccp path, depth-capped)",20,0.625,1.0
wdbc,"CART (ccp path, depth-capped)",20,0.9821428571428571,5.0
wdbc,"CART (ccp path, depth-capped)",21,0.6140350877192983,1.0
wdbc,"CART (ccp path, depth-capped)",21,0.8421052631578947,3.0
wdbc,"CART (ccp path, depth-capped)",21,0.8771929824561403,5.0
wdbc,"CART (ccp path, depth-capped)",21,0.8947368421052632,13.0
wdbc,"CART (ccp path, depth-capped)",22,0.6140350877192983,1.0
wdbc,"CART (ccp path, depth-capped)",22,0.8771929824561403,5.0
wdbc,"CART (ccp path, depth-capped)",22,0.9122807017543859,7.0
wdbc,"CART (ccp path, depth-capped)",22,0.9298245614035088,15.0
wdbc,"CART (ccp path, depth-capped)",23,0.631578947368421,1.0
wdbc,"CART (ccp path, depth-capped)",23,0.8947368421052632,3.0
wdbc,"CART (ccp path, depth-capped)",23,0.9649122807017544,5.0
wdbc,"CART (ccp path, depth-capped)",24,0.631578947368421,1.0
wdbc,"CART (ccp path, depth-capped)",24,0.8421052631578947,3.0
wdbc,"CART (ccp path, depth-capped)",24,0.8947368421052632,5.0
wdbc,"CART (ccp path, depth-capped)",24,0.9122807017543859,9.0
wdbc,"CART (ccp path, depth-capped)",24,0.9298245614035088,13.0
wdbc,"CART (ccp path, depth-capped)",25,0.631578947368421,1.0
wdbc,"CART (ccp path, depth-capped)",25,0.9473684210526315,3.0
wdbc,"CART (ccp path, depth-capped)",26,0.631578947368421,1.0
wdbc,"CART (ccp path, depth-capped)",26,0.9473684210526315,5.0
wdbc,"CART (ccp path, depth-capped)",26,0.9649122807017544,13.0
wdbc,"CART (ccp path, depth-capped)",27,0.631578947368421,1.0
wdbc,"CART (ccp path, depth-capped)",27,0.9298245614035088,5.0
wdbc,"CART (ccp path, depth-capped)",28,0.631578947368421,1.0
wdbc,"CART (ccp path, depth-capped)",28,0.8596491228070176,3.0
wdbc,"CART (ccp path, depth-capped)",28,0.8771929824561403,5.0
wdbc,"CART (ccp path, depth-capped)",28,0.9122807017543859,13.0
wdbc,"CART (ccp path, depth-capped)",29,0.631578947368421,1.0
wdbc,"CART (ccp path, depth-capped)",29,0.9298245614035088,5.0
wdbc,"CART (ccp path, depth-capped)",29,0.9473684210526315,7.0
wdbc,"CART (ccp path, depth-capped)",30,0.625,1.0
wdbc,"CART (ccp path, depth-capped)",30,0.9464285714285714,5.0
wdbc,"CART (ccp path, depth-capped)",30,0.9821428571428571,7.0
ilpd,"CART (ccp path, depth-capped)",1,0.711864406779661,1.0
ilpd,"CART (ccp path, depth-capped)",1,0.7457627118644068,27.0
ilpd,"CART (ccp path, depth-capped)",1,0.7627118644067796,31.0
ilpd,"CART (ccp path, depth-capped)",1,0.7796610169491526,49.0
ilpd,"CART (ccp path, depth-capped)",2,0.711864406779661,1.0
ilpd,"CART (ccp path, depth-capped)",2,0.7288135593220338,15.0
ilpd,"CART (ccp path, depth-capped)",3,0.711864406779661,1.0
ilpd,"CART (ccp path, depth-capped)",4,0.7241379310344828,1.0
ilpd,"CART (ccp path, depth-capped)",5,0.7241379310344828,1.0
ilpd,"CART (ccp path, depth-capped)",6,0.7241379310344828,1.0
ilpd,"CART (ccp path, depth-capped)",7,0.7068965517241379,1.0
ilpd,"CART (ccp path, depth-capped)",8,0.7068965517241379,1.0
ilpd,"CART (ccp path, depth-capped)",9,0.7068965517241379,1.0
ilpd,"CART (ccp path, depth-capped)",10,0.7068965517241379,1.0
ilpd,"CART (ccp path, depth-capped)",10,0.7586206896551724,15.0
ilpd,"CART (ccp path, depth-capped)",11,0.711864406779661,1.0
ilpd,"CART (ccp path, depth-capped)",12,0.711864406779661,1.0
ilpd,"CART (ccp path, depth-capped)",13,0.711864406779661,1.0
ilpd,"CART (ccp path, depth-capped)",13,0.7288135593220338,41.0
ilpd,"CART (ccp path, depth-capped)",14,0.7241379310344828,1.0
ilpd,"CART (ccp path, depth-capped)",15,0.7241379310344828,1.0
ilpd,"CART (ccp path, depth-capped)",16,0.7241379310344828,1.0
ilpd,"CART (ccp path, depth-capped)",17,0.7068965517241379,1.0
ilpd,"CART (ccp path, depth-capped)",17,0.7413793103448276,11.0
ilpd,"CART (ccp path, depth-capped)",18,0.7068965517241379,1.0
ilpd,"CART (ccp path, depth-capped)",18,0.7241379310344828,11.0
ilpd,"CART (ccp path, depth-capped)",19,0.7068965517241379,1.0
ilpd,"CART (ccp path, depth-capped)",20,0.7068965517241379,1.0
ilpd,"CART (ccp path, depth-capped)",21,0.711864406779661,1.0
ilpd,"CART (ccp path, depth-capped)",22,0.711864406779661,1.0
ilpd,"CART (ccp path, depth-capped)",22,0.7288135593220338,15.0
ilpd,"CART (ccp path, depth-capped)",23,0.711864406779661,1.0
ilpd,"CART (ccp path, depth-capped)",24,0.7241379310344828,1.0
ilpd,"CART (ccp path, depth-capped)",25,0.7241379310344828,1.0
ilpd,"CART (ccp path, depth-capped)",26,0.7241379310344828,1.0
ilpd,"CART (ccp path, depth-capped)",27,0.7068965517241379,1.0
ilpd,"CART (ccp path, depth-capped)",28,0.7068965517241379,1.0
ilpd,"CART (ccp path, depth-capped)",28,0.7241379310344828,9.0
ilpd,"CART (ccp path, depth-capped)",29,0.7068965517241379,1.0
ilpd,"CART (ccp path, depth-capped)",30,0.7068965517241379,1.0
balance_scale,"CART (ccp path, depth-capped)",1,0.4603174603174603,1.0
balance_scale,"CART (ccp path, depth-capped)",1,0.6984126984126984,9.0
balance_scale,"CART (ccp path, depth-capped)",1,0.7936507936507936,19.0
balance_scale,"CART (ccp path, depth-capped)",1,0.8095238095238095,35.0
balance_scale,"CART (ccp path, depth-capped)",2,0.4603174603174603,1.0
balance_scale,"CART (ccp path, depth-capped)",2,0.5238095238095238,7.0
balance_scale,"CART (ccp path, depth-capped)",2,0.6825396825396826,15.0
balance_scale,"CART (ccp path, depth-capped)",2,0.7301587301587301,21.0
balance_scale,"CART (ccp path, depth-capped)",3,0.4603174603174603,1.0
balance_scale,"CART (ccp path, depth-capped)",3,0.6349206349206349,7.0
balance_scale,"CART (ccp path, depth-capped)",3,0.7619047619047619,15.0
balance_scale,"CART (ccp path, depth-capped)",3,0.7936507936507936,21.0
balance_scale,"CART (ccp path, depth-capped)",3,0.8095238095238095,35.0
balance_scale,"CART (ccp path, depth-capped)",4,0.4603174603174603,1.0
balance_scale,"CART (ccp path, depth-capped)",4,0.6507936507936508,9.0
balance_scale,"CART (ccp path, depth-capped)",4,0.7619047619047619,17.0
balance_scale,"CART (ccp path, depth-capped)",4,0.8095238095238095,25.0
balance_scale,"CART (ccp path, depth-capped)",5,0.4603174603174603,1.0
balance_scale,"CART (ccp path, depth-capped)",5,0.7142857142857143,11.0
balance_scale,"CART (ccp path, depth-capped)",5,0.7619047619047619,17.0
balance_scale,"CART (ccp path, depth-capped)",5,0.7777777777777778,23.0
balance_scale,"CART (ccp path, depth-capped)",5,0.8095238095238095,35.0
balance_scale,"CART (ccp path, depth-capped)",5,0.8412698412698413,57.0
balance_scale,"CART (ccp path, depth-capped)",6,0.46774193548387094,1.0
balance_scale,"CART (ccp path, depth-capped)",6,0.6451612903225806,9.0
balance_scale,"CART (ccp path, depth-capped)",6,0.6935483870967742,19.0
balance_scale,"CART (ccp path, depth-capped)",6,0.7903225806451613,27.0
balance_scale,"CART (ccp path, depth-capped)",7,0.45161290322580644,1.0
balance_scale,"CART (ccp path, depth-capped)",7,0.6612903225806451,9.0
balance_scale,"CART (ccp path, depth-capped)",7,0.7258064516129032,17.0
balance_scale,"CART (ccp path, depth-capped)",7,0.7903225806451613,25.0
balance_scale,"CART (ccp path, depth-capped)",7,0.8064516129032258,41.0
balance_scale,"CART (ccp path, depth-capped)",7,0.8225806451612904,53.0
balance_scale,"CART (ccp path, depth-capped)",7,0.8387096774193549,65.0
balance_scale,"CART (ccp path, depth-capped)",8,0.45161290322580644,1.0
balance_scale,"CART (ccp path, depth-capped)",8,0.7096774193548387,11.0
balance_scale,"CART (ccp path, depth-capped)",8,0.7419354838709677,17.0
balance_scale,"CART (ccp path, depth-capped)",8,0.8225806451612904,23.0
balance_scale,"CART (ccp path, depth-capped)",8,0.8548387096774194,29.0
balance_scale,"CART (ccp path, depth-capped)",9,0.45161290322580644,1.0
balance_scale,"CART (ccp path, depth-capped)",9,0.5806451612903226,7.0
balance_scale,"CART (ccp path, depth-capped)",9,0.7258064516129032,17.0
balance_scale,"CART (ccp path, depth-capped)",9,0.7741935483870968,23.0
balance_scale,"CART (ccp path, depth-capped)",10,0.45161290322580644,1.0
balance_scale,"CART (ccp path, depth-capped)",10,0.6451612903225806,9.0
balance_scale,"CART (ccp path, depth-capped)",10,0.7096774193548387,17.0
balance_scale,"CART (ccp path, depth-capped)",10,0.7419354838709677,33.0
balance_scale,"CART (ccp path, depth-capped)",11,0.4603174603174603,1.0
balance_scale,"CART (ccp path, depth-capped)",11,0.6031746031746031,7.0
balance_scale,"CART (ccp path, depth-capped)",11,0.6666666666666666,19.0
balance_scale,"CART (ccp path, depth-capped)",11,0.7142857142857143,25.0
balance_scale,"CART (ccp path, depth-capped)",11,0.7301587301587301,31.0
balance_scale,"CART (ccp path, depth-capped)",11,0.7619047619047619,41.0
balance_scale,"CART (ccp path, depth-capped)",12,0.4603174603174603,1.0
balance_scale,"CART (ccp path, depth-capped)",12,0.6190476190476191,7.0
balance_scale,"CART (ccp path, depth-capped)",12,0.7301587301587301,17.0
balance_scale,"CART (ccp path, depth-capped)",12,0.746031746031746,25.0
balance_scale,"CART (ccp path, depth-capped)",12,0.7619047619047619,41.0
balance_scale,"CART (ccp path, depth-capped)",13,0.4603174603174603,1.0
balance_scale,"CART (ccp path, depth-capped)",13,0.5873015873015873,9.0
balance_scale,"CART (ccp path, depth-capped)",13,0.6825396825396826,17.0
balance_scale,"CART (ccp path, depth-capped)",13,0.746031746031746,25.0
balance_scale,"CART (ccp path, depth-capped)",13,0.7619047619047619,65.0
balance_scale,"CART (ccp path, depth-capped)",14,0.4603174603174603,1.0
balance_scale,"CART (ccp path, depth-capped)",14,0.6825396825396826,7.0
balance_scale,"CART (ccp path, depth-capped)",14,0.8412698412698413,17.0
balance_scale,"CART (ccp path, depth-capped)",15,0.4603174603174603,1.0
balance_scale,"CART (ccp path, depth-capped)",15,0.7142857142857143,9.0
balance_scale,"CART (ccp path, depth-capped)",15,0.7619047619047619,17.0
balance_scale,"CART (ccp path, depth-capped)",15,0.7936507936507936,25.0
balance_scale,"CART (ccp path, depth-capped)",16,0.46774193548387094,1.0
balance_scale,"CART (ccp path, depth-capped)",16,0.7096774193548387,7.0
balance_scale,"CART (ccp path, depth-capped)",16,0.8064516129032258,17.0
balance_scale,"CART (ccp path, depth-capped)",16,0.8225806451612904,23.0
balance_scale,"CART (ccp path, depth-capped)",17,0.45161290322580644,1.0
balance_scale,"CART (ccp path, depth-capped)",17,0.6290322580645161,9.0
balance_scale,"CART (ccp path, depth-capped)",17,0.6935483870967742,17.0
balance_scale,"CART (ccp path, depth-capped)",17,0.7096774193548387,25.0
balance_scale,"CART (ccp path, depth-capped)",17,0.7258064516129032,47.0
balance_scale,"CART (ccp path, depth-capped)",17,0.7741935483870968,69.0
balance_scale,"CART (ccp path, depth-capped)",18,0.45161290322580644,1.0
balance_scale,"CART (ccp path, depth-capped)",18,0.6129032258064516,9.0
balance_scale,"CART (ccp path, depth-capped)",18,0.7096774193548387,17.0
balance_scale,"CART (ccp path, depth-capped)",18,0.7258064516129032,23.0
balance_scale,"CART (ccp path, depth-capped)",18,0.7419354838709677,31.0
balance_scale,"CART (ccp path, depth-capped)",19,0.45161290322580644,1.0
balance_scale,"CART (ccp path, depth-capped)",19,0.6612903225806451,11.0
balance_scale,"CART (ccp path, depth-capped)",19,0.7419354838709677,17.0
balance_scale,"CART (ccp path, depth-capped)",19,0.7903225806451613,25.0
balance_scale,"CART (ccp path, depth-capped)",20,0.45161290322580644,1.0
balance_scale,"CART (ccp path, depth-capped)",20,0.6935483870967742,9.0
balance_scale,"CART (ccp path, depth-capped)",20,0.7903225806451613,17.0
balance_scale,"CART (ccp path, depth-capped)",20,0.8225806451612904,27.0
balance_scale,"CART (ccp path, depth-capped)",21,0.4603174603174603,1.0
balance_scale,"CART (ccp path, depth-capped)",21,0.6507936507936508,11.0
balance_scale,"CART (ccp path, depth-capped)",21,0.7301587301587301,19.0
balance_scale,"CART (ccp path, depth-capped)",21,0.7619047619047619,25.0
balance_scale,"CART (ccp path, depth-capped)",21,0.7777777777777778,33.0
balance_scale,"CART (ccp path, depth-capped)",22,0.4603174603174603,1.0
balance_scale,"CART (ccp path, depth-capped)",22,0.6984126984126984,9.0
balance_scale,"CART (ccp path, depth-capped)",22,0.7301587301587301,15.0
balance_scale,"CART (ccp path, depth-capped)",22,0.7777777777777778,21.0
balance_scale,"CART (ccp path, depth-capped)",22,0.7936507936507936,27.0
balance_scale,"CART (ccp path, depth-capped)",23,0.4603174603174603,1.0
balance_scale,"CART (ccp path, depth-capped)",23,0.6349206349206349,9.0
balance_scale,"CART (ccp path, depth-capped)",23,0.7301587301587301,17.0
balance_scale,"CART (ccp path, depth-capped)",23,0.7619047619047619,25.0
balance_scale,"CART (ccp path, depth-capped)",24,0.4603174603174603,1.0
balance_scale,"CART (ccp path, depth-capped)",24,0.7142857142857143,11.0
balance_scale,"CART (ccp path, depth-capped)",24,0.7619047619047619,25.0
balance_scale,"CART (ccp path, depth-capped)",25,0.4603174603174603,1.0
balance_scale,"CART (ccp path, depth-capped)",25,0.6507936507936508,9.0
balance_scale,"CART (ccp path, depth-capped)",25,0.8095238095238095,17.0
balance_scale,"CART (ccp path, depth-capped)",26,0.46774193548387094,1.0
balance_scale,"CART (ccp path, depth-capped)",26,0.7258064516129032,9.0
balance_scale,"CART (ccp path, depth-capped)",26,0.8064516129032258,15.0
balance_scale,"CART (ccp path, depth-capped)",26,0.8387096774193549,21.0
balance_scale,"CART (ccp path, depth-capped)",26,0.8709677419354839,27.0
balance_scale,"CART (ccp path, depth-capped)",27,0.45161290322580644,1.0
balance_scale,"CART (ccp path, depth-capped)",27,0.5967741935483871,9.0
balance_scale,"CART (ccp path, depth-capped)",27,0.6774193548387096,17.0
balance_scale,"CART (ccp path, depth-capped)",27,0.7258064516129032,23.0
balance_scale,"CART (ccp path, depth-capped)",28,0.45161290322580644,1.0
balance_scale,"CART (ccp path, depth-capped)",28,0.6774193548387096,9.0
balance_scale,"CART (ccp path, depth-capped)",28,0.8064516129032258,19.0
balance_scale,"CART (ccp path, depth-capped)",28,0.8548387096774194,25.0
balance_scale,"CART (ccp path, depth-capped)",29,0.45161290322580644,1.0
balance_scale,"CART (ccp path, depth-capped)",29,0.6612903225806451,7.0
balance_scale,"CART (ccp path, depth-capped)",29,0.7741935483870968,15.0
balance_scale,"CART (ccp path, depth-capped)",29,0.8064516129032258,21.0
balance_scale,"CART (ccp path, depth-capped)",30,0.45161290322580644,1.0
balance_scale,"CART (ccp path, depth-capped)",30,0.7580645161290323,11.0
balance_scale,"CART (ccp path, depth-capped)",30,0.7903225806451613,19.0
balance_scale,"CART (ccp path, depth-capped)",30,0.8225806451612904,27.0
balance_scale,"CART (ccp path, depth-capped)",30,0.8387096774193549,35.0
balance_scale,"CART (ccp path, depth-capped)",30,0.8548387096774194,75.0
credit_approval,"CART (ccp path, depth-capped)",1,0.5652173913043478,1.0
credit_approval,"CART (ccp path, depth-capped)",1,0.782608695652174,5.0
credit_approval,"CART (ccp path, depth-capped)",1,0.8115942028985508,13.0
credit_approval,"CART (ccp path, depth-capped)",2,0.5652173913043478,1.0
credit_approval,"CART (ccp path, depth-capped)",2,0.8695652173913043,5.0
credit_approval,"CART (ccp path, depth-capped)",2,0.8840579710144928,35.0
credit_approval,"CART (ccp path, depth-capped)",3,0.5652173913043478,1.0
credit_approval,"CART (ccp path, depth-capped)",3,0.9130434782608695,7.0
credit_approval,"CART (ccp path, depth-capped)",4,0.5507246376811594,1.0
credit_approval,"CART (ccp path, depth-capped)",4,0.8260869565217391,7.0
credit_approval,"CART (ccp path, depth-capped)",4,0.8405797101449275,15.0
credit_approval,"CART (ccp path, depth-capped)",5,0.5507246376811594,1.0
credit_approval,"CART (ccp path, depth-capped)",5,0.927536231884058,5.0
credit_approval,"CART (ccp path, depth-capped)",6,0.5507246376811594,1.0
credit_approval,"CART (ccp path, depth-capped)",6,0.855072463768116,7.0
credit_approval,"CART (ccp path, depth-capped)",6,0.8985507246376812,11.0
credit_approval,"CART (ccp path, depth-capped)",7,0.5507246376811594,1.0
credit_approval,"CART (ccp path, depth-capped)",7,0.8695652173913043,5.0
credit_approval,"CART (ccp path, depth-capped)",8,0.5507246376811594,1.0
credit_approval,"CART (ccp path, depth-capped)",8,0.855072463768116,5.0
credit_approval,"CART (ccp path, depth-capped)",8,0.8840579710144928,13.0
credit_approval,"CART (ccp path, depth-capped)",9,0.5507246376811594,1.0
credit_approval,"CART (ccp path, depth-capped)",9,0.8260869565217391,7.0
credit_approval,"CART (ccp path, depth-capped)",9,0.8405797101449275,11.0
credit_approval,"CART (ccp path, depth-capped)",10,0.5507246376811594,1.0
credit_approval,"CART (ccp path, depth-capped)",10,0.8115942028985508,7.0
credit_approval,"CART (ccp path, depth-capped)",10,0.8405797101449275,11.0
credit_approval,"CART (ccp path, depth-capped)",10,0.855072463768116,31.0
credit_approval,"CART (ccp path, depth-capped)",11,0.5652173913043478,1.0
credit_approval,"CART (ccp path, depth-capped)",11,0.855072463768116,7.0
credit_approval,"CART (ccp path, depth-capped)",11,0.8985507246376812,11.0
credit_approval,"CART (ccp path, depth-capped)",12,0.5652173913043478,1.0
credit_approval,"CART (ccp path, depth-capped)",12,0.782608695652174,7.0
credit_approval,"CART (ccp path, depth-capped)",12,0.8115942028985508,11.0
credit_approval,"CART (ccp path, depth-capped)",13,0.5652173913043478,1.0
credit_approval,"CART (ccp path, depth-capped)",13,0.8695652173913043,7.0
credit_approval,"CART (ccp path, depth-capped)",13,0.8840579710144928,13.0
credit_approval,"CART (ccp path, depth-capped)",14,0.5507246376811594,1.0
credit_approval,"CART (ccp path, depth-capped)",14,0.8115942028985508,7.0
credit_approval,"CART (ccp path, depth-capped)",14,0.8260869565217391,11.0
credit_approval,"CART (ccp path, depth-capped)",14,0.8405797101449275,31.0
credit_approval,"CART (ccp path, depth-capped)",15,0.5507246376811594,1.0
credit_approval,"CART (ccp path, depth-capped)",15,0.855072463768116,5.0
credit_approval,"CART (ccp path, depth-capped)",16,0.5507246376811594,1.0
credit_approval,"CART (ccp path, depth-capped)",16,0.8695652173913043,7.0
credit_approval,"CART (ccp path, depth-capped)",16,0.8840579710144928,27.0
credit_approval,"CART (ccp path, depth-capped)",17,0.5507246376811594,1.0
credit_approval,"CART (ccp path, depth-capped)",17,0.8260869565217391,7.0
credit_approval,"CART (ccp path, depth-capped)",17,0.9130434782608695,13.0
credit_approval,"CART (ccp path, depth-capped)",18,0.5507246376811594,1.0
credit_approval,"CART (ccp path, depth-capped)",18,0.8115942028985508,7.0
credit_approval,"CART (ccp path, depth-capped)",18,0.8405797101449275,13.0
credit_approval,"CART (ccp path, depth-capped)",19,0.5507246376811594,1.0
credit_approval,"CART (ccp path, depth-capped)",19,0.9130434782608695,7.0
credit_approval,"CART (ccp path, depth-capped)",20,0.5507246376811594,1.0
credit_approval,"CART (ccp path, depth-capped)",20,0.9130434782608695,7.0
credit_approval,"CART (ccp path, depth-capped)",21,0.5652173913043478,1.0
credit_approval,"CART (ccp path, depth-capped)",21,0.8405797101449275,5.0
credit_approval,"CART (ccp path, depth-capped)",21,0.855072463768116,15.0
credit_approval,"CART (ccp path, depth-capped)",22,0.5652173913043478,1.0
credit_approval,"CART (ccp path, depth-capped)",22,0.8985507246376812,5.0
credit_approval,"CART (ccp path, depth-capped)",23,0.5652173913043478,1.0
credit_approval,"CART (ccp path, depth-capped)",23,0.8260869565217391,5.0
credit_approval,"CART (ccp path, depth-capped)",24,0.5507246376811594,1.0
credit_approval,"CART (ccp path, depth-capped)",24,0.9130434782608695,7.0
credit_approval,"CART (ccp path, depth-capped)",24,0.927536231884058,11.0
credit_approval,"CART (ccp path, depth-capped)",24,0.9420289855072463,19.0
credit_approval,"CART (ccp path, depth-capped)",25,0.5507246376811594,1.0
credit_approval,"CART (ccp path, depth-capped)",25,0.8115942028985508,5.0
credit_approval,"CART (ccp path, depth-capped)",25,0.8260869565217391,9.0
credit_approval,"CART (ccp path, depth-capped)",25,0.855072463768116,19.0
credit_approval,"CART (ccp path, depth-capped)",26,0.5507246376811594,1.0
credit_approval,"CART (ccp path, depth-capped)",26,0.8405797101449275,5.0
credit_approval,"CART (ccp path, depth-capped)",27,0.5507246376811594,1.0
credit_approval,"CART (ccp path, depth-capped)",27,0.8840579710144928,5.0
credit_approval,"CART (ccp path, depth-capped)",27,0.8985507246376812,15.0
credit_approval,"CART (ccp path, depth-capped)",28,0.5507246376811594,1.0
credit_approval,"CART (ccp path, depth-capped)",28,0.8405797101449275,5.0
credit_approval,"CART (ccp path, depth-capped)",28,0.8985507246376812,13.0
credit_approval,"CART (ccp path, depth-capped)",28,0.9130434782608695,39.0
credit_approval,"CART (ccp path, depth-capped)",29,0.5507246376811594,1.0
credit_approval,"CART (ccp path, depth-capped)",29,0.8260869565217391,5.0
credit_approval,"CART (ccp path, depth-capped)",29,0.8695652173913043,15.0
credit_approval,"CART (ccp path, depth-capped)",29,0.8840579710144928,23.0
credit_approval,"CART (ccp path, depth-capped)",30,0.5507246376811594,1.0
credit_approval,"CART (ccp path, depth-capped)",30,0.782608695652174,7.0
credit_approval,"CART (ccp path, depth-capped)",30,0.8695652173913043,11.0
credit_approval,"CART (ccp path, depth-capped)",30,0.8840579710144928,29.0
breast_w,"CART (ccp path, depth-capped)",1,0.6428571428571429,1.0
breast_w,"CART (ccp path, depth-capped)",1,0.8714285714285714,3.0
breast_w,"CART (ccp path, depth-capped)",1,0.9,5.0
breast_w,"CART (ccp path, depth-capped)",1,0.9142857142857143,9.0
breast_w,"CART (ccp path, depth-capped)",1,0.9285714285714286,13.0
breast_w,"CART (ccp path, depth-capped)",2,0.6571428571428571,1.0
breast_w,"CART (ccp path, depth-capped)",2,0.9571428571428572,5.0
breast_w,"CART (ccp path, depth-capped)",2,1.0,13.0
breast_w,"CART (ccp path, depth-capped)",3,0.6571428571428571,1.0
breast_w,"CART (ccp path, depth-capped)",3,0.9571428571428572,5.0
breast_w,"CART (ccp path, depth-capped)",4,0.6571428571428571,1.0
breast_w,"CART (ccp path, depth-capped)",4,0.8714285714285714,3.0
breast_w,"CART (ccp path, depth-capped)",4,0.8857142857142857,5.0
breast_w,"CART (ccp path, depth-capped)",4,0.9,15.0
breast_w,"CART (ccp path, depth-capped)",4,0.9285714285714286,17.0
breast_w,"CART (ccp path, depth-capped)",5,0.6571428571428571,1.0
breast_w,"CART (ccp path, depth-capped)",5,0.9,5.0
breast_w,"CART (ccp path, depth-capped)",5,0.9285714285714286,15.0
breast_w,"CART (ccp path, depth-capped)",6,0.6571428571428571,1.0
breast_w,"CART (ccp path, depth-capped)",6,0.9,5.0
breast_w,"CART (ccp path, depth-capped)",6,0.9428571428571428,9.0
breast_w,"CART (ccp path, depth-capped)",6,0.9571428571428572,15.0
breast_w,"CART (ccp path, depth-capped)",6,0.9714285714285714,23.0
breast_w,"CART (ccp path, depth-capped)",7,0.6571428571428571,1.0
breast_w,"CART (ccp path, depth-capped)",7,0.9142857142857143,5.0
breast_w,"CART (ccp path, depth-capped)",7,0.9428571428571428,7.0
breast_w,"CART (ccp path, depth-capped)",8,0.6571428571428571,1.0
breast_w,"CART (ccp path, depth-capped)",8,0.9428571428571428,5.0
breast_w,"CART (ccp path, depth-capped)",8,0.9571428571428572,9.0
breast_w,"CART (ccp path, depth-capped)",8,0.9714285714285714,17.0
breast_w,"CART (ccp path, depth-capped)",9,0.6571428571428571,1.0
breast_w,"CART (ccp path, depth-capped)",9,0.9285714285714286,5.0
breast_w,"CART (ccp path, depth-capped)",9,0.9714285714285714,7.0
breast_w,"CART (ccp path, depth-capped)",9,0.9857142857142858,17.0
breast_w,"CART (ccp path, depth-capped)",10,0.6521739130434783,1.0
breast_w,"CART (ccp path, depth-capped)",10,0.927536231884058,5.0
breast_w,"CART (ccp path, depth-capped)",10,0.9420289855072463,7.0
breast_w,"CART (ccp path, depth-capped)",11,0.6428571428571429,1.0
breast_w,"CART (ccp path, depth-capped)",11,0.9285714285714286,5.0
breast_w,"CART (ccp path, depth-capped)",11,0.9428571428571428,7.0
breast_w,"CART (ccp path, depth-capped)",12,0.6571428571428571,1.0
breast_w,"CART (ccp path, depth-capped)",12,0.9714285714285714,5.0
breast_w,"CART (ccp path, depth-capped)",12,0.9857142857142858,15.0
breast_w,"CART (ccp path, depth-capped)",13,0.6571428571428571,1.0
breast_w,"CART (ccp path, depth-capped)",13,0.9285714285714286,5.0
breast_w,"CART (ccp path, depth-capped)",13,0.9428571428571428,9.0
breast_w,"CART (ccp path, depth-capped)",14,0.6571428571428571,1.0
breast_w,"CART (ccp path, depth-capped)",14,0.8857142857142857,5.0
breast_w,"CART (ccp path, depth-capped)",14,0.9285714285714286,7.0
breast_w,"CART (ccp path, depth-capped)",14,0.9428571428571428,11.0
breast_w,"CART (ccp path, depth-capped)",15,0.6571428571428571,1.0
breast_w,"CART (ccp path, depth-capped)",15,0.9142857142857143,5.0
breast_w,"CART (ccp path, depth-capped)",15,0.9571428571428572,7.0
breast_w,"CART (ccp path, depth-capped)",16,0.6571428571428571,1.0
breast_w,"CART (ccp path, depth-capped)",16,0.9428571428571428,5.0
breast_w,"CART (ccp path, depth-capped)",16,0.9571428571428572,7.0
breast_w,"CART (ccp path, depth-capped)",16,0.9714285714285714,9.0
breast_w,"CART (ccp path, depth-capped)",17,0.6571428571428571,1.0
breast_w,"CART (ccp path, depth-capped)",17,0.9285714285714286,5.0
breast_w,"CART (ccp path, depth-capped)",17,0.9428571428571428,15.0
breast_w,"CART (ccp path, depth-capped)",18,0.6571428571428571,1.0
breast_w,"CART (ccp path, depth-capped)",18,0.9142857142857143,5.0
breast_w,"CART (ccp path, depth-capped)",18,0.9285714285714286,7.0
breast_w,"CART (ccp path, depth-capped)",19,0.6571428571428571,1.0
breast_w,"CART (ccp path, depth-capped)",19,0.9142857142857143,5.0
breast_w,"CART (ccp path, depth-capped)",19,0.9285714285714286,7.0
breast_w,"CART (ccp path, depth-capped)",19,0.9428571428571428,9.0
breast_w,"CART (ccp path, depth-capped)",20,0.6521739130434783,1.0
breast_w,"CART (ccp path, depth-capped)",20,0.9130434782608695,5.0
breast_w,"CART (ccp path, depth-capped)",20,0.9420289855072463,11.0
breast_w,"CART (ccp path, depth-capped)",20,0.9565217391304348,13.0
breast_w,"CART (ccp path, depth-capped)",21,0.6428571428571429,1.0
breast_w,"CART (ccp path, depth-capped)",21,0.9,5.0
breast_w,"CART (ccp path, depth-capped)",21,0.9428571428571428,9.0
breast_w,"CART (ccp path, depth-capped)",22,0.6571428571428571,1.0
breast_w,"CART (ccp path, depth-capped)",22,0.9714285714285714,5.0
breast_w,"CART (ccp path, depth-capped)",22,0.9857142857142858,7.0
breast_w,"CART (ccp path, depth-capped)",22,1.0,9.0
breast_w,"CART (ccp path, depth-capped)",23,0.6571428571428571,1.0
breast_w,"CART (ccp path, depth-capped)",23,0.9,5.0
breast_w,"CART (ccp path, depth-capped)",23,0.9142857142857143,7.0
breast_w,"CART (ccp path, depth-capped)",23,0.9285714285714286,13.0
breast_w,"CART (ccp path, depth-capped)",24,0.6571428571428571,1.0
breast_w,"CART (ccp path, depth-capped)",24,0.9142857142857143,5.0
breast_w,"CART (ccp path, depth-capped)",24,0.9428571428571428,13.0
breast_w,"CART (ccp path, depth-capped)",25,0.6571428571428571,1.0
breast_w,"CART (ccp path, depth-capped)",25,0.9428571428571428,5.0
breast_w,"CART (ccp path, depth-capped)",26,0.6571428571428571,1.0
breast_w,"CART (ccp path, depth-capped)",26,0.9285714285714286,5.0
breast_w,"CART (ccp path, depth-capped)",26,0.9571428571428572,7.0
breast_w,"CART (ccp path, depth-capped)",27,0.6571428571428571,1.0
breast_w,"CART (ccp path, depth-capped)",27,0.9571428571428572,5.0
breast_w,"CART (ccp path, depth-capped)",28,0.6571428571428571,1.0
breast_w,"CART (ccp path, depth-capped)",28,0.8857142857142857,3.0
breast_w,"CART (ccp path, depth-capped)",28,0.9428571428571428,5.0
breast_w,"CART (ccp path, depth-capped)",28,0.9571428571428572,31.0
breast_w,"CART (ccp path, depth-capped)",29,0.6571428571428571,1.0
breast_w,"CART (ccp path, depth-capped)",29,0.9285714285714286,5.0
breast_w,"CART (ccp path, depth-capped)",29,0.9428571428571428,7.0
breast_w,"CART (ccp path, depth-capped)",30,0.6521739130434783,1.0
breast_w,"CART (ccp path, depth-capped)",30,0.8985507246376812,5.0
breast_w,"CART (ccp path, depth-capped)",30,0.9130434782608695,9.0
breast_w,"CART (ccp path, depth-capped)",30,0.927536231884058,13.0
eucalyptus,"CART (ccp path, depth-capped)",1,0.28378378378378377,1.0
eucalyptus,"CART (ccp path, depth-capped)",1,0.6081081081081081,9.0
eucalyptus,"CART (ccp path, depth-capped)",1,0.6351351351351351,17.0
eucalyptus,"CART (ccp path, depth-capped)",1,0.6621621621621622,33.0
eucalyptus,"CART (ccp path, depth-capped)",2,0.28378378378378377,1.0
eucalyptus,"CART (ccp path, depth-capped)",2,0.5540540540540541,9.0
eucalyptus,"CART (ccp path, depth-capped)",2,0.5675675675675675,15.0
eucalyptus,"CART (ccp path, depth-capped)",2,0.6081081081081081,21.0
eucalyptus,"CART (ccp path, depth-capped)",3,0.2972972972972973,1.0
eucalyptus,"CART (ccp path, depth-capped)",3,0.6081081081081081,9.0
eucalyptus,"CART (ccp path, depth-capped)",3,0.6891891891891891,17.0
eucalyptus,"CART (ccp path, depth-capped)",3,0.7027027027027027,23.0
eucalyptus,"CART (ccp path, depth-capped)",3,0.7162162162162162,33.0
eucalyptus,"CART (ccp path, depth-capped)",4,0.2972972972972973,1.0
eucalyptus,"CART (ccp path, depth-capped)",4,0.5540540540540541,9.0
eucalyptus,"CART (ccp path, depth-capped)",4,0.5945945945945946,15.0
eucalyptus,"CART (ccp path, depth-capped)",4,0.6081081081081081,21.0
eucalyptus,"CART (ccp path, depth-capped)",5,0.2972972972972973,1.0
eucalyptus,"CART (ccp path, depth-capped)",5,0.5,9.0
eucalyptus,"CART (ccp path, depth-capped)",5,0.5945945945945946,15.0
eucalyptus,"CART (ccp path, depth-capped)",5,0.6351351351351351,19.0
eucalyptus,"CART (ccp path, depth-capped)",6,0.2972972972972973,1.0
eucalyptus,"CART (ccp path, depth-capped)",6,0.5945945945945946,9.0
eucalyptus,"CART (ccp path, depth-capped)",6,0.6216216216216216,25.0
eucalyptus,"CART (ccp path, depth-capped)",6,0.6486486486486487,31.0
eucalyptus,"CART (ccp path, depth-capped)",6,0.6621621621621622,41.0
eucalyptus,"CART (ccp path, depth-capped)",7,0.2876712328767123,1.0
eucalyptus,"CART (ccp path, depth-capped)",7,0.5068493150684932,9.0
eucalyptus,"CART (ccp path, depth-capped)",7,0.5205479452054794,13.0
eucalyptus,"CART (ccp path, depth-capped)",7,0.5342465753424658,17.0
eucalyptus,"CART (ccp path, depth-capped)",7,0.547945205479452,35.0
eucalyptus,"CART (ccp path, depth-capped)",7,0.5616438356164384,45.0
eucalyptus,"CART (ccp path, depth-capped)",8,0.2876712328767123,1.0
eucalyptus,"CART (ccp path, depth-capped)",8,0.4794520547945205,7.0
eucalyptus,"CART (ccp path, depth-capped)",8,0.5753424657534246,11.0
eucalyptus,"CART (ccp path, depth-capped)",8,0.6164383561643836,17.0
eucalyptus,"CART (ccp path, depth-capped)",8,0.6575342465753424,29.0
eucalyptus,"CART (ccp path, depth-capped)",8,0.6712328767123288,33.0
eucalyptus,"CART (ccp path, depth-capped)",8,0.684931506849315,37.0
eucalyptus,"CART (ccp path, depth-capped)",8,0.6986301369863014,41.0
eucalyptus,"CART (ccp path, depth-capped)",8,0.7123287671232876,49.0
eucalyptus,"CART (ccp path, depth-capped)",9,0.2876712328767123,1.0
eucalyptus,"CART (ccp path, depth-capped)",9,0.547945205479452,9.0
eucalyptus,"CART (ccp path, depth-capped)",9,0.6438356164383562,15.0
eucalyptus,"CART (ccp path, depth-capped)",9,0.684931506849315,19.0
eucalyptus,"CART (ccp path, depth-capped)",9,0.726027397260274,29.0
eucalyptus,"CART (ccp path, depth-capped)",9,0.7534246575342466,33.0
eucalyptus,"CART (ccp path, depth-capped)",9,0.7671232876712328,37.0
eucalyptus,"CART (ccp path, depth-capped)",10,0.2876712328767123,1.0
eucalyptus,"CART (ccp path, depth-capped)",10,0.6164383561643836,9.0
eucalyptus,"CART (ccp path, depth-capped)",10,0.6575342465753424,15.0
eucalyptus,"CART (ccp path, depth-capped)",11,0.28378378378378377,1.0
eucalyptus,"CART (ccp path, depth-capped)",11,0.527027027027027,9.0
eucalyptus,"CART (ccp path, depth-capped)",11,0.5675675675675675,15.0
eucalyptus,"CART (ccp path, depth-capped)",11,0.5945945945945946,21.0
eucalyptus,"CART (ccp path, depth-capped)",11,0.6081081081081081,27.0
eucalyptus,"CART (ccp path, depth-capped)",11,0.6216216216216216,35.0
eucalyptus,"CART (ccp path, depth-capped)",11,0.6486486486486487,43.0
eucalyptus,"CART (ccp path, depth-capped)",12,0.28378378378378377,1.0
eucalyptus,"CART (ccp path, depth-capped)",12,0.5540540540540541,9.0
eucalyptus,"CART (ccp path, depth-capped)",12,0.6621621621621622,15.0
eucalyptus,"CART (ccp path, depth-capped)",12,0.6756756756756757,19.0
eucalyptus,"CART (ccp path, depth-capped)",12,0.6891891891891891,31.0
eucalyptus,"CART (ccp path, depth-capped)",13,0.2972972972972973,1.0
eucalyptus,"CART (ccp path, depth-capped)",13,0.527027027027027,9.0
eucalyptus,"CART (ccp path, depth-capped)",13,0.6081081081081081,15.0
eucalyptus,"CART (ccp path, depth-capped)",13,0.6216216216216216,37.0
eucalyptus,"CART (ccp path, depth-capped)",14,0.2972972972972973,1.0
eucalyptus,"CART (ccp path, depth-capped)",14,0.527027027027027,9.0
eucalyptus,"CART (ccp path, depth-capped)",14,0.5675675675675675,15.0
eucalyptus,"CART (ccp path, depth-capped)",14,0.6216216216216216,19.0
eucalyptus,"CART (ccp path, depth-capped)",15,0.2972972972972973,1.0
eucalyptus,"CART (ccp path, depth-capped)",15,0.5675675675675675,9.0
eucalyptus,"CART (ccp path, depth-capped)",15,0.6486486486486487,15.0
eucalyptus,"CART (ccp path, depth-capped)",15,0.6756756756756757,19.0
eucalyptus,"CART (ccp path, depth-capped)",15,0.6891891891891891,33.0
eucalyptus,"CART (ccp path, depth-capped)",16,0.2972972972972973,1.0
eucalyptus,"CART (ccp path, depth-capped)",16,0.5540540540540541,9.0
eucalyptus,"CART (ccp path, depth-capped)",17,0.2876712328767123,1.0
eucalyptus,"CART (ccp path, depth-capped)",17,0.6301369863013698,11.0
eucalyptus,"CART (ccp path, depth-capped)",17,0.6438356164383562,15.0
eucalyptus,"CART (ccp path, depth-capped)",17,0.684931506849315,19.0
eucalyptus,"CART (ccp path, depth-capped)",18,0.2876712328767123,1.0
eucalyptus,"CART (ccp path, depth-capped)",18,0.6027397260273972,9.0
eucalyptus,"CART (ccp path, depth-capped)",18,0.6164383561643836,17.0
eucalyptus,"CART (ccp path, depth-capped)",18,0.6438356164383562,35.0
eucalyptus,"CART (ccp path, depth-capped)",18,0.6575342465753424,39.0
eucalyptus,"CART (ccp path, depth-capped)",19,0.2876712328767123,1.0
eucalyptus,"CART (ccp path, depth-capped)",19,0.547945205479452,9.0
eucalyptus,"CART (ccp path, depth-capped)",19,0.6164383561643836,17.0
eucalyptus,"CART (ccp path, depth-capped)",19,0.6301369863013698,31.0
eucalyptus,"CART (ccp path, depth-capped)",19,0.6438356164383562,39.0
eucalyptus,"CART (ccp path, depth-capped)",20,0.2876712328767123,1.0
eucalyptus,"CART (ccp path, depth-capped)",20,0.5753424657534246,7.0
eucalyptus,"CART (ccp path, depth-capped)",20,0.589041095890411,21.0
eucalyptus,"CART (ccp path, depth-capped)",20,0.6027397260273972,31.0
eucalyptus,"CART (ccp path, depth-capped)",20,0.6438356164383562,35.0
eucalyptus,"CART (ccp path, depth-capped)",20,0.6712328767123288,47.0
eucalyptus,"CART (ccp path, depth-capped)",20,0.684931506849315,55.0
eucalyptus,"CART (ccp path, depth-capped)",21,0.28378378378378377,1.0
eucalyptus,"CART (ccp path, depth-capped)",21,0.581081081081081,9.0
eucalyptus,"CART (ccp path, depth-capped)",21,0.6081081081081081,15.0
eucalyptus,"CART (ccp path, depth-capped)",22,0.28378378378378377,1.0
eucalyptus,"CART (ccp path, depth-capped)",22,0.5945945945945946,9.0
eucalyptus,"CART (ccp path, depth-capped)",22,0.6621621621621622,15.0
eucalyptus,"CART (ccp path, depth-capped)",23,0.2972972972972973,1.0
eucalyptus,"CART (ccp path, depth-capped)",23,0.4594594594594595,9.0
eucalyptus,"CART (ccp path, depth-capped)",23,0.4864864864864865,17.0
eucalyptus,"CART (ccp path, depth-capped)",23,0.5135135135135135,21.0
eucalyptus,"CART (ccp path, depth-capped)",23,0.527027027027027,39.0
eucalyptus,"CART (ccp path, depth-capped)",23,0.5405405405405406,43.0
eucalyptus,"CART (ccp path, depth-capped)",24,0.2972972972972973,1.0
eucalyptus,"CART (ccp path, depth-capped)",24,0.4864864864864865,9.0
eucalyptus,"CART (ccp path, depth-capped)",24,0.5540540540540541,15.0
eucalyptus,"CART (ccp path, depth-capped)",24,0.5945945945945946,19.0
eucalyptus,"CART (ccp path, depth-capped)",24,0.6081081081081081,29.0
eucalyptus,"CART (ccp path, depth-capped)",25,0.2972972972972973,1.0
eucalyptus,"CART (ccp path, depth-capped)",25,0.581081081081081,7.0
eucalyptus,"CART (ccp path, depth-capped)",25,0.6486486486486487,15.0
eucalyptus,"CART (ccp path, depth-capped)",25,0.7027027027027027,19.0
eucalyptus,"CART (ccp path, depth-capped)",25,0.7162162162162162,49.0
eucalyptus,"CART (ccp path, depth-capped)",26,0.2972972972972973,1.0
eucalyptus,"CART (ccp path, depth-capped)",26,0.5540540540540541,9.0
eucalyptus,"CART (ccp path, depth-capped)",26,0.581081081081081,15.0
eucalyptus,"CART (ccp path, depth-capped)",26,0.6621621621621622,19.0
eucalyptus,"CART (ccp path, depth-capped)",26,0.7027027027027027,27.0
eucalyptus,"CART (ccp path, depth-capped)",26,0.7297297297297297,33.0
eucalyptus,"CART (ccp path, depth-capped)",26,0.7432432432432432,53.0
eucalyptus,"CART (ccp path, depth-capped)",27,0.2876712328767123,1.0
eucalyptus,"CART (ccp path, depth-capped)",27,0.6027397260273972,9.0
eucalyptus,"CART (ccp path, depth-capped)",27,0.6438356164383562,15.0
eucalyptus,"CART (ccp path, depth-capped)",28,0.2876712328767123,1.0
eucalyptus,"CART (ccp path, depth-capped)",28,0.589041095890411,7.0
eucalyptus,"CART (ccp path, depth-capped)",28,0.6438356164383562,15.0
eucalyptus,"CART (ccp path, depth-capped)",29,0.2876712328767123,1.0
eucalyptus,"CART (ccp path, depth-capped)",29,0.5753424657534246,9.0
eucalyptus,"CART (ccp path, depth-capped)",29,0.589041095890411,15.0
eucalyptus,"CART (ccp path, depth-capped)",29,0.6301369863013698,19.0
eucalyptus,"CART (ccp path, depth-capped)",29,0.6712328767123288,27.0
eucalyptus,"CART (ccp path, depth-capped)",30,0.2876712328767123,1.0
eucalyptus,"CART (ccp path, depth-capped)",30,0.5616438356164384,9.0
eucalyptus,"CART (ccp path, depth-capped)",30,0.5753424657534246,15.0
eucalyptus,"CART (ccp path, depth-capped)",30,0.6575342465753424,19.0
eucalyptus,"CART (ccp path, depth-capped)",30,0.6986301369863014,41.0
blood_transfusion,"CART (ccp path, depth-capped)",1,0.76,1.0
blood_transfusion,"CART (ccp path, depth-capped)",1,0.7733333333333333,7.0
blood_transfusion,"CART (ccp path, depth-capped)",1,0.7866666666666666,11.0
blood_transfusion,"CART (ccp path, depth-capped)",1,0.8,23.0
blood_transfusion,"CART (ccp path, depth-capped)",2,0.76,1.0
blood_transfusion,"CART (ccp path, depth-capped)",2,0.84,9.0
blood_transfusion,"CART (ccp path, depth-capped)",3,0.76,1.0
blood_transfusion,"CART (ccp path, depth-capped)",3,0.8,9.0
blood_transfusion,"CART (ccp path, depth-capped)",4,0.76,1.0
blood_transfusion,"CART (ccp path, depth-capped)",4,0.7733333333333333,9.0
blood_transfusion,"CART (ccp path, depth-capped)",4,0.7866666666666666,27.0
blood_transfusion,"CART (ccp path, depth-capped)",5,0.76,1.0
blood_transfusion,"CART (ccp path, depth-capped)",5,0.8133333333333334,9.0
blood_transfusion,"CART (ccp path, depth-capped)",5,0.8266666666666667,55.0
blood_transfusion,"CART (ccp path, depth-capped)",6,0.76,1.0
blood_transfusion,"CART (ccp path, depth-capped)",6,0.7733333333333333,7.0
blood_transfusion,"CART (ccp path, depth-capped)",6,0.8,15.0
blood_transfusion,"CART (ccp path, depth-capped)",6,0.8133333333333334,51.0
blood_transfusion,"CART (ccp path, depth-capped)",7,0.76,1.0
blood_transfusion,"CART (ccp path, depth-capped)",7,0.7866666666666666,7.0
blood_transfusion,"CART (ccp path, depth-capped)",8,0.76,1.0
blood_transfusion,"CART (ccp path, depth-capped)",8,0.7866666666666666,9.0
blood_transfusion,"CART (ccp path, depth-capped)",9,0.7702702702702703,1.0
blood_transfusion,"CART (ccp path, depth-capped)",10,0.7702702702702703,1.0
blood_transfusion,"CART (ccp path, depth-capped)",10,0.7972972972972973,19.0
blood_transfusion,"CART (ccp path, depth-capped)",11,0.76,1.0
blood_transfusion,"CART (ccp path, depth-capped)",11,0.8533333333333334,9.0
blood_transfusion,"CART (ccp path, depth-capped)",11,0.8666666666666667,21.0
blood_transfusion,"CART (ccp path, depth-capped)",12,0.76,1.0
blood_transfusion,"CART (ccp path, depth-capped)",13,0.76,1.0
blood_transfusion,"CART (ccp path, depth-capped)",13,0.8,7.0
blood_transfusion,"CART (ccp path, depth-capped)",13,0.8133333333333334,21.0
blood_transfusion,"CART (ccp path, depth-capped)",14,0.76,1.0
blood_transfusion,"CART (ccp path, depth-capped)",14,0.8133333333333334,7.0
blood_transfusion,"CART (ccp path, depth-capped)",15,0.76,1.0
blood_transfusion,"CART (ccp path, depth-capped)",15,0.7733333333333333,7.0
blood_transfusion,"CART (ccp path, depth-capped)",15,0.7866666666666666,15.0
blood_transfusion,"CART (ccp path, depth-capped)",16,0.76,1.0
blood_transfusion,"CART (ccp path, depth-capped)",16,0.7866666666666666,9.0
blood_transfusion,"CART (ccp path, depth-capped)",16,0.8266666666666667,17.0
blood_transfusion,"CART (ccp path, depth-capped)",17,0.76,1.0
blood_transfusion,"CART (ccp path, depth-capped)",18,0.76,1.0
blood_transfusion,"CART (ccp path, depth-capped)",18,0.8266666666666667,9.0
blood_transfusion,"CART (ccp path, depth-capped)",19,0.7702702702702703,1.0
blood_transfusion,"CART (ccp path, depth-capped)",19,0.7972972972972973,17.0
blood_transfusion,"CART (ccp path, depth-capped)",19,0.8243243243243243,27.0
blood_transfusion,"CART (ccp path, depth-capped)",20,0.7702702702702703,1.0
blood_transfusion,"CART (ccp path, depth-capped)",21,0.76,1.0
blood_transfusion,"CART (ccp path, depth-capped)",21,0.7866666666666666,9.0
blood_transfusion,"CART (ccp path, depth-capped)",22,0.76,1.0
blood_transfusion,"CART (ccp path, depth-capped)",23,0.76,1.0
blood_transfusion,"CART (ccp path, depth-capped)",23,0.7866666666666666,7.0
blood_transfusion,"CART (ccp path, depth-capped)",24,0.76,1.0
blood_transfusion,"CART (ccp path, depth-capped)",24,0.7866666666666666,13.0
blood_transfusion,"CART (ccp path, depth-capped)",24,0.8,23.0
blood_transfusion,"CART (ccp path, depth-capped)",25,0.76,1.0
blood_transfusion,"CART (ccp path, depth-capped)",25,0.8533333333333334,9.0
blood_transfusion,"CART (ccp path, depth-capped)",26,0.76,1.0
blood_transfusion,"CART (ccp path, depth-capped)",26,0.7733333333333333,39.0
blood_transfusion,"CART (ccp path, depth-capped)",27,0.76,1.0
blood_transfusion,"CART (ccp path, depth-capped)",27,0.7866666666666666,13.0
blood_transfusion,"CART (ccp path, depth-capped)",28,0.76,1.0
blood_transfusion,"CART (ccp path, depth-capped)",28,0.8133333333333334,7.0
blood_transfusion,"CART (ccp path, depth-capped)",29,0.7702702702702703,1.0
blood_transfusion,"CART (ccp path, depth-capped)",30,0.7702702702702703,1.0
blood_transfusion,"CART (ccp path, depth-capped)",30,0.7837837837837838,9.0
blood_transfusion,"CART (ccp path, depth-capped)",30,0.7972972972972973,15.0
diabetes_pima,"CART (ccp path, depth-capped)",1,0.6493506493506493,1.0
diabetes_pima,"CART (ccp path, depth-capped)",1,0.7272727272727273,7.0
diabetes_pima,"CART (ccp path, depth-capped)",1,0.7402597402597403,39.0
diabetes_pima,"CART (ccp path, depth-capped)",2,0.6493506493506493,1.0
diabetes_pima,"CART (ccp path, depth-capped)",2,0.6883116883116883,11.0
diabetes_pima,"CART (ccp path, depth-capped)",2,0.7012987012987013,31.0
diabetes_pima,"CART (ccp path, depth-capped)",3,0.6493506493506493,1.0
diabetes_pima,"CART (ccp path, depth-capped)",3,0.8051948051948052,7.0
diabetes_pima,"CART (ccp path, depth-capped)",4,0.6493506493506493,1.0
diabetes_pima,"CART (ccp path, depth-capped)",4,0.7142857142857143,7.0
diabetes_pima,"CART (ccp path, depth-capped)",4,0.7272727272727273,13.0
diabetes_pima,"CART (ccp path, depth-capped)",4,0.7922077922077922,25.0
diabetes_pima,"CART (ccp path, depth-capped)",4,0.8181818181818182,31.0
diabetes_pima,"CART (ccp path, depth-capped)",4,0.8311688311688312,39.0
diabetes_pima,"CART (ccp path, depth-capped)",5,0.6493506493506493,1.0
diabetes_pima,"CART (ccp path, depth-capped)",5,0.7402597402597403,7.0
diabetes_pima,"CART (ccp path, depth-capped)",6,0.6493506493506493,1.0
diabetes_pima,"CART (ccp path, depth-capped)",6,0.7792207792207793,7.0
diabetes_pima,"CART (ccp path, depth-capped)",7,0.6493506493506493,1.0
diabetes_pima,"CART (ccp path, depth-capped)",7,0.7662337662337663,7.0
diabetes_pima,"CART (ccp path, depth-capped)",8,0.6493506493506493,1.0
diabetes_pima,"CART (ccp path, depth-capped)",8,0.7402597402597403,7.0
diabetes_pima,"CART (ccp path, depth-capped)",8,0.7532467532467533,23.0
diabetes_pima,"CART (ccp path, depth-capped)",8,0.7662337662337663,29.0
diabetes_pima,"CART (ccp path, depth-capped)",9,0.6578947368421053,1.0
diabetes_pima,"CART (ccp path, depth-capped)",9,0.8552631578947368,7.0
diabetes_pima,"CART (ccp path, depth-capped)",10,0.6578947368421053,1.0
diabetes_pima,"CART (ccp path, depth-capped)",10,0.6710526315789473,7.0
diabetes_pima,"CART (ccp path, depth-capped)",11,0.6493506493506493,1.0
diabetes_pima,"CART (ccp path, depth-capped)",11,0.7142857142857143,9.0
diabetes_pima,"CART (ccp path, depth-capped)",11,0.7402597402597403,21.0
diabetes_pima,"CART (ccp path, depth-capped)",11,0.7792207792207793,31.0
diabetes_pima,"CART (ccp path, depth-capped)",11,0.7922077922077922,37.0
diabetes_pima,"CART (ccp path, depth-capped)",12,0.6493506493506493,1.0
diabetes_pima,"CART (ccp path, depth-capped)",12,0.7142857142857143,7.0
diabetes_pima,"CART (ccp path, depth-capped)",12,0.7272727272727273,27.0
diabetes_pima,"CART (ccp path, depth-capped)",13,0.6493506493506493,1.0
diabetes_pima,"CART (ccp path, depth-capped)",13,0.7272727272727273,7.0
diabetes_pima,"CART (ccp path, depth-capped)",13,0.7402597402597403,17.0
diabetes_pima,"CART (ccp path, depth-capped)",14,0.6493506493506493,1.0
diabetes_pima,"CART (ccp path, depth-capped)",14,0.7532467532467533,7.0
diabetes_pima,"CART (ccp path, depth-capped)",14,0.8051948051948052,23.0
diabetes_pima,"CART (ccp path, depth-capped)",15,0.6493506493506493,1.0
diabetes_pima,"CART (ccp path, depth-capped)",15,0.6883116883116883,7.0
diabetes_pima,"CART (ccp path, depth-capped)",15,0.7142857142857143,21.0
diabetes_pima,"CART (ccp path, depth-capped)",16,0.6493506493506493,1.0
diabetes_pima,"CART (ccp path, depth-capped)",16,0.8051948051948052,7.0
diabetes_pima,"CART (ccp path, depth-capped)",16,0.8441558441558441,35.0
diabetes_pima,"CART (ccp path, depth-capped)",17,0.6493506493506493,1.0
diabetes_pima,"CART (ccp path, depth-capped)",17,0.7402597402597403,7.0
diabetes_pima,"CART (ccp path, depth-capped)",18,0.6493506493506493,1.0
diabetes_pima,"CART (ccp path, depth-capped)",18,0.7272727272727273,9.0
diabetes_pima,"CART (ccp path, depth-capped)",18,0.7402597402597403,15.0
diabetes_pima,"CART (ccp path, depth-capped)",19,0.6578947368421053,1.0
diabetes_pima,"CART (ccp path, depth-capped)",19,0.6842105263157895,7.0
diabetes_pima,"CART (ccp path, depth-capped)",19,0.75,15.0
diabetes_pima,"CART (ccp path, depth-capped)",19,0.7631578947368421,25.0
diabetes_pima,"CART (ccp path, depth-capped)",19,0.7763157894736842,35.0
diabetes_pima,"CART (ccp path, depth-capped)",20,0.6578947368421053,1.0
diabetes_pima,"CART (ccp path, depth-capped)",20,0.7763157894736842,7.0
diabetes_pima,"CART (ccp path, depth-capped)",21,0.6493506493506493,1.0
diabetes_pima,"CART (ccp path, depth-capped)",21,0.7272727272727273,7.0
diabetes_pima,"CART (ccp path, depth-capped)",22,0.6493506493506493,1.0
diabetes_pima,"CART (ccp path, depth-capped)",22,0.7532467532467533,7.0
diabetes_pima,"CART (ccp path, depth-capped)",23,0.6493506493506493,1.0
diabetes_pima,"CART (ccp path, depth-capped)",23,0.7922077922077922,7.0
diabetes_pima,"CART (ccp path, depth-capped)",24,0.6493506493506493,1.0
diabetes_pima,"CART (ccp path, depth-capped)",24,0.7142857142857143,7.0
diabetes_pima,"CART (ccp path, depth-capped)",24,0.7922077922077922,15.0
diabetes_pima,"CART (ccp path, depth-capped)",24,0.8051948051948052,27.0
diabetes_pima,"CART (ccp path, depth-capped)",25,0.6493506493506493,1.0
diabetes_pima,"CART (ccp path, depth-capped)",25,0.7142857142857143,7.0
diabetes_pima,"CART (ccp path, depth-capped)",25,0.7402597402597403,13.0
diabetes_pima,"CART (ccp path, depth-capped)",25,0.7532467532467533,27.0
diabetes_pima,"CART (ccp path, depth-capped)",26,0.6493506493506493,1.0
diabetes_pima,"CART (ccp path, depth-capped)",26,0.6883116883116883,7.0
diabetes_pima,"CART (ccp path, depth-capped)",26,0.7142857142857143,13.0
diabetes_pima,"CART (ccp path, depth-capped)",26,0.7272727272727273,17.0
diabetes_pima,"CART (ccp path, depth-capped)",26,0.7402597402597403,25.0
diabetes_pima,"CART (ccp path, depth-capped)",27,0.6493506493506493,1.0
diabetes_pima,"CART (ccp path, depth-capped)",27,0.7532467532467533,7.0
diabetes_pima,"CART (ccp path, depth-capped)",28,0.6493506493506493,1.0
diabetes_pima,"CART (ccp path, depth-capped)",28,0.7402597402597403,7.0
diabetes_pima,"CART (ccp path, depth-capped)",29,0.6578947368421053,1.0
diabetes_pima,"CART (ccp path, depth-capped)",29,0.7894736842105263,7.0
diabetes_pima,"CART (ccp path, depth-capped)",30,0.6578947368421053,1.0
diabetes_pima,"CART (ccp path, depth-capped)",30,0.7894736842105263,7.0
analcatdata_dmft,"CART (ccp path, depth-capped)",1,0.2,1.0
analcatdata_dmft,"CART (ccp path, depth-capped)",1,0.2125,39.0
analcatdata_dmft,"CART (ccp path, depth-capped)",2,0.2,1.0
analcatdata_dmft,"CART (ccp path, depth-capped)",2,0.225,49.0
analcatdata_dmft,"CART (ccp path, depth-capped)",3,0.2,1.0
analcatdata_dmft,"CART (ccp path, depth-capped)",3,0.2375,31.0
analcatdata_dmft,"CART (ccp path, depth-capped)",3,0.25,43.0
analcatdata_dmft,"CART (ccp path, depth-capped)",4,0.2,1.0
analcatdata_dmft,"CART (ccp path, depth-capped)",4,0.2125,13.0
analcatdata_dmft,"CART (ccp path, depth-capped)",4,0.225,21.0
analcatdata_dmft,"CART (ccp path, depth-capped)",4,0.2375,35.0
analcatdata_dmft,"CART (ccp path, depth-capped)",4,0.25,61.0
analcatdata_dmft,"CART (ccp path, depth-capped)",4,0.2625,67.0
analcatdata_dmft,"CART (ccp path, depth-capped)",5,0.2,1.0
analcatdata_dmft,"CART (ccp path, depth-capped)",5,0.275,41.0
analcatdata_dmft,"CART (ccp path, depth-capped)",6,0.1875,1.0
analcatdata_dmft,"CART (ccp path, depth-capped)",6,0.25,31.0
analcatdata_dmft,"CART (ccp path, depth-capped)",6,0.275,39.0
analcatdata_dmft,"CART (ccp path, depth-capped)",7,0.1875,1.0
analcatdata_dmft,"CART (ccp path, depth-capped)",7,0.2,29.0
analcatdata_dmft,"CART (ccp path, depth-capped)",7,0.2125,51.0
analcatdata_dmft,"CART (ccp path, depth-capped)",8,0.189873417721519,1.0
analcatdata_dmft,"CART (ccp path, depth-capped)",8,0.20253164556962025,63.0
analcatdata_dmft,"CART (ccp path, depth-capped)",8,0.22784810126582278,77.0
analcatdata_dmft,"CART (ccp path, depth-capped)",9,0.189873417721519,1.0
analcatdata_dmft,"CART (ccp path, depth-capped)",9,0.24050632911392406,23.0
analcatdata_dmft,"CART (ccp path, depth-capped)",10,0.189873417721519,1.0
analcatdata_dmft,"CART (ccp path, depth-capped)",10,0.20253164556962025,53.0
analcatdata_dmft,"CART (ccp path, depth-capped)",10,0.21518987341772153,59.0
analcatdata_dmft,"CART (ccp path, depth-capped)",11,0.2,1.0
analcatdata_dmft,"CART (ccp path, depth-capped)",11,0.2375,47.0
analcatdata_dmft,"CART (ccp path, depth-capped)",11,0.25,61.0
analcatdata_dmft,"CART (ccp path, depth-capped)",12,0.2,1.0
analcatdata_dmft,"CART (ccp path, depth-capped)",12,0.2125,35.0
analcatdata_dmft,"CART (ccp path, depth-capped)",12,0.225,55.0
analcatdata_dmft,"CART (ccp path, depth-capped)",12,0.2625,77.0
analcatdata_dmft,"CART (ccp path, depth-capped)",13,0.2,1.0
analcatdata_dmft,"CART (ccp path, depth-capped)",13,0.225,51.0
analcatdata_dmft,"CART (ccp path, depth-capped)",14,0.2,1.0
analcatdata_dmft,"CART (ccp path, depth-capped)",14,0.2625,27.0
analcatdata_dmft,"CART (ccp path, depth-capped)",14,0.275,45.0
analcatdata_dmft,"CART (ccp path, depth-capped)",15,0.2,1.0
analcatdata_dmft,"CART (ccp path, depth-capped)",15,0.275,67.0
analcatdata_dmft,"CART (ccp path, depth-capped)",16,0.1875,1.0
analcatdata_dmft,"CART (ccp path, depth-capped)",16,0.2,23.0
analcatdata_dmft,"CART (ccp path, depth-capped)",16,0.225,27.0
analcatdata_dmft,"CART (ccp path, depth-capped)",16,0.2375,33.0
analcatdata_dmft,"CART (ccp path, depth-capped)",16,0.25,41.0
analcatdata_dmft,"CART (ccp path, depth-capped)",17,0.1875,1.0
analcatdata_dmft,"CART (ccp path, depth-capped)",17,0.25,13.0
analcatdata_dmft,"CART (ccp path, depth-capped)",17,0.2625,29.0
analcatdata_dmft,"CART (ccp path, depth-capped)",18,0.189873417721519,1.0
analcatdata_dmft,"CART (ccp path, depth-capped)",19,0.189873417721519,1.0
analcatdata_dmft,"CART (ccp path, depth-capped)",19,0.20253164556962025,49.0
analcatdata_dmft,"CART (ccp path, depth-capped)",20,0.189873417721519,1.0
analcatdata_dmft,"CART (ccp path, depth-capped)",20,0.20253164556962025,7.0
analcatdata_dmft,"CART (ccp path, depth-capped)",20,0.21518987341772153,15.0
analcatdata_dmft,"CART (ccp path, depth-capped)",20,0.25316455696202533,33.0
analcatdata_dmft,"CART (ccp path, depth-capped)",21,0.2,1.0
analcatdata_dmft,"CART (ccp path, depth-capped)",21,0.225,45.0
analcatdata_dmft,"CART (ccp path, depth-capped)",22,0.2,1.0
analcatdata_dmft,"CART (ccp path, depth-capped)",22,0.2125,23.0
analcatdata_dmft,"CART (ccp path, depth-capped)",23,0.2,1.0
analcatdata_dmft,"CART (ccp path, depth-capped)",23,0.2375,13.0
analcatdata_dmft,"CART (ccp path, depth-capped)",23,0.2625,19.0
analcatdata_dmft,"CART (ccp path, depth-capped)",24,0.2,1.0
analcatdata_dmft,"CART (ccp path, depth-capped)",24,0.225,7.0
analcatdata_dmft,"CART (ccp path, depth-capped)",24,0.2375,13.0
analcatdata_dmft,"CART (ccp path, depth-capped)",24,0.2625,69.0
analcatdata_dmft,"CART (ccp path, depth-capped)",24,0.275,85.0
analcatdata_dmft,"CART (ccp path, depth-capped)",25,0.2,1.0
analcatdata_dmft,"CART (ccp path, depth-capped)",25,0.2125,39.0
analcatdata_dmft,"CART (ccp path, depth-capped)",25,0.2375,47.0
analcatdata_dmft,"CART (ccp path, depth-capped)",25,0.25,53.0
analcatdata_dmft,"CART (ccp path, depth-capped)",25,0.275,59.0
analcatdata_dmft,"CART (ccp path, depth-capped)",26,0.1875,1.0
analcatdata_dmft,"CART (ccp path, depth-capped)",27,0.1875,1.0
analcatdata_dmft,"CART (ccp path, depth-capped)",28,0.189873417721519,1.0
analcatdata_dmft,"CART (ccp path, depth-capped)",28,0.26582278481012656,9.0
analcatdata_dmft,"CART (ccp path, depth-capped)",29,0.189873417721519,1.0
analcatdata_dmft,"CART (ccp path, depth-capped)",30,0.189873417721519,1.0
analcatdata_dmft,"CART (ccp path, depth-capped)",30,0.26582278481012656,13.0
vehicle,"CART (ccp path, depth-capped)",1,0.25882352941176473,1.0
vehicle,"CART (ccp path, depth-capped)",1,0.6352941176470588,11.0
vehicle,"CART (ccp path, depth-capped)",1,0.6705882352941176,17.0
vehicle,"CART (ccp path, depth-capped)",1,0.6823529411764706,25.0
vehicle,"CART (ccp path, depth-capped)",1,0.6941176470588235,37.0
vehicle,"CART (ccp path, depth-capped)",2,0.25882352941176473,1.0
vehicle,"CART (ccp path, depth-capped)",2,0.6470588235294118,11.0
vehicle,"CART (ccp path, depth-capped)",2,0.6588235294117647,17.0
vehicle,"CART (ccp path, depth-capped)",2,0.6705882352941176,23.0
vehicle,"CART (ccp path, depth-capped)",2,0.7176470588235294,33.0
vehicle,"CART (ccp path, depth-capped)",3,0.25882352941176473,1.0
vehicle,"CART (ccp path, depth-capped)",3,0.6705882352941176,11.0
vehicle,"CART (ccp path, depth-capped)",3,0.6941176470588235,23.0
vehicle,"CART (ccp path, depth-capped)",3,0.7058823529411765,27.0
vehicle,"CART (ccp path, depth-capped)",3,0.7176470588235294,33.0
vehicle,"CART (ccp path, depth-capped)",3,0.7411764705882353,39.0
vehicle,"CART (ccp path, depth-capped)",4,0.25882352941176473,1.0
vehicle,"CART (ccp path, depth-capped)",4,0.6235294117647059,11.0
vehicle,"CART (ccp path, depth-capped)",4,0.6705882352941176,17.0
vehicle,"CART (ccp path, depth-capped)",4,0.6941176470588235,25.0
vehicle,"CART (ccp path, depth-capped)",4,0.7176470588235294,49.0
vehicle,"CART (ccp path, depth-capped)",4,0.7529411764705882,57.0
vehicle,"CART (ccp path, depth-capped)",5,0.25882352941176473,1.0
vehicle,"CART (ccp path, depth-capped)",5,0.6352941176470588,13.0
vehicle,"CART (ccp path, depth-capped)",5,0.6470588235294118,39.0
vehicle,"CART (ccp path, depth-capped)",5,0.6705882352941176,53.0
vehicle,"CART (ccp path, depth-capped)",6,0.25882352941176473,1.0
vehicle,"CART (ccp path, depth-capped)",6,0.6470588235294118,11.0
vehicle,"CART (ccp path, depth-capped)",6,0.6705882352941176,19.0
vehicle,"CART (ccp path, depth-capped)",6,0.7176470588235294,23.0
vehicle,"CART (ccp path, depth-capped)",6,0.7294117647058823,29.0
vehicle,"CART (ccp path, depth-capped)",6,0.7411764705882353,41.0
vehicle,"CART (ccp path, depth-capped)",7,0.2619047619047619,1.0
vehicle,"CART (ccp path, depth-capped)",7,0.6428571428571429,11.0
vehicle,"CART (ccp path, depth-capped)",7,0.6785714285714286,17.0
vehicle,"CART (ccp path, depth-capped)",7,0.7142857142857143,35.0
vehicle,"CART (ccp path, depth-capped)",7,0.7380952380952381,45.0
vehicle,"CART (ccp path, depth-capped)",8,0.25,1.0
vehicle,"CART (ccp path, depth-capped)",8,0.6309523809523809,11.0
vehicle,"CART (ccp path, depth-capped)",8,0.6547619047619048,19.0
vehicle,"CART (ccp path, depth-capped)",8,0.6666666666666666,25.0
vehicle,"CART (ccp path, depth-capped)",8,0.6904761904761905,59.0
vehicle,"CART (ccp path, depth-capped)",9,0.25,1.0
vehicle,"CART (ccp path, depth-capped)",9,0.6428571428571429,11.0
vehicle,"CART (ccp path, depth-capped)",9,0.6904761904761905,17.0
vehicle,"CART (ccp path, depth-capped)",9,0.7023809523809523,25.0
vehicle,"CART (ccp path, depth-capped)",10,0.2619047619047619,1.0
vehicle,"CART (ccp path, depth-capped)",10,0.6190476190476191,11.0
vehicle,"CART (ccp path, depth-capped)",10,0.6666666666666666,17.0
vehicle,"CART (ccp path, depth-capped)",10,0.7142857142857143,25.0
vehicle,"CART (ccp path, depth-capped)",10,0.7261904761904762,31.0
vehicle,"CART (ccp path, depth-capped)",11,0.25882352941176473,1.0
vehicle,"CART (ccp path, depth-capped)",11,0.7058823529411765,13.0
vehicle,"CART (ccp path, depth-capped)",11,0.7176470588235294,19.0
vehicle,"CART (ccp path, depth-capped)",11,0.7294117647058823,25.0
vehicle,"CART (ccp path, depth-capped)",11,0.7529411764705882,31.0
vehicle,"CART (ccp path, depth-capped)",12,0.25882352941176473,1.0
vehicle,"CART (ccp path, depth-capped)",12,0.6588235294117647,11.0
vehicle,"CART (ccp path, depth-capped)",12,0.6823529411764706,17.0
vehicle,"CART (ccp path, depth-capped)",12,0.6941176470588235,35.0
vehicle,"CART (ccp path, depth-capped)",12,0.7058823529411765,39.0
vehicle,"CART (ccp path, depth-capped)",12,0.7176470588235294,61.0
vehicle,"CART (ccp path, depth-capped)",12,0.7294117647058823,71.0
vehicle,"CART (ccp path, depth-capped)",13,0.25882352941176473,1.0
vehicle,"CART (ccp path, depth-capped)",13,0.6588235294117647,11.0
vehicle,"CART (ccp path, depth-capped)",13,0.6823529411764706,15.0
vehicle,"CART (ccp path, depth-capped)",13,0.6941176470588235,25.0
vehicle,"CART (ccp path, depth-capped)",13,0.8,29.0
vehicle,"CART (ccp path, depth-capped)",14,0.25882352941176473,1.0
vehicle,"CART (ccp path, depth-capped)",14,0.6235294117647059,11.0
vehicle,"CART (ccp path, depth-capped)",14,0.6352941176470588,17.0
vehicle,"CART (ccp path, depth-capped)",14,0.6588235294117647,39.0
vehicle,"CART (ccp path, depth-capped)",15,0.25882352941176473,1.0
vehicle,"CART (ccp path, depth-capped)",15,0.6235294117647059,11.0
vehicle,"CART (ccp path, depth-capped)",15,0.6470588235294118,29.0
vehicle,"CART (ccp path, depth-capped)",15,0.6588235294117647,65.0
vehicle,"CART (ccp path, depth-capped)",16,0.25882352941176473,1.0
vehicle,"CART (ccp path, depth-capped)",16,0.6470588235294118,11.0
vehicle,"CART (ccp path, depth-capped)",16,0.6705882352941176,17.0
vehicle,"CART (ccp path, depth-capped)",16,0.6823529411764706,35.0
vehicle,"CART (ccp path, depth-capped)",17,0.2619047619047619,1.0
vehicle,"CART (ccp path, depth-capped)",17,0.6071428571428571,11.0
vehicle,"CART (ccp path, depth-capped)",17,0.6309523809523809,25.0
vehicle,"CART (ccp path, depth-capped)",17,0.6547619047619048,29.0
vehicle,"CART (ccp path, depth-capped)",18,0.25,1.0
vehicle,"CART (ccp path, depth-capped)",18,0.6309523809523809,11.0
vehicle,"CART (ccp path, depth-capped)",18,0.6666666666666666,17.0
vehicle,"CART (ccp path, depth-capped)",18,0.6785714285714286,23.0
vehicle,"CART (ccp path, depth-capped)",18,0.6904761904761905,29.0
vehicle,"CART (ccp path, depth-capped)",18,0.7261904761904762,35.0
vehicle,"CART (ccp path, depth-capped)",19,0.25,1.0
vehicle,"CART (ccp path, depth-capped)",19,0.6071428571428571,11.0
vehicle,"CART (ccp path, depth-capped)",19,0.6309523809523809,17.0
vehicle,"CART (ccp path, depth-capped)",19,0.6547619047619048,25.0
vehicle,"CART (ccp path, depth-capped)",19,0.6666666666666666,31.0
vehicle,"CART (ccp path, depth-capped)",19,0.7261904761904762,37.0
vehicle,"CART (ccp path, depth-capped)",20,0.2619047619047619,1.0
vehicle,"CART (ccp path, depth-capped)",20,0.6547619047619048,11.0
vehicle,"CART (ccp path, depth-capped)",20,0.7023809523809523,19.0
vehicle,"CART (ccp path, depth-capped)",21,0.25882352941176473,1.0
vehicle,"CART (ccp path, depth-capped)",21,0.6470588235294118,13.0
vehicle,"CART (ccp path, depth-capped)",21,0.6588235294117647,19.0
vehicle,"CART (ccp path, depth-capped)",21,0.6705882352941176,25.0
vehicle,"CART (ccp path, depth-capped)",22,0.25882352941176473,1.0
vehicle,"CART (ccp path, depth-capped)",22,0.6,11.0
vehicle,"CART (ccp path, depth-capped)",22,0.611764705882353,17.0
vehicle,"CART (ccp path, depth-capped)",22,0.6235294117647059,29.0
vehicle,"CART (ccp path, depth-capped)",22,0.6705882352941176,39.0
vehicle,"CART (ccp path, depth-capped)",22,0.6823529411764706,59.0
vehicle,"CART (ccp path, depth-capped)",22,0.6941176470588235,67.0
vehicle,"CART (ccp path, depth-capped)",23,0.25882352941176473,1.0
vehicle,"CART (ccp path, depth-capped)",23,0.6705882352941176,13.0
vehicle,"CART (ccp path, depth-capped)",23,0.7058823529411765,19.0
vehicle,"CART (ccp path, depth-capped)",23,0.7294117647058823,37.0
vehicle,"CART (ccp path, depth-capped)",23,0.7411764705882353,45.0
vehicle,"CART (ccp path, depth-capped)",23,0.7529411764705882,57.0
vehicle,"CART (ccp path, depth-capped)",24,0.25882352941176473,1.0
vehicle,"CART (ccp path, depth-capped)",24,0.6235294117647059,11.0
vehicle,"CART (ccp path, depth-capped)",24,0.6588235294117647,17.0
vehicle,"CART (ccp path, depth-capped)",24,0.6705882352941176,27.0
vehicle,"CART (ccp path, depth-capped)",24,0.7176470588235294,49.0
vehicle,"CART (ccp path, depth-capped)",24,0.7529411764705882,55.0
vehicle,"CART (ccp path, depth-capped)",25,0.25882352941176473,1.0
vehicle,"CART (ccp path, depth-capped)",25,0.6588235294117647,11.0
vehicle,"CART (ccp path, depth-capped)",25,0.6823529411764706,17.0
vehicle,"CART (ccp path, depth-capped)",25,0.7411764705882353,35.0
vehicle,"CART (ccp path, depth-capped)",26,0.25882352941176473,1.0
vehicle,"CART (ccp path, depth-capped)",26,0.6470588235294118,11.0
vehicle,"CART (ccp path, depth-capped)",26,0.7176470588235294,17.0
vehicle,"CART (ccp path, depth-capped)",26,0.7647058823529411,25.0
vehicle,"CART (ccp path, depth-capped)",27,0.2619047619047619,1.0
vehicle,"CART (ccp path, depth-capped)",27,0.7023809523809523,11.0
vehicle,"CART (ccp path, depth-capped)",27,0.7261904761904762,17.0
vehicle,"CART (ccp path, depth-capped)",27,0.7619047619047619,35.0
vehicle,"CART (ccp path, depth-capped)",28,0.25,1.0
vehicle,"CART (ccp path, depth-capped)",28,0.6666666666666666,11.0
vehicle,"CART (ccp path, depth-capped)",28,0.7023809523809523,23.0
vehicle,"CART (ccp path, depth-capped)",28,0.7261904761904762,33.0
vehicle,"CART (ccp path, depth-capped)",29,0.25,1.0
vehicle,"CART (ccp path, depth-capped)",29,0.6904761904761905,11.0
vehicle,"CART (ccp path, depth-capped)",29,0.7142857142857143,23.0
vehicle,"CART (ccp path, depth-capped)",29,0.75,35.0
vehicle,"CART (ccp path, depth-capped)",30,0.2619047619047619,1.0
vehicle,"CART (ccp path, depth-capped)",30,0.6309523809523809,11.0
vehicle,"CART (ccp path, depth-capped)",30,0.6428571428571429,15.0
vehicle,"CART (ccp path, depth-capped)",30,0.7142857142857143,25.0
vehicle,"CART (ccp path, depth-capped)",30,0.7261904761904762,41.0
tic_tac_toe,"CART (ccp path, depth-capped)",1,0.65625,1.0
tic_tac_toe,"CART (ccp path, depth-capped)",1,0.7916666666666666,15.0
tic_tac_toe,"CART (ccp path, depth-capped)",2,0.65625,1.0
tic_tac_toe,"CART (ccp path, depth-capped)",2,0.6770833333333334,9.0
tic_tac_toe,"CART (ccp path, depth-capped)",2,0.78125,17.0
tic_tac_toe,"CART (ccp path, depth-capped)",2,0.7916666666666666,23.0
tic_tac_toe,"CART (ccp path, depth-capped)",3,0.65625,1.0
tic_tac_toe,"CART (ccp path, depth-capped)",3,0.7291666666666666,9.0
tic_tac_toe,"CART (ccp path, depth-capped)",3,0.8541666666666666,15.0
tic_tac_toe,"CART (ccp path, depth-capped)",3,0.8645833333333334,21.0
tic_tac_toe,"CART (ccp path, depth-capped)",4,0.65625,1.0
tic_tac_toe,"CART (ccp path, depth-capped)",4,0.71875,9.0
tic_tac_toe,"CART (ccp path, depth-capped)",4,0.7395833333333334,15.0
tic_tac_toe,"CART (ccp path, depth-capped)",4,0.7604166666666666,29.0
tic_tac_toe,"CART (ccp path, depth-capped)",4,0.8125,37.0
tic_tac_toe,"CART (ccp path, depth-capped)",5,0.65625,1.0
tic_tac_toe,"CART (ccp path, depth-capped)",5,0.6875,9.0
tic_tac_toe,"CART (ccp path, depth-capped)",5,0.78125,19.0
tic_tac_toe,"CART (ccp path, depth-capped)",5,0.8020833333333334,29.0
tic_tac_toe,"CART (ccp path, depth-capped)",6,0.65625,1.0
tic_tac_toe,"CART (ccp path, depth-capped)",6,0.71875,9.0
tic_tac_toe,"CART (ccp path, depth-capped)",6,0.8333333333333334,19.0
tic_tac_toe,"CART (ccp path, depth-capped)",6,0.8541666666666666,31.0
tic_tac_toe,"CART (ccp path, depth-capped)",7,0.6458333333333334,1.0
tic_tac_toe,"CART (ccp path, depth-capped)",7,0.7395833333333334,15.0
tic_tac_toe,"CART (ccp path, depth-capped)",7,0.75,21.0
tic_tac_toe,"CART (ccp path, depth-capped)",7,0.78125,47.0
tic_tac_toe,"CART (ccp path, depth-capped)",7,0.7916666666666666,51.0
tic_tac_toe,"CART (ccp path, depth-capped)",7,0.8125,69.0
tic_tac_toe,"CART (ccp path, depth-capped)",8,0.6458333333333334,1.0
tic_tac_toe,"CART (ccp path, depth-capped)",8,0.71875,9.0
tic_tac_toe,"CART (ccp path, depth-capped)",8,0.7916666666666666,17.0
tic_tac_toe,"CART (ccp path, depth-capped)",9,0.6526315789473685,1.0
tic_tac_toe,"CART (ccp path, depth-capped)",9,0.7578947368421053,15.0
tic_tac_toe,"CART (ccp path, depth-capped)",9,0.7894736842105263,21.0
tic_tac_toe,"CART (ccp path, depth-capped)",9,0.8,33.0
tic_tac_toe,"CART (ccp path, depth-capped)",10,0.6526315789473685,1.0
tic_tac_toe,"CART (ccp path, depth-capped)",10,0.8105263157894737,15.0
tic_tac_toe,"CART (ccp path, depth-capped)",10,0.8421052631578947,21.0
tic_tac_toe,"CART (ccp path, depth-capped)",10,0.8526315789473684,33.0
tic_tac_toe,"CART (ccp path, depth-capped)",11,0.65625,1.0
tic_tac_toe,"CART (ccp path, depth-capped)",11,0.7395833333333334,9.0
tic_tac_toe,"CART (ccp path, depth-capped)",11,0.8125,17.0
tic_tac_toe,"CART (ccp path, depth-capped)",11,0.84375,25.0
tic_tac_toe,"CART (ccp path, depth-capped)",12,0.65625,1.0
tic_tac_toe,"CART (ccp path, depth-capped)",12,0.7291666666666666,9.0
tic_tac_toe,"CART (ccp path, depth-capped)",12,0.8020833333333334,19.0
tic_tac_toe,"CART (ccp path, depth-capped)",12,0.8229166666666666,29.0
tic_tac_toe,"CART (ccp path, depth-capped)",13,0.65625,1.0
tic_tac_toe,"CART (ccp path, depth-capped)",13,0.78125,15.0
tic_tac_toe,"CART (ccp path, depth-capped)",13,0.7916666666666666,21.0
tic_tac_toe,"CART (ccp path, depth-capped)",14,0.65625,1.0
tic_tac_toe,"CART (ccp path, depth-capped)",14,0.7604166666666666,15.0
tic_tac_toe,"CART (ccp path, depth-capped)",14,0.7916666666666666,21.0
tic_tac_toe,"CART (ccp path, depth-capped)",15,0.65625,1.0
tic_tac_toe,"CART (ccp path, depth-capped)",15,0.75,9.0
tic_tac_toe,"CART (ccp path, depth-capped)",15,0.8645833333333334,17.0
tic_tac_toe,"CART (ccp path, depth-capped)",15,0.8854166666666666,25.0
tic_tac_toe,"CART (ccp path, depth-capped)",16,0.65625,1.0
tic_tac_toe,"CART (ccp path, depth-capped)",16,0.8333333333333334,15.0
tic_tac_toe,"CART (ccp path, depth-capped)",16,0.84375,21.0
tic_tac_toe,"CART (ccp path, depth-capped)",17,0.6458333333333334,1.0
tic_tac_toe,"CART (ccp path, depth-capped)",17,0.71875,9.0
tic_tac_toe,"CART (ccp path, depth-capped)",17,0.8229166666666666,17.0
tic_tac_toe,"CART (ccp path, depth-capped)",17,0.8541666666666666,25.0
tic_tac_toe,"CART (ccp path, depth-capped)",18,0.6458333333333334,1.0
tic_tac_toe,"CART (ccp path, depth-capped)",18,0.6875,9.0
tic_tac_toe,"CART (ccp path, depth-capped)",18,0.7604166666666666,17.0
tic_tac_toe,"CART (ccp path, depth-capped)",18,0.7916666666666666,31.0
tic_tac_toe,"CART (ccp path, depth-capped)",19,0.6526315789473685,1.0
tic_tac_toe,"CART (ccp path, depth-capped)",19,0.7157894736842105,9.0
tic_tac_toe,"CART (ccp path, depth-capped)",19,0.8,17.0
tic_tac_toe,"CART (ccp path, depth-capped)",19,0.8210526315789474,25.0
tic_tac_toe,"CART (ccp path, depth-capped)",19,0.8421052631578947,41.0
tic_tac_toe,"CART (ccp path, depth-capped)",20,0.6526315789473685,1.0
tic_tac_toe,"CART (ccp path, depth-capped)",20,0.6947368421052632,9.0
tic_tac_toe,"CART (ccp path, depth-capped)",20,0.8,19.0
tic_tac_toe,"CART (ccp path, depth-capped)",21,0.65625,1.0
tic_tac_toe,"CART (ccp path, depth-capped)",21,0.7708333333333334,13.0
tic_tac_toe,"CART (ccp path, depth-capped)",21,0.8020833333333334,17.0
tic_tac_toe,"CART (ccp path, depth-capped)",21,0.8125,25.0
tic_tac_toe,"CART (ccp path, depth-capped)",22,0.65625,1.0
tic_tac_toe,"CART (ccp path, depth-capped)",22,0.71875,9.0
tic_tac_toe,"CART (ccp path, depth-capped)",22,0.7916666666666666,17.0
tic_tac_toe,"CART (ccp path, depth-capped)",22,0.8333333333333334,25.0
tic_tac_toe,"CART (ccp path, depth-capped)",23,0.65625,1.0
tic_tac_toe,"CART (ccp path, depth-capped)",23,0.8854166666666666,15.0
tic_tac_toe,"CART (ccp path, depth-capped)",23,0.8958333333333334,35.0
tic_tac_toe,"CART (ccp path, depth-capped)",24,0.65625,1.0
tic_tac_toe,"CART (ccp path, depth-capped)",24,0.71875,9.0
tic_tac_toe,"CART (ccp path, depth-capped)",24,0.8125,17.0
tic_tac_toe,"CART (ccp path, depth-capped)",24,0.8229166666666666,25.0
tic_tac_toe,"CART (ccp path, depth-capped)",25,0.65625,1.0
tic_tac_toe,"CART (ccp path, depth-capped)",25,0.75,9.0
tic_tac_toe,"CART (ccp path, depth-capped)",25,0.84375,15.0
tic_tac_toe,"CART (ccp path, depth-capped)",25,0.8645833333333334,21.0
tic_tac_toe,"CART (ccp path, depth-capped)",26,0.65625,1.0
tic_tac_toe,"CART (ccp path, depth-capped)",26,0.6979166666666666,9.0
tic_tac_toe,"CART (ccp path, depth-capped)",26,0.7708333333333334,15.0
tic_tac_toe,"CART (ccp path, depth-capped)",26,0.8125,21.0
tic_tac_toe,"CART (ccp path, depth-capped)",26,0.8229166666666666,25.0
tic_tac_toe,"CART (ccp path, depth-capped)",26,0.8333333333333334,45.0
tic_tac_toe,"CART (ccp path, depth-capped)",27,0.6458333333333334,1.0
tic_tac_toe,"CART (ccp path, depth-capped)",27,0.7395833333333334,9.0
tic_tac_toe,"CART (ccp path, depth-capped)",27,0.8229166666666666,17.0
tic_tac_toe,"CART (ccp path, depth-capped)",27,0.8333333333333334,29.0
tic_tac_toe,"CART (ccp path, depth-capped)",28,0.6458333333333334,1.0
tic_tac_toe,"CART (ccp path, depth-capped)",28,0.6979166666666666,9.0
tic_tac_toe,"CART (ccp path, depth-capped)",28,0.8020833333333334,17.0
tic_tac_toe,"CART (ccp path, depth-capped)",28,0.84375,25.0
tic_tac_toe,"CART (ccp path, depth-capped)",28,0.8541666666666666,37.0
tic_tac_toe,"CART (ccp path, depth-capped)",29,0.6526315789473685,1.0
tic_tac_toe,"CART (ccp path, depth-capped)",29,0.6631578947368421,5.0
tic_tac_toe,"CART (ccp path, depth-capped)",29,0.7684210526315789,15.0
tic_tac_toe,"CART (ccp path, depth-capped)",29,0.8315789473684211,21.0
tic_tac_toe,"CART (ccp path, depth-capped)",30,0.6526315789473685,1.0
tic_tac_toe,"CART (ccp path, depth-capped)",30,0.7578947368421053,15.0
tic_tac_toe,"CART (ccp path, depth-capped)",30,0.7684210526315789,69.0
vowel,"CART (ccp path, depth-capped)",1,0.09090909090909091,1.0
vowel,"CART (ccp path, depth-capped)",1,0.3333333333333333,7.0
vowel,"CART (ccp path, depth-capped)",1,0.46464646464646464,15.0
vowel,"CART (ccp path, depth-capped)",1,0.5555555555555556,21.0
vowel,"CART (ccp path, depth-capped)",1,0.6060606060606061,27.0
vowel,"CART (ccp path, depth-capped)",1,0.6161616161616161,31.0
vowel,"CART (ccp path, depth-capped)",1,0.7070707070707071,37.0
vowel,"CART (ccp path, depth-capped)",1,0.7272727272727273,41.0
vowel,"CART (ccp path, depth-capped)",1,0.7474747474747475,47.0
vowel,"CART (ccp path, depth-capped)",2,0.09090909090909091,1.0
vowel,"CART (ccp path, depth-capped)",2,0.30303030303030304,9.0
vowel,"CART (ccp path, depth-capped)",2,0.43434343434343436,15.0
vowel,"CART (ccp path, depth-capped)",2,0.45454545454545453,19.0
vowel,"CART (ccp path, depth-capped)",2,0.48484848484848486,25.0
vowel,"CART (ccp path, depth-capped)",2,0.494949494949495,29.0
vowel,"CART (ccp path, depth-capped)",2,0.5050505050505051,35.0
vowel,"CART (ccp path, depth-capped)",2,0.5454545454545454,39.0
vowel,"CART (ccp path, depth-capped)",2,0.5555555555555556,49.0
vowel,"CART (ccp path, depth-capped)",2,0.5656565656565656,61.0
vowel,"CART (ccp path, depth-capped)",3,0.09090909090909091,1.0
vowel,"CART (ccp path, depth-capped)",3,0.29292929292929293,7.0
vowel,"CART (ccp path, depth-capped)",3,0.3939393939393939,13.0
vowel,"CART (ccp path, depth-capped)",3,0.494949494949495,19.0
vowel,"CART (ccp path, depth-capped)",3,0.5252525252525253,25.0
vowel,"CART (ccp path, depth-capped)",3,0.5454545454545454,31.0
vowel,"CART (ccp path, depth-capped)",3,0.6262626262626263,35.0
vowel,"CART (ccp path, depth-capped)",3,0.6464646464646465,45.0
vowel,"CART (ccp path, depth-capped)",3,0.6666666666666666,51.0
vowel,"CART (ccp path, depth-capped)",3,0.6868686868686869,63.0
vowel,"CART (ccp path, depth-capped)",4,0.09090909090909091,1.0
vowel,"CART (ccp path, depth-capped)",4,0.37373737373737376,9.0
vowel,"CART (ccp path, depth-capped)",4,0.43434343434343436,13.0
vowel,"CART (ccp path, depth-capped)",4,0.5151515151515151,23.0
vowel,"CART (ccp path, depth-capped)",4,0.5252525252525253,31.0
vowel,"CART (ccp path, depth-capped)",4,0.5656565656565656,37.0
vowel,"CART (ccp path, depth-capped)",4,0.5858585858585859,41.0
vowel,"CART (ccp path, depth-capped)",4,0.5959595959595959,55.0
vowel,"CART (ccp path, depth-capped)",5,0.09090909090909091,1.0
vowel,"CART (ccp path, depth-capped)",5,0.40404040404040403,11.0
vowel,"CART (ccp path, depth-capped)",5,0.48484848484848486,17.0
vowel,"CART (ccp path, depth-capped)",5,0.5757575757575758,27.0
vowel,"CART (ccp path, depth-capped)",5,0.5959595959595959,33.0
vowel,"CART (ccp path, depth-capped)",5,0.6060606060606061,51.0
vowel,"CART (ccp path, depth-capped)",5,0.6262626262626263,61.0
vowel,"CART (ccp path, depth-capped)",6,0.09090909090909091,1.0
vowel,"CART (ccp path, depth-capped)",6,0.26262626262626265,7.0
vowel,"CART (ccp path, depth-capped)",6,0.41414141414141414,13.0
vowel,"CART (ccp path, depth-capped)",6,0.47474747474747475,17.0
vowel,"CART (ccp path, depth-capped)",6,0.5151515151515151,25.0
vowel,"CART (ccp path, depth-capped)",6,0.5656565656565656,37.0
vowel,"CART (ccp path, depth-capped)",6,0.5757575757575758,41.0
vowel,"CART (ccp path, depth-capped)",6,0.5959595959595959,47.0
vowel,"CART (ccp path, depth-capped)",7,0.09090909090909091,1.0
vowel,"CART (ccp path, depth-capped)",7,0.31313131313131315,7.0
vowel,"CART (ccp path, depth-capped)",7,0.41414141414141414,13.0
vowel,"CART (ccp path, depth-capped)",7,0.4444444444444444,17.0
vowel,"CART (ccp path, depth-capped)",7,0.45454545454545453,23.0
vowel,"CART (ccp path, depth-capped)",7,0.5151515151515151,29.0
vowel,"CART (ccp path, depth-capped)",7,0.5252525252525253,35.0
vowel,"CART (ccp path, depth-capped)",7,0.5454545454545454,43.0
vowel,"CART (ccp path, depth-capped)",7,0.5757575757575758,49.0
vowel,"CART (ccp path, depth-capped)",7,0.5858585858585859,53.0
vowel,"CART (ccp path, depth-capped)",8,0.09090909090909091,1.0
vowel,"CART (ccp path, depth-capped)",8,0.29292929292929293,7.0
vowel,"CART (ccp path, depth-capped)",8,0.3838383838383838,13.0
vowel,"CART (ccp path, depth-capped)",8,0.41414141414141414,17.0
vowel,"CART (ccp path, depth-capped)",8,0.45454545454545453,23.0
vowel,"CART (ccp path, depth-capped)",8,0.5151515151515151,29.0
vowel,"CART (ccp path, depth-capped)",8,0.5656565656565656,35.0
vowel,"CART (ccp path, depth-capped)",8,0.6060606060606061,49.0
vowel,"CART (ccp path, depth-capped)",8,0.6161616161616161,59.0
vowel,"CART (ccp path, depth-capped)",9,0.09090909090909091,1.0
vowel,"CART (ccp path, depth-capped)",9,0.32323232323232326,9.0
vowel,"CART (ccp path, depth-capped)",9,0.46464646464646464,15.0
vowel,"CART (ccp path, depth-capped)",9,0.47474747474747475,21.0
vowel,"CART (ccp path, depth-capped)",9,0.48484848484848486,27.0
vowel,"CART (ccp path, depth-capped)",9,0.5353535353535354,33.0
vowel,"CART (ccp path, depth-capped)",9,0.5656565656565656,37.0
vowel,"CART (ccp path, depth-capped)",9,0.5757575757575758,43.0
vowel,"CART (ccp path, depth-capped)",9,0.6060606060606061,49.0
vowel,"CART (ccp path, depth-capped)",9,0.6161616161616161,55.0
vowel,"CART (ccp path, depth-capped)",10,0.09090909090909091,1.0
vowel,"CART (ccp path, depth-capped)",10,0.37373737373737376,9.0
vowel,"CART (ccp path, depth-capped)",10,0.5252525252525253,15.0
vowel,"CART (ccp path, depth-capped)",10,0.5454545454545454,21.0
vowel,"CART (ccp path, depth-capped)",10,0.5959595959595959,27.0
vowel,"CART (ccp path, depth-capped)",10,0.6161616161616161,31.0
vowel,"CART (ccp path, depth-capped)",10,0.6363636363636364,37.0
vowel,"CART (ccp path, depth-capped)",10,0.6464646464646465,41.0
vowel,"CART (ccp path, depth-capped)",10,0.6565656565656566,51.0
vowel,"CART (ccp path, depth-capped)",10,0.696969696969697,59.0
vowel,"CART (ccp path, depth-capped)",11,0.09090909090909091,1.0
vowel,"CART (ccp path, depth-capped)",11,0.3333333333333333,7.0
vowel,"CART (ccp path, depth-capped)",11,0.41414141414141414,13.0
vowel,"CART (ccp path, depth-capped)",11,0.46464646464646464,19.0
vowel,"CART (ccp path, depth-capped)",11,0.47474747474747475,25.0
vowel,"CART (ccp path, depth-capped)",11,0.5151515151515151,31.0
vowel,"CART (ccp path, depth-capped)",11,0.5555555555555556,35.0
vowel,"CART (ccp path, depth-capped)",11,0.5959595959595959,41.0
vowel,"CART (ccp path, depth-capped)",11,0.6262626262626263,47.0
vowel,"CART (ccp path, depth-capped)",12,0.09090909090909091,1.0
vowel,"CART (ccp path, depth-capped)",12,0.3434343434343434,9.0
vowel,"CART (ccp path, depth-capped)",12,0.43434343434343436,15.0
vowel,"CART (ccp path, depth-capped)",12,0.45454545454545453,21.0
vowel,"CART (ccp path, depth-capped)",12,0.5454545454545454,27.0
vowel,"CART (ccp path, depth-capped)",12,0.5656565656565656,31.0
vowel,"CART (ccp path, depth-capped)",12,0.6161616161616161,37.0
vowel,"CART (ccp path, depth-capped)",12,0.6464646464646465,51.0
vowel,"CART (ccp path, depth-capped)",12,0.6565656565656566,59.0
vowel,"CART (ccp path, depth-capped)",13,0.09090909090909091,1.0
vowel,"CART (ccp path, depth-capped)",13,0.31313131313131315,7.0
vowel,"CART (ccp path, depth-capped)",13,0.4444444444444444,13.0
vowel,"CART (ccp path, depth-capped)",13,0.47474747474747475,19.0
vowel,"CART (ccp path, depth-capped)",13,0.5151515151515151,23.0
vowel,"CART (ccp path, depth-capped)",13,0.5656565656565656,35.0
vowel,"CART (ccp path, depth-capped)",13,0.5757575757575758,41.0
vowel,"CART (ccp path, depth-capped)",13,0.5858585858585859,45.0
vowel,"CART (ccp path, depth-capped)",13,0.6060606060606061,51.0
vowel,"CART (ccp path, depth-capped)",13,0.6161616161616161,57.0
vowel,"CART (ccp path, depth-capped)",13,0.6262626262626263,63.0
vowel,"CART (ccp path, depth-capped)",14,0.09090909090909091,1.0
vowel,"CART (ccp path, depth-capped)",14,0.31313131313131315,7.0
vowel,"CART (ccp path, depth-capped)",14,0.36363636363636365,11.0
vowel,"CART (ccp path, depth-capped)",14,0.45454545454545453,19.0
vowel,"CART (ccp path, depth-capped)",14,0.48484848484848486,25.0
vowel,"CART (ccp path, depth-capped)",14,0.5252525252525253,35.0
vowel,"CART (ccp path, depth-capped)",14,0.5454545454545454,39.0
vowel,"CART (ccp path, depth-capped)",14,0.5959595959595959,43.0
vowel,"CART (ccp path, depth-capped)",14,0.6363636363636364,49.0
vowel,"CART (ccp path, depth-capped)",15,0.09090909090909091,1.0
vowel,"CART (ccp path, depth-capped)",15,0.32323232323232326,7.0
vowel,"CART (ccp path, depth-capped)",15,0.41414141414141414,11.0
vowel,"CART (ccp path, depth-capped)",15,0.48484848484848486,21.0
vowel,"CART (ccp path, depth-capped)",15,0.5252525252525253,27.0
vowel,"CART (ccp path, depth-capped)",15,0.5656565656565656,33.0
vowel,"CART (ccp path, depth-capped)",15,0.5959595959595959,37.0
vowel,"CART (ccp path, depth-capped)",15,0.6363636363636364,43.0
vowel,"CART (ccp path, depth-capped)",16,0.09090909090909091,1.0
vowel,"CART (ccp path, depth-capped)",16,0.2727272727272727,7.0
vowel,"CART (ccp path, depth-capped)",16,0.37373737373737376,11.0
vowel,"CART (ccp path, depth-capped)",16,0.494949494949495,21.0
vowel,"CART (ccp path, depth-capped)",16,0.5252525252525253,25.0
vowel,"CART (ccp path, depth-capped)",16,0.5858585858585859,31.0
vowel,"CART (ccp path, depth-capped)",16,0.6767676767676768,37.0
vowel,"CART (ccp path, depth-capped)",16,0.6868686868686869,43.0
vowel,"CART (ccp path, depth-capped)",16,0.7171717171717171,47.0
vowel,"CART (ccp path, depth-capped)",16,0.7373737373737373,57.0
vowel,"CART (ccp path, depth-capped)",16,0.7474747474747475,63.0
vowel,"CART (ccp path, depth-capped)",17,0.09090909090909091,1.0
vowel,"CART (ccp path, depth-capped)",17,0.42424242424242425,11.0
vowel,"CART (ccp path, depth-capped)",17,0.5050505050505051,15.0
vowel,"CART (ccp path, depth-capped)",17,0.5252525252525253,21.0
vowel,"CART (ccp path, depth-capped)",17,0.5353535353535354,25.0
vowel,"CART (ccp path, depth-capped)",17,0.5454545454545454,35.0
vowel,"CART (ccp path, depth-capped)",17,0.5858585858585859,43.0
vowel,"CART (ccp path, depth-capped)",17,0.5959595959595959,47.0
vowel,"CART (ccp path, depth-capped)",18,0.09090909090909091,1.0
vowel,"CART (ccp path, depth-capped)",18,0.36363636363636365,11.0
vowel,"CART (ccp path, depth-capped)",18,0.494949494949495,17.0
vowel,"CART (ccp path, depth-capped)",18,0.5050505050505051,21.0
vowel,"CART (ccp path, depth-capped)",18,0.5353535353535354,29.0
vowel,"CART (ccp path, depth-capped)",18,0.5555555555555556,33.0
vowel,"CART (ccp path, depth-capped)",18,0.5858585858585859,41.0
vowel,"CART (ccp path, depth-capped)",18,0.6060606060606061,45.0
vowel,"CART (ccp path, depth-capped)",18,0.6161616161616161,51.0
vowel,"CART (ccp path, depth-capped)",18,0.6262626262626263,55.0
vowel,"CART (ccp path, depth-capped)",19,0.09090909090909091,1.0
vowel,"CART (ccp path, depth-capped)",19,0.36363636363636365,9.0
vowel,"CART (ccp path, depth-capped)",19,0.4444444444444444,15.0
vowel,"CART (ccp path, depth-capped)",19,0.45454545454545453,19.0
vowel,"CART (ccp path, depth-capped)",19,0.5252525252525253,27.0
vowel,"CART (ccp path, depth-capped)",19,0.5353535353535354,31.0
vowel,"CART (ccp path, depth-capped)",19,0.6060606060606061,39.0
vowel,"CART (ccp path, depth-capped)",19,0.6161616161616161,49.0
vowel,"CART (ccp path, depth-capped)",19,0.6363636363636364,53.0
vowel,"CART (ccp path, depth-capped)",20,0.09090909090909091,1.0
vowel,"CART (ccp path, depth-capped)",20,0.35353535353535354,9.0
vowel,"CART (ccp path, depth-capped)",20,0.47474747474747475,15.0
vowel,"CART (ccp path, depth-capped)",20,0.48484848484848486,19.0
vowel,"CART (ccp path, depth-capped)",20,0.5252525252525253,25.0
vowel,"CART (ccp path, depth-capped)",20,0.5454545454545454,31.0
vowel,"CART (ccp path, depth-capped)",20,0.5858585858585859,35.0
vowel,"CART (ccp path, depth-capped)",20,0.5959595959595959,43.0
vowel,"CART (ccp path, depth-capped)",20,0.6161616161616161,49.0
vowel,"CART (ccp path, depth-capped)",20,0.6262626262626263,53.0
vowel,"CART (ccp path, depth-capped)",20,0.6363636363636364,59.0
vowel,"CART (ccp path, depth-capped)",21,0.09090909090909091,1.0
vowel,"CART (ccp path, depth-capped)",21,0.3333333333333333,7.0
vowel,"CART (ccp path, depth-capped)",21,0.47474747474747475,13.0
vowel,"CART (ccp path, depth-capped)",21,0.5454545454545454,19.0
vowel,"CART (ccp path, depth-capped)",21,0.5656565656565656,25.0
vowel,"CART (ccp path, depth-capped)",21,0.6060606060606061,35.0
vowel,"CART (ccp path, depth-capped)",21,0.6161616161616161,39.0
vowel,"CART (ccp path, depth-capped)",21,0.6262626262626263,51.0
vowel,"CART (ccp path, depth-capped)",21,0.6363636363636364,55.0
vowel,"CART (ccp path, depth-capped)",21,0.6464646464646465,61.0
vowel,"CART (ccp path, depth-capped)",22,0.09090909090909091,1.0
vowel,"CART (ccp path, depth-capped)",22,0.31313131313131315,9.0
vowel,"CART (ccp path, depth-capped)",22,0.40404040404040403,13.0
vowel,"CART (ccp path, depth-capped)",22,0.41414141414141414,21.0
vowel,"CART (ccp path, depth-capped)",22,0.4444444444444444,25.0
vowel,"CART (ccp path, depth-capped)",22,0.494949494949495,31.0
vowel,"CART (ccp path, depth-capped)",22,0.5454545454545454,37.0
vowel,"CART (ccp path, depth-capped)",22,0.5656565656565656,41.0
vowel,"CART (ccp path, depth-capped)",22,0.6262626262626263,51.0
vowel,"CART (ccp path, depth-capped)",23,0.09090909090909091,1.0
vowel,"CART (ccp path, depth-capped)",23,0.3434343434343434,9.0
vowel,"CART (ccp path, depth-capped)",23,0.47474747474747475,17.0
vowel,"CART (ccp path, depth-capped)",23,0.48484848484848486,23.0
vowel,"CART (ccp path, depth-capped)",23,0.5151515151515151,29.0
vowel,"CART (ccp path, depth-capped)",23,0.5555555555555556,35.0
vowel,"CART (ccp path, depth-capped)",23,0.5858585858585859,39.0
vowel,"CART (ccp path, depth-capped)",23,0.5959595959595959,47.0
vowel,"CART (ccp path, depth-capped)",23,0.6161616161616161,59.0
vowel,"CART (ccp path, depth-capped)",24,0.09090909090909091,1.0
vowel,"CART (ccp path, depth-capped)",24,0.32323232323232326,9.0
vowel,"CART (ccp path, depth-capped)",24,0.3939393939393939,13.0
vowel,"CART (ccp path, depth-capped)",24,0.46464646464646464,21.0
vowel,"CART (ccp path, depth-capped)",24,0.47474747474747475,25.0
vowel,"CART (ccp path, depth-capped)",24,0.5151515151515151,31.0
vowel,"CART (ccp path, depth-capped)",24,0.5454545454545454,35.0
vowel,"CART (ccp path, depth-capped)",24,0.5757575757575758,41.0
vowel,"CART (ccp path, depth-capped)",24,0.5858585858585859,51.0
vowel,"CART (ccp path, depth-capped)",24,0.5959595959595959,55.0
vowel,"CART (ccp path, depth-capped)",24,0.6060606060606061,61.0
vowel,"CART (ccp path, depth-capped)",25,0.09090909090909091,1.0
vowel,"CART (ccp path, depth-capped)",25,0.31313131313131315,7.0
vowel,"CART (ccp path, depth-capped)",25,0.3939393939393939,11.0
vowel,"CART (ccp path, depth-capped)",25,0.4444444444444444,17.0
vowel,"CART (ccp path, depth-capped)",25,0.48484848484848486,23.0
vowel,"CART (ccp path, depth-capped)",25,0.5050505050505051,29.0
vowel,"CART (ccp path, depth-capped)",25,0.5252525252525253,33.0
vowel,"CART (ccp path, depth-capped)",25,0.5757575757575758,39.0
vowel,"CART (ccp path, depth-capped)",25,0.6060606060606061,43.0
vowel,"CART (ccp path, depth-capped)",25,0.6262626262626263,53.0
vowel,"CART (ccp path, depth-capped)",25,0.6363636363636364,59.0
vowel,"CART (ccp path, depth-capped)",26,0.09090909090909091,1.0
vowel,"CART (ccp path, depth-capped)",26,0.31313131313131315,7.0
vowel,"CART (ccp path, depth-capped)",26,0.3939393939393939,13.0
vowel,"CART (ccp path, depth-capped)",26,0.47474747474747475,21.0
vowel,"CART (ccp path, depth-capped)",26,0.5050505050505051,25.0
vowel,"CART (ccp path, depth-capped)",26,0.5454545454545454,31.0
vowel,"CART (ccp path, depth-capped)",26,0.6363636363636364,37.0
vowel,"CART (ccp path, depth-capped)",26,0.6666666666666666,63.0
vowel,"CART (ccp path, depth-capped)",27,0.09090909090909091,1.0
vowel,"CART (ccp path, depth-capped)",27,0.30303030303030304,7.0
vowel,"CART (ccp path, depth-capped)",27,0.40404040404040403,13.0
vowel,"CART (ccp path, depth-capped)",27,0.41414141414141414,17.0
vowel,"CART (ccp path, depth-capped)",27,0.48484848484848486,25.0
vowel,"CART (ccp path, depth-capped)",27,0.5050505050505051,31.0
vowel,"CART (ccp path, depth-capped)",27,0.5555555555555556,37.0
vowel,"CART (ccp path, depth-capped)",28,0.09090909090909091,1.0
vowel,"CART (ccp path, depth-capped)",28,0.30303030303030304,7.0
vowel,"CART (ccp path, depth-capped)",28,0.45454545454545453,13.0
vowel,"CART (ccp path, depth-capped)",28,0.5151515151515151,19.0
vowel,"CART (ccp path, depth-capped)",28,0.5252525252525253,37.0
vowel,"CART (ccp path, depth-capped)",28,0.5555555555555556,43.0
vowel,"CART (ccp path, depth-capped)",28,0.5757575757575758,49.0
vowel,"CART (ccp path, depth-capped)",28,0.5959595959595959,55.0
vowel,"CART (ccp path, depth-capped)",28,0.6060606060606061,61.0
vowel,"CART (ccp path, depth-capped)",29,0.09090909090909091,1.0
vowel,"CART (ccp path, depth-capped)",29,0.31313131313131315,7.0
vowel,"CART (ccp path, depth-capped)",29,0.40404040404040403,11.0
vowel,"CART (ccp path, depth-capped)",29,0.5151515151515151,19.0
vowel,"CART (ccp path, depth-capped)",29,0.5555555555555556,25.0
vowel,"CART (ccp path, depth-capped)",29,0.5656565656565656,31.0
vowel,"CART (ccp path, depth-capped)",29,0.5858585858585859,35.0
vowel,"CART (ccp path, depth-capped)",29,0.6565656565656566,41.0
vowel,"CART (ccp path, depth-capped)",29,0.6868686868686869,45.0
vowel,"CART (ccp path, depth-capped)",30,0.09090909090909091,1.0
vowel,"CART (ccp path, depth-capped)",30,0.30303030303030304,7.0
vowel,"CART (ccp path, depth-capped)",30,0.43434343434343436,15.0
vowel,"CART (ccp path, depth-capped)",30,0.494949494949495,21.0
vowel,"CART (ccp path, depth-capped)",30,0.5454545454545454,27.0
vowel,"CART (ccp path, depth-capped)",30,0.6262626262626263,37.0
vowel,"CART (ccp path, depth-capped)",30,0.6666666666666666,41.0
vowel,"CART (ccp path, depth-capped)",30,0.6868686868686869,53.0
vowel,"CART (ccp path, depth-capped)",30,0.7171717171717171,59.0
credit_g,"CART (ccp path, depth-capped)",1,0.7,1.0
credit_g,"CART (ccp path, depth-capped)",1,0.73,39.0
credit_g,"CART (ccp path, depth-capped)",1,0.74,49.0
credit_g,"CART (ccp path, depth-capped)",2,0.7,1.0
credit_g,"CART (ccp path, depth-capped)",3,0.7,1.0
credit_g,"CART (ccp path, depth-capped)",3,0.76,9.0
credit_g,"CART (ccp path, depth-capped)",3,0.78,33.0
credit_g,"CART (ccp path, depth-capped)",4,0.7,1.0
credit_g,"CART (ccp path, depth-capped)",4,0.78,7.0
credit_g,"CART (ccp path, depth-capped)",4,0.79,23.0
credit_g,"CART (ccp path, depth-capped)",4,0.81,31.0
credit_g,"CART (ccp path, depth-capped)",5,0.7,1.0
credit_g,"CART (ccp path, depth-capped)",5,0.72,7.0
credit_g,"CART (ccp path, depth-capped)",5,0.76,27.0
credit_g,"CART (ccp path, depth-capped)",5,0.77,51.0
credit_g,"CART (ccp path, depth-capped)",5,0.78,57.0
credit_g,"CART (ccp path, depth-capped)",6,0.7,1.0
credit_g,"CART (ccp path, depth-capped)",6,0.78,9.0
credit_g,"CART (ccp path, depth-capped)",6,0.79,23.0
credit_g,"CART (ccp path, depth-capped)",7,0.7,1.0
credit_g,"CART (ccp path, depth-capped)",7,0.74,7.0
credit_g,"CART (ccp path, depth-capped)",7,0.76,13.0
credit_g,"CART (ccp path, depth-capped)",7,0.77,17.0
credit_g,"CART (ccp path, depth-capped)",8,0.7,1.0
credit_g,"CART (ccp path, depth-capped)",8,0.75,7.0
credit_g,"CART (ccp path, depth-capped)",9,0.7,1.0
credit_g,"CART (ccp path, depth-capped)",9,0.73,9.0
credit_g,"CART (ccp path, depth-capped)",9,0.74,17.0
credit_g,"CART (ccp path, depth-capped)",9,0.75,27.0
credit_g,"CART (ccp path, depth-capped)",10,0.7,1.0
credit_g,"CART (ccp path, depth-capped)",10,0.75,15.0
credit_g,"CART (ccp path, depth-capped)",10,0.76,21.0
credit_g,"CART (ccp path, depth-capped)",11,0.7,1.0
credit_g,"CART (ccp path, depth-capped)",12,0.7,1.0
credit_g,"CART (ccp path, depth-capped)",12,0.71,9.0
credit_g,"CART (ccp path, depth-capped)",13,0.7,1.0
credit_g,"CART (ccp path, depth-capped)",13,0.71,9.0
credit_g,"CART (ccp path, depth-capped)",13,0.73,15.0
credit_g,"CART (ccp path, depth-capped)",13,0.75,21.0
credit_g,"CART (ccp path, depth-capped)",14,0.7,1.0
credit_g,"CART (ccp path, depth-capped)",14,0.71,7.0
credit_g,"CART (ccp path, depth-capped)",14,0.73,13.0
credit_g,"CART (ccp path, depth-capped)",14,0.76,21.0
credit_g,"CART (ccp path, depth-capped)",15,0.7,1.0
credit_g,"CART (ccp path, depth-capped)",16,0.7,1.0
credit_g,"CART (ccp path, depth-capped)",16,0.78,7.0
credit_g,"CART (ccp path, depth-capped)",16,0.8,23.0
credit_g,"CART (ccp path, depth-capped)",17,0.7,1.0
credit_g,"CART (ccp path, depth-capped)",17,0.77,7.0
credit_g,"CART (ccp path, depth-capped)",17,0.78,13.0
credit_g,"CART (ccp path, depth-capped)",17,0.79,23.0
credit_g,"CART (ccp path, depth-capped)",18,0.7,1.0
credit_g,"CART (ccp path, depth-capped)",18,0.77,7.0
credit_g,"CART (ccp path, depth-capped)",18,0.79,11.0
credit_g,"CART (ccp path, depth-capped)",18,0.8,21.0
credit_g,"CART (ccp path, depth-capped)",18,0.83,31.0
credit_g,"CART (ccp path, depth-capped)",19,0.7,1.0
credit_g,"CART (ccp path, depth-capped)",19,0.73,7.0
credit_g,"CART (ccp path, depth-capped)",19,0.76,17.0
credit_g,"CART (ccp path, depth-capped)",19,0.78,25.0
credit_g,"CART (ccp path, depth-capped)",19,0.8,37.0
credit_g,"CART (ccp path, depth-capped)",20,0.7,1.0
credit_g,"CART (ccp path, depth-capped)",20,0.71,7.0
credit_g,"CART (ccp path, depth-capped)",20,0.72,17.0
credit_g,"CART (ccp path, depth-capped)",21,0.7,1.0
credit_g,"CART (ccp path, depth-capped)",21,0.79,7.0
credit_g,"CART (ccp path, depth-capped)",22,0.7,1.0
credit_g,"CART (ccp path, depth-capped)",22,0.78,7.0
credit_g,"CART (ccp path, depth-capped)",22,0.8,17.0
credit_g,"CART (ccp path, depth-capped)",23,0.7,1.0
credit_g,"CART (ccp path, depth-capped)",23,0.73,7.0
credit_g,"CART (ccp path, depth-capped)",24,0.7,1.0
credit_g,"CART (ccp path, depth-capped)",24,0.79,7.0
credit_g,"CART (ccp path, depth-capped)",25,0.7,1.0
credit_g,"CART (ccp path, depth-capped)",25,0.71,7.0
credit_g,"CART (ccp path, depth-capped)",25,0.75,15.0
credit_g,"CART (ccp path, depth-capped)",25,0.76,29.0
credit_g,"CART (ccp path, depth-capped)",26,0.7,1.0
credit_g,"CART (ccp path, depth-capped)",26,0.72,9.0
credit_g,"CART (ccp path, depth-capped)",27,0.7,1.0
credit_g,"CART (ccp path, depth-capped)",27,0.77,7.0
credit_g,"CART (ccp path, depth-capped)",27,0.78,11.0
credit_g,"CART (ccp path, depth-capped)",28,0.7,1.0
credit_g,"CART (ccp path, depth-capped)",28,0.74,17.0
credit_g,"CART (ccp path, depth-capped)",28,0.75,23.0
credit_g,"CART (ccp path, depth-capped)",29,0.7,1.0
credit_g,"CART (ccp path, depth-capped)",30,0.7,1.0
credit_g,"CART (ccp path, depth-capped)",30,0.72,7.0
credit_g,"CART (ccp path, depth-capped)",30,0.73,15.0
qsar_biodeg,"CART (ccp path, depth-capped)",1,0.660377358490566,1.0
qsar_biodeg,"CART (ccp path, depth-capped)",1,0.8018867924528302,9.0
qsar_biodeg,"CART (ccp path, depth-capped)",1,0.8113207547169812,17.0
qsar_biodeg,"CART (ccp path, depth-capped)",1,0.8207547169811321,23.0
qsar_biodeg,"CART (ccp path, depth-capped)",1,0.8301886792452831,27.0
qsar_biodeg,"CART (ccp path, depth-capped)",2,0.660377358490566,1.0
qsar_biodeg,"CART (ccp path, depth-capped)",2,0.7452830188679245,9.0
qsar_biodeg,"CART (ccp path, depth-capped)",2,0.7547169811320755,43.0
qsar_biodeg,"CART (ccp path, depth-capped)",2,0.7735849056603774,49.0
qsar_biodeg,"CART (ccp path, depth-capped)",3,0.660377358490566,1.0
qsar_biodeg,"CART (ccp path, depth-capped)",3,0.7358490566037735,7.0
qsar_biodeg,"CART (ccp path, depth-capped)",3,0.7641509433962265,15.0
qsar_biodeg,"CART (ccp path, depth-capped)",3,0.8301886792452831,21.0
qsar_biodeg,"CART (ccp path, depth-capped)",4,0.660377358490566,1.0
qsar_biodeg,"CART (ccp path, depth-capped)",4,0.8773584905660378,9.0
qsar_biodeg,"CART (ccp path, depth-capped)",4,0.8962264150943396,15.0
qsar_biodeg,"CART (ccp path, depth-capped)",4,0.9150943396226415,21.0
qsar_biodeg,"CART (ccp path, depth-capped)",4,0.9245283018867925,25.0
qsar_biodeg,"CART (ccp path, depth-capped)",5,0.660377358490566,1.0
qsar_biodeg,"CART (ccp path, depth-capped)",5,0.7924528301886793,7.0
qsar_biodeg,"CART (ccp path, depth-capped)",5,0.8113207547169812,15.0
qsar_biodeg,"CART (ccp path, depth-capped)",5,0.8301886792452831,25.0
qsar_biodeg,"CART (ccp path, depth-capped)",5,0.8584905660377359,33.0
qsar_biodeg,"CART (ccp path, depth-capped)",6,0.6571428571428571,1.0
qsar_biodeg,"CART (ccp path, depth-capped)",6,0.8095238095238095,7.0
qsar_biodeg,"CART (ccp path, depth-capped)",7,0.6666666666666666,1.0
qsar_biodeg,"CART (ccp path, depth-capped)",7,0.8380952380952381,7.0
qsar_biodeg,"CART (ccp path, depth-capped)",7,0.8476190476190476,15.0
qsar_biodeg,"CART (ccp path, depth-capped)",8,0.6666666666666666,1.0
qsar_biodeg,"CART (ccp path, depth-capped)",8,0.819047619047619,9.0
qsar_biodeg,"CART (ccp path, depth-capped)",8,0.8571428571428571,21.0
qsar_biodeg,"CART (ccp path, depth-capped)",9,0.6666666666666666,1.0
qsar_biodeg,"CART (ccp path, depth-capped)",9,0.7904761904761904,7.0
qsar_biodeg,"CART (ccp path, depth-capped)",9,0.819047619047619,13.0
qsar_biodeg,"CART (ccp path, depth-capped)",9,0.8285714285714286,31.0
qsar_biodeg,"CART (ccp path, depth-capped)",9,0.8380952380952381,37.0
qsar_biodeg,"CART (ccp path, depth-capped)",10,0.6666666666666666,1.0
qsar_biodeg,"CART (ccp path, depth-capped)",10,0.8380952380952381,9.0
qsar_biodeg,"CART (ccp path, depth-capped)",10,0.8476190476190476,63.0
qsar_biodeg,"CART (ccp path, depth-capped)",11,0.660377358490566,1.0
qsar_biodeg,"CART (ccp path, depth-capped)",11,0.7358490566037735,7.0
qsar_biodeg,"CART (ccp path, depth-capped)",11,0.7452830188679245,19.0
qsar_biodeg,"CART (ccp path, depth-capped)",12,0.660377358490566,1.0
qsar_biodeg,"CART (ccp path, depth-capped)",12,0.8207547169811321,7.0
qsar_biodeg,"CART (ccp path, depth-capped)",12,0.8301886792452831,15.0
qsar_biodeg,"CART (ccp path, depth-capped)",12,0.839622641509434,25.0
qsar_biodeg,"CART (ccp path, depth-capped)",12,0.8490566037735849,39.0
qsar_biodeg,"CART (ccp path, depth-capped)",13,0.660377358490566,1.0
qsar_biodeg,"CART (ccp path, depth-capped)",13,0.8018867924528302,9.0
qsar_biodeg,"CART (ccp path, depth-capped)",13,0.8679245283018868,15.0
qsar_biodeg,"CART (ccp path, depth-capped)",13,0.8773584905660378,21.0
qsar_biodeg,"CART (ccp path, depth-capped)",13,0.8867924528301887,29.0
qsar_biodeg,"CART (ccp path, depth-capped)",13,0.8962264150943396,37.0
qsar_biodeg,"CART (ccp path, depth-capped)",14,0.660377358490566,1.0
qsar_biodeg,"CART (ccp path, depth-capped)",14,0.7830188679245284,9.0
qsar_biodeg,"CART (ccp path, depth-capped)",14,0.8301886792452831,23.0
qsar_biodeg,"CART (ccp path, depth-capped)",15,0.660377358490566,1.0
qsar_biodeg,"CART (ccp path, depth-capped)",15,0.7924528301886793,9.0
qsar_biodeg,"CART (ccp path, depth-capped)",15,0.8018867924528302,21.0
qsar_biodeg,"CART (ccp path, depth-capped)",15,0.8113207547169812,35.0
qsar_biodeg,"CART (ccp path, depth-capped)",15,0.8207547169811321,41.0
qsar_biodeg,"CART (ccp path, depth-capped)",15,0.8301886792452831,55.0
qsar_biodeg,"CART (ccp path, depth-capped)",15,0.839622641509434,59.0
qsar_biodeg,"CART (ccp path, depth-capped)",16,0.6571428571428571,1.0
qsar_biodeg,"CART (ccp path, depth-capped)",16,0.7047619047619048,7.0
qsar_biodeg,"CART (ccp path, depth-capped)",16,0.7714285714285715,11.0
qsar_biodeg,"CART (ccp path, depth-capped)",16,0.8,19.0
qsar_biodeg,"CART (ccp path, depth-capped)",16,0.8095238095238095,35.0
qsar_biodeg,"CART (ccp path, depth-capped)",17,0.6666666666666666,1.0
qsar_biodeg,"CART (ccp path, depth-capped)",17,0.8285714285714286,7.0
qsar_biodeg,"CART (ccp path, depth-capped)",17,0.8666666666666667,13.0
qsar_biodeg,"CART (ccp path, depth-capped)",17,0.8952380952380953,29.0
qsar_biodeg,"CART (ccp path, depth-capped)",18,0.6666666666666666,1.0
qsar_biodeg,"CART (ccp path, depth-capped)",18,0.8095238095238095,9.0
qsar_biodeg,"CART (ccp path, depth-capped)",18,0.8476190476190476,17.0
qsar_biodeg,"CART (ccp path, depth-capped)",18,0.8571428571428571,21.0
qsar_biodeg,"CART (ccp path, depth-capped)",19,0.6666666666666666,1.0
qsar_biodeg,"CART (ccp path, depth-capped)",19,0.8380952380952381,7.0
qsar_biodeg,"CART (ccp path, depth-capped)",19,0.8666666666666667,11.0
qsar_biodeg,"CART (ccp path, depth-capped)",20,0.6666666666666666,1.0
qsar_biodeg,"CART (ccp path, depth-capped)",20,0.819047619047619,7.0
qsar_biodeg,"CART (ccp path, depth-capped)",20,0.8571428571428571,15.0
qsar_biodeg,"CART (ccp path, depth-capped)",21,0.660377358490566,1.0
qsar_biodeg,"CART (ccp path, depth-capped)",21,0.7830188679245284,7.0
qsar_biodeg,"CART (ccp path, depth-capped)",21,0.8113207547169812,19.0
qsar_biodeg,"CART (ccp path, depth-capped)",21,0.8207547169811321,27.0
qsar_biodeg,"CART (ccp path, depth-capped)",21,0.8301886792452831,33.0
qsar_biodeg,"CART (ccp path, depth-capped)",21,0.839622641509434,51.0
qsar_biodeg,"CART (ccp path, depth-capped)",22,0.660377358490566,1.0
qsar_biodeg,"CART (ccp path, depth-capped)",22,0.839622641509434,7.0
qsar_biodeg,"CART (ccp path, depth-capped)",22,0.8584905660377359,21.0
qsar_biodeg,"CART (ccp path, depth-capped)",22,0.8679245283018868,31.0
qsar_biodeg,"CART (ccp path, depth-capped)",23,0.660377358490566,1.0
qsar_biodeg,"CART (ccp path, depth-capped)",23,0.7924528301886793,7.0
qsar_biodeg,"CART (ccp path, depth-capped)",23,0.8018867924528302,13.0
qsar_biodeg,"CART (ccp path, depth-capped)",23,0.8207547169811321,21.0
qsar_biodeg,"CART (ccp path, depth-capped)",23,0.839622641509434,27.0
qsar_biodeg,"CART (ccp path, depth-capped)",24,0.660377358490566,1.0
qsar_biodeg,"CART (ccp path, depth-capped)",24,0.7924528301886793,7.0
qsar_biodeg,"CART (ccp path, depth-capped)",24,0.839622641509434,17.0
qsar_biodeg,"CART (ccp path, depth-capped)",24,0.8490566037735849,21.0
qsar_biodeg,"CART (ccp path, depth-capped)",25,0.660377358490566,1.0
qsar_biodeg,"CART (ccp path, depth-capped)",25,0.8113207547169812,9.0
qsar_biodeg,"CART (ccp path, depth-capped)",25,0.8207547169811321,15.0
qsar_biodeg,"CART (ccp path, depth-capped)",26,0.6571428571428571,1.0
qsar_biodeg,"CART (ccp path, depth-capped)",26,0.8,7.0
qsar_biodeg,"CART (ccp path, depth-capped)",26,0.8095238095238095,15.0
qsar_biodeg,"CART (ccp path, depth-capped)",26,0.819047619047619,19.0
qsar_biodeg,"CART (ccp path, depth-capped)",26,0.8285714285714286,37.0
qsar_biodeg,"CART (ccp path, depth-capped)",27,0.6666666666666666,1.0
qsar_biodeg,"CART (ccp path, depth-capped)",27,0.7619047619047619,9.0
qsar_biodeg,"CART (ccp path, depth-capped)",27,0.7904761904761904,13.0
qsar_biodeg,"CART (ccp path, depth-capped)",27,0.819047619047619,17.0
qsar_biodeg,"CART (ccp path, depth-capped)",27,0.8285714285714286,23.0
qsar_biodeg,"CART (ccp path, depth-capped)",28,0.6666666666666666,1.0
qsar_biodeg,"CART (ccp path, depth-capped)",28,0.7238095238095238,7.0
qsar_biodeg,"CART (ccp path, depth-capped)",28,0.8,13.0
qsar_biodeg,"CART (ccp path, depth-capped)",28,0.8285714285714286,43.0
qsar_biodeg,"CART (ccp path, depth-capped)",29,0.6666666666666666,1.0
qsar_biodeg,"CART (ccp path, depth-capped)",29,0.7428571428571429,7.0
qsar_biodeg,"CART (ccp path, depth-capped)",29,0.7523809523809524,13.0
qsar_biodeg,"CART (ccp path, depth-capped)",29,0.7714285714285715,25.0
qsar_biodeg,"CART (ccp path, depth-capped)",29,0.8,29.0
qsar_biodeg,"CART (ccp path, depth-capped)",29,0.8095238095238095,43.0
qsar_biodeg,"CART (ccp path, depth-capped)",30,0.6666666666666666,1.0
qsar_biodeg,"CART (ccp path, depth-capped)",30,0.7238095238095238,7.0
qsar_biodeg,"CART (ccp path, depth-capped)",30,0.819047619047619,15.0
qsar_biodeg,"CART (ccp path, depth-capped)",30,0.8285714285714286,25.0
qsar_biodeg,"CART (ccp path, depth-capped)",30,0.8571428571428571,31.0
pc1,"CART (ccp path, depth-capped)",1,0.9369369369369369,1.0
pc1,"CART (ccp path, depth-capped)",1,0.9459459459459459,15.0
pc1,"CART (ccp path, depth-capped)",1,0.954954954954955,27.0
pc1,"CART (ccp path, depth-capped)",2,0.9369369369369369,1.0
pc1,"CART (ccp path, depth-capped)",2,0.9459459459459459,9.0
pc1,"CART (ccp path, depth-capped)",3,0.9279279279279279,1.0
pc1,"CART (ccp path, depth-capped)",4,0.9279279279279279,1.0
pc1,"CART (ccp path, depth-capped)",4,0.954954954954955,15.0
pc1,"CART (ccp path, depth-capped)",4,0.963963963963964,27.0
pc1,"CART (ccp path, depth-capped)",5,0.9279279279279279,1.0
pc1,"CART (ccp path, depth-capped)",5,0.963963963963964,5.0
pc1,"CART (ccp path, depth-capped)",6,0.9279279279279279,1.0
pc1,"CART (ccp path, depth-capped)",6,0.9369369369369369,13.0
pc1,"CART (ccp path, depth-capped)",7,0.9279279279279279,1.0
pc1,"CART (ccp path, depth-capped)",7,0.9369369369369369,13.0
pc1,"CART (ccp path, depth-capped)",8,0.9279279279279279,1.0
pc1,"CART (ccp path, depth-capped)",9,0.9279279279279279,1.0
pc1,"CART (ccp path, depth-capped)",10,0.9363636363636364,1.0
pc1,"CART (ccp path, depth-capped)",10,0.9454545454545454,11.0
pc1,"CART (ccp path, depth-capped)",10,0.9636363636363636,17.0
pc1,"CART (ccp path, depth-capped)",11,0.9369369369369369,1.0
pc1,"CART (ccp path, depth-capped)",12,0.9369369369369369,1.0
pc1,"CART (ccp path, depth-capped)",13,0.9279279279279279,1.0
pc1,"CART (ccp path, depth-capped)",13,0.9369369369369369,25.0
pc1,"CART (ccp path, depth-capped)",14,0.9279279279279279,1.0
pc1,"CART (ccp path, depth-capped)",14,0.9369369369369369,13.0
pc1,"CART (ccp path, depth-capped)",15,0.9279279279279279,1.0
pc1,"CART (ccp path, depth-capped)",15,0.9369369369369369,11.0
pc1,"CART (ccp path, depth-capped)",16,0.9279279279279279,1.0
pc1,"CART (ccp path, depth-capped)",16,0.9369369369369369,11.0
pc1,"CART (ccp path, depth-capped)",16,0.9459459459459459,15.0
pc1,"CART (ccp path, depth-capped)",17,0.9279279279279279,1.0
pc1,"CART (ccp path, depth-capped)",17,0.9369369369369369,11.0
pc1,"CART (ccp path, depth-capped)",18,0.9279279279279279,1.0
pc1,"CART (ccp path, depth-capped)",18,0.9459459459459459,5.0
pc1,"CART (ccp path, depth-capped)",19,0.9279279279279279,1.0
pc1,"CART (ccp path, depth-capped)",19,0.9369369369369369,5.0
pc1,"CART (ccp path, depth-capped)",19,0.9459459459459459,13.0
pc1,"CART (ccp path, depth-capped)",20,0.9363636363636364,1.0
pc1,"CART (ccp path, depth-capped)",20,0.9454545454545454,5.0
pc1,"CART (ccp path, depth-capped)",20,0.9545454545454546,13.0
pc1,"CART (ccp path, depth-capped)",21,0.9369369369369369,1.0
pc1,"CART (ccp path, depth-capped)",21,0.9459459459459459,13.0
pc1,"CART (ccp path, depth-capped)",22,0.9369369369369369,1.0
pc1,"CART (ccp path, depth-capped)",23,0.9279279279279279,1.0
pc1,"CART (ccp path, depth-capped)",23,0.9369369369369369,23.0
pc1,"CART (ccp path, depth-capped)",24,0.9279279279279279,1.0
pc1,"CART (ccp path, depth-capped)",24,0.9369369369369369,17.0
pc1,"CART (ccp path, depth-capped)",25,0.9279279279279279,1.0
pc1,"CART (ccp path, depth-capped)",25,0.9369369369369369,25.0
pc1,"CART (ccp path, depth-capped)",26,0.9279279279279279,1.0
pc1,"CART (ccp path, depth-capped)",26,0.9369369369369369,11.0
pc1,"CART (ccp path, depth-capped)",26,0.9459459459459459,19.0
pc1,"CART (ccp path, depth-capped)",27,0.9279279279279279,1.0
pc1,"CART (ccp path, depth-capped)",27,0.9459459459459459,5.0
pc1,"CART (ccp path, depth-capped)",27,0.954954954954955,11.0
pc1,"CART (ccp path, depth-capped)",28,0.9279279279279279,1.0
pc1,"CART (ccp path, depth-capped)",28,0.9369369369369369,13.0
pc1,"CART (ccp path, depth-capped)",29,0.9279279279279279,1.0
pc1,"CART (ccp path, depth-capped)",29,0.9369369369369369,5.0
pc1,"CART (ccp path, depth-capped)",29,0.954954954954955,13.0
pc1,"CART (ccp path, depth-capped)",30,0.9363636363636364,1.0
pc1,"CART (ccp path, depth-capped)",30,0.9454545454545454,15.0
banknote,"CART (ccp path, depth-capped)",1,0.5579710144927537,1.0
banknote,"CART (ccp path, depth-capped)",1,0.8840579710144928,5.0
banknote,"CART (ccp path, depth-capped)",1,0.9057971014492754,7.0
banknote,"CART (ccp path, depth-capped)",1,0.9420289855072463,9.0
banknote,"CART (ccp path, depth-capped)",1,0.9492753623188406,17.0
banknote,"CART (ccp path, depth-capped)",1,0.9710144927536232,27.0
banknote,"CART (ccp path, depth-capped)",2,0.5579710144927537,1.0
banknote,"CART (ccp path, depth-capped)",2,0.8768115942028986,5.0
banknote,"CART (ccp path, depth-capped)",2,0.8913043478260869,7.0
banknote,"CART (ccp path, depth-capped)",2,0.8985507246376812,9.0
banknote,"CART (ccp path, depth-capped)",2,0.927536231884058,17.0
banknote,"CART (ccp path, depth-capped)",2,0.9347826086956522,19.0
banknote,"CART (ccp path, depth-capped)",2,0.9855072463768116,29.0
banknote,"CART (ccp path, depth-capped)",2,0.9927536231884058,37.0
banknote,"CART (ccp path, depth-capped)",3,0.5547445255474452,1.0
banknote,"CART (ccp path, depth-capped)",3,0.9051094890510949,5.0
banknote,"CART (ccp path, depth-capped)",3,0.9197080291970803,7.0
banknote,"CART (ccp path, depth-capped)",3,0.9416058394160584,13.0
banknote,"CART (ccp path, depth-capped)",3,0.948905109489051,15.0
banknote,"CART (ccp path, depth-capped)",3,0.9708029197080292,27.0
banknote,"CART (ccp path, depth-capped)",4,0.5547445255474452,1.0
banknote,"CART (ccp path, depth-capped)",4,0.8540145985401459,5.0
banknote,"CART (ccp path, depth-capped)",4,0.8686131386861314,7.0
banknote,"CART (ccp path, depth-capped)",4,0.8978102189781022,13.0
banknote,"CART (ccp path, depth-capped)",4,0.9197080291970803,19.0
banknote,"CART (ccp path, depth-capped)",4,0.9343065693430657,21.0
banknote,"CART (ccp path, depth-capped)",4,0.9635036496350365,27.0
banknote,"CART (ccp path, depth-capped)",4,0.9708029197080292,33.0
banknote,"CART (ccp path, depth-capped)",5,0.5547445255474452,1.0
banknote,"CART (ccp path, depth-capped)",5,0.9051094890510949,5.0
banknote,"CART (ccp path, depth-capped)",5,0.948905109489051,7.0
banknote,"CART (ccp path, depth-capped)",5,0.9635036496350365,13.0
banknote,"CART (ccp path, depth-capped)",5,0.9708029197080292,17.0
banknote,"CART (ccp path, depth-capped)",5,0.9927007299270073,25.0
banknote,"CART (ccp path, depth-capped)",6,0.5547445255474452,1.0
banknote,"CART (ccp path, depth-capped)",6,0.927007299270073,5.0
banknote,"CART (ccp path, depth-capped)",6,0.9562043795620438,9.0
banknote,"CART (ccp path, depth-capped)",6,0.9854014598540146,13.0
banknote,"CART (ccp path, depth-capped)",6,0.9927007299270073,31.0
banknote,"CART (ccp path, depth-capped)",7,0.5547445255474452,1.0
banknote,"CART (ccp path, depth-capped)",7,0.9124087591240876,5.0
banknote,"CART (ccp path, depth-capped)",7,0.9343065693430657,7.0
banknote,"CART (ccp path, depth-capped)",7,0.948905109489051,13.0
banknote,"CART (ccp path, depth-capped)",7,0.9562043795620438,15.0
banknote,"CART (ccp path, depth-capped)",7,0.9708029197080292,21.0
banknote,"CART (ccp path, depth-capped)",7,0.9927007299270073,29.0
banknote,"CART (ccp path, depth-capped)",8,0.5547445255474452,1.0
banknote,"CART (ccp path, depth-capped)",8,0.8686131386861314,5.0
banknote,"CART (ccp path, depth-capped)",8,0.8905109489051095,7.0
banknote,"CART (ccp path, depth-capped)",8,0.9051094890510949,13.0
banknote,"CART (ccp path, depth-capped)",8,0.9124087591240876,15.0
banknote,"CART (ccp path, depth-capped)",8,0.9343065693430657,27.0
banknote,"CART (ccp path, depth-capped)",8,0.9416058394160584,29.0
banknote,"CART (ccp path, depth-capped)",8,0.948905109489051,33.0
banknote,"CART (ccp path, depth-capped)",9,0.5547445255474452,1.0
banknote,"CART (ccp path, depth-capped)",9,0.927007299270073,5.0
banknote,"CART (ccp path, depth-capped)",9,0.948905109489051,9.0
banknote,"CART (ccp path, depth-capped)",9,0.9562043795620438,13.0
banknote,"CART (ccp path, depth-capped)",9,0.9927007299270073,29.0
banknote,"CART (ccp path, depth-capped)",10,0.5547445255474452,1.0
banknote,"CART (ccp path, depth-capped)",10,0.9051094890510949,5.0
banknote,"CART (ccp path, depth-capped)",10,0.9124087591240876,7.0
banknote,"CART (ccp path, depth-capped)",10,0.927007299270073,9.0
banknote,"CART (ccp path, depth-capped)",10,0.948905109489051,13.0
banknote,"CART (ccp path, depth-capped)",10,0.9562043795620438,15.0
banknote,"CART (ccp path, depth-capped)",10,0.9708029197080292,25.0
banknote,"CART (ccp path, depth-capped)",10,0.9854014598540146,29.0
banknote,"CART (ccp path, depth-capped)",11,0.5579710144927537,1.0
banknote,"CART (ccp path, depth-capped)",11,0.927536231884058,5.0
banknote,"CART (ccp path, depth-capped)",11,0.9420289855072463,7.0
banknote,"CART (ccp path, depth-capped)",11,0.9565217391304348,13.0
banknote,"CART (ccp path, depth-capped)",11,0.9710144927536232,23.0
banknote,"CART (ccp path, depth-capped)",11,0.9782608695652174,29.0
banknote,"CART (ccp path, depth-capped)",11,0.9855072463768116,31.0
banknote,"CART (ccp path, depth-capped)",12,0.5579710144927537,1.0
banknote,"CART (ccp path, depth-capped)",12,0.8623188405797102,5.0
banknote,"CART (ccp path, depth-capped)",12,0.8695652173913043,7.0
banknote,"CART (ccp path, depth-capped)",12,0.9130434782608695,9.0
banknote,"CART (ccp path, depth-capped)",12,0.927536231884058,15.0
banknote,"CART (ccp path, depth-capped)",12,0.9420289855072463,19.0
banknote,"CART (ccp path, depth-capped)",12,0.9927536231884058,29.0
banknote,"CART (ccp path, depth-capped)",13,0.5547445255474452,1.0
banknote,"CART (ccp path, depth-capped)",13,0.8978102189781022,5.0
banknote,"CART (ccp path, depth-capped)",13,0.9343065693430657,7.0
banknote,"CART (ccp path, depth-capped)",13,0.948905109489051,9.0
banknote,"CART (ccp path, depth-capped)",13,0.9635036496350365,13.0
banknote,"CART (ccp path, depth-capped)",13,0.9708029197080292,15.0
banknote,"CART (ccp path, depth-capped)",13,0.9781021897810219,27.0
banknote,"CART (ccp path, depth-capped)",13,0.9854014598540146,29.0
banknote,"CART (ccp path, depth-capped)",14,0.5547445255474452,1.0
banknote,"CART (ccp path, depth-capped)",14,0.9051094890510949,5.0
banknote,"CART (ccp path, depth-capped)",14,0.9416058394160584,7.0
banknote,"CART (ccp path, depth-capped)",14,0.948905109489051,9.0
banknote,"CART (ccp path, depth-capped)",14,0.9781021897810219,17.0
banknote,"CART (ccp path, depth-capped)",14,0.9927007299270073,19.0
banknote,"CART (ccp path, depth-capped)",14,1.0,23.0
banknote,"CART (ccp path, depth-capped)",15,0.5547445255474452,1.0
banknote,"CART (ccp path, depth-capped)",15,0.8905109489051095,5.0
banknote,"CART (ccp path, depth-capped)",15,0.9051094890510949,7.0
banknote,"CART (ccp path, depth-capped)",15,0.948905109489051,13.0
banknote,"CART (ccp path, depth-capped)",15,0.9635036496350365,27.0
banknote,"CART (ccp path, depth-capped)",15,0.9708029197080292,29.0
banknote,"CART (ccp path, depth-capped)",16,0.5547445255474452,1.0
banknote,"CART (ccp path, depth-capped)",16,0.8759124087591241,5.0
banknote,"CART (ccp path, depth-capped)",16,0.8832116788321168,7.0
banknote,"CART (ccp path, depth-capped)",16,0.8978102189781022,9.0
banknote,"CART (ccp path, depth-capped)",16,0.9197080291970803,13.0
banknote,"CART (ccp path, depth-capped)",16,0.927007299270073,15.0
banknote,"CART (ccp path, depth-capped)",16,0.9927007299270073,29.0
banknote,"CART (ccp path, depth-capped)",17,0.5547445255474452,1.0
banknote,"CART (ccp path, depth-capped)",17,0.8832116788321168,5.0
banknote,"CART (ccp path, depth-capped)",17,0.8905109489051095,7.0
banknote,"CART (ccp path, depth-capped)",17,0.927007299270073,9.0
banknote,"CART (ccp path, depth-capped)",17,0.9343065693430657,13.0
banknote,"CART (ccp path, depth-capped)",17,0.9708029197080292,29.0
banknote,"CART (ccp path, depth-capped)",17,0.9781021897810219,31.0
banknote,"CART (ccp path, depth-capped)",18,0.5547445255474452,1.0
banknote,"CART (ccp path, depth-capped)",18,0.9124087591240876,5.0
banknote,"CART (ccp path, depth-capped)",18,0.9343065693430657,7.0
banknote,"CART (ccp path, depth-capped)",18,0.948905109489051,9.0
banknote,"CART (ccp path, depth-capped)",18,0.9708029197080292,17.0
banknote,"CART (ccp path, depth-capped)",18,0.9927007299270073,23.0
banknote,"CART (ccp path, depth-capped)",19,0.5547445255474452,1.0
banknote,"CART (ccp path, depth-capped)",19,0.8321167883211679,5.0
banknote,"CART (ccp path, depth-capped)",19,0.8832116788321168,7.0
banknote,"CART (ccp path, depth-capped)",19,0.9124087591240876,9.0
banknote,"CART (ccp path, depth-capped)",19,0.927007299270073,13.0
banknote,"CART (ccp path, depth-capped)",19,0.9416058394160584,17.0
banknote,"CART (ccp path, depth-capped)",19,0.9562043795620438,23.0
banknote,"CART (ccp path, depth-capped)",20,0.5547445255474452,1.0
banknote,"CART (ccp path, depth-capped)",20,0.9343065693430657,5.0
banknote,"CART (ccp path, depth-capped)",20,0.9416058394160584,9.0
banknote,"CART (ccp path, depth-capped)",20,0.948905109489051,13.0
banknote,"CART (ccp path, depth-capped)",20,0.9708029197080292,19.0
banknote,"CART (ccp path, depth-capped)",20,0.9781021897810219,27.0
banknote,"CART (ccp path, depth-capped)",20,0.9854014598540146,31.0
banknote,"CART (ccp path, depth-capped)",20,0.9927007299270073,39.0
banknote,"CART (ccp path, depth-capped)",21,0.5579710144927537,1.0
banknote,"CART (ccp path, depth-capped)",21,0.855072463768116,5.0
banknote,"CART (ccp path, depth-capped)",21,0.8840579710144928,7.0
banknote,"CART (ccp path, depth-capped)",21,0.9057971014492754,9.0
banknote,"CART (ccp path, depth-capped)",21,0.9347826086956522,15.0
banknote,"CART (ccp path, depth-capped)",21,0.9710144927536232,25.0
banknote,"CART (ccp path, depth-capped)",22,0.5579710144927537,1.0
banknote,"CART (ccp path, depth-capped)",22,0.927536231884058,5.0
banknote,"CART (ccp path, depth-capped)",22,0.9782608695652174,13.0
banknote,"CART (ccp path, depth-capped)",22,0.9855072463768116,41.0
banknote,"CART (ccp path, depth-capped)",23,0.5547445255474452,1.0
banknote,"CART (ccp path, depth-capped)",23,0.8905109489051095,5.0
banknote,"CART (ccp path, depth-capped)",23,0.927007299270073,7.0
banknote,"CART (ccp path, depth-capped)",23,0.9416058394160584,17.0
banknote,"CART (ccp path, depth-capped)",23,0.9635036496350365,19.0
banknote,"CART (ccp path, depth-capped)",23,0.9927007299270073,23.0
banknote,"CART (ccp path, depth-capped)",23,1.0,33.0
banknote,"CART (ccp path, depth-capped)",24,0.5547445255474452,1.0
banknote,"CART (ccp path, depth-capped)",24,0.8978102189781022,5.0
banknote,"CART (ccp path, depth-capped)",24,0.9124087591240876,7.0
banknote,"CART (ccp path, depth-capped)",24,0.9343065693430657,9.0
banknote,"CART (ccp path, depth-capped)",24,0.9635036496350365,13.0
banknote,"CART (ccp path, depth-capped)",24,0.9708029197080292,25.0
banknote,"CART (ccp path, depth-capped)",24,0.9781021897810219,29.0
banknote,"CART (ccp path, depth-capped)",24,0.9854014598540146,35.0
banknote,"CART (ccp path, depth-capped)",25,0.5547445255474452,1.0
banknote,"CART (ccp path, depth-capped)",25,0.9051094890510949,5.0
banknote,"CART (ccp path, depth-capped)",25,0.9197080291970803,7.0
banknote,"CART (ccp path, depth-capped)",25,0.9635036496350365,13.0
banknote,"CART (ccp path, depth-capped)",25,0.9854014598540146,19.0
banknote,"CART (ccp path, depth-capped)",25,0.9927007299270073,23.0
banknote,"CART (ccp path, depth-capped)",26,0.5547445255474452,1.0
banknote,"CART (ccp path, depth-capped)",26,0.8832116788321168,5.0
banknote,"CART (ccp path, depth-capped)",26,0.9124087591240876,7.0
banknote,"CART (ccp path, depth-capped)",26,0.9197080291970803,9.0
banknote,"CART (ccp path, depth-capped)",26,0.9343065693430657,13.0
banknote,"CART (ccp path, depth-capped)",26,0.9562043795620438,17.0
banknote,"CART (ccp path, depth-capped)",26,0.9708029197080292,23.0
banknote,"CART (ccp path, depth-capped)",26,0.9781021897810219,25.0
banknote,"CART (ccp path, depth-capped)",27,0.5547445255474452,1.0
banknote,"CART (ccp path, depth-capped)",27,0.8832116788321168,5.0
banknote,"CART (ccp path, depth-capped)",27,0.9124087591240876,7.0
banknote,"CART (ccp path, depth-capped)",27,0.9343065693430657,9.0
banknote,"CART (ccp path, depth-capped)",27,0.9562043795620438,15.0
banknote,"CART (ccp path, depth-capped)",27,0.9854014598540146,27.0
banknote,"CART (ccp path, depth-capped)",27,0.9927007299270073,31.0
banknote,"CART (ccp path, depth-capped)",28,0.5547445255474452,1.0
banknote,"CART (ccp path, depth-capped)",28,0.8686131386861314,5.0
banknote,"CART (ccp path, depth-capped)",28,0.8832116788321168,9.0
banknote,"CART (ccp path, depth-capped)",28,0.9635036496350365,15.0
banknote,"CART (ccp path, depth-capped)",28,0.9708029197080292,21.0
banknote,"CART (ccp path, depth-capped)",28,0.9854014598540146,25.0
banknote,"CART (ccp path, depth-capped)",29,0.5547445255474452,1.0
banknote,"CART (ccp path, depth-capped)",29,0.8613138686131386,5.0
banknote,"CART (ccp path, depth-capped)",29,0.9051094890510949,7.0
banknote,"CART (ccp path, depth-capped)",29,0.9197080291970803,9.0
banknote,"CART (ccp path, depth-capped)",29,0.927007299270073,15.0
banknote,"CART (ccp path, depth-capped)",29,0.9635036496350365,25.0
banknote,"CART (ccp path, depth-capped)",29,0.9781021897810219,29.0
banknote,"CART (ccp path, depth-capped)",29,0.9854014598540146,31.0
banknote,"CART (ccp path, depth-capped)",30,0.5547445255474452,1.0
banknote,"CART (ccp path, depth-capped)",30,0.9197080291970803,5.0
banknote,"CART (ccp path, depth-capped)",30,0.9343065693430657,17.0
banknote,"CART (ccp path, depth-capped)",30,0.9708029197080292,27.0
banknote,"CART (ccp path, depth-capped)",30,0.9927007299270073,29.0
banknote,"CART (ccp path, depth-capped)",30,1.0,31.0
pc4,"CART (ccp path, depth-capped)",1,0.8767123287671232,1.0
pc4,"CART (ccp path, depth-capped)",1,0.8835616438356164,5.0
pc4,"CART (ccp path, depth-capped)",1,0.9041095890410958,9.0
pc4,"CART (ccp path, depth-capped)",2,0.8767123287671232,1.0
pc4,"CART (ccp path, depth-capped)",2,0.910958904109589,5.0
pc4,"CART (ccp path, depth-capped)",3,0.8767123287671232,1.0
pc4,"CART (ccp path, depth-capped)",3,0.9178082191780822,5.0
pc4,"CART (ccp path, depth-capped)",4,0.8767123287671232,1.0
pc4,"CART (ccp path, depth-capped)",4,0.8972602739726028,5.0
pc4,"CART (ccp path, depth-capped)",4,0.9246575342465754,23.0
pc4,"CART (ccp path, depth-capped)",5,0.8767123287671232,1.0
pc4,"CART (ccp path, depth-capped)",5,0.8972602739726028,9.0
pc4,"CART (ccp path, depth-capped)",6,0.8767123287671232,1.0
pc4,"CART (ccp path, depth-capped)",6,0.9041095890410958,5.0
pc4,"CART (ccp path, depth-capped)",7,0.8767123287671232,1.0
pc4,"CART (ccp path, depth-capped)",7,0.8972602739726028,5.0
pc4,"CART (ccp path, depth-capped)",7,0.9041095890410958,11.0
pc4,"CART (ccp path, depth-capped)",7,0.910958904109589,19.0
pc4,"CART (ccp path, depth-capped)",7,0.9246575342465754,21.0
pc4,"CART (ccp path, depth-capped)",8,0.8767123287671232,1.0
pc4,"CART (ccp path, depth-capped)",8,0.8835616438356164,5.0
pc4,"CART (ccp path, depth-capped)",8,0.8904109589041096,11.0
pc4,"CART (ccp path, depth-capped)",9,0.8827586206896552,1.0
pc4,"CART (ccp path, depth-capped)",9,0.8896551724137931,5.0
pc4,"CART (ccp path, depth-capped)",9,0.896551724137931,9.0
pc4,"CART (ccp path, depth-capped)",9,0.9103448275862069,13.0
pc4,"CART (ccp path, depth-capped)",10,0.8827586206896552,1.0
pc4,"CART (ccp path, depth-capped)",10,0.896551724137931,5.0
pc4,"CART (ccp path, depth-capped)",10,0.903448275862069,11.0
pc4,"CART (ccp path, depth-capped)",11,0.8767123287671232,1.0
pc4,"CART (ccp path, depth-capped)",11,0.8835616438356164,5.0
pc4,"CART (ccp path, depth-capped)",11,0.8972602739726028,13.0
pc4,"CART (ccp path, depth-capped)",12,0.8767123287671232,1.0
pc4,"CART (ccp path, depth-capped)",12,0.9246575342465754,5.0
pc4,"CART (ccp path, depth-capped)",13,0.8767123287671232,1.0
pc4,"CART (ccp path, depth-capped)",13,0.8972602739726028,11.0
pc4,"CART (ccp path, depth-capped)",13,0.9041095890410958,13.0
pc4,"CART (ccp path, depth-capped)",14,0.8767123287671232,1.0
pc4,"CART (ccp path, depth-capped)",14,0.8904109589041096,13.0
pc4,"CART (ccp path, depth-capped)",15,0.8767123287671232,1.0
pc4,"CART (ccp path, depth-capped)",15,0.8835616438356164,5.0
pc4,"CART (ccp path, depth-capped)",15,0.8904109589041096,17.0
pc4,"CART (ccp path, depth-capped)",16,0.8767123287671232,1.0
pc4,"CART (ccp path, depth-capped)",16,0.9246575342465754,5.0
pc4,"CART (ccp path, depth-capped)",17,0.8767123287671232,1.0
pc4,"CART (ccp path, depth-capped)",17,0.9041095890410958,5.0
pc4,"CART (ccp path, depth-capped)",18,0.8767123287671232,1.0
pc4,"CART (ccp path, depth-capped)",18,0.8835616438356164,9.0
pc4,"CART (ccp path, depth-capped)",19,0.8827586206896552,1.0
pc4,"CART (ccp path, depth-capped)",19,0.9103448275862069,5.0
pc4,"CART (ccp path, depth-capped)",20,0.8827586206896552,1.0
pc4,"CART (ccp path, depth-capped)",20,0.903448275862069,5.0
pc4,"CART (ccp path, depth-capped)",20,0.9103448275862069,9.0
pc4,"CART (ccp path, depth-capped)",21,0.8767123287671232,1.0
pc4,"CART (ccp path, depth-capped)",21,0.8972602739726028,11.0
pc4,"CART (ccp path, depth-capped)",21,0.9178082191780822,19.0
pc4,"CART (ccp path, depth-capped)",22,0.8767123287671232,1.0
pc4,"CART (ccp path, depth-capped)",22,0.8904109589041096,5.0
pc4,"CART (ccp path, depth-capped)",23,0.8767123287671232,1.0
pc4,"CART (ccp path, depth-capped)",23,0.910958904109589,5.0
pc4,"CART (ccp path, depth-capped)",23,0.9246575342465754,25.0
pc4,"CART (ccp path, depth-capped)",24,0.8767123287671232,1.0
pc4,"CART (ccp path, depth-capped)",24,0.910958904109589,5.0
pc4,"CART (ccp path, depth-capped)",25,0.8767123287671232,1.0
pc4,"CART (ccp path, depth-capped)",25,0.910958904109589,5.0
pc4,"CART (ccp path, depth-capped)",25,0.9178082191780822,9.0
pc4,"CART (ccp path, depth-capped)",26,0.8767123287671232,1.0
pc4,"CART (ccp path, depth-capped)",26,0.8972602739726028,5.0
pc4,"CART (ccp path, depth-capped)",26,0.910958904109589,11.0
pc4,"CART (ccp path, depth-capped)",26,0.9178082191780822,15.0
pc4,"CART (ccp path, depth-capped)",27,0.8767123287671232,1.0
pc4,"CART (ccp path, depth-capped)",27,0.8835616438356164,5.0
pc4,"CART (ccp path, depth-capped)",27,0.8904109589041096,9.0
pc4,"CART (ccp path, depth-capped)",28,0.8767123287671232,1.0
pc4,"CART (ccp path, depth-capped)",28,0.9041095890410958,5.0
pc4,"CART (ccp path, depth-capped)",29,0.8827586206896552,1.0
pc4,"CART (ccp path, depth-capped)",29,0.896551724137931,5.0
pc4,"CART (ccp path, depth-capped)",29,0.9103448275862069,9.0
pc4,"CART (ccp path, depth-capped)",30,0.8827586206896552,1.0
pc4,"CART (ccp path, depth-capped)",30,0.896551724137931,11.0
pc4,"CART (ccp path, depth-capped)",30,0.903448275862069,23.0
